{
"type": "FeatureCollection",
"name": "EXP_008_orientation_cad_reg",
"crs": { "type": "name", "properties": { "name": "urn:ogc:def:crs:EPSG::3844" } },
"features": [
{ "type": "Feature", "properties": { "pred_id": "E8_REG_001", "raw_pred_id": "FUSED_001", "dominant_angle_deg": 0.0, "ortho_ratio": 0.173, "is_canonical_rect": false }, "geometry": { "type": "Polygon", "coordinates": [ [ [ 390669.390152000123635, 585748.199997999938205 ], [ 390670.390152000123635, 585748.599997999961488 ], [ 390672.390152000123635, 585748.199997999938205 ], [ 390673.390152000123635, 585748.599997999961488 ], [ 390675.190152000111993, 585748.599997999961488 ], [ 390675.990152000100352, 585748.199997999938205 ], [ 390677.79015200008871, 585748.599997999961488 ], [ 390682.79015200008871, 585748.599997999961488 ], [ 390684.79015200008871, 585748.199997999938205 ], [ 390685.590152000077069, 585748.599997999961488 ], [ 390688.79015200008871, 585748.399998 ], [ 390689.79015200008871, 585748.799998000031337 ], [ 390691.79015200008871, 585748.199997999938205 ], [ 390693.190152000111993, 585748.599997999961488 ], [ 390698.590152000077069, 585748.599997999961488 ], [ 390700.190152000111993, 585748.199997999938205 ], [ 390701.190152000111993, 585748.599997999961488 ], [ 390704.190152000111993, 585748.399998 ], [ 390705.79015200008871, 585748.799998000031337 ], [ 390707.390152000123635, 585748.199997999938205 ], [ 390708.79015200008871, 585748.599997999961488 ], [ 390713.990152000100352, 585748.599997999961488 ], [ 390714.79015200008871, 585748.199997999938205 ], [ 390716.79015200008871, 585748.599997999961488 ], [ 390721.990152000100352, 585748.599997999961488 ], [ 390722.79015200008871, 585748.199997999938205 ], [ 390724.590152000077069, 585748.599997999961488 ], [ 390729.390152000123635, 585748.599997999961488 ], [ 390730.190152000111993, 585748.199997999938205 ], [ 390731.79015200008871, 585748.199997999938205 ], [ 390732.590152000077069, 585748.599997999961488 ], [ 390737.390152000123635, 585748.599997999961488 ], [ 390738.190152000111993, 585748.199997999938205 ], [ 390739.590152000077069, 585748.199997999938205 ], [ 390741.590152000077069, 585748.599997999961488 ], [ 390746.990152000100352, 585747.999997999984771 ], [ 390748.390152000123635, 585748.599997999961488 ], [ 390752.79015200008871, 585748.599997999961488 ], [ 390754.590152000077069, 585747.999997999984771 ], [ 390755.990152000100352, 585748.599997999961488 ], [ 390760.390152000123635, 585748.399998 ], [ 390761.990152000100352, 585747.799998000031337 ], [ 390763.590152000077069, 585748.199997999938205 ], [ 390768.190152000111993, 585748.199997999938205 ], [ 390769.590152000077069, 585747.799998000031337 ], [ 390769.990152000100352, 585747.199997999938205 ], [ 390770.79015200008871, 585747.799998000031337 ], [ 390772.79015200008871, 585747.999997999984771 ], [ 390773.590152000077069, 585747.799998000031337 ], [ 390773.990152000100352, 585746.799998000031337 ], [ 390774.590152000077069, 585747.799998000031337 ], [ 390776.590152000077069, 585747.799998000031337 ], [ 390777.590152000077069, 585746.399998 ], [ 390779.190152000111993, 585746.399998 ], [ 390779.390152000123635, 585747.599997999961488 ], [ 390780.190152000111993, 585747.799998000031337 ], [ 390780.390152000123635, 585746.999997999984771 ], [ 390779.79015200008871, 585745.999997999984771 ], [ 390780.390152000123635, 585745.399998 ], [ 390782.390152000123635, 585744.799998000031337 ], [ 390782.590152000077069, 585744.399998 ], [ 390781.990152000100352, 585743.799998000031337 ], [ 390779.79015200008871, 585743.999997999984771 ], [ 390779.390152000123635, 585743.599997999961488 ], [ 390774.79015200008871, 585743.199997999938205 ], [ 390774.390152000123635, 585742.999997999984771 ], [ 390774.79015200008871, 585742.399998 ], [ 390776.590152000077069, 585741.599997999961488 ], [ 390776.190152000111993, 585740.199997999938205 ], [ 390773.79015200008871, 585740.799998000031337 ], [ 390772.79015200008871, 585740.199997999938205 ], [ 390771.390152000123635, 585739.999997999984771 ], [ 390771.590152000077069, 585737.999997999984771 ], [ 390771.990152000100352, 585737.399998 ], [ 390773.990152000100352, 585736.599997999961488 ], [ 390774.190152000111993, 585736.199997999938205 ], [ 390776.390152000123635, 585735.799998000031337 ], [ 390776.79015200008871, 585734.799998000031337 ], [ 390775.990152000100352, 585734.199997999938205 ], [ 390773.79015200008871, 585734.599997999961488 ], [ 390771.79015200008871, 585733.999997999984771 ], [ 390770.390152000123635, 585734.399998 ], [ 390769.990152000100352, 585734.999997999984771 ], [ 390769.390152000123635, 585733.399998 ], [ 390772.79015200008871, 585732.199997999938205 ], [ 390772.590152000077069, 585731.199997999938205 ], [ 390772.190152000111993, 585730.799998000031337 ], [ 390769.79015200008871, 585730.999997999984771 ], [ 390768.190152000111993, 585730.599997999961488 ], [ 390769.390152000123635, 585729.199997999938205 ], [ 390769.190152000111993, 585728.399998 ], [ 390768.190152000111993, 585727.599997999961488 ], [ 390765.390152000123635, 585726.399998 ], [ 390765.990152000100352, 585725.399998 ], [ 390766.390152000123635, 585725.399998 ], [ 390766.590152000077069, 585726.199997999938205 ], [ 390767.590152000077069, 585726.999997999984771 ], [ 390770.190152000111993, 585726.199997999938205 ], [ 390770.390152000123635, 585725.599997999961488 ], [ 390767.390152000123635, 585724.399998 ], [ 390768.79015200008871, 585722.799998000031337 ], [ 390768.390152000123635, 585721.999997999984771 ], [ 390766.190152000111993, 585721.399998 ], [ 390762.190152000111993, 585721.599997999961488 ], [ 390761.79015200008871, 585720.999997999984771 ], [ 390765.79015200008871, 585719.999997999984771 ], [ 390768.390152000123635, 585720.399998 ], [ 390770.390152000123635, 585719.599997999961488 ], [ 390768.79015200008871, 585718.199997999938205 ], [ 390769.390152000123635, 585716.999997999984771 ], [ 390769.390152000123635, 585715.999997999984771 ], [ 390767.990152000100352, 585714.999997999984771 ], [ 390768.190152000111993, 585714.599997999961488 ], [ 390773.590152000077069, 585712.199997999938205 ], [ 390774.990152000100352, 585712.199997999938205 ], [ 390775.590152000077069, 585713.599997999961488 ], [ 390776.79015200008871, 585713.399998 ], [ 390775.79015200008871, 585711.799998000031337 ], [ 390777.190152000111993, 585710.399998 ], [ 390777.190152000111993, 585709.799998000031337 ], [ 390776.590152000077069, 585709.199997999938205 ], [ 390771.590152000077069, 585708.799998000031337 ], [ 390770.79015200008871, 585708.999997999984771 ], [ 390769.990152000100352, 585709.999997999984771 ], [ 390769.79015200008871, 585709.199997999938205 ], [ 390768.990152000100352, 585708.599997999961488 ], [ 390769.79015200008871, 585708.199997999938205 ], [ 390772.190152000111993, 585708.199997999938205 ], [ 390773.590152000077069, 585707.799998000031337 ], [ 390775.990152000100352, 585708.399998 ], [ 390780.590152000077069, 585706.599997999961488 ], [ 390781.990152000100352, 585706.399998 ], [ 390782.990152000100352, 585703.999997999984771 ], [ 390782.190152000111993, 585702.599997999961488 ], [ 390782.190152000111993, 585700.799998000031337 ], [ 390783.190152000111993, 585700.199997999938205 ], [ 390783.590152000077069, 585698.599997999961488 ], [ 390784.390152000123635, 585697.799998000031337 ], [ 390783.190152000111993, 585695.999997999984771 ], [ 390785.390152000123635, 585694.799998000031337 ], [ 390787.190152000111993, 585694.799998000031337 ], [ 390790.79015200008871, 585693.599997999961488 ], [ 390791.390152000123635, 585692.199997999938205 ], [ 390792.190152000111993, 585691.599997999961488 ], [ 390792.190152000111993, 585690.999997999984771 ], [ 390790.990152000100352, 585689.999997999984771 ], [ 390791.190152000111993, 585689.399998 ], [ 390792.390152000123635, 585689.199997999938205 ], [ 390793.390152000123635, 585687.999997999984771 ], [ 390795.79015200008871, 585688.399998 ], [ 390798.590152000077069, 585687.399998 ], [ 390799.390152000123635, 585686.199997999938205 ], [ 390800.390152000123635, 585685.799998000031337 ], [ 390800.990152000100352, 585684.399998 ], [ 390801.79015200008871, 585684.799998000031337 ], [ 390801.79015200008871, 585686.799998000031337 ], [ 390805.79015200008871, 585686.799998000031337 ], [ 390806.190152000111993, 585682.799998000031337 ], [ 390807.590152000077069, 585682.399998 ], [ 390808.590152000077069, 585681.599997999961488 ], [ 390809.990152000100352, 585681.599997999961488 ], [ 390811.190152000111993, 585682.199997999938205 ], [ 390813.990152000100352, 585681.199997999938205 ], [ 390814.79015200008871, 585679.399998 ], [ 390815.79015200008871, 585678.199997999938205 ], [ 390817.190152000111993, 585678.399998 ], [ 390817.590152000077069, 585678.799998000031337 ], [ 390817.590152000077069, 585679.599997999961488 ], [ 390816.79015200008871, 585680.599997999961488 ], [ 390821.190152000111993, 585680.799998000031337 ], [ 390821.590152000077069, 585680.599997999961488 ], [ 390821.390152000123635, 585678.799998000031337 ], [ 390822.190152000111993, 585677.799998000031337 ], [ 390822.590152000077069, 585676.399998 ], [ 390823.390152000123635, 585676.599997999961488 ], [ 390824.190152000111993, 585677.999997999984771 ], [ 390825.390152000123635, 585678.199997999938205 ], [ 390825.79015200008871, 585677.999997999984771 ], [ 390826.190152000111993, 585676.399998 ], [ 390827.590152000077069, 585676.199997999938205 ], [ 390827.990152000100352, 585675.399998 ], [ 390828.990152000100352, 585674.999997999984771 ], [ 390828.990152000100352, 585672.399998 ], [ 390829.590152000077069, 585671.399998 ], [ 390828.990152000100352, 585667.199997999938205 ], [ 390829.590152000077069, 585663.999997999984771 ], [ 390828.990152000100352, 585663.399998 ], [ 390829.190152000111993, 585661.399998 ], [ 390828.79015200008871, 585660.399998 ], [ 390829.390152000123635, 585659.399998 ], [ 390829.590152000077069, 585657.999997999984771 ], [ 390828.990152000100352, 585657.199997999938205 ], [ 390828.990152000100352, 585654.799998000031337 ], [ 390828.590152000077069, 585653.999997999984771 ], [ 390829.390152000123635, 585651.999997999984771 ], [ 390828.79015200008871, 585651.199997999938205 ], [ 390827.990152000100352, 585650.999997999984771 ], [ 390827.990152000100352, 585649.999997999984771 ], [ 390828.79015200008871, 585649.999997999984771 ], [ 390828.79015200008871, 585648.599997999961488 ], [ 390827.990152000100352, 585648.199997999938205 ], [ 390827.990152000100352, 585647.399998 ], [ 390828.79015200008871, 585647.199997999938205 ], [ 390829.190152000111993, 585645.599997999961488 ], [ 390828.79015200008871, 585644.999997999984771 ], [ 390827.79015200008871, 585645.199997999938205 ], [ 390827.590152000077069, 585646.799998000031337 ], [ 390826.190152000111993, 585647.199997999938205 ], [ 390826.390152000123635, 585648.399998 ], [ 390827.79015200008871, 585648.799998000031337 ], [ 390827.79015200008871, 585649.999997999984771 ], [ 390826.390152000123635, 585649.999997999984771 ], [ 390824.990152000100352, 585650.999997999984771 ], [ 390823.79015200008871, 585651.199997999938205 ], [ 390823.79015200008871, 585652.599997999961488 ], [ 390824.79015200008871, 585653.199997999938205 ], [ 390825.590152000077069, 585653.199997999938205 ], [ 390825.990152000100352, 585654.799998000031337 ], [ 390827.190152000111993, 585655.199997999938205 ], [ 390827.190152000111993, 585655.599997999961488 ], [ 390825.190152000111993, 585655.999997999984771 ], [ 390824.390152000123635, 585656.599997999961488 ], [ 390822.190152000111993, 585656.399998 ], [ 390821.79015200008871, 585655.799998000031337 ], [ 390821.590152000077069, 585653.799998000031337 ], [ 390822.190152000111993, 585652.999997999984771 ], [ 390822.79015200008871, 585650.599997999961488 ], [ 390822.190152000111993, 585650.599997999961488 ], [ 390821.590152000077069, 585649.999997999984771 ], [ 390821.190152000111993, 585647.999997999984771 ], [ 390821.990152000100352, 585646.599997999961488 ], [ 390821.990152000100352, 585644.399998 ], [ 390821.390152000123635, 585643.799998000031337 ], [ 390820.990152000100352, 585641.799998000031337 ], [ 390821.79015200008871, 585639.399998 ], [ 390821.390152000123635, 585638.599997999961488 ], [ 390820.79015200008871, 585638.399998 ], [ 390821.190152000111993, 585636.599997999961488 ], [ 390820.990152000100352, 585635.999997999984771 ], [ 390820.390152000123635, 585635.799998000031337 ], [ 390820.390152000123635, 585634.799998000031337 ], [ 390820.990152000100352, 585634.799998000031337 ], [ 390821.590152000077069, 585633.799998000031337 ], [ 390821.390152000123635, 585632.799998000031337 ], [ 390820.990152000100352, 585632.399998 ], [ 390820.190152000111993, 585632.399998 ], [ 390819.79015200008871, 585631.599997999961488 ], [ 390818.79015200008871, 585631.399998 ], [ 390817.990152000100352, 585631.799998000031337 ], [ 390817.79015200008871, 585632.599997999961488 ], [ 390816.590152000077069, 585632.599997999961488 ], [ 390816.190152000111993, 585633.199997999938205 ], [ 390816.390152000123635, 585633.799998000031337 ], [ 390817.190152000111993, 585634.199997999938205 ], [ 390817.990152000100352, 585633.799998000031337 ], [ 390817.990152000100352, 585632.599997999961488 ], [ 390819.390152000123635, 585632.599997999961488 ], [ 390819.79015200008871, 585632.999997999984771 ], [ 390819.590152000077069, 585634.199997999938205 ], [ 390818.390152000123635, 585634.399998 ], [ 390818.190152000111993, 585634.799998000031337 ], [ 390818.590152000077069, 585636.199997999938205 ], [ 390819.590152000077069, 585636.399998 ], [ 390819.590152000077069, 585636.999997999984771 ], [ 390817.590152000077069, 585637.599997999961488 ], [ 390816.990152000100352, 585638.399998 ], [ 390816.190152000111993, 585637.999997999984771 ], [ 390814.79015200008871, 585637.999997999984771 ], [ 390814.190152000111993, 585636.999997999984771 ], [ 390814.190152000111993, 585634.599997999961488 ], [ 390814.990152000100352, 585631.999997999984771 ], [ 390814.390152000123635, 585631.599997999961488 ], [ 390813.990152000100352, 585630.599997999961488 ], [ 390814.390152000123635, 585625.399998 ], [ 390813.990152000100352, 585624.999997999984771 ], [ 390813.79015200008871, 585623.599997999961488 ], [ 390814.190152000111993, 585618.999997999984771 ], [ 390813.590152000077069, 585616.599997999961488 ], [ 390814.190152000111993, 585615.199997999938205 ], [ 390813.990152000100352, 585611.399998 ], [ 390813.590152000077069, 585610.399998 ], [ 390814.190152000111993, 585608.999997999984771 ], [ 390813.990152000100352, 585604.799998000031337 ], [ 390813.590152000077069, 585603.999997999984771 ], [ 390814.190152000111993, 585602.799998000031337 ], [ 390813.990152000100352, 585598.799998000031337 ], [ 390813.590152000077069, 585597.999997999984771 ], [ 390814.190152000111993, 585596.399998 ], [ 390814.190152000111993, 585595.199997999938205 ], [ 390813.390152000123635, 585591.799998000031337 ], [ 390813.990152000100352, 585589.199997999938205 ], [ 390813.390152000123635, 585588.399998 ], [ 390813.190152000111993, 585585.799998000031337 ], [ 390812.190152000111993, 585585.599997999961488 ], [ 390812.390152000123635, 585584.799998000031337 ], [ 390813.190152000111993, 585584.799998000031337 ], [ 390813.590152000077069, 585582.999997999984771 ], [ 390813.190152000111993, 585582.399998 ], [ 390811.79015200008871, 585581.799998000031337 ], [ 390810.190152000111993, 585581.999997999984771 ], [ 390810.390152000123635, 585582.599997999961488 ], [ 390811.79015200008871, 585582.799998000031337 ], [ 390811.79015200008871, 585584.399998 ], [ 390810.990152000100352, 585584.599997999961488 ], [ 390810.590152000077069, 585585.399998 ], [ 390811.79015200008871, 585585.999997999984771 ], [ 390811.990152000100352, 585586.799998000031337 ], [ 390811.390152000123635, 585587.199997999938205 ], [ 390809.190152000111993, 585586.999997999984771 ], [ 390808.590152000077069, 585587.599997999961488 ], [ 390807.190152000111993, 585587.599997999961488 ], [ 390806.390152000123635, 585586.799998000031337 ], [ 390806.390152000123635, 585584.799998000031337 ], [ 390806.990152000100352, 585582.799998000031337 ], [ 390807.990152000100352, 585582.599997999961488 ], [ 390807.990152000100352, 585581.999997999984771 ], [ 390806.190152000111993, 585581.599997999961488 ], [ 390805.590152000077069, 585580.999997999984771 ], [ 390805.390152000123635, 585579.799998000031337 ], [ 390804.79015200008871, 585579.799998000031337 ], [ 390804.590152000077069, 585580.599997999961488 ], [ 390803.590152000077069, 585580.999997999984771 ], [ 390801.190152000111993, 585580.799998000031337 ], [ 390800.79015200008871, 585581.199997999938205 ], [ 390799.190152000111993, 585581.199997999938205 ], [ 390798.390152000123635, 585580.599997999961488 ], [ 390798.390152000123635, 585578.599997999961488 ], [ 390799.190152000111993, 585576.399998 ], [ 390799.990152000100352, 585576.399998 ], [ 390800.990152000100352, 585577.999997999984771 ], [ 390802.190152000111993, 585577.799998000031337 ], [ 390802.590152000077069, 585576.599997999961488 ], [ 390803.590152000077069, 585576.399998 ], [ 390804.190152000111993, 585576.799998000031337 ], [ 390804.190152000111993, 585578.399998 ], [ 390805.390152000123635, 585578.399998 ], [ 390805.990152000100352, 585577.199997999938205 ], [ 390805.390152000123635, 585576.199997999938205 ], [ 390803.79015200008871, 585575.399998 ], [ 390800.79015200008871, 585575.999997999984771 ], [ 390797.990152000100352, 585574.999997999984771 ], [ 390797.590152000077069, 585572.199997999938205 ], [ 390798.190152000111993, 585571.399998 ], [ 390798.190152000111993, 585569.399998 ], [ 390797.79015200008871, 585569.399998 ], [ 390797.590152000077069, 585568.799998000031337 ], [ 390793.590152000077069, 585569.199997999938205 ], [ 390790.79015200008871, 585568.999997999984771 ], [ 390789.79015200008871, 585568.199997999938205 ], [ 390789.590152000077069, 585566.999997999984771 ], [ 390789.190152000111993, 585567.199997999938205 ], [ 390789.190152000111993, 585567.999997999984771 ], [ 390788.390152000123635, 585568.399998 ], [ 390785.590152000077069, 585567.999997999984771 ], [ 390784.79015200008871, 585568.599997999961488 ], [ 390783.390152000123635, 585568.599997999961488 ], [ 390782.79015200008871, 585568.199997999938205 ], [ 390782.79015200008871, 585566.799998000031337 ], [ 390783.590152000077069, 585564.399998 ], [ 390784.190152000111993, 585564.599997999961488 ], [ 390784.990152000100352, 585565.799998000031337 ], [ 390786.590152000077069, 585565.999997999984771 ], [ 390786.79015200008871, 585564.799998000031337 ], [ 390787.79015200008871, 585564.199997999938205 ], [ 390788.590152000077069, 585564.799998000031337 ], [ 390788.590152000077069, 585565.599997999961488 ], [ 390788.390152000123635, 585565.999997999984771 ], [ 390787.390152000123635, 585565.999997999984771 ], [ 390786.990152000100352, 585566.399998 ], [ 390788.79015200008871, 585566.599997999961488 ], [ 390788.990152000100352, 585566.199997999938205 ], [ 390789.79015200008871, 585566.199997999938205 ], [ 390790.990152000100352, 585563.599997999961488 ], [ 390789.990152000100352, 585562.999997999984771 ], [ 390789.590152000077069, 585562.399998 ], [ 390785.590152000077069, 585562.399998 ], [ 390783.79015200008871, 585562.799998000031337 ], [ 390782.390152000123635, 585561.999997999984771 ], [ 390782.390152000123635, 585559.999997999984771 ], [ 390783.590152000077069, 585557.799998000031337 ], [ 390784.590152000077069, 585557.999997999984771 ], [ 390785.390152000123635, 585559.199997999938205 ], [ 390785.990152000100352, 585559.199997999938205 ], [ 390786.990152000100352, 585557.799998000031337 ], [ 390787.79015200008871, 585557.599997999961488 ], [ 390788.590152000077069, 585557.799998000031337 ], [ 390789.190152000111993, 585558.999997999984771 ], [ 390789.79015200008871, 585559.199997999938205 ], [ 390790.190152000111993, 585557.399998 ], [ 390789.190152000111993, 585556.599997999961488 ], [ 390783.190152000111993, 585556.599997999961488 ], [ 390782.190152000111993, 585555.999997999984771 ], [ 390781.990152000100352, 585554.399998 ], [ 390781.390152000123635, 585553.999997999984771 ], [ 390781.990152000100352, 585553.799998000031337 ], [ 390782.590152000077069, 585551.999997999984771 ], [ 390783.390152000123635, 585551.199997999938205 ], [ 390784.990152000100352, 585551.399998 ], [ 390785.79015200008871, 585552.599997999961488 ], [ 390786.590152000077069, 585551.199997999938205 ], [ 390788.590152000077069, 585550.999997999984771 ], [ 390788.590152000077069, 585550.599997999961488 ], [ 390783.390152000123635, 585550.599997999961488 ], [ 390782.190152000111993, 585549.999997999984771 ], [ 390781.79015200008871, 585547.599997999961488 ], [ 390782.390152000123635, 585546.999997999984771 ], [ 390782.990152000100352, 585545.199997999938205 ], [ 390784.990152000100352, 585544.999997999984771 ], [ 390785.390152000123635, 585545.399998 ], [ 390785.390152000123635, 585546.199997999938205 ], [ 390785.990152000100352, 585546.199997999938205 ], [ 390785.990152000100352, 585545.399998 ], [ 390786.390152000123635, 585544.999997999984771 ], [ 390788.390152000123635, 585544.799998000031337 ], [ 390788.590152000077069, 585544.399998 ], [ 390783.590152000077069, 585544.399998 ], [ 390782.390152000123635, 585543.999997999984771 ], [ 390781.990152000100352, 585542.999997999984771 ], [ 390780.79015200008871, 585543.599997999961488 ], [ 390778.190152000111993, 585543.199997999938205 ], [ 390778.190152000111993, 585541.399998 ], [ 390779.390152000123635, 585541.399998 ], [ 390778.990152000100352, 585541.199997999938205 ], [ 390778.79015200008871, 585539.999997999984771 ], [ 390779.190152000111993, 585539.399998 ], [ 390780.79015200008871, 585539.399998 ], [ 390780.990152000100352, 585540.799998000031337 ], [ 390781.990152000100352, 585541.199997999938205 ], [ 390782.990152000100352, 585538.599997999961488 ], [ 390781.990152000100352, 585537.199997999938205 ], [ 390781.79015200008871, 585535.599997999961488 ], [ 390782.590152000077069, 585534.199997999938205 ], [ 390782.79015200008871, 585532.799998000031337 ], [ 390783.590152000077069, 585532.199997999938205 ], [ 390782.390152000123635, 585531.599997999961488 ], [ 390781.990152000100352, 585530.799998000031337 ], [ 390779.590152000077069, 585531.199997999938205 ], [ 390778.390152000123635, 585530.599997999961488 ], [ 390778.590152000077069, 585529.199997999938205 ], [ 390778.990152000100352, 585528.599997999961488 ], [ 390778.79015200008871, 585527.199997999938205 ], [ 390779.590152000077069, 585526.599997999961488 ], [ 390780.390152000123635, 585526.599997999961488 ], [ 390780.990152000100352, 585526.999997999984771 ], [ 390781.190152000111993, 585528.199997999938205 ], [ 390781.990152000100352, 585528.399998 ], [ 390782.390152000123635, 585526.399998 ], [ 390782.990152000100352, 585525.999997999984771 ], [ 390781.990152000100352, 585525.399998 ], [ 390781.79015200008871, 585524.799998000031337 ], [ 390779.79015200008871, 585524.999997999984771 ], [ 390778.79015200008871, 585524.399998 ], [ 390778.990152000100352, 585523.199997999938205 ], [ 390779.390152000123635, 585522.799998000031337 ], [ 390780.190152000111993, 585522.799998000031337 ], [ 390779.190152000111993, 585522.199997999938205 ], [ 390778.990152000100352, 585520.999997999984771 ], [ 390779.79015200008871, 585520.399998 ], [ 390780.590152000077069, 585520.599997999961488 ], [ 390780.990152000100352, 585520.999997999984771 ], [ 390780.990152000100352, 585521.999997999984771 ], [ 390781.990152000100352, 585522.199997999938205 ], [ 390782.590152000077069, 585519.999997999984771 ], [ 390783.190152000111993, 585519.399998 ], [ 390778.590152000077069, 585518.799998000031337 ], [ 390778.190152000111993, 585518.399998 ], [ 390776.390152000123635, 585518.799998000031337 ], [ 390771.990152000100352, 585518.799998000031337 ], [ 390770.590152000077069, 585518.199997999938205 ], [ 390770.190152000111993, 585516.799998000031337 ], [ 390769.590152000077069, 585517.199997999938205 ], [ 390769.590152000077069, 585517.999997999984771 ], [ 390768.79015200008871, 585518.599997999961488 ], [ 390767.590152000077069, 585518.599997999961488 ], [ 390766.590152000077069, 585517.999997999984771 ], [ 390766.590152000077069, 585517.199997999938205 ], [ 390766.990152000100352, 585516.799998000031337 ], [ 390769.190152000111993, 585516.799998000031337 ], [ 390769.590152000077069, 585516.199997999938205 ], [ 390770.590152000077069, 585515.799998000031337 ], [ 390770.79015200008871, 585514.399998 ], [ 390771.190152000111993, 585513.999997999984771 ], [ 390772.990152000100352, 585513.799998000031337 ], [ 390773.390152000123635, 585513.199997999938205 ], [ 390770.79015200008871, 585512.599997999961488 ], [ 390770.190152000111993, 585511.199997999938205 ], [ 390768.990152000100352, 585512.599997999961488 ], [ 390767.390152000123635, 585512.599997999961488 ], [ 390766.390152000123635, 585511.999997999984771 ], [ 390764.79015200008871, 585512.399998 ], [ 390763.79015200008871, 585512.199997999938205 ], [ 390763.390152000123635, 585511.799998000031337 ], [ 390763.590152000077069, 585510.999997999984771 ], [ 390764.590152000077069, 585509.999997999984771 ], [ 390763.990152000100352, 585509.999997999984771 ], [ 390763.590152000077069, 585509.399998 ], [ 390763.590152000077069, 585508.199997999938205 ], [ 390764.79015200008871, 585507.999997999984771 ], [ 390765.390152000123635, 585508.599997999961488 ], [ 390765.590152000077069, 585509.599997999961488 ], [ 390766.79015200008871, 585509.799998000031337 ], [ 390767.590152000077069, 585510.599997999961488 ], [ 390768.590152000077069, 585510.599997999961488 ], [ 390769.190152000111993, 585510.399998 ], [ 390769.190152000111993, 585509.799998000031337 ], [ 390767.190152000111993, 585509.399998 ], [ 390767.190152000111993, 585508.199997999938205 ], [ 390767.590152000077069, 585507.799998000031337 ], [ 390769.190152000111993, 585507.799998000031337 ], [ 390769.590152000077069, 585509.199997999938205 ], [ 390770.190152000111993, 585509.399998 ], [ 390770.590152000077069, 585507.599997999961488 ], [ 390763.590152000077069, 585506.399998 ], [ 390762.590152000077069, 585505.799998000031337 ], [ 390762.190152000111993, 585503.999997999984771 ], [ 390762.590152000077069, 585502.399998 ], [ 390761.79015200008871, 585496.599997999961488 ], [ 390760.590152000077069, 585496.599997999961488 ], [ 390759.79015200008871, 585497.199997999938205 ], [ 390759.79015200008871, 585497.999997999984771 ], [ 390760.190152000111993, 585498.399998 ], [ 390761.590152000077069, 585498.799998000031337 ], [ 390761.590152000077069, 585499.999997999984771 ], [ 390760.390152000123635, 585500.199997999938205 ], [ 390759.990152000100352, 585500.999997999984771 ], [ 390761.79015200008871, 585501.599997999961488 ], [ 390761.79015200008871, 585502.799998000031337 ], [ 390760.190152000111993, 585503.199997999938205 ], [ 390759.79015200008871, 585504.199997999938205 ], [ 390760.190152000111993, 585504.599997999961488 ], [ 390761.390152000123635, 585504.599997999961488 ], [ 390761.79015200008871, 585505.599997999961488 ], [ 390760.190152000111993, 585505.999997999984771 ], [ 390758.990152000100352, 585506.799998000031337 ], [ 390758.990152000100352, 585507.799998000031337 ], [ 390759.590152000077069, 585508.399998 ], [ 390759.190152000111993, 585509.199997999938205 ], [ 390759.190152000111993, 585510.599997999961488 ], [ 390760.390152000123635, 585511.799998000031337 ], [ 390758.79015200008871, 585512.999997999984771 ], [ 390758.590152000077069, 585514.399998 ], [ 390758.190152000111993, 585514.599997999961488 ], [ 390758.990152000100352, 585515.599997999961488 ], [ 390759.390152000123635, 585517.399998 ], [ 390760.390152000123635, 585517.999997999984771 ], [ 390759.190152000111993, 585518.199997999938205 ], [ 390758.590152000077069, 585518.799998000031337 ], [ 390756.390152000123635, 585518.799998000031337 ], [ 390754.990152000100352, 585517.999997999984771 ], [ 390755.190152000111993, 585514.599997999961488 ], [ 390755.590152000077069, 585513.999997999984771 ], [ 390757.590152000077069, 585513.599997999961488 ], [ 390757.79015200008871, 585513.199997999938205 ], [ 390755.390152000123635, 585512.599997999961488 ], [ 390754.79015200008871, 585511.799998000031337 ], [ 390754.390152000123635, 585509.999997999984771 ], [ 390754.990152000100352, 585509.399998 ], [ 390755.190152000111993, 585507.799998000031337 ], [ 390754.990152000100352, 585506.799998000031337 ], [ 390754.590152000077069, 585506.399998 ], [ 390748.190152000111993, 585506.399998 ], [ 390746.990152000100352, 585505.599997999961488 ], [ 390746.990152000100352, 585502.199997999938205 ], [ 390747.190152000111993, 585501.399998 ], [ 390748.190152000111993, 585500.599997999961488 ], [ 390747.590152000077069, 585500.599997999961488 ], [ 390746.990152000100352, 585499.599997999961488 ], [ 390746.990152000100352, 585494.399998 ], [ 390746.590152000077069, 585493.999997999984771 ], [ 390744.190152000111993, 585494.399998 ], [ 390744.190152000111993, 585494.799998000031337 ], [ 390744.79015200008871, 585495.399998 ], [ 390745.390152000123635, 585495.399998 ], [ 390745.79015200008871, 585496.199997999938205 ], [ 390744.390152000123635, 585496.599997999961488 ], [ 390743.79015200008871, 585497.399998 ], [ 390744.590152000077069, 585498.599997999961488 ], [ 390745.990152000100352, 585498.999997999984771 ], [ 390745.390152000123635, 585499.999997999984771 ], [ 390743.990152000100352, 585500.599997999961488 ], [ 390744.190152000111993, 585501.399998 ], [ 390745.390152000123635, 585501.799998000031337 ], [ 390745.79015200008871, 585502.399998 ], [ 390744.390152000123635, 585502.999997999984771 ], [ 390743.79015200008871, 585503.999997999984771 ], [ 390744.390152000123635, 585504.599997999961488 ], [ 390745.79015200008871, 585504.799998000031337 ], [ 390746.190152000111993, 585505.599997999961488 ], [ 390743.79015200008871, 585506.199997999938205 ], [ 390742.990152000100352, 585506.999997999984771 ], [ 390739.590152000077069, 585506.199997999938205 ], [ 390738.990152000100352, 585505.599997999961488 ], [ 390738.990152000100352, 585504.799998000031337 ], [ 390738.590152000077069, 585504.799998000031337 ], [ 390738.390152000123635, 585505.799998000031337 ], [ 390737.590152000077069, 585506.199997999938205 ], [ 390732.590152000077069, 585506.199997999938205 ], [ 390731.79015200008871, 585505.599997999961488 ], [ 390731.79015200008871, 585504.399998 ], [ 390732.190152000111993, 585503.999997999984771 ], [ 390731.79015200008871, 585503.399998 ], [ 390731.79015200008871, 585501.999997999984771 ], [ 390732.190152000111993, 585501.399998 ], [ 390734.190152000111993, 585500.999997999984771 ], [ 390734.190152000111993, 585500.599997999961488 ], [ 390732.79015200008871, 585500.399998 ], [ 390731.79015200008871, 585499.399998 ], [ 390732.190152000111993, 585497.799998000031337 ], [ 390731.79015200008871, 585496.999997999984771 ], [ 390731.79015200008871, 585495.599997999961488 ], [ 390733.390152000123635, 585494.399998 ], [ 390731.990152000100352, 585494.199997999938205 ], [ 390731.390152000123635, 585493.599997999961488 ], [ 390730.590152000077069, 585490.799998000031337 ], [ 390728.990152000100352, 585490.399998 ], [ 390728.190152000111993, 585491.199997999938205 ], [ 390728.990152000100352, 585492.399998 ], [ 390729.990152000100352, 585492.399998 ], [ 390730.390152000123635, 585493.199997999938205 ], [ 390728.79015200008871, 585493.599997999961488 ], [ 390727.79015200008871, 585494.399998 ], [ 390727.79015200008871, 585495.599997999961488 ], [ 390728.590152000077069, 585495.999997999984771 ], [ 390727.79015200008871, 585496.599997999961488 ], [ 390727.79015200008871, 585497.999997999984771 ], [ 390728.390152000123635, 585498.799998000031337 ], [ 390729.390152000123635, 585498.999997999984771 ], [ 390729.390152000123635, 585499.399998 ], [ 390727.990152000100352, 585499.999997999984771 ], [ 390726.990152000100352, 585501.199997999938205 ], [ 390726.79015200008871, 585500.599997999961488 ], [ 390724.990152000100352, 585500.199997999938205 ], [ 390723.990152000100352, 585499.399998 ], [ 390724.190152000111993, 585497.599997999961488 ], [ 390723.79015200008871, 585496.999997999984771 ], [ 390723.79015200008871, 585495.799998000031337 ], [ 390724.390152000123635, 585494.999997999984771 ], [ 390725.79015200008871, 585494.799998000031337 ], [ 390725.990152000100352, 585494.399998 ], [ 390723.990152000100352, 585493.799998000031337 ], [ 390723.590152000077069, 585491.799998000031337 ], [ 390723.190152000111993, 585491.399998 ], [ 390723.190152000111993, 585490.199997999938205 ], [ 390720.990152000100352, 585490.199997999938205 ], [ 390720.390152000123635, 585490.799998000031337 ], [ 390720.190152000111993, 585491.599997999961488 ], [ 390720.590152000077069, 585492.199997999938205 ], [ 390721.990152000100352, 585492.799998000031337 ], [ 390721.990152000100352, 585493.199997999938205 ], [ 390721.190152000111993, 585493.599997999961488 ], [ 390718.990152000100352, 585494.199997999938205 ], [ 390717.390152000123635, 585493.999997999984771 ], [ 390716.190152000111993, 585493.199997999938205 ], [ 390716.190152000111993, 585490.999997999984771 ], [ 390715.590152000077069, 585489.399998 ], [ 390716.390152000123635, 585488.199997999938205 ], [ 390715.79015200008871, 585487.399998 ], [ 390715.79015200008871, 585485.199997999938205 ], [ 390715.190152000111993, 585484.399998 ], [ 390713.990152000100352, 585483.999997999984771 ], [ 390712.990152000100352, 585484.199997999938205 ], [ 390712.590152000077069, 585485.399998 ], [ 390712.990152000100352, 585485.999997999984771 ], [ 390714.190152000111993, 585486.399998 ], [ 390714.390152000123635, 585486.999997999984771 ], [ 390712.190152000111993, 585487.999997999984771 ], [ 390711.79015200008871, 585489.599997999961488 ], [ 390711.390152000123635, 585489.599997999961488 ], [ 390711.390152000123635, 585489.999997999984771 ], [ 390711.990152000100352, 585489.999997999984771 ], [ 390711.990152000100352, 585491.599997999961488 ], [ 390712.390152000123635, 585492.399998 ], [ 390713.390152000123635, 585492.999997999984771 ], [ 390711.79015200008871, 585493.599997999961488 ], [ 390711.590152000077069, 585493.999997999984771 ], [ 390710.190152000111993, 585493.799998000031337 ], [ 390708.79015200008871, 585493.199997999938205 ], [ 390709.390152000123635, 585491.199997999938205 ], [ 390708.79015200008871, 585490.799998000031337 ], [ 390708.590152000077069, 585489.599997999961488 ], [ 390709.590152000077069, 585488.799998000031337 ], [ 390710.590152000077069, 585488.799998000031337 ], [ 390710.79015200008871, 585488.199997999938205 ], [ 390708.190152000111993, 585487.399998 ], [ 390707.190152000111993, 585484.599997999961488 ], [ 390705.190152000111993, 585484.199997999938205 ], [ 390704.590152000077069, 585484.799998000031337 ], [ 390704.590152000077069, 585485.399998 ], [ 390705.390152000123635, 585486.199997999938205 ], [ 390706.79015200008871, 585486.599997999961488 ], [ 390706.590152000077069, 585486.999997999984771 ], [ 390704.79015200008871, 585487.399998 ], [ 390703.79015200008871, 585488.199997999938205 ], [ 390700.990152000100352, 585487.399998 ], [ 390700.990152000100352, 585484.999997999984771 ], [ 390700.190152000111993, 585483.399998 ], [ 390701.190152000111993, 585482.399998 ], [ 390700.990152000100352, 585481.799998000031337 ], [ 390700.190152000111993, 585481.399998 ], [ 390699.79015200008871, 585480.599997999961488 ], [ 390696.590152000077069, 585481.799998000031337 ], [ 390696.590152000077069, 585482.799998000031337 ], [ 390697.390152000123635, 585483.399998 ], [ 390696.79015200008871, 585483.999997999984771 ], [ 390696.590152000077069, 585485.399998 ], [ 390697.79015200008871, 585486.799998000031337 ], [ 390695.590152000077069, 585487.999997999984771 ], [ 390693.590152000077069, 585487.599997999961488 ], [ 390692.79015200008871, 585486.799998000031337 ], [ 390692.79015200008871, 585484.999997999984771 ], [ 390692.190152000111993, 585483.999997999984771 ], [ 390692.190152000111993, 585483.199997999938205 ], [ 390692.79015200008871, 585482.399998 ], [ 390691.990152000100352, 585480.799998000031337 ], [ 390688.190152000111993, 585481.999997999984771 ], [ 390685.390152000123635, 585481.599997999961488 ], [ 390684.590152000077069, 585480.999997999984771 ], [ 390683.990152000100352, 585478.799998000031337 ], [ 390682.590152000077069, 585477.999997999984771 ], [ 390681.990152000100352, 585478.199997999938205 ], [ 390681.590152000077069, 585478.999997999984771 ], [ 390682.190152000111993, 585479.799998000031337 ], [ 390683.190152000111993, 585479.799998000031337 ], [ 390683.590152000077069, 585480.599997999961488 ], [ 390681.990152000100352, 585480.999997999984771 ], [ 390680.79015200008871, 585481.999997999984771 ], [ 390681.390152000123635, 585483.399998 ], [ 390680.990152000100352, 585485.599997999961488 ], [ 390681.79015200008871, 585486.799998000031337 ], [ 390680.390152000123635, 585487.999997999984771 ], [ 390678.390152000123635, 585487.799998000031337 ], [ 390677.390152000123635, 585487.199997999938205 ], [ 390676.590152000077069, 585483.199997999938205 ], [ 390677.79015200008871, 585481.999997999984771 ], [ 390676.590152000077069, 585481.399998 ], [ 390676.390152000123635, 585480.399998 ], [ 390675.990152000100352, 585480.999997999984771 ], [ 390674.190152000111993, 585481.399998 ], [ 390673.390152000123635, 585481.999997999984771 ], [ 390673.590152000077069, 585482.799998000031337 ], [ 390674.79015200008871, 585483.599997999961488 ], [ 390673.990152000100352, 585483.799998000031337 ], [ 390673.390152000123635, 585484.799998000031337 ], [ 390673.590152000077069, 585485.799998000031337 ], [ 390674.390152000123635, 585486.799998000031337 ], [ 390672.79015200008871, 585487.999997999984771 ], [ 390672.590152000077069, 585488.999997999984771 ], [ 390672.190152000111993, 585489.199997999938205 ], [ 390672.190152000111993, 585490.199997999938205 ], [ 390672.79015200008871, 585490.799998000031337 ], [ 390672.990152000100352, 585491.999997999984771 ], [ 390672.990152000100352, 585492.999997999984771 ], [ 390672.390152000123635, 585493.599997999961488 ], [ 390670.190152000111993, 585493.599997999961488 ], [ 390669.590152000077069, 585492.999997999984771 ], [ 390669.79015200008871, 585490.999997999984771 ], [ 390669.390152000123635, 585489.599997999961488 ], [ 390669.990152000100352, 585488.799998000031337 ], [ 390669.990152000100352, 585487.999997999984771 ], [ 390669.190152000111993, 585486.999997999984771 ], [ 390668.79015200008871, 585482.999997999984771 ], [ 390669.590152000077069, 585481.999997999984771 ], [ 390668.590152000077069, 585481.199997999938205 ], [ 390666.390152000123635, 585481.399998 ], [ 390665.990152000100352, 585481.999997999984771 ], [ 390666.590152000077069, 585483.799998000031337 ], [ 390665.79015200008871, 585484.999997999984771 ], [ 390665.990152000100352, 585485.799998000031337 ], [ 390667.190152000111993, 585486.799998000031337 ], [ 390665.590152000077069, 585487.999997999984771 ], [ 390665.79015200008871, 585489.999997999984771 ], [ 390665.190152000111993, 585491.599997999961488 ], [ 390665.990152000100352, 585492.999997999984771 ], [ 390665.190152000111993, 585493.599997999961488 ], [ 390664.990152000100352, 585495.599997999961488 ], [ 390664.590152000077069, 585495.999997999984771 ], [ 390664.990152000100352, 585496.599997999961488 ], [ 390665.190152000111993, 585498.999997999984771 ], [ 390664.590152000077069, 585500.199997999938205 ], [ 390661.79015200008871, 585499.599997999961488 ], [ 390661.390152000123635, 585497.999997999984771 ], [ 390660.590152000077069, 585497.799998000031337 ], [ 390661.390152000123635, 585497.199997999938205 ], [ 390661.590152000077069, 585495.199997999938205 ], [ 390662.990152000100352, 585494.399998 ], [ 390661.590152000077069, 585493.799998000031337 ], [ 390660.79015200008871, 585491.799998000031337 ], [ 390659.990152000100352, 585491.799998000031337 ], [ 390659.990152000100352, 585491.199997999938205 ], [ 390660.990152000100352, 585490.599997999961488 ], [ 390660.990152000100352, 585488.199997999938205 ], [ 390658.590152000077069, 585488.199997999938205 ], [ 390658.79015200008871, 585488.799998000031337 ], [ 390659.590152000077069, 585489.199997999938205 ], [ 390659.79015200008871, 585490.199997999938205 ], [ 390658.79015200008871, 585490.599997999961488 ], [ 390658.390152000123635, 585491.599997999961488 ], [ 390658.79015200008871, 585491.999997999984771 ], [ 390659.79015200008871, 585491.999997999984771 ], [ 390659.990152000100352, 585492.999997999984771 ], [ 390657.990152000100352, 585494.399998 ], [ 390658.190152000111993, 585495.199997999938205 ], [ 390659.190152000111993, 585495.999997999984771 ], [ 390658.390152000123635, 585496.799998000031337 ], [ 390658.190152000111993, 585497.799998000031337 ], [ 390658.590152000077069, 585498.399998 ], [ 390659.590152000077069, 585498.599997999961488 ], [ 390659.79015200008871, 585499.399998 ], [ 390658.190152000111993, 585499.999997999984771 ], [ 390657.390152000123635, 585500.999997999984771 ], [ 390658.190152000111993, 585502.199997999938205 ], [ 390658.990152000100352, 585502.199997999938205 ], [ 390657.990152000100352, 585502.999997999984771 ], [ 390657.79015200008871, 585503.999997999984771 ], [ 390659.390152000123635, 585505.199997999938205 ], [ 390659.390152000123635, 585505.599997999961488 ], [ 390657.390152000123635, 585506.399998 ], [ 390656.79015200008871, 585507.399998 ], [ 390656.190152000111993, 585506.799998000031337 ], [ 390656.190152000111993, 585507.399998 ], [ 390656.590152000077069, 585508.999997999984771 ], [ 390657.390152000123635, 585509.399998 ], [ 390657.79015200008871, 585510.799998000031337 ], [ 390658.990152000100352, 585511.799998000031337 ], [ 390657.590152000077069, 585512.199997999938205 ], [ 390656.990152000100352, 585512.799998000031337 ], [ 390654.590152000077069, 585512.599997999961488 ], [ 390652.990152000100352, 585513.199997999938205 ], [ 390649.990152000100352, 585512.999997999984771 ], [ 390649.990152000100352, 585513.799998000031337 ], [ 390655.79015200008871, 585514.399998 ], [ 390656.190152000111993, 585516.199997999938205 ], [ 390656.990152000100352, 585516.199997999938205 ], [ 390657.190152000111993, 585517.199997999938205 ], [ 390657.990152000100352, 585517.799998000031337 ], [ 390656.590152000077069, 585518.599997999961488 ], [ 390649.990152000100352, 585518.999997999984771 ], [ 390649.990152000100352, 585520.199997999938205 ], [ 390651.990152000100352, 585520.599997999961488 ], [ 390652.79015200008871, 585521.599997999961488 ], [ 390654.190152000111993, 585520.599997999961488 ], [ 390655.190152000111993, 585520.599997999961488 ], [ 390655.590152000077069, 585521.599997999961488 ], [ 390654.190152000111993, 585522.799998000031337 ], [ 390656.79015200008871, 585522.999997999984771 ], [ 390657.390152000123635, 585523.999997999984771 ], [ 390655.990152000100352, 585524.799998000031337 ], [ 390649.990152000100352, 585525.199997999938205 ], [ 390649.990152000100352, 585526.799998000031337 ], [ 390651.590152000077069, 585526.999997999984771 ], [ 390652.590152000077069, 585527.799998000031337 ], [ 390653.390152000123635, 585527.799998000031337 ], [ 390653.990152000100352, 585526.999997999984771 ], [ 390655.390152000123635, 585526.999997999984771 ], [ 390655.590152000077069, 585527.799998000031337 ], [ 390654.990152000100352, 585528.399998 ], [ 390654.390152000123635, 585528.399998 ], [ 390654.190152000111993, 585528.999997999984771 ], [ 390656.190152000111993, 585529.599997999961488 ], [ 390656.590152000077069, 585530.199997999938205 ], [ 390656.590152000077069, 585530.599997999961488 ], [ 390655.590152000077069, 585530.999997999984771 ], [ 390649.990152000100352, 585531.399998 ], [ 390649.990152000100352, 585533.199997999938205 ], [ 390651.390152000123635, 585533.199997999938205 ], [ 390652.79015200008871, 585534.199997999938205 ], [ 390653.590152000077069, 585533.999997999984771 ], [ 390654.390152000123635, 585533.199997999938205 ], [ 390655.190152000111993, 585533.199997999938205 ], [ 390655.590152000077069, 585533.999997999984771 ], [ 390654.390152000123635, 585534.999997999984771 ], [ 390654.590152000077069, 585535.399998 ], [ 390655.79015200008871, 585535.399998 ], [ 390657.190152000111993, 585536.199997999938205 ], [ 390659.190152000111993, 585536.399998 ], [ 390658.79015200008871, 585536.999997999984771 ], [ 390656.79015200008871, 585536.799998000031337 ], [ 390655.190152000111993, 585537.399998 ], [ 390649.990152000100352, 585537.599997999961488 ], [ 390649.990152000100352, 585539.599997999961488 ], [ 390651.390152000123635, 585539.599997999961488 ], [ 390653.190152000111993, 585540.399998 ], [ 390653.990152000100352, 585539.599997999961488 ], [ 390654.990152000100352, 585539.399998 ], [ 390655.590152000077069, 585539.799998000031337 ], [ 390655.590152000077069, 585540.599997999961488 ], [ 390654.79015200008871, 585541.599997999961488 ], [ 390655.79015200008871, 585541.599997999961488 ], [ 390656.590152000077069, 585542.399998 ], [ 390656.390152000123635, 585543.199997999938205 ], [ 390655.190152000111993, 585543.599997999961488 ], [ 390649.990152000100352, 585543.799998000031337 ], [ 390649.990152000100352, 585545.799998000031337 ], [ 390650.990152000100352, 585545.799998000031337 ], [ 390652.79015200008871, 585546.799998000031337 ], [ 390653.990152000100352, 585546.599997999961488 ], [ 390654.190152000111993, 585545.999997999984771 ], [ 390654.990152000100352, 585545.799998000031337 ], [ 390655.390152000123635, 585546.199997999938205 ], [ 390655.190152000111993, 585546.799998000031337 ], [ 390654.390152000123635, 585547.199997999938205 ], [ 390654.390152000123635, 585547.799998000031337 ], [ 390655.990152000100352, 585548.199997999938205 ], [ 390656.590152000077069, 585548.799998000031337 ], [ 390656.390152000123635, 585549.399998 ], [ 390654.79015200008871, 585549.799998000031337 ], [ 390649.990152000100352, 585549.999997999984771 ], [ 390649.990152000100352, 585552.599997999961488 ], [ 390650.990152000100352, 585552.599997999961488 ], [ 390652.990152000100352, 585553.399998 ], [ 390653.990152000100352, 585554.599997999961488 ], [ 390655.390152000123635, 585555.199997999938205 ], [ 390655.390152000123635, 585555.599997999961488 ], [ 390649.990152000100352, 585555.999997999984771 ], [ 390649.990152000100352, 585560.599997999961488 ], [ 390650.990152000100352, 585560.599997999961488 ], [ 390651.79015200008871, 585561.599997999961488 ], [ 390649.990152000100352, 585561.799998000031337 ], [ 390649.990152000100352, 585701.799998000031337 ], [ 390651.190152000111993, 585701.799998000031337 ], [ 390651.79015200008871, 585702.199997999938205 ], [ 390651.190152000111993, 585702.799998000031337 ], [ 390649.990152000100352, 585702.799998000031337 ], [ 390649.990152000100352, 585707.199997999938205 ], [ 390652.390152000123635, 585707.399998 ], [ 390654.190152000111993, 585708.399998 ], [ 390653.390152000123635, 585709.599997999961488 ], [ 390653.390152000123635, 585710.399998 ], [ 390654.190152000111993, 585711.599997999961488 ], [ 390653.79015200008871, 585713.399998 ], [ 390654.390152000123635, 585714.199997999938205 ], [ 390654.390152000123635, 585714.999997999984771 ], [ 390653.590152000077069, 585715.799998000031337 ], [ 390653.590152000077069, 585716.799998000031337 ], [ 390654.190152000111993, 585717.399998 ], [ 390654.79015200008871, 585719.199997999938205 ], [ 390655.390152000123635, 585718.999997999984771 ], [ 390656.190152000111993, 585717.799998000031337 ], [ 390656.990152000100352, 585717.599997999961488 ], [ 390657.190152000111993, 585719.599997999961488 ], [ 390658.190152000111993, 585720.799998000031337 ], [ 390658.190152000111993, 585721.399998 ], [ 390656.990152000100352, 585722.399998 ], [ 390655.390152000123635, 585721.799998000031337 ], [ 390654.590152000077069, 585721.799998000031337 ], [ 390654.190152000111993, 585722.399998 ], [ 390654.79015200008871, 585723.999997999984771 ], [ 390656.590152000077069, 585722.799998000031337 ], [ 390657.79015200008871, 585723.599997999961488 ], [ 390657.990152000100352, 585724.399998 ], [ 390656.79015200008871, 585725.599997999961488 ], [ 390655.390152000123635, 585725.199997999938205 ], [ 390654.990152000100352, 585724.599997999961488 ], [ 390654.590152000077069, 585725.199997999938205 ], [ 390653.590152000077069, 585725.599997999961488 ], [ 390649.990152000100352, 585725.599997999961488 ], [ 390649.990152000100352, 585725.999997999984771 ], [ 390651.990152000100352, 585725.999997999984771 ], [ 390653.590152000077069, 585726.799998000031337 ], [ 390653.79015200008871, 585727.399998 ], [ 390653.190152000111993, 585728.199997999938205 ], [ 390653.190152000111993, 585729.199997999938205 ], [ 390653.990152000100352, 585730.199997999938205 ], [ 390653.79015200008871, 585730.799998000031337 ], [ 390652.990152000100352, 585731.199997999938205 ], [ 390649.990152000100352, 585730.799998000031337 ], [ 390649.990152000100352, 585733.399998 ], [ 390651.390152000123635, 585733.399998 ], [ 390651.390152000123635, 585733.799998000031337 ], [ 390649.990152000100352, 585733.799998000031337 ], [ 390649.990152000100352, 585748.399998 ], [ 390652.190152000111993, 585747.999997999984771 ], [ 390654.190152000111993, 585748.399998 ], [ 390657.190152000111993, 585748.199997999938205 ], [ 390661.190152000111993, 585749.199997999938205 ], [ 390662.390152000123635, 585748.799998000031337 ], [ 390664.990152000100352, 585748.999997999984771 ], [ 390665.79015200008871, 585748.599997999961488 ], [ 390669.390152000123635, 585748.199997999938205 ] ] ] } },
{ "type": "Feature", "properties": { "pred_id": "E8_REG_002", "raw_pred_id": "FUSED_002", "dominant_angle_deg": 1.82, "ortho_ratio": 0.107, "is_canonical_rect": false }, "geometry": { "type": "Polygon", "coordinates": [ [ [ 390745.390152000181843, 585748.599998000077903 ], [ 390743.190151999879163, 585748.199998000171036 ], [ 390736.390152000123635, 585748.399998 ], [ 390735.590152000018861, 585747.999998000217602 ], [ 390732.39015200024005, 585747.999997999984771 ], [ 390731.790152000030503, 585747.599997999961488 ], [ 390732.590152000193484, 585746.999997999984771 ], [ 390735.190152000228409, 585746.999997999984771 ], [ 390735.990151999983937, 585746.199997999938205 ], [ 390735.590152000018861, 585745.199998000171036 ], [ 390735.390152000123635, 585742.599997999845073 ], [ 390734.990152000042144, 585741.799997999914922 ], [ 390735.390152, 585740.19999800005462 ], [ 390735.390152000123635, 585737.999998000101186 ], [ 390734.790151999972295, 585736.999997999984771 ], [ 390734.590152000077069, 585735.799998000031337 ], [ 390732.790152000030503, 585735.199997999938205 ], [ 390733.990152000042144, 585734.19999800005462 ], [ 390733.990152000042144, 585732.399998000124469 ], [ 390733.79015200008871, 585729.999998000101186 ], [ 390733.190152000111993, 585729.19999800005462 ], [ 390732.590152000018861, 585728.999997999868356 ], [ 390733.590152000018861, 585727.799998000147752 ], [ 390733.390151999949012, 585725.799998000264168 ], [ 390733.79015200008871, 585725.19999800005462 ], [ 390733.790152000146918, 585723.799998000147752 ], [ 390733.390151999949012, 585723.199997999938205 ], [ 390732.590152000135276, 585722.799998000031337 ], [ 390732.590152000077069, 585722.399998 ], [ 390733.390152, 585721.599998000194319 ], [ 390733.190152000111993, 585719.399998000124469 ], [ 390733.79015200008871, 585718.799998000264168 ], [ 390733.790152000146918, 585717.199997999938205 ], [ 390732.990152000042144, 585716.399998 ], [ 390733.590151999960653, 585715.399998000124469 ], [ 390733.590151999902446, 585712.999998000101186 ], [ 390733.990152000042144, 585712.19999799982179 ], [ 390733.790151999972295, 585710.399998000240885 ], [ 390733.190152, 585710.199997999938205 ], [ 390733.590151999902446, 585709.599998000077903 ], [ 390733.590152000018861, 585706.799998000147752 ], [ 390733.990152000042144, 585706.599997999845073 ], [ 390734.390152000123635, 585703.999997999984771 ], [ 390733.790152000146918, 585702.799998000031337 ], [ 390733.790152000205126, 585701.199997999938205 ], [ 390734.390152000065427, 585699.599997999961488 ], [ 390734.39015200024005, 585698.399998000124469 ], [ 390734.790152000030503, 585697.799998000264168 ], [ 390735.190152000111993, 585697.799998000264168 ], [ 390733.990152000042144, 585696.799998000031337 ], [ 390733.79015200008871, 585696.199998000171036 ], [ 390733.990151999983937, 585694.399998 ], [ 390734.390152000065427, 585693.999998000101186 ], [ 390734.79015200008871, 585692.199998000171036 ], [ 390735.990152000100352, 585692.19999800005462 ], [ 390736.390152, 585693.19999800005462 ], [ 390736.790152000030503, 585693.399998000124469 ], [ 390737.190152000053786, 585693.199998000171036 ], [ 390736.990152000042144, 585691.999997999984771 ], [ 390736.390151999949012, 585691.999998000101186 ], [ 390735.790152000146918, 585690.799998000264168 ], [ 390734.990152000100352, 585690.799998000031337 ], [ 390734.390152000123635, 585689.599997999961488 ], [ 390734.990151999983937, 585688.599998000077903 ], [ 390736.190152, 585688.799998000264168 ], [ 390736.990152000216767, 585689.399998 ], [ 390736.99015200015856, 585688.999998000217602 ], [ 390737.790151999914087, 585688.599997999845073 ], [ 390738.390152, 585687.799998000264168 ], [ 390738.390152, 585686.3999980003573 ], [ 390738.790152000030503, 585685.799998000031337 ], [ 390739.390152000065427, 585686.199998000171036 ], [ 390739.790152000030503, 585687.599998000077903 ], [ 390741.190152000053786, 585687.799998000147752 ], [ 390742.590152000018861, 585686.199998000287451 ], [ 390744.190152000053786, 585686.19999800005462 ], [ 390744.790152000030503, 585686.599998000077903 ], [ 390744.99015200015856, 585685.799998000031337 ], [ 390745.590152000018861, 585685.19999800005462 ], [ 390746.990152000100352, 585684.999997999984771 ], [ 390747.390152, 585685.399998000124469 ], [ 390748.190152, 585687.799998000264168 ], [ 390749.190152000111993, 585687.799998000264168 ], [ 390750.390151999949012, 585687.199997999938205 ], [ 390751.990151999983937, 585686.999997999984771 ], [ 390752.390152, 585686.399998000124469 ], [ 390754.590151999902446, 585686.399998 ], [ 390754.590151999960653, 585687.19999800005462 ], [ 390753.790151999972295, 585687.19999800005462 ], [ 390753.190152, 585687.799998000264168 ], [ 390753.190152000053786, 585688.599997999961488 ], [ 390753.590151999960653, 585688.799998000031337 ], [ 390753.990152000100352, 585689.999998000101186 ], [ 390755.590151999902446, 585691.199997999938205 ], [ 390755.590152000077069, 585693.599997999961488 ], [ 390756.590152000018861, 585695.19999800005462 ], [ 390756.79015200008871, 585697.799998000031337 ], [ 390756.190152000053786, 585698.399998000124469 ], [ 390755.990151999983937, 585699.599997999961488 ], [ 390756.390151999949012, 585700.599998000077903 ], [ 390757.190152000053786, 585700.799998000031337 ], [ 390756.390152000123635, 585702.19999800005462 ], [ 390757.190152, 585703.399997999891639 ], [ 390757.190152, 585703.999997999984771 ], [ 390756.390152000123635, 585704.599998000077903 ], [ 390756.190152000111993, 585705.799998000264168 ], [ 390756.390151999949012, 585706.199997999938205 ], [ 390759.390152000065427, 585706.999998000217602 ], [ 390757.590152000135276, 585708.399998 ], [ 390757.790152000030503, 585710.19999800005462 ], [ 390756.390152000065427, 585711.599998000077903 ], [ 390757.390152, 585712.599997999961488 ], [ 390758.990152000042144, 585713.19999800005462 ], [ 390758.390152000065427, 585714.399998000124469 ], [ 390757.990152000042144, 585714.599998000194319 ], [ 390757.790152000146918, 585716.599998000077903 ], [ 390756.990151999983937, 585717.399998 ], [ 390756.79015200008871, 585718.19999800005462 ], [ 390760.19015199993737, 585719.399997999891639 ], [ 390759.590151999960653, 585720.199997999938205 ], [ 390758.990152000100352, 585720.399998 ], [ 390758.590152000077069, 585721.399998 ], [ 390758.790151999914087, 585721.799997999914922 ], [ 390760.390152000065427, 585721.999998000217602 ], [ 390760.590152000135276, 585722.399998000124469 ], [ 390760.39015200024005, 585723.599997999845073 ], [ 390758.19015199993737, 585722.999998000101186 ], [ 390757.990152000100352, 585723.599998000077903 ], [ 390757.390152000065427, 585723.999997999984771 ], [ 390757.590152000077069, 585724.599997999961488 ], [ 390759.390152000123635, 585725.399998000240885 ], [ 390759.390152000065427, 585725.999998000217602 ], [ 390758.590151999960653, 585727.199997999938205 ], [ 390758.790152000030503, 585728.399998 ], [ 390759.190152, 585728.799998000147752 ], [ 390760.39015200024005, 585728.799998000147752 ], [ 390758.390152000123635, 585729.19999800005462 ], [ 390757.390152000065427, 585730.599998000077903 ], [ 390760.19015199993737, 585731.999997999868356 ], [ 390758.990151999983937, 585732.799998000147752 ], [ 390758.590152000018861, 585733.799998000031337 ], [ 390759.190152000111993, 585734.599997999961488 ], [ 390760.390152000181843, 585734.799998000031337 ], [ 390760.390152000123635, 585735.599997999961488 ], [ 390758.990151999983937, 585735.599998000077903 ], [ 390757.390151999890804, 585736.599998000077903 ], [ 390757.590152000193484, 585738.599998000077903 ], [ 390756.790151999972295, 585739.399998000124469 ], [ 390756.79015200008871, 585739.999997999868356 ], [ 390757.190152000111993, 585739.999997999868356 ], [ 390757.990151999983937, 585740.799998000031337 ], [ 390758.190152000111993, 585741.799998000031337 ], [ 390757.790152000030503, 585742.599998000077903 ], [ 390756.790152000030503, 585743.399998000124469 ], [ 390756.590152000135276, 585744.599998000077903 ], [ 390754.390152000181843, 585744.199997999938205 ], [ 390753.790152000030503, 585745.799998000147752 ], [ 390753.79015200008871, 585746.199998000171036 ], [ 390754.390151999949012, 585746.399998000124469 ], [ 390756.590151999960653, 585746.399998000124469 ], [ 390756.990151999925729, 585746.799998000264168 ], [ 390758.590152000135276, 585746.999997999984771 ], [ 390758.790151999914087, 585747.399997999891639 ], [ 390759.190152000053786, 585747.399998 ], [ 390759.190152000053786, 585747.799998000264168 ], [ 390758.390152000065427, 585748.19999800005462 ], [ 390755.590152000077069, 585748.19999799982179 ], [ 390754.79015200008871, 585748.599998000077903 ], [ 390749.390152000123635, 585748.19999800005462 ], [ 390745.390152000181843, 585748.599998000077903 ] ] ] } },
{ "type": "Feature", "properties": { "pred_id": "E8_REG_003", "raw_pred_id": "FUSED_003", "dominant_angle_deg": 0.0, "ortho_ratio": 0.132, "is_canonical_rect": false }, "geometry": { "type": "Polygon", "coordinates": [ [ [ 390798.590152000077069, 585707.199997999938205 ], [ 390796.990152000100352, 585708.399998 ], [ 390797.79015200008871, 585710.199997999938205 ], [ 390796.590152000077069, 585710.999997999984771 ], [ 390796.190152000111993, 585712.999997999984771 ], [ 390794.590152000077069, 585712.999997999984771 ], [ 390794.190152000111993, 585710.799998000031337 ], [ 390793.190152000111993, 585710.399998 ], [ 390792.590152000077069, 585710.999997999984771 ], [ 390792.190152000111993, 585712.799998000031337 ], [ 390791.190152000111993, 585712.999997999984771 ], [ 390790.79015200008871, 585713.799998000031337 ], [ 390788.990152000100352, 585714.599997999961488 ], [ 390789.190152000111993, 585715.799998000031337 ], [ 390789.79015200008871, 585715.999997999984771 ], [ 390789.79015200008871, 585716.599997999961488 ], [ 390788.79015200008871, 585717.399998 ], [ 390788.79015200008871, 585719.199997999938205 ], [ 390789.190152000111993, 585719.599997999961488 ], [ 390788.390152000123635, 585719.799998000031337 ], [ 390787.990152000100352, 585721.799998000031337 ], [ 390786.990152000100352, 585722.199997999938205 ], [ 390786.990152000100352, 585722.799998000031337 ], [ 390787.79015200008871, 585722.999997999984771 ], [ 390788.390152000123635, 585723.799998000031337 ], [ 390788.190152000111993, 585724.999997999984771 ], [ 390786.79015200008871, 585724.999997999984771 ], [ 390786.190152000111993, 585723.599997999961488 ], [ 390785.590152000077069, 585723.599997999961488 ], [ 390784.990152000100352, 585725.399998 ], [ 390783.590152000077069, 585725.599997999961488 ], [ 390783.590152000077069, 585725.999997999984771 ], [ 390784.590152000077069, 585726.799998000031337 ], [ 390784.590152000077069, 585727.599997999961488 ], [ 390783.190152000111993, 585728.599997999961488 ], [ 390783.190152000111993, 585729.199997999938205 ], [ 390784.590152000077069, 585730.399998 ], [ 390783.590152000077069, 585731.599997999961488 ], [ 390783.590152000077069, 585732.399998 ], [ 390784.390152000123635, 585732.999997999984771 ], [ 390784.590152000077069, 585733.799998000031337 ], [ 390783.590152000077069, 585734.399998 ], [ 390783.390152000123635, 585735.399998 ], [ 390784.390152000123635, 585735.799998000031337 ], [ 390784.990152000100352, 585736.799998000031337 ], [ 390783.590152000077069, 585737.399998 ], [ 390783.190152000111993, 585737.999997999984771 ], [ 390783.590152000077069, 585739.999997999984771 ], [ 390782.79015200008871, 585740.999997999984771 ], [ 390783.190152000111993, 585743.199997999938205 ], [ 390782.390152000123635, 585744.199997999938205 ], [ 390782.390152000123635, 585746.199997999938205 ], [ 390781.79015200008871, 585747.799998000031337 ], [ 390783.390152000123635, 585748.599997999961488 ], [ 390789.79015200008871, 585748.399998 ], [ 390792.990152000100352, 585748.999997999984771 ], [ 390797.79015200008871, 585748.599997999961488 ], [ 390798.990152000100352, 585748.999997999984771 ], [ 390852.590152000077069, 585748.999997999984771 ], [ 390853.79015200008871, 585748.399998 ], [ 390856.190152000111993, 585748.399998 ], [ 390857.590152000077069, 585747.799998000031337 ], [ 390856.590152000077069, 585747.399998 ], [ 390856.190152000111993, 585746.799998000031337 ], [ 390853.990152000100352, 585746.799998000031337 ], [ 390853.590152000077069, 585746.199997999938205 ], [ 390853.990152000100352, 585745.199997999938205 ], [ 390854.590152000077069, 585744.799998000031337 ], [ 390854.590152000077069, 585744.199997999938205 ], [ 390853.590152000077069, 585742.999997999984771 ], [ 390854.390152000123635, 585741.399998 ], [ 390853.390152000123635, 585739.599997999961488 ], [ 390854.190152000111993, 585738.599997999961488 ], [ 390854.190152000111993, 585736.799998000031337 ], [ 390854.79015200008871, 585736.199997999938205 ], [ 390854.79015200008871, 585734.799998000031337 ], [ 390853.590152000077069, 585733.799998000031337 ], [ 390853.590152000077069, 585733.199997999938205 ], [ 390854.390152000123635, 585732.199997999938205 ], [ 390854.390152000123635, 585730.799998000031337 ], [ 390854.79015200008871, 585730.599997999961488 ], [ 390854.79015200008871, 585728.799998000031337 ], [ 390853.390152000123635, 585727.199997999938205 ], [ 390854.190152000111993, 585725.999997999984771 ], [ 390854.190152000111993, 585724.999997999984771 ], [ 390854.990152000100352, 585723.999997999984771 ], [ 390854.590152000077069, 585722.199997999938205 ], [ 390853.390152000123635, 585721.199997999938205 ], [ 390853.990152000100352, 585719.799998000031337 ], [ 390854.390152000123635, 585716.199997999938205 ], [ 390853.190152000111993, 585715.399998 ], [ 390852.990152000100352, 585714.199997999938205 ], [ 390854.190152000111993, 585709.999997999984771 ], [ 390853.190152000111993, 585709.799998000031337 ], [ 390852.390152000123635, 585708.999997999984771 ], [ 390851.990152000100352, 585706.999997999984771 ], [ 390850.990152000100352, 585706.199997999938205 ], [ 390852.390152000123635, 585705.799998000031337 ], [ 390853.190152000111993, 585703.999997999984771 ], [ 390852.590152000077069, 585700.599997999961488 ], [ 390853.390152000123635, 585700.399998 ], [ 390853.990152000100352, 585699.599997999961488 ], [ 390860.190152000111993, 585699.599997999961488 ], [ 390860.590152000077069, 585699.399998 ], [ 390860.990152000100352, 585697.599997999961488 ], [ 390861.190152000111993, 585694.399998 ], [ 390862.79015200008871, 585693.799998000031337 ], [ 390867.79015200008871, 585693.799998000031337 ], [ 390868.390152000123635, 585692.999997999984771 ], [ 390867.990152000100352, 585691.399998 ], [ 390868.590152000077069, 585690.199997999938205 ], [ 390868.190152000111993, 585687.799998000031337 ], [ 390868.590152000077069, 585686.999997999984771 ], [ 390868.390152000123635, 585684.799998000031337 ], [ 390868.79015200008871, 585684.199997999938205 ], [ 390868.590152000077069, 585678.399998 ], [ 390868.990152000100352, 585677.599997999961488 ], [ 390868.390152000123635, 585672.999997999984771 ], [ 390868.990152000100352, 585670.599997999961488 ], [ 390868.590152000077069, 585669.599997999961488 ], [ 390868.390152000123635, 585666.199997999938205 ], [ 390868.990152000100352, 585664.599997999961488 ], [ 390868.190152000111993, 585660.599997999961488 ], [ 390868.79015200008871, 585658.999997999984771 ], [ 390868.390152000123635, 585657.199997999938205 ], [ 390868.590152000077069, 585655.399998 ], [ 390868.190152000111993, 585654.399998 ], [ 390868.190152000111993, 585653.599997999961488 ], [ 390868.79015200008871, 585652.799998000031337 ], [ 390868.190152000111993, 585648.399998 ], [ 390868.190152000111993, 585647.399998 ], [ 390868.79015200008871, 585646.399998 ], [ 390868.190152000111993, 585641.199997999938205 ], [ 390868.590152000077069, 585640.799998000031337 ], [ 390868.79015200008871, 585639.399998 ], [ 390868.190152000111993, 585638.399998 ], [ 390868.390152000123635, 585636.399998 ], [ 390867.990152000100352, 585634.999997999984771 ], [ 390868.79015200008871, 585633.399998 ], [ 390868.190152000111993, 585632.199997999938205 ], [ 390867.79015200008871, 585629.199997999938205 ], [ 390867.390152000123635, 585629.199997999938205 ], [ 390868.390152000123635, 585627.799998000031337 ], [ 390868.390152000123635, 585626.799998000031337 ], [ 390867.79015200008871, 585625.599997999961488 ], [ 390867.190152000111993, 585625.399998 ], [ 390865.190152000111993, 585625.399998 ], [ 390864.390152000123635, 585625.999997999984771 ], [ 390862.990152000100352, 585625.999997999984771 ], [ 390861.190152000111993, 585625.399998 ], [ 390860.590152000077069, 585624.799998000031337 ], [ 390859.990152000100352, 585622.599997999961488 ], [ 390860.79015200008871, 585621.799998000031337 ], [ 390860.990152000100352, 585620.199997999938205 ], [ 390859.990152000100352, 585617.999997999984771 ], [ 390858.990152000100352, 585618.799998000031337 ], [ 390853.79015200008871, 585618.999997999984771 ], [ 390852.79015200008871, 585617.999997999984771 ], [ 390853.390152000123635, 585614.399998 ], [ 390853.990152000100352, 585613.599997999961488 ], [ 390855.190152000111993, 585613.799998000031337 ], [ 390855.390152000123635, 585614.999997999984771 ], [ 390856.190152000111993, 585615.599997999961488 ], [ 390856.590152000077069, 585615.399998 ], [ 390857.190152000111993, 585613.799998000031337 ], [ 390858.990152000100352, 585613.599997999961488 ], [ 390858.990152000100352, 585613.199997999938205 ], [ 390854.390152000123635, 585613.199997999938205 ], [ 390853.190152000111993, 585612.799998000031337 ], [ 390852.590152000077069, 585611.999997999984771 ], [ 390852.590152000077069, 585609.999997999984771 ], [ 390853.590152000077069, 585607.199997999938205 ], [ 390853.990152000100352, 585607.199997999938205 ], [ 390852.79015200008871, 585606.399998 ], [ 390852.390152000123635, 585604.799998000031337 ], [ 390852.390152000123635, 585603.799998000031337 ], [ 390853.390152000123635, 585601.199997999938205 ], [ 390853.390152000123635, 585600.599997999961488 ], [ 390852.79015200008871, 585600.399998 ], [ 390852.390152000123635, 585599.599997999961488 ], [ 390852.390152000123635, 585597.599997999961488 ], [ 390853.390152000123635, 585594.799998000031337 ], [ 390852.390152000123635, 585593.199997999938205 ], [ 390852.390152000123635, 585591.399998 ], [ 390853.190152000111993, 585588.599997999961488 ], [ 390852.390152000123635, 585586.999997999984771 ], [ 390852.990152000100352, 585583.399998 ], [ 390852.990152000100352, 585581.999997999984771 ], [ 390852.390152000123635, 585580.799998000031337 ], [ 390852.79015200008871, 585578.199997999938205 ], [ 390852.390152000123635, 585574.999997999984771 ], [ 390852.990152000100352, 585570.999997999984771 ], [ 390852.390152000123635, 585568.999997999984771 ], [ 390852.590152000077069, 585563.999997999984771 ], [ 390851.990152000100352, 585563.399998 ], [ 390852.590152000077069, 585558.199997999938205 ], [ 390852.190152000111993, 585557.199997999938205 ], [ 390850.990152000100352, 585556.399998 ], [ 390849.390152000123635, 585556.399998 ], [ 390847.990152000100352, 585556.999997999984771 ], [ 390847.590152000077069, 585556.599997999961488 ], [ 390846.190152000111993, 585556.599997999961488 ], [ 390844.590152000077069, 585555.999997999984771 ], [ 390844.390152000123635, 585554.599997999961488 ], [ 390844.79015200008871, 585554.199997999938205 ], [ 390846.79015200008871, 585554.199997999938205 ], [ 390847.190152000111993, 585553.799998000031337 ], [ 390845.190152000111993, 585552.799998000031337 ], [ 390844.79015200008871, 585551.199997999938205 ], [ 390843.990152000100352, 585551.199997999938205 ], [ 390843.79015200008871, 585550.399998 ], [ 390842.990152000100352, 585549.999997999984771 ], [ 390841.590152000077069, 585549.799998000031337 ], [ 390841.190152000111993, 585548.999997999984771 ], [ 390841.79015200008871, 585548.199997999938205 ], [ 390843.390152000123635, 585547.799998000031337 ], [ 390843.79015200008871, 585547.199997999938205 ], [ 390844.590152000077069, 585547.199997999938205 ], [ 390845.590152000077069, 585547.999997999984771 ], [ 390846.590152000077069, 585547.999997999984771 ], [ 390846.990152000100352, 585547.599997999961488 ], [ 390846.190152000111993, 585546.999997999984771 ], [ 390845.190152000111993, 585546.999997999984771 ], [ 390844.990152000100352, 585544.799998000031337 ], [ 390843.590152000077069, 585543.999997999984771 ], [ 390841.190152000111993, 585543.799998000031337 ], [ 390840.590152000077069, 585542.999997999984771 ], [ 390839.990152000100352, 585543.599997999961488 ], [ 390838.190152000111993, 585543.799998000031337 ], [ 390837.390152000123635, 585544.399998 ], [ 390837.390152000123635, 585545.399998 ], [ 390837.990152000100352, 585546.199997999938205 ], [ 390837.390152000123635, 585546.399998 ], [ 390837.190152000111993, 585547.999997999984771 ], [ 390838.190152000111993, 585548.799998000031337 ], [ 390839.390152000123635, 585548.999997999984771 ], [ 390839.390152000123635, 585549.399998 ], [ 390837.390152000123635, 585550.199997999938205 ], [ 390836.990152000100352, 585551.599997999961488 ], [ 390836.190152000111993, 585551.999997999984771 ], [ 390836.990152000100352, 585554.599997999961488 ], [ 390839.190152000111993, 585555.199997999938205 ], [ 390839.390152000123635, 585555.599997999961488 ], [ 390838.990152000100352, 585555.799998000031337 ], [ 390834.390152000123635, 585555.999997999984771 ], [ 390833.79015200008871, 585555.599997999961488 ], [ 390834.190152000111993, 585554.599997999961488 ], [ 390835.590152000077069, 585553.799998000031337 ], [ 390833.79015200008871, 585553.199997999938205 ], [ 390833.190152000111993, 585552.199997999938205 ], [ 390833.990152000100352, 585551.599997999961488 ], [ 390835.590152000077069, 585551.399998 ], [ 390835.79015200008871, 585550.599997999961488 ], [ 390833.79015200008871, 585549.999997999984771 ], [ 390833.190152000111993, 585549.399998 ], [ 390833.190152000111993, 585547.599997999961488 ], [ 390832.390152000123635, 585546.599997999961488 ], [ 390831.990152000100352, 585545.399998 ], [ 390832.190152000111993, 585544.199997999938205 ], [ 390831.79015200008871, 585543.999997999984771 ], [ 390829.590152000077069, 585544.199997999938205 ], [ 390829.390152000123635, 585544.799998000031337 ], [ 390828.190152000111993, 585545.599997999961488 ], [ 390828.390152000123635, 585546.599997999961488 ], [ 390829.190152000111993, 585546.999997999984771 ], [ 390829.390152000123635, 585548.199997999938205 ], [ 390831.590152000077069, 585548.999997999984771 ], [ 390831.590152000077069, 585549.399998 ], [ 390829.590152000077069, 585549.799998000031337 ], [ 390828.79015200008871, 585550.999997999984771 ], [ 390828.190152000111993, 585550.199997999938205 ], [ 390826.190152000111993, 585549.799998000031337 ], [ 390825.79015200008871, 585548.799998000031337 ], [ 390826.390152000123635, 585547.399998 ], [ 390825.590152000077069, 585546.799998000031337 ], [ 390825.390152000123635, 585545.799998000031337 ], [ 390826.190152000111993, 585545.199997999938205 ], [ 390827.990152000100352, 585544.999997999984771 ], [ 390827.990152000100352, 585544.399998 ], [ 390825.390152000123635, 585543.799998000031337 ], [ 390824.79015200008871, 585541.199997999938205 ], [ 390822.79015200008871, 585540.199997999938205 ], [ 390822.190152000111993, 585540.999997999984771 ], [ 390822.390152000123635, 585541.999997999984771 ], [ 390823.590152000077069, 585542.199997999938205 ], [ 390824.390152000123635, 585542.999997999984771 ], [ 390824.190152000111993, 585543.399998 ], [ 390822.79015200008871, 585543.599997999961488 ], [ 390821.990152000100352, 585544.199997999938205 ], [ 390821.990152000100352, 585545.599997999961488 ], [ 390822.390152000123635, 585546.199997999938205 ], [ 390821.79015200008871, 585546.599997999961488 ], [ 390821.79015200008871, 585548.199997999938205 ], [ 390823.390152000123635, 585549.399998 ], [ 390822.390152000123635, 585549.599997999961488 ], [ 390821.590152000077069, 585550.399998 ], [ 390821.390152000123635, 585551.799998000031337 ], [ 390820.79015200008871, 585552.599997999961488 ], [ 390821.390152000123635, 585553.199997999938205 ], [ 390821.390152000123635, 585554.999997999984771 ], [ 390820.990152000100352, 585556.199997999938205 ], [ 390818.390152000123635, 585555.999997999984771 ], [ 390817.79015200008871, 585555.599997999961488 ], [ 390817.990152000100352, 585553.799998000031337 ], [ 390817.190152000111993, 585553.599997999961488 ], [ 390817.190152000111993, 585551.599997999961488 ], [ 390819.590152000077069, 585551.199997999938205 ], [ 390819.79015200008871, 585550.599997999961488 ], [ 390817.390152000123635, 585549.999997999984771 ], [ 390817.390152000123635, 585548.999997999984771 ], [ 390816.79015200008871, 585548.399998 ], [ 390816.190152000111993, 585549.999997999984771 ], [ 390814.990152000100352, 585549.999997999984771 ], [ 390814.390152000123635, 585550.399998 ], [ 390814.390152000123635, 585551.399998 ], [ 390814.79015200008871, 585551.799998000031337 ], [ 390816.390152000123635, 585552.199997999938205 ], [ 390816.190152000111993, 585552.599997999961488 ], [ 390814.590152000077069, 585552.799998000031337 ], [ 390813.990152000100352, 585553.799998000031337 ], [ 390814.390152000123635, 585554.599997999961488 ], [ 390815.990152000100352, 585555.199997999938205 ], [ 390815.79015200008871, 585555.799998000031337 ], [ 390813.590152000077069, 585556.399998 ], [ 390813.390152000123635, 585557.199997999938205 ], [ 390812.79015200008871, 585557.399998 ], [ 390811.79015200008871, 585556.599997999961488 ], [ 390809.390152000123635, 585556.399998 ], [ 390809.390152000123635, 585555.599997999961488 ], [ 390808.990152000100352, 585555.199997999938205 ], [ 390808.79015200008871, 585556.199997999938205 ], [ 390806.990152000100352, 585556.399998 ], [ 390806.590152000077069, 585556.799998000031337 ], [ 390806.590152000077069, 585557.599997999961488 ], [ 390807.190152000111993, 585558.599997999961488 ], [ 390806.390152000123635, 585559.199997999938205 ], [ 390806.390152000123635, 585560.599997999961488 ], [ 390807.990152000100352, 585561.799998000031337 ], [ 390806.79015200008871, 585562.399998 ], [ 390806.390152000123635, 585563.199997999938205 ], [ 390806.590152000077069, 585564.399998 ], [ 390807.190152000111993, 585564.999997999984771 ], [ 390806.590152000077069, 585564.999997999984771 ], [ 390805.990152000100352, 585565.999997999984771 ], [ 390806.190152000111993, 585567.199997999938205 ], [ 390806.79015200008871, 585567.799998000031337 ], [ 390807.390152000123635, 585567.799998000031337 ], [ 390807.390152000123635, 585568.199997999938205 ], [ 390806.390152000123635, 585568.399998 ], [ 390805.79015200008871, 585570.399998 ], [ 390804.79015200008871, 585570.999997999984771 ], [ 390805.590152000077069, 585572.199997999938205 ], [ 390805.590152000077069, 585573.599997999961488 ], [ 390805.190152000111993, 585573.799998000031337 ], [ 390805.590152000077069, 585575.999997999984771 ], [ 390805.390152000123635, 585576.399998 ], [ 390804.79015200008871, 585576.399998 ], [ 390804.190152000111993, 585575.199997999938205 ], [ 390802.590152000077069, 585574.999997999984771 ], [ 390799.390152000123635, 585574.999997999984771 ], [ 390798.79015200008871, 585575.599997999961488 ], [ 390798.79015200008871, 585576.399998 ], [ 390799.590152000077069, 585577.199997999938205 ], [ 390798.79015200008871, 585578.999997999984771 ], [ 390799.190152000111993, 585579.599997999961488 ], [ 390800.590152000077069, 585580.199997999938205 ], [ 390800.190152000111993, 585580.999997999984771 ], [ 390798.990152000100352, 585581.399998 ], [ 390798.990152000100352, 585582.999997999984771 ], [ 390799.990152000100352, 585583.399998 ], [ 390799.990152000100352, 585584.399998 ], [ 390800.390152000123635, 585584.599997999961488 ], [ 390801.590152000077069, 585584.599997999961488 ], [ 390802.390152000123635, 585583.199997999938205 ], [ 390803.79015200008871, 585582.999997999984771 ], [ 390804.390152000123635, 585583.399998 ], [ 390804.590152000077069, 585584.399998 ], [ 390805.390152000123635, 585584.599997999961488 ], [ 390805.590152000077069, 585585.799998000031337 ], [ 390804.390152000123635, 585587.199997999938205 ], [ 390802.990152000100352, 585587.399998 ], [ 390801.190152000111993, 585586.999997999984771 ], [ 390798.390152000123635, 585587.999997999984771 ], [ 390798.390152000123635, 585589.199997999938205 ], [ 390799.590152000077069, 585589.799998000031337 ], [ 390799.79015200008871, 585590.599997999961488 ], [ 390801.590152000077069, 585590.999997999984771 ], [ 390802.590152000077069, 585590.399998 ], [ 390802.79015200008871, 585589.599997999961488 ], [ 390803.590152000077069, 585589.399998 ], [ 390804.390152000123635, 585590.799998000031337 ], [ 390805.79015200008871, 585591.199997999938205 ], [ 390805.79015200008871, 585592.199997999938205 ], [ 390804.990152000100352, 585592.599997999961488 ], [ 390804.590152000077069, 585593.399998 ], [ 390803.79015200008871, 585593.599997999961488 ], [ 390800.990152000100352, 585593.199997999938205 ], [ 390799.990152000100352, 585593.799998000031337 ], [ 390798.990152000100352, 585593.799998000031337 ], [ 390798.190152000111993, 585594.399998 ], [ 390798.190152000111993, 585595.399998 ], [ 390800.79015200008871, 585596.999997999984771 ], [ 390801.990152000100352, 585596.999997999984771 ], [ 390802.990152000100352, 585595.799998000031337 ], [ 390803.590152000077069, 585595.799998000031337 ], [ 390804.390152000123635, 585596.999997999984771 ], [ 390805.590152000077069, 585597.199997999938205 ], [ 390806.390152000123635, 585598.399998 ], [ 390807.390152000123635, 585598.399998 ], [ 390808.190152000111993, 585599.199997999938205 ], [ 390807.590152000077069, 585599.599997999961488 ], [ 390806.390152000123635, 585599.599997999961488 ], [ 390805.190152000111993, 585598.799998000031337 ], [ 390804.590152000077069, 585599.599997999961488 ], [ 390803.79015200008871, 585599.799998000031337 ], [ 390801.190152000111993, 585599.599997999961488 ], [ 390798.990152000100352, 585599.999997999984771 ], [ 390797.990152000100352, 585600.599997999961488 ], [ 390797.79015200008871, 585601.599997999961488 ], [ 390797.190152000111993, 585602.199997999938205 ], [ 390797.390152000123635, 585602.599997999961488 ], [ 390799.390152000123635, 585602.599997999961488 ], [ 390800.190152000111993, 585603.399998 ], [ 390802.79015200008871, 585603.599997999961488 ], [ 390802.990152000100352, 585603.999997999984771 ], [ 390804.390152000123635, 585603.599997999961488 ], [ 390805.79015200008871, 585603.799998000031337 ], [ 390803.990152000100352, 585605.799998000031337 ], [ 390800.990152000100352, 585605.599997999961488 ], [ 390800.590152000077069, 585605.999997999984771 ], [ 390797.990152000100352, 585606.399998 ], [ 390797.590152000077069, 585606.999997999984771 ], [ 390791.190152000111993, 585606.999997999984771 ], [ 390791.390152000123635, 585607.799998000031337 ], [ 390792.79015200008871, 585608.999997999984771 ], [ 390793.590152000077069, 585609.199997999938205 ], [ 390794.990152000100352, 585607.599997999961488 ], [ 390796.190152000111993, 585607.599997999961488 ], [ 390797.190152000111993, 585608.999997999984771 ], [ 390798.590152000077069, 585609.199997999938205 ], [ 390799.390152000123635, 585609.999997999984771 ], [ 390801.79015200008871, 585609.999997999984771 ], [ 390801.79015200008871, 585610.599997999961488 ], [ 390800.990152000100352, 585610.999997999984771 ], [ 390800.990152000100352, 585611.799998000031337 ], [ 390799.590152000077069, 585612.199997999938205 ], [ 390797.990152000100352, 585612.199997999938205 ], [ 390797.590152000077069, 585612.599997999961488 ], [ 390796.190152000111993, 585612.799998000031337 ], [ 390791.390152000123635, 585612.799998000031337 ], [ 390790.79015200008871, 585613.199997999938205 ], [ 390790.590152000077069, 585614.999997999984771 ], [ 390793.990152000100352, 585615.799998000031337 ], [ 390795.590152000077069, 585614.399998 ], [ 390796.590152000077069, 585615.599997999961488 ], [ 390798.190152000111993, 585615.999997999984771 ], [ 390798.590152000077069, 585616.599997999961488 ], [ 390798.190152000111993, 585617.199997999938205 ], [ 390797.190152000111993, 585617.399998 ], [ 390796.390152000123635, 585618.399998 ], [ 390791.390152000123635, 585618.599997999961488 ], [ 390790.390152000123635, 585619.199997999938205 ], [ 390789.990152000100352, 585620.199997999938205 ], [ 390788.990152000100352, 585620.399998 ], [ 390788.390152000123635, 585621.199997999938205 ], [ 390791.390152000123635, 585622.399998 ], [ 390791.590152000077069, 585622.799998000031337 ], [ 390791.190152000111993, 585623.599997999961488 ], [ 390789.390152000123635, 585623.999997999984771 ], [ 390787.990152000100352, 585625.199997999938205 ], [ 390785.990152000100352, 585624.799998000031337 ], [ 390783.590152000077069, 585624.999997999984771 ], [ 390782.190152000111993, 585626.799998000031337 ], [ 390781.190152000111993, 585627.199997999938205 ], [ 390782.590152000077069, 585628.199997999938205 ], [ 390781.590152000077069, 585630.399998 ], [ 390782.190152000111993, 585630.999997999984771 ], [ 390782.390152000123635, 585632.199997999938205 ], [ 390780.190152000111993, 585633.399998 ], [ 390780.590152000077069, 585633.999997999984771 ], [ 390782.79015200008871, 585634.999997999984771 ], [ 390782.190152000111993, 585635.799998000031337 ], [ 390779.990152000100352, 585636.599997999961488 ], [ 390780.590152000077069, 585637.599997999961488 ], [ 390781.990152000100352, 585637.999997999984771 ], [ 390781.990152000100352, 585638.399998 ], [ 390779.79015200008871, 585638.999997999984771 ], [ 390778.79015200008871, 585637.199997999938205 ], [ 390777.590152000077069, 585636.999997999984771 ], [ 390776.190152000111993, 585637.399998 ], [ 390775.390152000123635, 585638.999997999984771 ], [ 390774.190152000111993, 585639.799998000031337 ], [ 390777.590152000077069, 585641.199997999938205 ], [ 390779.190152000111993, 585640.999997999984771 ], [ 390779.79015200008871, 585640.399998 ], [ 390781.190152000111993, 585641.199997999938205 ], [ 390781.190152000111993, 585641.599997999961488 ], [ 390779.990152000100352, 585642.199997999938205 ], [ 390777.79015200008871, 585641.799998000031337 ], [ 390776.990152000100352, 585642.399998 ], [ 390775.190152000111993, 585642.799998000031337 ], [ 390775.590152000077069, 585644.599997999961488 ], [ 390774.79015200008871, 585645.799998000031337 ], [ 390774.190152000111993, 585645.999997999984771 ], [ 390777.79015200008871, 585647.599997999961488 ], [ 390779.390152000123635, 585647.399998 ], [ 390779.79015200008871, 585646.999997999984771 ], [ 390781.190152000111993, 585647.599997999961488 ], [ 390780.390152000123635, 585647.999997999984771 ], [ 390777.79015200008871, 585647.999997999984771 ], [ 390776.590152000077069, 585648.799998000031337 ], [ 390775.390152000123635, 585648.999997999984771 ], [ 390775.190152000111993, 585651.399998 ], [ 390774.190152000111993, 585652.199997999938205 ], [ 390773.590152000077069, 585652.199997999938205 ], [ 390777.390152000123635, 585653.799998000031337 ], [ 390780.390152000123635, 585653.799998000031337 ], [ 390779.990152000100352, 585654.199997999938205 ], [ 390777.79015200008871, 585653.999997999984771 ], [ 390774.590152000077069, 585655.399998 ], [ 390775.390152000123635, 585656.399998 ], [ 390775.390152000123635, 585657.399998 ], [ 390774.79015200008871, 585658.199997999938205 ], [ 390773.990152000100352, 585658.399998 ], [ 390774.190152000111993, 585658.799998000031337 ], [ 390777.79015200008871, 585659.999997999984771 ], [ 390779.590152000077069, 585659.599997999961488 ], [ 390780.190152000111993, 585660.599997999961488 ], [ 390777.79015200008871, 585660.599997999961488 ], [ 390775.390152000123635, 585661.599997999961488 ], [ 390774.990152000100352, 585662.199997999938205 ], [ 390774.990152000100352, 585663.399998 ], [ 390774.190152000111993, 585664.199997999938205 ], [ 390772.590152000077069, 585664.599997999961488 ], [ 390772.990152000100352, 585665.199997999938205 ], [ 390774.990152000100352, 585665.599997999961488 ], [ 390776.590152000077069, 585666.399998 ], [ 390774.390152000123635, 585667.799998000031337 ], [ 390773.79015200008871, 585667.799998000031337 ], [ 390774.79015200008871, 585668.599997999961488 ], [ 390775.190152000111993, 585669.799998000031337 ], [ 390774.590152000077069, 585670.599997999961488 ], [ 390773.390152000123635, 585671.199997999938205 ], [ 390774.190152000111993, 585671.199997999938205 ], [ 390774.990152000100352, 585671.799998000031337 ], [ 390777.590152000077069, 585672.599997999961488 ], [ 390774.79015200008871, 585674.199997999938205 ], [ 390775.190152000111993, 585675.999997999984771 ], [ 390774.590152000077069, 585676.799998000031337 ], [ 390773.390152000123635, 585677.199997999938205 ], [ 390776.990152000100352, 585678.799998000031337 ], [ 390774.590152000077069, 585680.399998 ], [ 390775.590152000077069, 585681.999997999984771 ], [ 390774.79015200008871, 585683.799998000031337 ], [ 390777.79015200008871, 585684.999997999984771 ], [ 390777.190152000111993, 585685.799998000031337 ], [ 390775.990152000100352, 585685.999997999984771 ], [ 390775.390152000123635, 585686.599997999961488 ], [ 390775.990152000100352, 585688.199997999938205 ], [ 390776.590152000077069, 585688.199997999938205 ], [ 390775.990152000100352, 585688.399998 ], [ 390775.390152000123635, 585689.999997999984771 ], [ 390777.990152000100352, 585690.999997999984771 ], [ 390779.390152000123635, 585689.999997999984771 ], [ 390778.990152000100352, 585688.799998000031337 ], [ 390778.390152000123635, 585688.399998 ], [ 390778.79015200008871, 585687.799998000031337 ], [ 390779.590152000077069, 585687.399998 ], [ 390781.79015200008871, 585687.399998 ], [ 390782.390152000123635, 585688.399998 ], [ 390780.79015200008871, 585689.999997999984771 ], [ 390782.79015200008871, 585691.399998 ], [ 390781.990152000100352, 585692.999997999984771 ], [ 390783.79015200008871, 585694.399998 ], [ 390783.79015200008871, 585696.199997999938205 ], [ 390785.79015200008871, 585696.599997999961488 ], [ 390786.190152000111993, 585696.199997999938205 ], [ 390785.990152000100352, 585694.399998 ], [ 390789.79015200008871, 585693.999997999984771 ], [ 390790.590152000077069, 585695.799998000031337 ], [ 390790.190152000111993, 585697.999997999984771 ], [ 390791.190152000111993, 585699.999997999984771 ], [ 390791.590152000077069, 585701.999997999984771 ], [ 390793.590152000077069, 585700.999997999984771 ], [ 390793.79015200008871, 585700.199997999938205 ], [ 390796.190152000111993, 585700.199997999938205 ], [ 390796.990152000100352, 585699.799998000031337 ], [ 390796.990152000100352, 585699.199997999938205 ], [ 390797.590152000077069, 585699.199997999938205 ], [ 390797.590152000077069, 585700.999997999984771 ], [ 390798.390152000123635, 585702.199997999938205 ], [ 390798.190152000111993, 585702.799998000031337 ], [ 390797.590152000077069, 585703.399998 ], [ 390794.990152000100352, 585703.399998 ], [ 390794.390152000123635, 585703.999997999984771 ], [ 390795.390152000123635, 585704.799998000031337 ], [ 390797.190152000111993, 585704.199997999938205 ], [ 390797.79015200008871, 585704.399998 ], [ 390798.590152000077069, 585705.799998000031337 ], [ 390798.590152000077069, 585707.199997999938205 ] ] ] } },
{ "type": "Feature", "properties": { "pred_id": "E8_REG_004", "raw_pred_id": "FUSED_004", "dominant_angle_deg": 0.0, "ortho_ratio": 0.148, "is_canonical_rect": false }, "geometry": { "type": "Polygon", "coordinates": [ [ [ 390878.390152000123635, 585749.999997999984771 ], [ 390878.190152000111993, 585748.399998 ], [ 390877.590152000077069, 585747.799998000031337 ], [ 390877.79015200008871, 585745.599997999961488 ], [ 390877.390152000123635, 585743.999997999984771 ], [ 390876.79015200008871, 585743.199997999938205 ], [ 390877.190152000111993, 585741.599997999961488 ], [ 390877.190152000111993, 585739.799998000031337 ], [ 390877.79015200008871, 585738.199997999938205 ], [ 390876.79015200008871, 585737.399998 ], [ 390876.390152000123635, 585736.199997999938205 ], [ 390876.79015200008871, 585735.399998 ], [ 390876.79015200008871, 585733.399998 ], [ 390877.190152000111993, 585732.599997999961488 ], [ 390877.390152000123635, 585729.999997999984771 ], [ 390878.79015200008871, 585730.199997999938205 ], [ 390879.590152000077069, 585730.799998000031337 ], [ 390879.79015200008871, 585730.199997999938205 ], [ 390880.79015200008871, 585729.799998000031337 ], [ 390881.590152000077069, 585729.799998000031337 ], [ 390881.990152000100352, 585730.199997999938205 ], [ 390882.590152000077069, 585730.199997999938205 ], [ 390883.390152000123635, 585730.799998000031337 ], [ 390885.190152000111993, 585731.399998 ], [ 390885.590152000077069, 585732.199997999938205 ], [ 390885.990152000100352, 585732.199997999938205 ], [ 390886.590152000077069, 585732.799998000031337 ], [ 390890.590152000077069, 585733.399998 ], [ 390892.390152000123635, 585734.199997999938205 ], [ 390893.590152000077069, 585734.199997999938205 ], [ 390895.390152000123635, 585735.199997999938205 ], [ 390895.590152000077069, 585735.599997999961488 ], [ 390895.990152000100352, 585735.599997999961488 ], [ 390897.190152000111993, 585737.199997999938205 ], [ 390898.990152000100352, 585737.399998 ], [ 390900.590152000077069, 585738.199997999938205 ], [ 390900.79015200008871, 585739.999997999984771 ], [ 390900.390152000123635, 585740.799998000031337 ], [ 390899.79015200008871, 585741.199997999938205 ], [ 390899.79015200008871, 585741.599997999961488 ], [ 390899.190152000111993, 585741.599997999961488 ], [ 390898.190152000111993, 585742.399998 ], [ 390898.190152000111993, 585743.799998000031337 ], [ 390898.79015200008871, 585744.599997999961488 ], [ 390899.990152000100352, 585744.199997999938205 ], [ 390900.390152000123635, 585741.999997999984771 ], [ 390903.590152000077069, 585741.999997999984771 ], [ 390904.190152000111993, 585741.599997999961488 ], [ 390904.190152000111993, 585741.199997999938205 ], [ 390903.190152000111993, 585740.399998 ], [ 390901.590152000077069, 585740.199997999938205 ], [ 390901.590152000077069, 585739.599997999961488 ], [ 390904.990152000100352, 585739.199997999938205 ], [ 390906.590152000077069, 585739.799998000031337 ], [ 390905.590152000077069, 585741.599997999961488 ], [ 390906.390152000123635, 585742.199997999938205 ], [ 390908.390152000123635, 585742.799998000031337 ], [ 390908.79015200008871, 585743.399998 ], [ 390910.990152000100352, 585743.199997999938205 ], [ 390911.390152000123635, 585742.599997999961488 ], [ 390911.390152000123635, 585741.399998 ], [ 390912.79015200008871, 585740.799998000031337 ], [ 390913.590152000077069, 585741.399998 ], [ 390913.79015200008871, 585741.999997999984771 ], [ 390918.190152000111993, 585742.799998000031337 ], [ 390919.190152000111993, 585743.399998 ], [ 390920.590152000077069, 585743.399998 ], [ 390922.990152000100352, 585744.199997999938205 ], [ 390924.390152000123635, 585745.199997999938205 ], [ 390929.79015200008871, 585746.399998 ], [ 390930.390152000123635, 585747.199997999938205 ], [ 390934.190152000111993, 585747.399998 ], [ 390934.590152000077069, 585747.599997999961488 ], [ 390934.79015200008871, 585748.399998 ], [ 390936.590152000077069, 585748.799998000031337 ], [ 390936.990152000100352, 585749.199997999938205 ], [ 390936.990152000100352, 585749.999997999984771 ], [ 390924.590152000077069, 585749.999997999984771 ], [ 390924.590152000077069, 585748.999997999984771 ], [ 390924.990152000100352, 585748.599997999961488 ], [ 390926.79015200008871, 585748.399998 ], [ 390927.190152000111993, 585747.999997999984771 ], [ 390927.190152000111993, 585747.199997999938205 ], [ 390926.79015200008871, 585746.799998000031337 ], [ 390925.990152000100352, 585746.799998000031337 ], [ 390924.190152000111993, 585747.399998 ], [ 390922.79015200008871, 585745.999997999984771 ], [ 390922.79015200008871, 585745.599997999961488 ], [ 390922.390152000123635, 585745.599997999961488 ], [ 390921.390152000123635, 585747.199997999938205 ], [ 390921.190152000111993, 585748.199997999938205 ], [ 390919.990152000100352, 585748.999997999984771 ], [ 390919.990152000100352, 585749.999997999984771 ], [ 390913.390152000123635, 585749.999997999984771 ], [ 390913.390152000123635, 585749.199997999938205 ], [ 390914.79015200008871, 585748.799998000031337 ], [ 390915.79015200008871, 585747.799998000031337 ], [ 390915.390152000123635, 585747.199997999938205 ], [ 390914.990152000100352, 585747.199997999938205 ], [ 390914.79015200008871, 585746.799998000031337 ], [ 390912.590152000077069, 585746.999997999984771 ], [ 390909.390152000123635, 585744.999997999984771 ], [ 390908.390152000123635, 585744.999997999984771 ], [ 390906.990152000100352, 585745.599997999961488 ], [ 390904.590152000077069, 585745.199997999938205 ], [ 390903.990152000100352, 585746.799998000031337 ], [ 390902.190152000111993, 585747.599997999961488 ], [ 390901.990152000100352, 585749.999997999984771 ], [ 390878.390152000123635, 585749.999997999984771 ] ] ] } },
{ "type": "Feature", "properties": { "pred_id": "E8_REG_005", "raw_pred_id": "FUSED_005", "dominant_angle_deg": 0.0, "ortho_ratio": 0.0, "is_canonical_rect": false }, "geometry": { "type": "Polygon", "coordinates": [ [ [ 390722.390152000123635, 585746.399998 ], [ 390721.79015200008871, 585745.999997999984771 ], [ 390719.79015200008871, 585745.799998000031337 ], [ 390718.990152000100352, 585745.199997999938205 ], [ 390718.190152000111993, 585743.599997999961488 ], [ 390718.390152000123635, 585741.399998 ], [ 390719.590152000077069, 585740.999997999984771 ], [ 390723.390152000123635, 585740.799998000031337 ], [ 390725.190152000111993, 585741.599997999961488 ], [ 390725.590152000077069, 585744.599997999961488 ], [ 390724.990152000100352, 585745.199997999938205 ], [ 390724.590152000077069, 585745.199997999938205 ], [ 390723.79015200008871, 585746.199997999938205 ], [ 390722.390152000123635, 585746.399998 ] ] ] } },
{ "type": "Feature", "properties": { "pred_id": "E8_REG_006", "raw_pred_id": "FUSED_006", "dominant_angle_deg": 2.73, "ortho_ratio": 1.0, "is_canonical_rect": false }, "geometry": { "type": "Polygon", "coordinates": [ [ [ 390683.785049636499025, 585742.358460456132889 ], [ 390688.595510478247888, 585742.587516214349307 ], [ 390688.865720139292534, 585736.912293596775271 ], [ 390687.815737581753638, 585736.862280294415541 ], [ 390688.035041875962634, 585732.255285177845508 ], [ 390686.647795580036473, 585732.189236112288199 ], [ 390686.790851811529137, 585729.184801236609928 ], [ 390685.227737993001938, 585729.110369239468127 ], [ 390685.268945829302538, 585728.245004675351083 ], [ 390683.378002268902492, 585728.154959743958898 ], [ 390683.402285828487948, 585727.645004992722534 ], [ 390681.511342268029694, 585727.554960061330348 ], [ 390681.565773245529272, 585726.411909532500431 ], [ 390679.741316841624212, 585726.325030796113424 ], [ 390679.645986725576222, 585728.326963235391304 ], [ 390678.156509401625954, 585728.256016159313731 ], [ 390678.200651375809684, 585727.329034700873308 ], [ 390676.979606227658223, 585727.27088969387114 ], [ 390677.021709985798225, 585726.386710771475919 ], [ 390675.632018423872069, 585726.320551355951466 ], [ 390675.544461613753811, 585728.159244370996021 ], [ 390674.111988221353386, 585728.091015781741589 ], [ 390674.143414124031551, 585727.431071824626997 ], [ 390672.836853902146686, 585727.368854671251029 ], [ 390672.859230031084735, 585726.898955962853506 ], [ 390671.844872881425545, 585726.850668812403455 ], [ 390671.422689105966128, 585735.715841497993097 ], [ 390672.051461928058416, 585735.745783060905524 ], [ 390671.776774604921229, 585741.51365172828082 ], [ 390674.259038815333042, 585741.631826593191363 ], [ 390674.240555025229696, 585742.020239024423063 ], [ 390683.779532957822084, 585742.474428225774318 ], [ 390683.785049636499025, 585742.358460456132889 ] ] ] } },
{ "type": "Feature", "properties": { "pred_id": "E8_REG_007", "raw_pred_id": "FUSED_007", "dominant_angle_deg": 0.0, "ortho_ratio": 1.0, "is_canonical_rect": false }, "geometry": { "type": "Polygon", "coordinates": [ [ [ 390701.204281091457233, 585735.499978272826411 ], [ 390705.590148851217236, 585735.499974214821123 ], [ 390705.590071022335906, 585726.599980206228793 ], [ 390704.340155246667564, 585726.599980206112377 ], [ 390704.340155246667564, 585723.832801573793404 ], [ 390702.69014058081666, 585723.832799252821133 ], [ 390702.69014058081666, 585725.411271042656153 ], [ 390700.590144416317344, 585725.411271330784075 ], [ 390700.590144416317344, 585723.219270234345458 ], [ 390699.090152949967887, 585723.21926549624186 ], [ 390699.090152949967887, 585725.068567716167308 ], [ 390697.890129133826122, 585725.068561641382985 ], [ 390697.890129133826122, 585725.999975471990183 ], [ 390696.490120377275161, 585725.999975471990183 ], [ 390696.490113209583797, 585731.149980002897792 ], [ 390696.790137256786693, 585731.149957899819128 ], [ 390696.790137256786693, 585732.249978190055117 ], [ 390698.390159367816523, 585732.250000293250196 ], [ 390698.390159367816523, 585734.99999439297244 ], [ 390701.20426340890117, 585734.999936486012302 ], [ 390701.204281091457233, 585735.499978272826411 ] ] ] } },
{ "type": "Feature", "properties": { "pred_id": "E8_REG_008", "raw_pred_id": "FUSED_008", "dominant_angle_deg": 0.0, "ortho_ratio": 0.209, "is_canonical_rect": false }, "geometry": { "type": "Polygon", "coordinates": [ [ [ 390662.590152000077069, 585735.799998000031337 ], [ 390660.990152000100352, 585735.399998 ], [ 390657.990152000100352, 585735.599997999961488 ], [ 390656.990152000100352, 585735.199997999938205 ], [ 390654.390152000123635, 585735.399998 ], [ 390653.390152000123635, 585734.599997999961488 ], [ 390651.990152000100352, 585734.399998 ], [ 390651.190152000111993, 585732.999997999984771 ], [ 390649.990152000100352, 585732.999997999984771 ], [ 390649.990152000100352, 585718.199997999938205 ], [ 390651.190152000111993, 585717.999997999984771 ], [ 390650.990152000100352, 585716.999997999984771 ], [ 390649.990152000100352, 585716.999997999984771 ], [ 390649.990152000100352, 585716.399998 ], [ 390652.990152000100352, 585716.199997999938205 ], [ 390653.79015200008871, 585716.399998 ], [ 390654.79015200008871, 585717.599997999961488 ], [ 390658.79015200008871, 585717.599997999961488 ], [ 390660.79015200008871, 585717.199997999938205 ], [ 390661.590152000077069, 585717.799998000031337 ], [ 390661.79015200008871, 585718.799998000031337 ], [ 390662.190152000111993, 585719.199997999938205 ], [ 390663.190152000111993, 585719.399998 ], [ 390663.590152000077069, 585720.199997999938205 ], [ 390665.190152000111993, 585720.399998 ], [ 390665.990152000100352, 585721.199997999938205 ], [ 390668.590152000077069, 585721.999997999984771 ], [ 390669.190152000111993, 585722.599997999961488 ], [ 390669.190152000111993, 585724.599997999961488 ], [ 390668.190152000111993, 585725.599997999961488 ], [ 390668.190152000111993, 585726.599997999961488 ], [ 390668.79015200008871, 585727.799998000031337 ], [ 390670.590152000077069, 585728.999997999984771 ], [ 390669.79015200008871, 585729.799998000031337 ], [ 390669.590152000077069, 585731.199997999938205 ], [ 390668.990152000100352, 585731.799998000031337 ], [ 390668.390152000123635, 585731.799998000031337 ], [ 390668.190152000111993, 585732.799998000031337 ], [ 390667.590152000077069, 585733.399998 ], [ 390666.390152000123635, 585733.599997999961488 ], [ 390667.390152000123635, 585734.399998 ], [ 390667.590152000077069, 585735.199997999938205 ], [ 390664.190152000111993, 585735.399998 ], [ 390662.590152000077069, 585735.799998000031337 ] ] ] } },
{ "type": "Feature", "properties": { "pred_id": "E8_REG_009", "raw_pred_id": "FUSED_009", "dominant_angle_deg": -1.22, "ortho_ratio": 0.107, "is_canonical_rect": false }, "geometry": { "type": "Polygon", "coordinates": [ [ [ 390705.590152000135276, 585725.199997999938205 ], [ 390703.990152000042144, 585724.199997999938205 ], [ 390702.990152000100352, 585723.999998000334017 ], [ 390701.190152000111993, 585723.999998000101186 ], [ 390700.190152000053786, 585724.599998000194319 ], [ 390697.590152000077069, 585724.799998000264168 ], [ 390696.990152000100352, 585723.999998000101186 ], [ 390695.390152000065427, 585723.399998000124469 ], [ 390692.990152000100352, 585723.399998000124469 ], [ 390692.190152000053786, 585723.799998000264168 ], [ 390689.99015200015856, 585723.599998000194319 ], [ 390689.190152000170201, 585722.799998000264168 ], [ 390689.190152000111993, 585722.399998000124469 ], [ 390689.99015200015856, 585721.19999800005462 ], [ 390690.590152000077069, 585720.999998000101186 ], [ 390689.990152000100352, 585720.999998000101186 ], [ 390689.590152000077069, 585720.599998000077903 ], [ 390688.590152000018861, 585718.599998000077903 ], [ 390688.190152000053786, 585718.599998000194319 ], [ 390687.990152000100352, 585718.199998000171036 ], [ 390687.190152000111993, 585717.999998000334017 ], [ 390686.590152000077069, 585717.3999980003573 ], [ 390685.590152000077069, 585717.399998000240885 ], [ 390684.99015200015856, 585718.199998000171036 ], [ 390683.790152000146918, 585718.399998000124469 ], [ 390682.590152000018861, 585716.999998000101186 ], [ 390681.990152000042144, 585716.799998000264168 ], [ 390681.990152000100352, 585715.999998000217602 ], [ 390683.190152000111993, 585715.599998000194319 ], [ 390683.790152000146918, 585714.799998000031337 ], [ 390683.790152000146918, 585713.199997999938205 ], [ 390683.190152000111993, 585713.199997999938205 ], [ 390682.590152000077069, 585712.599998000194319 ], [ 390682.390152000123635, 585711.399998000124469 ], [ 390681.190152000111993, 585710.199998000171036 ], [ 390681.590152000077069, 585709.399998 ], [ 390681.990152000100352, 585709.399998000240885 ], [ 390682.590152000077069, 585708.799998000031337 ], [ 390682.590152000018861, 585708.19999800005462 ], [ 390681.590152000077069, 585706.199997999938205 ], [ 390679.990152000042144, 585705.599998000077903 ], [ 390680.390152000123635, 585703.999997999984771 ], [ 390680.190152000053786, 585702.199998000171036 ], [ 390680.990152000100352, 585701.799998000147752 ], [ 390681.190152000228409, 585700.3999980003573 ], [ 390680.590152000077069, 585699.599998000310734 ], [ 390679.990152000042144, 585699.399998000124469 ], [ 390680.390152000123635, 585697.599998000194319 ], [ 390679.79015200008871, 585695.999998000217602 ], [ 390680.190152000111993, 585695.399998000240885 ], [ 390680.79015200008871, 585695.19999800005462 ], [ 390680.990152000100352, 585694.199997999938205 ], [ 390680.390152000181843, 585693.999997999984771 ], [ 390679.790152000146918, 585693.199998000171036 ], [ 390679.79015200008871, 585692.19999800005462 ], [ 390680.190152000170201, 585691.599998000194319 ], [ 390679.79015200008871, 585689.799998000264168 ], [ 390679.990152000100352, 585689.19999800005462 ], [ 390680.79015200008871, 585688.599998000194319 ], [ 390680.790152000146918, 585687.799998000147752 ], [ 390680.190152000111993, 585687.399998000240885 ], [ 390679.990152000042144, 585686.399998000124469 ], [ 390680.790152000146918, 585685.199998000287451 ], [ 390680.190152000170201, 585684.599998000194319 ], [ 390679.790152000030503, 585683.399998000240885 ], [ 390680.190152000111993, 585683.199998000171036 ], [ 390680.190152000111993, 585682.799998000147752 ], [ 390681.190152000170201, 585682.799998000264168 ], [ 390681.590152000077069, 585681.999998000101186 ], [ 390682.790152000146918, 585681.199998000403866 ], [ 390682.990152000100352, 585680.199998000171036 ], [ 390682.190152000053786, 585678.799998000147752 ], [ 390683.190152000170201, 585678.399998000240885 ], [ 390683.990152000100352, 585677.599998000077903 ], [ 390685.190152000053786, 585677.799998000264168 ], [ 390685.790152000146918, 585678.399998000124469 ], [ 390686.790152000146918, 585678.399998000240885 ], [ 390687.590152000077069, 585676.799998000264168 ], [ 390688.990152000100352, 585676.199998000171036 ], [ 390689.390152000123635, 585675.599998000077903 ], [ 390691.190152000053786, 585675.19999800005462 ], [ 390691.79015200008871, 585673.999998000101186 ], [ 390692.390152000123635, 585674.399998000240885 ], [ 390692.590152000018861, 585675.199998000171036 ], [ 390693.390152000123635, 585675.599998000077903 ], [ 390695.990152000042144, 585675.19999800005462 ], [ 390696.99015200015856, 585675.599998000077903 ], [ 390697.790152000030503, 585676.399998000240885 ], [ 390699.99015200015856, 585676.599997999961488 ], [ 390700.590152000135276, 585677.199998000171036 ], [ 390701.390152000065427, 585677.399998000124469 ], [ 390701.790152000030503, 585677.999998000217602 ], [ 390707.790152000030503, 585678.19999800005462 ], [ 390708.590152000135276, 585678.999998000101186 ], [ 390708.590152000077069, 585680.599997999961488 ], [ 390709.390152000123635, 585681.599997999961488 ], [ 390711.99015200015856, 585681.599998000077903 ], [ 390712.590152000077069, 585681.999997999984771 ], [ 390712.390152000123635, 585682.999998000101186 ], [ 390711.990152000042144, 585683.399998000124469 ], [ 390711.390152, 585683.399998000124469 ], [ 390711.390152000123635, 585683.799998000147752 ], [ 390713.590152000077069, 585683.799998000147752 ], [ 390713.790152000030503, 585684.199998000171036 ], [ 390715.590152000018861, 585684.999998000101186 ], [ 390715.790152000146918, 585686.799998000147752 ], [ 390713.79015200008871, 585687.999998000101186 ], [ 390713.590152000135276, 585689.799998000264168 ], [ 390715.590152000077069, 585690.799998000264168 ], [ 390715.990152000042144, 585691.3999980003573 ], [ 390715.790152000146918, 585693.399998000240885 ], [ 390714.990152000100352, 585694.19999800005462 ], [ 390714.990152000042144, 585696.199998000171036 ], [ 390715.390152000065427, 585696.199998000171036 ], [ 390716.590152000135276, 585697.399998000240885 ], [ 390716.590152000135276, 585697.999998000217602 ], [ 390715.990152000042144, 585700.199998000171036 ], [ 390715.190152000111993, 585700.599998000077903 ], [ 390715.190152000170201, 585702.399998000240885 ], [ 390716.590152000018861, 585703.399998000240885 ], [ 390716.79015200008871, 585704.199998000171036 ], [ 390716.190152000053786, 585705.199998000171036 ], [ 390716.190152000111993, 585707.199998000171036 ], [ 390715.79015200008871, 585707.399998000124469 ], [ 390715.390152000123635, 585708.599998000194319 ], [ 390716.390152000065427, 585708.999997999984771 ], [ 390717.390152000181843, 585709.999998000101186 ], [ 390717.390152000065427, 585710.399998000124469 ], [ 390716.790152000146918, 585710.799998000264168 ], [ 390716.190152000053786, 585712.599998000194319 ], [ 390714.990152000042144, 585713.199998000171036 ], [ 390714.79015200008871, 585714.999998000101186 ], [ 390716.790152000030503, 585716.19999800005462 ], [ 390717.390152000065427, 585716.19999800005462 ], [ 390717.390152000123635, 585716.599998000077903 ], [ 390716.590152000135276, 585716.799998000264168 ], [ 390715.990152000100352, 585717.399998000240885 ], [ 390715.79015200008871, 585718.199997999938205 ], [ 390714.590152000077069, 585719.199998000171036 ], [ 390714.190152000170201, 585720.399998000124469 ], [ 390713.590152000077069, 585720.799998000264168 ], [ 390713.590152000077069, 585721.19999800005462 ], [ 390714.990152000100352, 585722.599998000077903 ], [ 390713.990151999983937, 585723.999998000217602 ], [ 390712.990152000042144, 585724.19999800005462 ], [ 390712.190152000170201, 585723.799998000496998 ], [ 390710.590152000077069, 585723.799998000264168 ], [ 390708.190152000111993, 585724.599998000077903 ], [ 390706.990152000042144, 585724.599998000077903 ], [ 390705.590152000135276, 585725.199997999938205 ] ] ] } },
{ "type": "Feature", "properties": { "pred_id": "E8_REG_010", "raw_pred_id": "FUSED_010", "dominant_angle_deg": 0.0, "ortho_ratio": 0.129, "is_canonical_rect": false }, "geometry": { "type": "Polygon", "coordinates": [ [ [ 390722.990152000100352, 585724.399998 ], [ 390722.590152000077069, 585723.399998 ], [ 390721.990152000100352, 585722.799998000031337 ], [ 390721.590152000077069, 585722.799998000031337 ], [ 390721.79015200008871, 585720.999997999984771 ], [ 390720.79015200008871, 585719.799998000031337 ], [ 390720.79015200008871, 585719.199997999938205 ], [ 390721.590152000077069, 585718.399998 ], [ 390721.390152000123635, 585717.399998 ], [ 390720.190152000111993, 585717.399998 ], [ 390719.79015200008871, 585718.199997999938205 ], [ 390719.190152000111993, 585718.199997999938205 ], [ 390719.190152000111993, 585717.399998 ], [ 390719.79015200008871, 585717.199997999938205 ], [ 390719.990152000100352, 585716.599997999961488 ], [ 390719.79015200008871, 585715.999997999984771 ], [ 390719.190152000111993, 585715.599997999961488 ], [ 390719.190152000111993, 585714.199997999938205 ], [ 390719.990152000100352, 585713.799998000031337 ], [ 390720.190152000111993, 585713.199997999938205 ], [ 390719.990152000100352, 585712.799998000031337 ], [ 390719.390152000123635, 585712.799998000031337 ], [ 390718.990152000100352, 585712.199997999938205 ], [ 390718.990152000100352, 585710.999997999984771 ], [ 390719.390152000123635, 585710.399998 ], [ 390718.990152000100352, 585709.599997999961488 ], [ 390718.990152000100352, 585707.799998000031337 ], [ 390719.390152000123635, 585706.799998000031337 ], [ 390718.990152000100352, 585706.399998 ], [ 390718.79015200008871, 585705.199997999938205 ], [ 390719.390152000123635, 585703.799998000031337 ], [ 390718.990152000100352, 585703.399998 ], [ 390718.79015200008871, 585702.199997999938205 ], [ 390719.190152000111993, 585701.199997999938205 ], [ 390718.990152000100352, 585698.399998 ], [ 390719.590152000077069, 585697.599997999961488 ], [ 390718.990152000100352, 585697.199997999938205 ], [ 390718.79015200008871, 585695.399998 ], [ 390719.190152000111993, 585694.599997999961488 ], [ 390718.990152000100352, 585692.399998 ], [ 390719.390152000123635, 585691.799998000031337 ], [ 390720.190152000111993, 585691.599997999961488 ], [ 390720.190152000111993, 585691.199997999938205 ], [ 390719.390152000123635, 585690.999997999984771 ], [ 390718.990152000100352, 585690.399998 ], [ 390719.190152000111993, 585688.799998000031337 ], [ 390719.79015200008871, 585688.799998000031337 ], [ 390720.590152000077069, 585687.999997999984771 ], [ 390721.990152000100352, 585687.799998000031337 ], [ 390722.590152000077069, 585686.999997999984771 ], [ 390722.990152000100352, 585685.599997999961488 ], [ 390723.390152000123635, 585685.599997999961488 ], [ 390723.990152000100352, 585687.199997999938205 ], [ 390724.590152000077069, 585687.799998000031337 ], [ 390726.190152000111993, 585688.199997999938205 ], [ 390726.190152000111993, 585688.599997999961488 ], [ 390725.190152000111993, 585688.799998000031337 ], [ 390724.590152000077069, 585689.599997999961488 ], [ 390724.590152000077069, 585689.999997999984771 ], [ 390725.990152000100352, 585691.199997999938205 ], [ 390725.79015200008871, 585691.799998000031337 ], [ 390724.990152000100352, 585692.199997999938205 ], [ 390724.79015200008871, 585693.399998 ], [ 390726.590152000077069, 585693.999997999984771 ], [ 390727.390152000123635, 585694.599997999961488 ], [ 390727.390152000123635, 585696.199997999938205 ], [ 390726.390152000123635, 585696.599997999961488 ], [ 390725.990152000100352, 585698.399998 ], [ 390724.990152000100352, 585698.999997999984771 ], [ 390724.990152000100352, 585699.599997999961488 ], [ 390726.190152000111993, 585699.999997999984771 ], [ 390726.990152000100352, 585700.799998000031337 ], [ 390727.390152000123635, 585701.799998000031337 ], [ 390727.390152000123635, 585702.599997999961488 ], [ 390726.390152000123635, 585702.999997999984771 ], [ 390725.990152000100352, 585704.599997999961488 ], [ 390724.990152000100352, 585705.199997999938205 ], [ 390724.990152000100352, 585705.799998000031337 ], [ 390726.79015200008871, 585706.599997999961488 ], [ 390727.390152000123635, 585707.599997999961488 ], [ 390727.390152000123635, 585708.999997999984771 ], [ 390726.590152000077069, 585709.399998 ], [ 390726.190152000111993, 585710.999997999984771 ], [ 390725.390152000123635, 585711.599997999961488 ], [ 390727.190152000111993, 585713.799998000031337 ], [ 390727.390152000123635, 585714.999997999984771 ], [ 390727.190152000111993, 585715.399998 ], [ 390726.590152000077069, 585715.599997999961488 ], [ 390726.190152000111993, 585717.199997999938205 ], [ 390725.590152000077069, 585717.799998000031337 ], [ 390725.190152000111993, 585717.799998000031337 ], [ 390726.190152000111993, 585719.799998000031337 ], [ 390725.79015200008871, 585720.399998 ], [ 390724.990152000100352, 585720.599997999961488 ], [ 390724.79015200008871, 585721.199997999938205 ], [ 390725.79015200008871, 585721.799998000031337 ], [ 390725.990152000100352, 585722.799998000031337 ], [ 390725.390152000123635, 585722.999997999984771 ], [ 390725.190152000111993, 585723.399998 ], [ 390723.990152000100352, 585723.599997999961488 ], [ 390723.390152000123635, 585724.399998 ], [ 390722.990152000100352, 585724.399998 ] ] ] } },
{ "type": "Feature", "properties": { "pred_id": "E8_REG_011", "raw_pred_id": "FUSED_011", "dominant_angle_deg": 41.94, "ortho_ratio": 0.13, "is_canonical_rect": false }, "geometry": { "type": "Polygon", "coordinates": [ [ [ 390900.79015200008871, 585710.999998000217602 ], [ 390899.790152000030503, 585709.999998000217602 ], [ 390897.99015200015856, 585709.599998000077903 ], [ 390897.190152, 585708.799998000264168 ], [ 390893.590151999960653, 585708.599998000077903 ], [ 390894.390151999949012, 585708.199997999938205 ], [ 390897.190152000170201, 585708.199997999938205 ], [ 390897.790151999914087, 585706.799998000031337 ], [ 390897.190151999820955, 585705.999998000217602 ], [ 390894.990151999809314, 585705.999997999984771 ], [ 390893.990151999809314, 585705.599998000077903 ], [ 390894.390152000065427, 585703.799998000031337 ], [ 390893.790152000030503, 585703.599998000077903 ], [ 390893.190152000111993, 585702.799998000031337 ], [ 390891.390152000065427, 585703.399998000124469 ], [ 390888.990151999867521, 585703.399998000124469 ], [ 390888.590152000018861, 585702.999997999984771 ], [ 390887.190151999820955, 585702.799998000031337 ], [ 390886.990151999925729, 585702.399997999891639 ], [ 390887.190152000170201, 585701.599997999845073 ], [ 390888.990151999925729, 585700.999998000217602 ], [ 390888.990151999925729, 585700.599998000077903 ], [ 390888.190152000053786, 585700.399998000124469 ], [ 390887.590151999960653, 585699.599997999845073 ], [ 390887.590151999960653, 585698.799998000264168 ], [ 390888.190152000053786, 585697.999998000217602 ], [ 390888.190151999879163, 585697.399998000124469 ], [ 390887.790151999972295, 585697.399998000124469 ], [ 390887.390152000123635, 585696.799998000031337 ], [ 390885.390151999949012, 585697.199997999938205 ], [ 390885.390151999949012, 585699.199997999938205 ], [ 390884.790151999914087, 585699.799998000031337 ], [ 390884.790151999914087, 585700.199997999938205 ], [ 390883.990152000100352, 585700.799998000031337 ], [ 390883.790151999914087, 585702.399998000124469 ], [ 390882.790152000030503, 585703.799998000031337 ], [ 390882.590151999960653, 585705.599998000077903 ], [ 390879.790152000030503, 585706.199997999938205 ], [ 390878.990152000100352, 585705.799998000031337 ], [ 390878.390152, 585703.999998000217602 ], [ 390878.390152, 585701.199997999938205 ], [ 390877.790151999914087, 585699.599998000077903 ], [ 390877.790151999972295, 585697.399998000124469 ], [ 390878.190152000053786, 585696.599998000077903 ], [ 390877.990151999983937, 585693.999997999984771 ], [ 390878.390152000065427, 585691.999997999984771 ], [ 390878.790151999914087, 585691.399998000124469 ], [ 390878.790152000030503, 585689.599997999845073 ], [ 390878.190152, 585686.199997999938205 ], [ 390878.990151999983937, 585683.399998000124469 ], [ 390879.790152000146918, 585682.599998000077903 ], [ 390882.190152000170201, 585682.599998000077903 ], [ 390884.190152, 585683.199997999938205 ], [ 390885.790152000030503, 585683.199997999938205 ], [ 390886.79015200008871, 585682.599998000077903 ], [ 390886.990152000100352, 585681.799998000031337 ], [ 390887.590152000018861, 585681.599998000077903 ], [ 390887.790152000030503, 585681.199997999938205 ], [ 390889.390152, 585680.599997999845073 ], [ 390889.790152000030503, 585679.999998000217602 ], [ 390891.790152000030503, 585679.599998000077903 ], [ 390892.190152, 585678.399998000124469 ], [ 390891.790151999972295, 585677.199998000171036 ], [ 390892.790152000146918, 585675.999998000217602 ], [ 390892.590151999960653, 585675.199997999938205 ], [ 390891.790152000205126, 585674.199997999938205 ], [ 390892.990152000100352, 585673.199997999938205 ], [ 390893.190152, 585672.599998000077903 ], [ 390893.790151999914087, 585672.599997999845073 ], [ 390894.590151999960653, 585671.799998000031337 ], [ 390894.790151999914087, 585670.999998000217602 ], [ 390896.990151999867521, 585670.799998000031337 ], [ 390897.190152000053786, 585670.399998000124469 ], [ 390898.390152, 585669.799998000264168 ], [ 390899.590151999902446, 585669.799998000031337 ], [ 390900.590152000018861, 585670.199997999705374 ], [ 390900.790151999972295, 585670.599998000077903 ], [ 390902.790151999972295, 585670.999997999984771 ], [ 390902.390152000065427, 585671.599998000077903 ], [ 390900.79015199985588, 585671.799998000264168 ], [ 390899.990152000042144, 585672.599998000077903 ], [ 390899.990151999983937, 585673.199997999938205 ], [ 390900.790151999972295, 585673.799998000031337 ], [ 390901.990151999983937, 585673.599998000077903 ], [ 390903.190152000053786, 585672.799998000031337 ], [ 390905.590152000193484, 585672.799998000264168 ], [ 390906.590151999902446, 585673.599998000077903 ], [ 390906.590152000018861, 585674.399998000124469 ], [ 390906.990152000042144, 585674.999997999984771 ], [ 390906.990151999925729, 585677.399997999891639 ], [ 390904.390152000123635, 585677.399998000124469 ], [ 390904.19015199993737, 585676.999997999984771 ], [ 390902.590152000018861, 585677.199998000171036 ], [ 390902.390152000065427, 585681.199997999938205 ], [ 390902.990151999983937, 585682.399998000124469 ], [ 390904.590151999844238, 585681.999998000217602 ], [ 390904.19015199993737, 585681.399998000124469 ], [ 390904.190152000053786, 585680.199998000171036 ], [ 390904.590152000193484, 585679.999997999984771 ], [ 390907.190152, 585680.199997999938205 ], [ 390908.390152, 585678.599998000077903 ], [ 390909.390151999949012, 585678.799998000264168 ], [ 390909.590152000018861, 585679.399998000124469 ], [ 390910.590152000018861, 585679.999997999984771 ], [ 390911.390152, 585679.599998000077903 ], [ 390912.790152000030503, 585679.599998000077903 ], [ 390913.390151999949012, 585679.199997999938205 ], [ 390914.790151999972295, 585678.999997999984771 ], [ 390916.190152000053786, 585676.999998000217602 ], [ 390916.190152000053786, 585675.199998000171036 ], [ 390915.790151999972295, 585673.999997999984771 ], [ 390916.390152, 585672.599997999845073 ], [ 390914.790151999914087, 585671.599997999845073 ], [ 390912.390152000065427, 585672.199997999938205 ], [ 390911.590151999960653, 585671.799998000031337 ], [ 390910.990151999983937, 585670.999998000217602 ], [ 390913.990152000042144, 585670.399998000124469 ], [ 390914.590151999960653, 585669.799998000031337 ], [ 390916.390152000123635, 585670.399998000124469 ], [ 390917.390152, 585669.999997999984771 ], [ 390917.790152000030503, 585669.599998000077903 ], [ 390917.790151999914087, 585668.799998000031337 ], [ 390915.590151999902446, 585668.599998000310734 ], [ 390914.99015200015856, 585668.199997999938205 ], [ 390914.990151999983937, 585667.799998000031337 ], [ 390915.790151999914087, 585667.199997999938205 ], [ 390916.190152, 585666.399998000124469 ], [ 390916.990152000100352, 585666.399998000124469 ], [ 390916.990151999925729, 585666.799998000031337 ], [ 390917.990151999983937, 585667.999997999984771 ], [ 390917.990151999983937, 585668.599998000077903 ], [ 390918.790151999914087, 585668.599998000077903 ], [ 390918.99015200015856, 585667.799998000031337 ], [ 390920.390152, 585666.599998000077903 ], [ 390921.790152000205126, 585666.999997999984771 ], [ 390922.790151999914087, 585667.799998000031337 ], [ 390923.390152, 585667.799998000264168 ], [ 390923.390152000065427, 585668.199997999938205 ], [ 390919.590152000018861, 585668.999997999984771 ], [ 390919.390151999949012, 585669.599998000077903 ], [ 390920.590151999902446, 585670.799998000031337 ], [ 390921.990151999925729, 585671.199997999938205 ], [ 390923.79015199985588, 585672.799998000031337 ], [ 390925.990152000100352, 585673.199997999938205 ], [ 390928.390152, 585672.999997999984771 ], [ 390928.590152000018861, 585673.399998000124469 ], [ 390929.190152, 585673.599997999845073 ], [ 390929.390152, 585674.399998000124469 ], [ 390928.390152, 585674.799998000031337 ], [ 390926.190152000053786, 585674.599998000077903 ], [ 390923.990152000100352, 585675.399998000124469 ], [ 390923.590152000193484, 585675.799998000031337 ], [ 390923.790152000146918, 585677.399998000124469 ], [ 390922.590151999786031, 585678.599998000077903 ], [ 390921.190152, 585678.799998000264168 ], [ 390921.190152, 585680.399998000124469 ], [ 390920.390151999890804, 585680.599998000077903 ], [ 390919.390152, 585681.799998000031337 ], [ 390919.390152000181843, 585682.599998000077903 ], [ 390919.990151999983937, 585683.799998000031337 ], [ 390917.590151999902446, 585684.399997999891639 ], [ 390916.990152000042144, 585684.999997999984771 ], [ 390917.390152000181843, 585686.999997999984771 ], [ 390915.190152000170201, 585688.199997999938205 ], [ 390915.790152000030503, 585689.799998000264168 ], [ 390915.590152000077069, 585691.799998000031337 ], [ 390916.190152000111993, 585692.999997999984771 ], [ 390914.790152000030503, 585694.399998000124469 ], [ 390914.590152000077069, 585696.799998000031337 ], [ 390910.590152000018861, 585696.599997999845073 ], [ 390908.790152000030503, 585697.799998000264168 ], [ 390908.590152000077069, 585699.399998000124469 ], [ 390907.590151999902446, 585700.599998000077903 ], [ 390907.190152000111993, 585700.599998000077903 ], [ 390907.190152000111993, 585702.399997999891639 ], [ 390906.990151999983937, 585702.599998000310734 ], [ 390904.79015199985588, 585702.399998000124469 ], [ 390904.790151999972295, 585702.999998000217602 ], [ 390903.990151999925729, 585703.799998000031337 ], [ 390903.590151999960653, 585703.799998000031337 ], [ 390904.190152000053786, 585705.599998000077903 ], [ 390903.190152000111993, 585706.799998000031337 ], [ 390902.990152000100352, 585708.799998000264168 ], [ 390901.990151999983937, 585710.799998000264168 ], [ 390900.79015200008871, 585710.999998000217602 ] ] ] } },
{ "type": "Feature", "properties": { "pred_id": "E8_REG_012", "raw_pred_id": "FUSED_012", "dominant_angle_deg": 0.0, "ortho_ratio": 0.204, "is_canonical_rect": false }, "geometry": { "type": "Polygon", "coordinates": [ [ [ 390658.590152000077069, 585713.799998000031337 ], [ 390657.590152000077069, 585712.799998000031337 ], [ 390656.990152000100352, 585711.399998 ], [ 390654.79015200008871, 585711.599997999961488 ], [ 390654.79015200008871, 585712.599997999961488 ], [ 390653.79015200008871, 585713.199997999938205 ], [ 390651.990152000100352, 585712.999997999984771 ], [ 390651.390152000123635, 585712.599997999961488 ], [ 390650.990152000100352, 585711.399998 ], [ 390649.990152000100352, 585711.399998 ], [ 390649.990152000100352, 585708.799998000031337 ], [ 390650.990152000100352, 585708.799998000031337 ], [ 390650.990152000100352, 585708.399998 ], [ 390649.990152000100352, 585708.399998 ], [ 390649.990152000100352, 585668.599997999961488 ], [ 390650.990152000100352, 585668.599997999961488 ], [ 390651.390152000123635, 585668.199997999938205 ], [ 390651.590152000077069, 585666.399998 ], [ 390653.190152000111993, 585666.399998 ], [ 390654.590152000077069, 585668.599997999961488 ], [ 390656.390152000123635, 585668.799998000031337 ], [ 390659.79015200008871, 585668.599997999961488 ], [ 390660.79015200008871, 585667.999997999984771 ], [ 390660.79015200008871, 585668.399998 ], [ 390661.79015200008871, 585669.199997999938205 ], [ 390663.79015200008871, 585669.399998 ], [ 390664.190152000111993, 585669.799998000031337 ], [ 390665.190152000111993, 585669.999997999984771 ], [ 390666.190152000111993, 585671.399998 ], [ 390669.190152000111993, 585671.599997999961488 ], [ 390669.79015200008871, 585672.399998 ], [ 390670.190152000111993, 585672.399998 ], [ 390669.990152000100352, 585674.799998000031337 ], [ 390670.590152000077069, 585675.399998 ], [ 390671.390152000123635, 585675.599997999961488 ], [ 390671.390152000123635, 585676.199997999938205 ], [ 390670.590152000077069, 585676.599997999961488 ], [ 390670.190152000111993, 585677.399998 ], [ 390671.990152000100352, 585678.599997999961488 ], [ 390671.79015200008871, 585679.599997999961488 ], [ 390670.990152000100352, 585680.199997999938205 ], [ 390670.390152000123635, 585680.199997999938205 ], [ 390670.390152000123635, 585680.599997999961488 ], [ 390671.990152000100352, 585680.999997999984771 ], [ 390675.990152000100352, 585680.999997999984771 ], [ 390675.79015200008871, 585682.599997999961488 ], [ 390674.390152000123635, 585683.599997999961488 ], [ 390676.590152000077069, 585683.999997999984771 ], [ 390677.390152000123635, 585684.799998000031337 ], [ 390677.190152000111993, 585687.799998000031337 ], [ 390677.590152000077069, 585688.399998 ], [ 390677.190152000111993, 585688.399998 ], [ 390676.590152000077069, 585688.999997999984771 ], [ 390676.390152000123635, 585689.799998000031337 ], [ 390677.990152000100352, 585691.199997999938205 ], [ 390677.990152000100352, 585691.799998000031337 ], [ 390677.390152000123635, 585692.599997999961488 ], [ 390677.390152000123635, 585693.399998 ], [ 390677.590152000077069, 585693.999997999984771 ], [ 390678.390152000123635, 585694.399998 ], [ 390678.390152000123635, 585694.799998000031337 ], [ 390677.590152000077069, 585694.999997999984771 ], [ 390676.590152000077069, 585696.199997999938205 ], [ 390677.79015200008871, 585696.599997999961488 ], [ 390678.390152000123635, 585697.199997999938205 ], [ 390678.390152000123635, 585697.999997999984771 ], [ 390677.79015200008871, 585698.799998000031337 ], [ 390677.79015200008871, 585700.199997999938205 ], [ 390678.390152000123635, 585700.399998 ], [ 390678.390152000123635, 585700.999997999984771 ], [ 390676.390152000123635, 585701.399998 ], [ 390675.990152000100352, 585702.399998 ], [ 390678.190152000111993, 585702.999997999984771 ], [ 390678.79015200008871, 585703.999997999984771 ], [ 390678.390152000123635, 585704.799998000031337 ], [ 390677.590152000077069, 585705.399998 ], [ 390677.390152000123635, 585706.199997999938205 ], [ 390675.990152000100352, 585706.599997999961488 ], [ 390674.990152000100352, 585708.199997999938205 ], [ 390673.990152000100352, 585708.399998 ], [ 390673.190152000111993, 585707.999997999984771 ], [ 390672.390152000123635, 585706.999997999984771 ], [ 390671.79015200008871, 585708.399998 ], [ 390672.390152000123635, 585709.399998 ], [ 390673.79015200008871, 585708.799998000031337 ], [ 390674.79015200008871, 585708.799998000031337 ], [ 390674.990152000100352, 585709.199997999938205 ], [ 390675.390152000123635, 585709.199997999938205 ], [ 390675.79015200008871, 585709.799998000031337 ], [ 390676.390152000123635, 585709.999997999984771 ], [ 390675.990152000100352, 585711.199997999938205 ], [ 390675.390152000123635, 585711.799998000031337 ], [ 390674.190152000111993, 585712.199997999938205 ], [ 390673.390152000123635, 585711.199997999938205 ], [ 390672.190152000111993, 585710.799998000031337 ], [ 390671.990152000100352, 585711.199997999938205 ], [ 390670.79015200008871, 585711.799998000031337 ], [ 390670.590152000077069, 585712.599997999961488 ], [ 390668.390152000123635, 585712.599997999961488 ], [ 390666.990152000100352, 585713.399998 ], [ 390665.79015200008871, 585713.199997999938205 ], [ 390664.590152000077069, 585711.999997999984771 ], [ 390663.590152000077069, 585712.799998000031337 ], [ 390663.590152000077069, 585713.199997999938205 ], [ 390662.990152000100352, 585713.799998000031337 ], [ 390662.190152000111993, 585713.799998000031337 ], [ 390660.990152000100352, 585712.999997999984771 ], [ 390659.390152000123635, 585713.799998000031337 ], [ 390658.590152000077069, 585713.799998000031337 ] ] ] } },
{ "type": "Feature", "properties": { "pred_id": "E8_REG_013", "raw_pred_id": "FUSED_013", "dominant_angle_deg": 0.0, "ortho_ratio": 0.113, "is_canonical_rect": false }, "geometry": { "type": "Polygon", "coordinates": [ [ [ 390883.390152000123635, 585684.199997999938205 ], [ 390881.990152000100352, 585683.199997999938205 ], [ 390879.590152000077069, 585682.599997999961488 ], [ 390878.990152000100352, 585681.399998 ], [ 390879.390152000123635, 585633.799998000031337 ], [ 390880.79015200008871, 585634.399998 ], [ 390882.79015200008871, 585635.999997999984771 ], [ 390884.590152000077069, 585635.999997999984771 ], [ 390884.990152000100352, 585635.799998000031337 ], [ 390885.190152000111993, 585635.199997999938205 ], [ 390885.590152000077069, 585635.199997999938205 ], [ 390885.590152000077069, 585635.599997999961488 ], [ 390886.190152000111993, 585635.999997999984771 ], [ 390887.390152000123635, 585635.999997999984771 ], [ 390888.990152000100352, 585636.799998000031337 ], [ 390891.190152000111993, 585636.599997999961488 ], [ 390891.190152000111993, 585639.599997999961488 ], [ 390888.590152000077069, 585639.399998 ], [ 390887.990152000100352, 585639.599997999961488 ], [ 390888.190152000111993, 585639.999997999984771 ], [ 390888.990152000100352, 585640.399998 ], [ 390891.190152000111993, 585640.199997999938205 ], [ 390891.190152000111993, 585640.799998000031337 ], [ 390891.79015200008871, 585641.199997999938205 ], [ 390893.590152000077069, 585641.199997999938205 ], [ 390896.390152000123635, 585642.599997999961488 ], [ 390898.590152000077069, 585642.799998000031337 ], [ 390899.190152000111993, 585643.199997999938205 ], [ 390899.390152000123635, 585643.799998000031337 ], [ 390899.190152000111993, 585646.199997999938205 ], [ 390898.590152000077069, 585646.799998000031337 ], [ 390897.79015200008871, 585648.999997999984771 ], [ 390897.990152000100352, 585650.199997999938205 ], [ 390899.190152000111993, 585650.599997999961488 ], [ 390899.390152000123635, 585654.399998 ], [ 390899.190152000111993, 585655.999997999984771 ], [ 390897.590152000077069, 585659.199997999938205 ], [ 390897.190152000111993, 585661.399998 ], [ 390896.79015200008871, 585661.799998000031337 ], [ 390896.590152000077069, 585662.799998000031337 ], [ 390896.190152000111993, 585662.999997999984771 ], [ 390896.190152000111993, 585663.399998 ], [ 390895.79015200008871, 585663.399998 ], [ 390895.390152000123635, 585664.199997999938205 ], [ 390895.190152000111993, 585665.999997999984771 ], [ 390894.79015200008871, 585665.999997999984771 ], [ 390894.390152000123635, 585667.399998 ], [ 390892.990152000100352, 585667.799998000031337 ], [ 390892.390152000123635, 585668.999997999984771 ], [ 390892.390152000123635, 585669.999997999984771 ], [ 390892.79015200008871, 585670.799998000031337 ], [ 390892.590152000077069, 585671.599997999961488 ], [ 390891.590152000077069, 585672.399998 ], [ 390889.190152000111993, 585672.399998 ], [ 390888.590152000077069, 585672.999997999984771 ], [ 390887.79015200008871, 585675.199997999938205 ], [ 390887.590152000077069, 585677.799998000031337 ], [ 390886.990152000100352, 585678.599997999961488 ], [ 390886.590152000077069, 585680.599997999961488 ], [ 390885.79015200008871, 585681.799998000031337 ], [ 390885.590152000077069, 585683.599997999961488 ], [ 390884.990152000100352, 585683.999997999984771 ], [ 390883.390152000123635, 585684.199997999938205 ] ] ] } },
{ "type": "Feature", "properties": { "pred_id": "E8_REG_014", "raw_pred_id": "FUSED_014", "dominant_angle_deg": 9.46, "ortho_ratio": 0.145, "is_canonical_rect": false }, "geometry": { "type": "Polygon", "coordinates": [ [ [ 390773.590152000135276, 585618.399998 ], [ 390772.390152000181843, 585617.999998000101186 ], [ 390772.390152000123635, 585616.199997999938205 ], [ 390770.190152000111993, 585614.999997999984771 ], [ 390765.990152000100352, 585614.599997999961488 ], [ 390765.390152000181843, 585615.399998 ], [ 390764.190152000228409, 585615.599997999845073 ], [ 390762.190152000111993, 585614.599998000077903 ], [ 390760.590152000135276, 585615.599997999961488 ], [ 390758.990152000216767, 585615.599997999845073 ], [ 390758.790152000146918, 585616.399998000124469 ], [ 390757.99015200015856, 585616.599997999961488 ], [ 390757.390152000181843, 585617.399998 ], [ 390756.99015200015856, 585621.599997999961488 ], [ 390756.390152000181843, 585622.399997999891639 ], [ 390756.390152000181843, 585622.999997999868356 ], [ 390757.190152000228409, 585623.999998000101186 ], [ 390757.390152000123635, 585626.199997999938205 ], [ 390757.390152000181843, 585627.799998000147752 ], [ 390756.590152000135276, 585628.999997999984771 ], [ 390757.590152000077069, 585629.599997999961488 ], [ 390758.190152000170201, 585631.399998 ], [ 390759.390152000123635, 585631.599997999961488 ], [ 390762.190152000170201, 585633.399998 ], [ 390764.190152000111993, 585632.799997999914922 ], [ 390766.190152000111993, 585632.799997999914922 ], [ 390767.79015200008871, 585633.599998000077903 ], [ 390769.790152000146918, 585633.599997999961488 ], [ 390772.190152000228409, 585632.999997999868356 ], [ 390773.390152000123635, 585632.199997999938205 ], [ 390773.390152000123635, 585633.599997999961488 ], [ 390773.99015200015856, 585634.999997999984771 ], [ 390775.590152000077069, 585634.999997999984771 ], [ 390777.590152000135276, 585635.599997999961488 ], [ 390777.790152000146918, 585635.999997999868356 ], [ 390781.790152000146918, 585635.799998000031337 ], [ 390783.590152000077069, 585636.799998000031337 ], [ 390787.590152000135276, 585635.399998 ], [ 390787.790152000146918, 585634.999997999984771 ], [ 390786.790152000146918, 585634.19999800005462 ], [ 390786.590152000077069, 585633.399998 ], [ 390787.79015200008871, 585632.199997999938205 ], [ 390787.790152000146918, 585630.19999800005462 ], [ 390788.590152000135276, 585628.799998000031337 ], [ 390786.99015200015856, 585627.399998 ], [ 390787.390152000181843, 585626.399998 ], [ 390787.99015200015856, 585625.999997999984771 ], [ 390787.190152000111993, 585624.399998 ], [ 390787.590152000135276, 585622.599998000077903 ], [ 390786.390152000181843, 585621.399998000124469 ], [ 390785.590152000135276, 585618.799998000031337 ], [ 390782.590152000135276, 585618.19999800005462 ], [ 390779.790152000205126, 585618.799998000031337 ], [ 390777.79015200008871, 585617.799998000031337 ], [ 390777.390152000123635, 585618.599997999845073 ], [ 390776.190152000170201, 585618.999997999984771 ], [ 390775.990152000100352, 585616.19999800005462 ], [ 390775.590152000135276, 585616.399998 ], [ 390775.590152000077069, 585617.799998000031337 ], [ 390775.190152000170201, 585618.199997999938205 ], [ 390774.390152000181843, 585618.399998 ], [ 390773.79015200008871, 585617.999997999984771 ], [ 390773.590152000135276, 585618.399998 ] ] ] } },
{ "type": "Feature", "properties": { "pred_id": "E8_REG_015", "raw_pred_id": "FUSED_015", "dominant_angle_deg": 0.0, "ortho_ratio": 0.128, "is_canonical_rect": false }, "geometry": { "type": "Polygon", "coordinates": [ [ [ 390768.190152000111993, 585614.399998 ], [ 390766.79015200008871, 585613.999997999984771 ], [ 390766.390152000123635, 585613.599997999961488 ], [ 390763.79015200008871, 585613.599997999961488 ], [ 390761.79015200008871, 585613.999997999984771 ], [ 390759.390152000123635, 585613.399998 ], [ 390759.990152000100352, 585612.599997999961488 ], [ 390760.79015200008871, 585612.199997999938205 ], [ 390760.990152000100352, 585611.599997999961488 ], [ 390756.390152000123635, 585610.199997999938205 ], [ 390757.190152000111993, 585609.199997999938205 ], [ 390757.190152000111993, 585608.199997999938205 ], [ 390756.390152000123635, 585607.199997999938205 ], [ 390755.79015200008871, 585606.999997999984771 ], [ 390756.79015200008871, 585606.399998 ], [ 390756.990152000100352, 585605.199997999938205 ], [ 390755.79015200008871, 585604.199997999938205 ], [ 390755.79015200008871, 585602.799998000031337 ], [ 390756.590152000077069, 585602.599997999961488 ], [ 390756.590152000077069, 585601.999997999984771 ], [ 390755.590152000077069, 585601.799998000031337 ], [ 390755.390152000123635, 585600.799998000031337 ], [ 390756.79015200008871, 585599.799998000031337 ], [ 390756.990152000100352, 585598.199997999938205 ], [ 390757.590152000077069, 585597.799998000031337 ], [ 390757.390152000123635, 585595.999997999984771 ], [ 390757.79015200008871, 585595.999997999984771 ], [ 390757.990152000100352, 585595.599997999961488 ], [ 390758.990152000100352, 585595.599997999961488 ], [ 390760.590152000077069, 585596.399998 ], [ 390762.190152000111993, 585595.799998000031337 ], [ 390764.190152000111993, 585595.799998000031337 ], [ 390764.990152000100352, 585595.199997999938205 ], [ 390766.190152000111993, 585595.199997999938205 ], [ 390767.990152000100352, 585594.199997999938205 ], [ 390769.79015200008871, 585594.599997999961488 ], [ 390772.590152000077069, 585594.399998 ], [ 390773.190152000111993, 585594.799998000031337 ], [ 390776.390152000123635, 585594.399998 ], [ 390777.590152000077069, 585595.199997999938205 ], [ 390779.990152000100352, 585595.199997999938205 ], [ 390780.190152000111993, 585595.599997999961488 ], [ 390780.990152000100352, 585595.799998000031337 ], [ 390781.990152000100352, 585595.799998000031337 ], [ 390783.190152000111993, 585595.199997999938205 ], [ 390783.590152000077069, 585594.599997999961488 ], [ 390783.990152000100352, 585594.599997999961488 ], [ 390784.79015200008871, 585595.599997999961488 ], [ 390786.590152000077069, 585596.399998 ], [ 390787.390152000123635, 585597.199997999938205 ], [ 390787.590152000077069, 585597.999997999984771 ], [ 390789.590152000077069, 585599.999997999984771 ], [ 390791.190152000111993, 585598.399998 ], [ 390791.390152000123635, 585597.599997999961488 ], [ 390791.79015200008871, 585597.799998000031337 ], [ 390791.79015200008871, 585598.599997999961488 ], [ 390792.190152000111993, 585598.999997999984771 ], [ 390791.990152000100352, 585602.399998 ], [ 390792.590152000077069, 585604.799998000031337 ], [ 390791.990152000100352, 585607.799998000031337 ], [ 390792.390152000123635, 585610.799998000031337 ], [ 390792.190152000111993, 585611.399998 ], [ 390791.79015200008871, 585611.599997999961488 ], [ 390791.79015200008871, 585613.399998 ], [ 390791.190152000111993, 585613.399998 ], [ 390791.190152000111993, 585611.799998000031337 ], [ 390789.990152000100352, 585610.799998000031337 ], [ 390789.390152000123635, 585610.799998000031337 ], [ 390787.79015200008871, 585611.599997999961488 ], [ 390788.190152000111993, 585612.599997999961488 ], [ 390788.190152000111993, 585613.399998 ], [ 390787.79015200008871, 585613.599997999961488 ], [ 390786.190152000111993, 585613.599997999961488 ], [ 390784.190152000111993, 585614.199997999938205 ], [ 390781.190152000111993, 585613.599997999961488 ], [ 390778.190152000111993, 585614.399998 ], [ 390775.390152000123635, 585614.399998 ], [ 390774.390152000123635, 585613.799998000031337 ], [ 390768.190152000111993, 585614.399998 ] ] ] } },
{ "type": "Feature", "properties": { "pred_id": "E8_REG_016", "raw_pred_id": "FUSED_016", "dominant_angle_deg": -1.79, "ortho_ratio": 0.095, "is_canonical_rect": false }, "geometry": { "type": "Polygon", "coordinates": [ [ [ 390736.590152000077069, 585601.599997999961488 ], [ 390734.99015200015856, 585599.799998000031337 ], [ 390734.190152000111993, 585599.799997999914922 ], [ 390733.390152000065427, 585598.999997999984771 ], [ 390732.590152000077069, 585599.199997999938205 ], [ 390732.390152000123635, 585600.599997999961488 ], [ 390731.990152000100352, 585600.799998000031337 ], [ 390728.990152000100352, 585600.799997999914922 ], [ 390728.390152000123635, 585598.999997999984771 ], [ 390726.79015200008871, 585598.19999800005462 ], [ 390724.79015200008871, 585597.799998000147752 ], [ 390725.190152000111993, 585596.999997999868356 ], [ 390725.990152000100352, 585596.799998000031337 ], [ 390726.590152000135276, 585596.19999799982179 ], [ 390726.790152000146918, 585594.599997999961488 ], [ 390725.790152000146918, 585594.199997999938205 ], [ 390725.390152, 585592.599997999845073 ], [ 390723.790152000146918, 585592.599997999845073 ], [ 390723.79015200008871, 585592.999997999868356 ], [ 390723.190152000170201, 585593.19999800005462 ], [ 390723.190152000053786, 585592.599997999961488 ], [ 390723.590152000077069, 585592.399998000124469 ], [ 390723.590152000018861, 585590.999997999984771 ], [ 390722.790152000205126, 585590.399998 ], [ 390722.790152000146918, 585588.999998000101186 ], [ 390723.190152000111993, 585588.399998000124469 ], [ 390722.990152000100352, 585586.599998000077903 ], [ 390723.590152000077069, 585585.799997999914922 ], [ 390723.590152000077069, 585584.999997999984771 ], [ 390722.590152000135276, 585583.999997999984771 ], [ 390722.590152000018861, 585581.999997999984771 ], [ 390722.990152000100352, 585581.199997999938205 ], [ 390722.990152000100352, 585579.999998000101186 ], [ 390723.790152000146918, 585579.599998000077903 ], [ 390723.790152000146918, 585578.399998 ], [ 390722.990152000100352, 585577.999998000101186 ], [ 390722.790152000146918, 585577.199998000171036 ], [ 390723.190152000053786, 585576.399998 ], [ 390724.190152000111993, 585576.199997999938205 ], [ 390724.390152, 585575.599997999845073 ], [ 390724.990152000100352, 585575.599997999961488 ], [ 390725.79015200008871, 585574.999997999868356 ], [ 390725.990152000042144, 585573.399998 ], [ 390724.99015200015856, 585572.599997999961488 ], [ 390725.990152000100352, 585571.999997999868356 ], [ 390726.190152, 585570.799997999914922 ], [ 390726.79015200008871, 585569.99999799975194 ], [ 390727.790152000146918, 585569.799998000031337 ], [ 390728.190152000111993, 585569.399998 ], [ 390730.190152000053786, 585569.199997999938205 ], [ 390730.99015200015856, 585568.399998 ], [ 390731.190152000053786, 585568.799998000147752 ], [ 390732.190152000053786, 585569.19999799982179 ], [ 390733.990152000100352, 585569.19999799982179 ], [ 390734.79015200008871, 585568.799997999914922 ], [ 390736.990152000100352, 585568.999997999984771 ], [ 390738.190152000111993, 585568.599997999961488 ], [ 390738.990152000042144, 585567.799998000031337 ], [ 390739.590152000077069, 585568.999997999868356 ], [ 390741.990152000100352, 585569.399998 ], [ 390742.390152, 585569.999998000101186 ], [ 390743.590152000077069, 585569.999997999984771 ], [ 390744.190152000053786, 585569.399998 ], [ 390744.79015200008871, 585569.399998000124469 ], [ 390744.99015200015856, 585570.999997999868356 ], [ 390746.790152000205126, 585571.399998 ], [ 390747.990152000100352, 585572.599998000077903 ], [ 390747.590152000135276, 585573.599997999961488 ], [ 390747.590152000077069, 585574.999997999984771 ], [ 390747.990152000100352, 585575.999997999868356 ], [ 390747.590152000077069, 585576.399997999891639 ], [ 390747.590152000193484, 585577.599997999961488 ], [ 390749.390152000065427, 585578.999997999984771 ], [ 390748.190152000053786, 585579.999997999984771 ], [ 390747.990152000100352, 585580.599998000077903 ], [ 390748.590152000077069, 585581.399998000124469 ], [ 390748.990152000100352, 585581.399998 ], [ 390749.590152000193484, 585581.999997999984771 ], [ 390748.79015200008871, 585582.999997999868356 ], [ 390748.590152000077069, 585583.799998000031337 ], [ 390749.790152000146918, 585584.999997999984771 ], [ 390749.79015200008871, 585585.399998 ], [ 390748.390152, 585586.599997999961488 ], [ 390748.390152000065427, 585586.999997999868356 ], [ 390749.390152000065427, 585588.19999800005462 ], [ 390748.390152000123635, 585589.999997999984771 ], [ 390749.590152000135276, 585590.799997999914922 ], [ 390749.990152000100352, 585591.599998000077903 ], [ 390748.390152000123635, 585592.999997999868356 ], [ 390748.99015200015856, 585593.999997999984771 ], [ 390748.790152000146918, 585595.199997999938205 ], [ 390747.390152000065427, 585595.999998000101186 ], [ 390748.590152000193484, 585596.599997999961488 ], [ 390749.390152000065427, 585597.799997999914922 ], [ 390748.590152000077069, 585598.399997999891639 ], [ 390747.990152000042144, 585598.399998000124469 ], [ 390746.790152000146918, 585599.999997999984771 ], [ 390745.790152000146918, 585600.399998000124469 ], [ 390744.790152000146918, 585601.399997999891639 ], [ 390743.990152000100352, 585600.999997999984771 ], [ 390742.990152000100352, 585599.799998000031337 ], [ 390742.390152000123635, 585599.799998000147752 ], [ 390740.790152000146918, 585601.19999800005462 ], [ 390738.390152000065427, 585601.199997999938205 ], [ 390737.590152000077069, 585601.599997999961488 ], [ 390736.590152000077069, 585601.599997999961488 ] ] ] } },
{ "type": "Feature", "properties": { "pred_id": "E8_REG_017", "raw_pred_id": "FUSED_017", "dominant_angle_deg": 0.0, "ortho_ratio": 1.0, "is_canonical_rect": false }, "geometry": { "type": "Polygon", "coordinates": [ [ [ 390702.854493608814664, 585604.364956176723354 ], [ 390710.290106043394189, 585603.053857086459175 ], [ 390710.058134456572589, 585601.738280843943357 ], [ 390711.508476040326059, 585601.48514559015166 ], [ 390711.225309510948136, 585599.87917401373852 ], [ 390710.502895778161474, 585600.006555045954883 ], [ 390710.077396237407811, 585597.593427236774005 ], [ 390709.486325335456058, 585597.697648984380066 ], [ 390709.193445313430857, 585596.036675030249171 ], [ 390706.963825970306061, 585596.429791621048935 ], [ 390706.643346500291955, 585594.61226223083213 ], [ 390695.991613747959491, 585596.490393202169798 ], [ 390697.287738586834166, 585603.841250222641975 ], [ 390702.597071731928736, 585602.905044166836888 ], [ 390702.854493608814664, 585604.364956176723354 ] ] ] } },
{ "type": "Feature", "properties": { "pred_id": "E8_REG_018", "raw_pred_id": "FUSED_018", "dominant_angle_deg": 0.88, "ortho_ratio": 0.103, "is_canonical_rect": false }, "geometry": { "type": "Polygon", "coordinates": [ [ [ 390902.390152, 585603.799997999914922 ], [ 390900.79015200008871, 585602.999997999984771 ], [ 390900.79015200008871, 585602.599997999961488 ], [ 390899.190152, 585600.799997999914922 ], [ 390897.190152000170201, 585600.599997999961488 ], [ 390895.390152000123635, 585599.599997999961488 ], [ 390888.590152000193484, 585598.999997999984771 ], [ 390887.790152000146918, 585598.19999800005462 ], [ 390887.79015200008871, 585597.599997999961488 ], [ 390886.390152000065427, 585596.799997999914922 ], [ 390886.390152, 585596.399997999891639 ], [ 390885.990151999925729, 585596.19999800005462 ], [ 390886.390152000065427, 585593.999997999868356 ], [ 390885.590151999902446, 585592.399997999891639 ], [ 390884.790152000030503, 585592.599997999845073 ], [ 390884.790151999972295, 585592.999997999868356 ], [ 390884.190152, 585593.399997999891639 ], [ 390883.790152000030503, 585594.199997999938205 ], [ 390883.590152000135276, 585596.399998 ], [ 390882.590152000077069, 585596.199997999938205 ], [ 390880.990151999983937, 585594.799997999914922 ], [ 390881.190152000111993, 585591.199997999938205 ], [ 390880.390152000123635, 585589.999997999984771 ], [ 390880.590152000077069, 585586.599997999961488 ], [ 390880.990152000042144, 585585.799998000031337 ], [ 390881.590152000135276, 585585.199997999938205 ], [ 390882.390152000181843, 585585.19999799982179 ], [ 390882.990152000042144, 585584.799997999914922 ], [ 390884.990151999925729, 585584.799997999914922 ], [ 390885.390152000123635, 585584.999997999868356 ], [ 390885.190152, 585586.199997999938205 ], [ 390883.790151999972295, 585587.799998000031337 ], [ 390883.390152000065427, 585587.799998000147752 ], [ 390883.390152000123635, 585588.799998000147752 ], [ 390885.390151999949012, 585588.599997999961488 ], [ 390885.790151999914087, 585588.999997999984771 ], [ 390887.590152000077069, 585588.999997999868356 ], [ 390888.190152, 585588.399997999891639 ], [ 390887.990152000100352, 585587.19999800005462 ], [ 390885.790151999972295, 585586.599997999961488 ], [ 390887.590152000135276, 585586.399998 ], [ 390889.390152000181843, 585586.799997999914922 ], [ 390889.990151999983937, 585584.999997999868356 ], [ 390891.790151999972295, 585583.399997999891639 ], [ 390892.390152000065427, 585582.19999799982179 ], [ 390892.390152000123635, 585581.399997999891639 ], [ 390893.190152, 585580.599997999961488 ], [ 390893.790151999914087, 585578.999997999868356 ], [ 390893.190152000053786, 585578.599997999961488 ], [ 390889.790151999972295, 585578.399998 ], [ 390888.190152000111993, 585577.199997999938205 ], [ 390887.390152000065427, 585577.19999799982179 ], [ 390885.390152000123635, 585576.399998 ], [ 390884.590152000018861, 585575.599997999845073 ], [ 390883.390152, 585573.399998 ], [ 390882.590151999960653, 585573.399998 ], [ 390880.99015200015856, 585572.599997999961488 ], [ 390879.590152000018861, 585572.399997999775223 ], [ 390878.990152000216767, 585571.199997999938205 ], [ 390879.390152, 585561.999997999868356 ], [ 390879.79015200008871, 585561.199997999938205 ], [ 390880.79015200008871, 585560.399997999891639 ], [ 390879.990152000042144, 585558.599997999961488 ], [ 390879.790152000030503, 585557.19999799982179 ], [ 390879.790152000205126, 585555.399998 ], [ 390880.590151999960653, 585554.399997999775223 ], [ 390880.590151999960653, 585553.599997999961488 ], [ 390879.990152000042144, 585552.599997999961488 ], [ 390879.990152000100352, 585548.399997999891639 ], [ 390880.390152, 585547.799998000031337 ], [ 390879.990152000100352, 585546.999998000101186 ], [ 390879.990152000042144, 585545.599997999728657 ], [ 390880.590151999902446, 585544.399997999891639 ], [ 390879.39015200024005, 585543.399997999891639 ], [ 390879.390152000065427, 585542.599997999845073 ], [ 390879.990152000042144, 585541.399997999891639 ], [ 390881.190152, 585540.399998 ], [ 390882.990152000042144, 585540.999997999984771 ], [ 390886.590151999960653, 585540.799998000031337 ], [ 390889.990152000042144, 585539.999998000101186 ], [ 390890.790152000030503, 585539.19999799982179 ], [ 390893.190152000053786, 585539.19999800005462 ], [ 390893.390152000065427, 585538.19999799982179 ], [ 390894.590151999960653, 585537.799998000031337 ], [ 390896.190152000170201, 585537.99999799975194 ], [ 390896.790152000146918, 585538.599997999728657 ], [ 390899.79015200008871, 585538.799997999914922 ], [ 390900.590152000077069, 585539.399997999891639 ], [ 390900.79015200008871, 585540.199997999938205 ], [ 390901.990151999983937, 585538.999997999984771 ], [ 390904.19015199993737, 585538.799997999914922 ], [ 390905.190152000170201, 585539.399997999891639 ], [ 390907.39015200024005, 585539.599997999728657 ], [ 390908.390152000123635, 585540.399997999891639 ], [ 390910.390152000065427, 585540.399998 ], [ 390913.590151999902446, 585541.799998000264168 ], [ 390918.590152000018861, 585542.799998000031337 ], [ 390919.190152, 585543.399997999891639 ], [ 390919.990152000100352, 585543.599997999961488 ], [ 390920.190152, 585543.999997999868356 ], [ 390921.390152000065427, 585544.199997999938205 ], [ 390921.590151999844238, 585544.599997999961488 ], [ 390923.390152000123635, 585545.19999799982179 ], [ 390924.99015200015856, 585546.799997999914922 ], [ 390925.390152000123635, 585547.599997999845073 ], [ 390925.390152, 585550.399998 ], [ 390926.390152000065427, 585552.19999799982179 ], [ 390926.590151999902446, 585561.999997999868356 ], [ 390925.790151999914087, 585562.599997999845073 ], [ 390925.590152000077069, 585564.399998 ], [ 390924.790152000146918, 585565.399998 ], [ 390924.590152000018861, 585567.199997999938205 ], [ 390924.190152000170201, 585567.599998000077903 ], [ 390922.990152000216767, 585563.19999799982179 ], [ 390924.190152000111993, 585561.799998000031337 ], [ 390924.590152000077069, 585561.799997999914922 ], [ 390923.990152000216767, 585560.599997999961488 ], [ 390923.990152000100352, 585559.599997999961488 ], [ 390924.590152000077069, 585558.799998000031337 ], [ 390924.990152000216767, 585558.799998000031337 ], [ 390925.590151999960653, 585557.199997999938205 ], [ 390925.190152000111993, 585555.399997999891639 ], [ 390924.390152000065427, 585554.999997999868356 ], [ 390924.190152000111993, 585555.799998000031337 ], [ 390923.590152000077069, 585556.399998 ], [ 390922.190152000053786, 585556.799997999914922 ], [ 390921.990152000042144, 585557.799997999914922 ], [ 390919.790152000030503, 585561.799998000031337 ], [ 390919.390152, 585565.19999799982179 ], [ 390918.590152000018861, 585566.199997999938205 ], [ 390918.99015200015856, 585568.599997999961488 ], [ 390919.590152000018861, 585569.19999799982179 ], [ 390920.790151999972295, 585569.399998 ], [ 390919.99015200015856, 585571.199997999938205 ], [ 390920.990151999983937, 585571.599997999845073 ], [ 390922.390152, 585571.599998000077903 ], [ 390922.790151999972295, 585572.599997999728657 ], [ 390922.590151999960653, 585574.799997999914922 ], [ 390921.390152, 585576.599997999845073 ], [ 390921.390152000065427, 585577.399997999891639 ], [ 390920.990152000100352, 585577.599998000077903 ], [ 390920.590152000018861, 585580.399998 ], [ 390919.390152000065427, 585581.799997999914922 ], [ 390919.390152000065427, 585583.599997999845073 ], [ 390918.590152000077069, 585584.399998 ], [ 390917.390152000123635, 585584.399998 ], [ 390916.790152000030503, 585583.999997999984771 ], [ 390916.790152000030503, 585583.599997999845073 ], [ 390916.190152000053786, 585583.599997999961488 ], [ 390915.190152000228409, 585584.399997999891639 ], [ 390914.390152000181843, 585584.399997999891639 ], [ 390913.590152000018861, 585583.599997999961488 ], [ 390913.590152000077069, 585583.199997999938205 ], [ 390912.590152000018861, 585582.399997999891639 ], [ 390911.990151999925729, 585583.599998000077903 ], [ 390912.190152000053786, 585585.799998000031337 ], [ 390912.590152000077069, 585586.799997999914922 ], [ 390911.790151999972295, 585587.799998000031337 ], [ 390910.590152000077069, 585588.19999800005462 ], [ 390910.790152000030503, 585588.799998000031337 ], [ 390911.590152000018861, 585589.199997999938205 ], [ 390911.990151999925729, 585589.799998000031337 ], [ 390912.790152000030503, 585590.19999799982179 ], [ 390914.790152000030503, 585590.399997999891639 ], [ 390915.590152000135276, 585588.599998000077903 ], [ 390915.590152000077069, 585587.199997999938205 ], [ 390916.790152000030503, 585587.19999800005462 ], [ 390917.190152000170201, 585587.799997999914922 ], [ 390917.190152000053786, 585589.799997999914922 ], [ 390916.590152000193484, 585590.799997999798506 ], [ 390915.190152000228409, 585590.999997999984771 ], [ 390914.590152000193484, 585594.599997999961488 ], [ 390914.190152000286616, 585594.599997999961488 ], [ 390913.590151999960653, 585595.199997999938205 ], [ 390912.590151999902446, 585596.599998000077903 ], [ 390911.590152000135276, 585596.999997999984771 ], [ 390910.990151999983937, 585599.399997999891639 ], [ 390909.590152000193484, 585599.599997999728657 ], [ 390909.19015199993737, 585599.999997999984771 ], [ 390909.190152000170201, 585600.799997999914922 ], [ 390907.990152000042144, 585601.19999799982179 ], [ 390906.990151999983937, 585602.19999800005462 ], [ 390906.990152000100352, 585602.599997999845073 ], [ 390905.390152000298258, 585602.799998000031337 ], [ 390904.390152, 585603.799997999914922 ], [ 390902.390152, 585603.799997999914922 ] ] ] } },
{ "type": "Feature", "properties": { "pred_id": "E8_REG_019", "raw_pred_id": "FUSED_019", "dominant_angle_deg": 0.0, "ortho_ratio": 0.136, "is_canonical_rect": false }, "geometry": { "type": "Polygon", "coordinates": [ [ [ 390652.79015200008871, 585587.399998 ], [ 390651.990152000100352, 585587.199997999938205 ], [ 390651.390152000123635, 585586.399998 ], [ 390649.990152000100352, 585586.399998 ], [ 390649.990152000100352, 585583.999997999984771 ], [ 390650.990152000100352, 585583.999997999984771 ], [ 390651.79015200008871, 585583.599997999961488 ], [ 390651.590152000077069, 585583.199997999938205 ], [ 390649.990152000100352, 585582.999997999984771 ], [ 390649.990152000100352, 585530.599997999961488 ], [ 390651.190152000111993, 585530.599997999961488 ], [ 390652.990152000100352, 585531.199997999938205 ], [ 390654.79015200008871, 585532.199997999938205 ], [ 390656.990152000100352, 585531.999997999984771 ], [ 390658.390152000123635, 585531.399998 ], [ 390660.79015200008871, 585531.399998 ], [ 390662.190152000111993, 585531.999997999984771 ], [ 390662.590152000077069, 585532.599997999961488 ], [ 390663.590152000077069, 585532.399998 ], [ 390663.990152000100352, 585531.999997999984771 ], [ 390668.79015200008871, 585531.999997999984771 ], [ 390668.79015200008871, 585533.599997999961488 ], [ 390669.990152000100352, 585534.199997999938205 ], [ 390670.390152000123635, 585535.199997999938205 ], [ 390670.390152000123635, 585537.199997999938205 ], [ 390671.190152000111993, 585537.399998 ], [ 390672.590152000077069, 585537.399998 ], [ 390673.390152000123635, 585535.799998000031337 ], [ 390673.590152000077069, 585533.999997999984771 ], [ 390674.190152000111993, 585532.599997999961488 ], [ 390674.990152000100352, 585532.599997999961488 ], [ 390675.79015200008871, 585533.799998000031337 ], [ 390676.390152000123635, 585533.799998000031337 ], [ 390677.190152000111993, 585534.399998 ], [ 390678.190152000111993, 585537.999997999984771 ], [ 390680.190152000111993, 585537.799998000031337 ], [ 390680.79015200008871, 585537.399998 ], [ 390680.990152000100352, 585536.599997999961488 ], [ 390681.390152000123635, 585536.399998 ], [ 390682.190152000111993, 585533.399998 ], [ 390682.990152000100352, 585534.199997999938205 ], [ 390684.390152000123635, 585534.399998 ], [ 390684.990152000100352, 585534.999997999984771 ], [ 390685.190152000111993, 585535.999997999984771 ], [ 390685.190152000111993, 585539.999997999984771 ], [ 390685.79015200008871, 585541.199997999938205 ], [ 390685.390152000123635, 585542.799998000031337 ], [ 390685.590152000077069, 585543.799998000031337 ], [ 390686.590152000077069, 585544.799998000031337 ], [ 390686.590152000077069, 585545.999997999984771 ], [ 390687.79015200008871, 585547.199997999938205 ], [ 390687.79015200008871, 585547.999997999984771 ], [ 390686.390152000123635, 585547.999997999984771 ], [ 390685.79015200008871, 585548.399998 ], [ 390685.590152000077069, 585548.999997999984771 ], [ 390685.79015200008871, 585549.999997999984771 ], [ 390685.990152000100352, 585550.399998 ], [ 390686.79015200008871, 585550.599997999961488 ], [ 390686.79015200008871, 585551.399998 ], [ 390687.390152000123635, 585552.199997999938205 ], [ 390688.190152000111993, 585552.199997999938205 ], [ 390688.990152000100352, 585552.799998000031337 ], [ 390692.190152000111993, 585552.399998 ], [ 390693.190152000111993, 585553.399998 ], [ 390693.390152000123635, 585553.999997999984771 ], [ 390692.990152000100352, 585554.399998 ], [ 390692.990152000100352, 585556.599997999961488 ], [ 390694.190152000111993, 585557.199997999938205 ], [ 390693.990152000100352, 585557.999997999984771 ], [ 390692.990152000100352, 585558.199997999938205 ], [ 390692.79015200008871, 585558.599997999961488 ], [ 390693.79015200008871, 585558.999997999984771 ], [ 390694.190152000111993, 585560.199997999938205 ], [ 390693.590152000077069, 585560.199997999938205 ], [ 390692.990152000100352, 585560.799998000031337 ], [ 390692.79015200008871, 585561.999997999984771 ], [ 390692.190152000111993, 585562.799998000031337 ], [ 390689.990152000100352, 585562.999997999984771 ], [ 390689.590152000077069, 585562.199997999938205 ], [ 390687.990152000100352, 585561.799998000031337 ], [ 390688.390152000123635, 585561.199997999938205 ], [ 390688.79015200008871, 585558.999997999984771 ], [ 390689.79015200008871, 585558.599997999961488 ], [ 390689.390152000123635, 585557.999997999984771 ], [ 390689.390152000123635, 585556.799998000031337 ], [ 390688.79015200008871, 585555.999997999984771 ], [ 390687.590152000077069, 585555.799998000031337 ], [ 390687.190152000111993, 585554.799998000031337 ], [ 390685.990152000100352, 585554.599997999961488 ], [ 390685.79015200008871, 585556.199997999938205 ], [ 390686.79015200008871, 585556.799998000031337 ], [ 390686.79015200008871, 585558.599997999961488 ], [ 390687.190152000111993, 585558.599997999961488 ], [ 390687.590152000077069, 585559.199997999938205 ], [ 390687.590152000077069, 585560.399998 ], [ 390686.990152000100352, 585560.799998000031337 ], [ 390685.990152000100352, 585560.799998000031337 ], [ 390685.590152000077069, 585561.399998 ], [ 390685.590152000077069, 585562.599997999961488 ], [ 390686.390152000123635, 585563.199997999938205 ], [ 390686.190152000111993, 585563.999997999984771 ], [ 390685.79015200008871, 585564.199997999938205 ], [ 390685.79015200008871, 585564.999997999984771 ], [ 390687.190152000111993, 585565.599997999961488 ], [ 390687.590152000077069, 585566.799998000031337 ], [ 390685.990152000100352, 585566.999997999984771 ], [ 390685.390152000123635, 585567.999997999984771 ], [ 390685.390152000123635, 585568.599997999961488 ], [ 390684.590152000077069, 585569.199997999938205 ], [ 390682.190152000111993, 585569.399998 ], [ 390680.590152000077069, 585568.599997999961488 ], [ 390678.990152000100352, 585568.599997999961488 ], [ 390678.590152000077069, 585567.799998000031337 ], [ 390678.190152000111993, 585567.799998000031337 ], [ 390678.390152000123635, 585569.999997999984771 ], [ 390677.390152000123635, 585570.399998 ], [ 390676.990152000100352, 585571.199997999938205 ], [ 390678.79015200008871, 585571.799998000031337 ], [ 390679.590152000077069, 585572.799998000031337 ], [ 390677.990152000100352, 585573.199997999938205 ], [ 390677.190152000111993, 585574.199997999938205 ], [ 390677.190152000111993, 585575.799998000031337 ], [ 390676.190152000111993, 585575.799998000031337 ], [ 390675.990152000100352, 585576.399998 ], [ 390674.79015200008871, 585576.999997999984771 ], [ 390674.390152000123635, 585576.999997999984771 ], [ 390673.79015200008871, 585576.199997999938205 ], [ 390673.390152000123635, 585573.599997999961488 ], [ 390672.990152000100352, 585572.799998000031337 ], [ 390673.390152000123635, 585571.799998000031337 ], [ 390674.190152000111993, 585571.199997999938205 ], [ 390673.79015200008871, 585570.599997999961488 ], [ 390673.590152000077069, 585569.199997999938205 ], [ 390672.590152000077069, 585568.399998 ], [ 390671.590152000077069, 585568.399998 ], [ 390670.990152000100352, 585567.799998000031337 ], [ 390670.390152000123635, 585567.799998000031337 ], [ 390670.390152000123635, 585568.799998000031337 ], [ 390670.79015200008871, 585568.999997999984771 ], [ 390670.79015200008871, 585569.599997999961488 ], [ 390669.590152000077069, 585571.199997999938205 ], [ 390670.990152000100352, 585571.799998000031337 ], [ 390671.590152000077069, 585572.399998 ], [ 390671.590152000077069, 585572.799998000031337 ], [ 390670.390152000123635, 585573.199997999938205 ], [ 390669.79015200008871, 585573.999997999984771 ], [ 390669.79015200008871, 585574.799998000031337 ], [ 390670.190152000111993, 585575.399998 ], [ 390670.79015200008871, 585575.599997999961488 ], [ 390670.79015200008871, 585576.199997999938205 ], [ 390669.590152000077069, 585576.999997999984771 ], [ 390669.590152000077069, 585577.399998 ], [ 390670.590152000077069, 585577.999997999984771 ], [ 390671.190152000111993, 585577.999997999984771 ], [ 390671.390152000123635, 585578.399998 ], [ 390671.79015200008871, 585578.399998 ], [ 390671.990152000100352, 585578.999997999984771 ], [ 390671.590152000077069, 585579.399998 ], [ 390669.990152000100352, 585579.799998000031337 ], [ 390669.590152000077069, 585580.599997999961488 ], [ 390668.590152000077069, 585581.399998 ], [ 390667.190152000111993, 585581.399998 ], [ 390666.590152000077069, 585581.799998000031337 ], [ 390666.390152000123635, 585581.199997999938205 ], [ 390665.79015200008871, 585580.599997999961488 ], [ 390665.390152000123635, 585580.599997999961488 ], [ 390664.79015200008871, 585579.799998000031337 ], [ 390662.990152000100352, 585579.999997999984771 ], [ 390662.390152000123635, 585580.199997999938205 ], [ 390662.190152000111993, 585581.799998000031337 ], [ 390660.590152000077069, 585581.799998000031337 ], [ 390660.190152000111993, 585582.599997999961488 ], [ 390658.590152000077069, 585582.999997999984771 ], [ 390657.79015200008871, 585580.999997999984771 ], [ 390657.190152000111993, 585580.599997999961488 ], [ 390657.390152000123635, 585575.599997999961488 ], [ 390656.79015200008871, 585574.399998 ], [ 390657.190152000111993, 585572.999997999984771 ], [ 390656.990152000100352, 585571.399998 ], [ 390657.190152000111993, 585569.399998 ], [ 390656.990152000100352, 585568.999997999984771 ], [ 390656.190152000111993, 585569.199997999938205 ], [ 390655.990152000100352, 585570.599997999961488 ], [ 390655.590152000077069, 585570.999997999984771 ], [ 390654.79015200008871, 585570.999997999984771 ], [ 390655.79015200008871, 585571.199997999938205 ], [ 390656.190152000111993, 585571.599997999961488 ], [ 390656.190152000111993, 585573.799998000031337 ], [ 390654.79015200008871, 585573.999997999984771 ], [ 390654.79015200008871, 585574.399998 ], [ 390655.79015200008871, 585574.799998000031337 ], [ 390655.79015200008871, 585576.199997999938205 ], [ 390654.390152000123635, 585577.199997999938205 ], [ 390654.79015200008871, 585577.799998000031337 ], [ 390655.990152000100352, 585578.199997999938205 ], [ 390656.190152000111993, 585579.399998 ], [ 390655.390152000123635, 585579.999997999984771 ], [ 390654.79015200008871, 585579.999997999984771 ], [ 390654.390152000123635, 585580.599997999961488 ], [ 390654.390152000123635, 585581.399998 ], [ 390653.190152000111993, 585581.999997999984771 ], [ 390653.390152000123635, 585583.799998000031337 ], [ 390653.190152000111993, 585584.799998000031337 ], [ 390652.79015200008871, 585585.199997999938205 ], [ 390653.390152000123635, 585585.399998 ], [ 390653.390152000123635, 585586.999997999984771 ], [ 390652.79015200008871, 585587.399998 ] ] ] } },
{ "type": "Feature", "properties": { "pred_id": "E8_REG_020", "raw_pred_id": "FUSED_020", "dominant_angle_deg": 21.49, "ortho_ratio": 1.0, "is_canonical_rect": true }, "geometry": { "type": "Polygon", "coordinates": [ [ [ 390948.123877259495202, 585549.586284008109942 ], [ 391002.904466103238519, 585571.159170764498413 ], [ 391010.363950483617373, 585552.21710930368863 ], [ 390955.583361639874056, 585530.64422254730016 ], [ 390948.123877259495202, 585549.586284008109942 ] ] ] } },
{ "type": "Feature", "properties": { "pred_id": "E8_REG_021", "raw_pred_id": "FUSED_021", "dominant_angle_deg": 0.0, "ortho_ratio": 0.125, "is_canonical_rect": false }, "geometry": { "type": "Polygon", "coordinates": [ [ [ 390736.79015200008871, 585567.799998000031337 ], [ 390735.990152000100352, 585567.399998 ], [ 390734.990152000100352, 585567.399998 ], [ 390732.990152000100352, 585566.399998 ], [ 390733.79015200008871, 585563.999997999984771 ], [ 390734.390152000123635, 585563.399998 ], [ 390734.79015200008871, 585563.399998 ], [ 390734.79015200008871, 585562.999997999984771 ], [ 390735.390152000123635, 585562.599997999961488 ], [ 390740.79015200008871, 585562.599997999961488 ], [ 390741.990152000100352, 585563.199997999938205 ], [ 390742.390152000123635, 585563.799998000031337 ], [ 390743.390152000123635, 585563.999997999984771 ], [ 390744.990152000100352, 585566.199997999938205 ], [ 390744.79015200008871, 585566.799998000031337 ], [ 390741.590152000077069, 585567.599997999961488 ], [ 390736.79015200008871, 585567.799998000031337 ] ] ] } },
{ "type": "Feature", "properties": { "pred_id": "E8_REG_022", "raw_pred_id": "FUSED_022", "dominant_angle_deg": 3.01, "ortho_ratio": 0.102, "is_canonical_rect": false }, "geometry": { "type": "Polygon", "coordinates": [ [ [ 390972.790152000437956, 585537.19999799982179 ], [ 390971.390152000647504, 585536.599997999961488 ], [ 390965.190152000286616, 585536.799997999914922 ], [ 390963.590152000484522, 585536.399997999891639 ], [ 390961.190152000344824, 585536.399997999891639 ], [ 390960.590152000484522, 585535.999997999868356 ], [ 390959.790152000379749, 585535.999997999868356 ], [ 390958.990152000449598, 585535.399998 ], [ 390958.99015200039139, 585534.999997999868356 ], [ 390961.190152000344824, 585533.999997999984771 ], [ 390961.390152000414673, 585532.999997999984771 ], [ 390961.790152000321541, 585532.599997999845073 ], [ 390961.790152000437956, 585531.799998000147752 ], [ 390960.990152000333183, 585530.799998000031337 ], [ 390960.990152000274975, 585530.199997999938205 ], [ 390962.590152000193484, 585529.199997999705374 ], [ 390962.590152000309899, 585528.399998 ], [ 390962.99015200039139, 585527.799997999798506 ], [ 390963.590152000368107, 585527.799997999914922 ], [ 390963.590152000368107, 585526.999997999984771 ], [ 390962.590152000309899, 585526.99999799975194 ], [ 390962.590152000193484, 585527.399997999775223 ], [ 390961.990152000333183, 585527.799997999914922 ], [ 390961.390152000414673, 585527.599997999845073 ], [ 390961.390152000356466, 585526.999997999984771 ], [ 390962.390152000414673, 585526.799998000031337 ], [ 390962.590152000368107, 585525.399997999775223 ], [ 390963.990152000274975, 585524.399997999891639 ], [ 390963.990152000274975, 585523.999997999984771 ], [ 390964.790152000379749, 585523.19999799982179 ], [ 390966.590152000426315, 585523.199997999938205 ], [ 390967.190152000344824, 585524.399997999775223 ], [ 390967.590152000426315, 585524.399998000124469 ], [ 390967.990152000274975, 585523.799998000031337 ], [ 390970.390152000472881, 585523.599997999961488 ], [ 390970.99015200039139, 585523.399998 ], [ 390971.390152000472881, 585522.799997999914922 ], [ 390971.790152000321541, 585523.19999799982179 ], [ 390973.590152000368107, 585523.399997999775223 ], [ 390974.59015200054273, 585524.799998000031337 ], [ 390976.590152000368107, 585525.199997999705374 ], [ 390977.790152000321541, 585526.199997999938205 ], [ 390977.790152000379749, 585528.199997999938205 ], [ 390976.99015200039139, 585528.999997999868356 ], [ 390977.990152000333183, 585529.399997999775223 ], [ 390978.390152000472881, 585531.199997999938205 ], [ 390979.190152000403032, 585531.599997999845073 ], [ 390979.190152000344824, 585532.399998 ], [ 390978.190152000286616, 585532.799997999914922 ], [ 390977.990152000274975, 585533.599997999845073 ], [ 390979.190152000403032, 585533.999997999984771 ], [ 390979.590152000309899, 585534.599997999961488 ], [ 390980.590152000368107, 585534.999997999984771 ], [ 390980.590152000484522, 585535.399998000124469 ], [ 390979.590152000309899, 585536.19999799982179 ], [ 390977.99015200039139, 585536.399997999891639 ], [ 390977.390152000414673, 585536.799997999914922 ], [ 390974.590152000600938, 585536.599997999845073 ], [ 390973.790152000379749, 585537.199997999705374 ], [ 390972.790152000437956, 585537.19999799982179 ] ] ] } },
{ "type": "Feature", "properties": { "pred_id": "E8_REG_023", "raw_pred_id": "FUSED_023", "dominant_angle_deg": 0.0, "ortho_ratio": 1.0, "is_canonical_rect": true }, "geometry": { "type": "Polygon", "coordinates": [ [ [ 390649.990152000100352, 585506.599997999961488 ], [ 390649.990152000100352, 585525.399998 ], [ 390656.590152000077069, 585525.399998 ], [ 390656.590152000077069, 585506.599997999961488 ], [ 390649.990152000100352, 585506.599997999961488 ] ] ] } },
{ "type": "Feature", "properties": { "pred_id": "E8_REG_024", "raw_pred_id": "FUSED_024", "dominant_angle_deg": 0.0, "ortho_ratio": 0.136, "is_canonical_rect": false }, "geometry": { "type": "Polygon", "coordinates": [ [ [ 390710.990152000100352, 585498.799998000031337 ], [ 390713.590152000077069, 585498.399998 ], [ 390714.190152000111993, 585497.799998000031337 ], [ 390713.390152000123635, 585495.999997999984771 ], [ 390714.590152000077069, 585495.199997999938205 ], [ 390715.79015200008871, 585492.599997999961488 ], [ 390715.79015200008871, 585491.199997999938205 ], [ 390715.190152000111993, 585489.999997999984771 ], [ 390715.79015200008871, 585484.999997999984771 ], [ 390712.79015200008871, 585483.599997999961488 ], [ 390713.990152000100352, 585482.399998 ], [ 390713.79015200008871, 585481.799998000031337 ], [ 390711.190152000111993, 585481.999997999984771 ], [ 390708.390152000123635, 585481.399998 ], [ 390697.79015200008871, 585481.599997999961488 ], [ 390695.590152000077069, 585482.399998 ], [ 390694.79015200008871, 585483.199997999938205 ], [ 390694.590152000077069, 585484.199997999938205 ], [ 390693.79015200008871, 585484.799998000031337 ], [ 390693.79015200008871, 585485.599997999961488 ], [ 390694.390152000123635, 585486.399998 ], [ 390693.79015200008871, 585487.999997999984771 ], [ 390694.190152000111993, 585489.999997999984771 ], [ 390693.190152000111993, 585491.199997999938205 ], [ 390693.590152000077069, 585492.399998 ], [ 390694.190152000111993, 585492.799998000031337 ], [ 390694.190152000111993, 585493.999997999984771 ], [ 390694.79015200008871, 585495.199997999938205 ], [ 390694.390152000123635, 585497.799998000031337 ], [ 390695.990152000100352, 585498.399998 ], [ 390698.990152000100352, 585498.599997999961488 ], [ 390699.590152000077069, 585498.999997999984771 ], [ 390701.590152000077069, 585498.799998000031337 ], [ 390701.990152000100352, 585503.999997999984771 ], [ 390705.190152000111993, 585507.199997999938205 ], [ 390706.390152000123635, 585507.199997999938205 ], [ 390707.190152000111993, 585506.599997999961488 ], [ 390709.190152000111993, 585506.199997999938205 ], [ 390709.590152000077069, 585505.399998 ], [ 390710.390152000123635, 585504.999997999984771 ], [ 390711.190152000111993, 585502.799998000031337 ], [ 390711.79015200008871, 585502.399998 ], [ 390711.990152000100352, 585500.799998000031337 ], [ 390711.390152000123635, 585500.599997999961488 ], [ 390710.990152000100352, 585498.799998000031337 ] ] ] } },
{ "type": "Feature", "properties": { "pred_id": "E8_REG_025", "raw_pred_id": "FUSED_025", "dominant_angle_deg": 3.81, "ortho_ratio": 0.096, "is_canonical_rect": false }, "geometry": { "type": "Polygon", "coordinates": [ [ [ 390693.590152000135276, 585436.399998000124469 ], [ 390692.590152000193484, 585435.999997999984771 ], [ 390692.190152000111993, 585435.199997999938205 ], [ 390691.590152000077069, 585435.19999799982179 ], [ 390691.39015200024005, 585435.599997999961488 ], [ 390690.39015200024005, 585435.999998000101186 ], [ 390688.790152000146918, 585435.599997999961488 ], [ 390685.79015200008871, 585435.799998000147752 ], [ 390684.990152000042144, 585435.19999799982179 ], [ 390684.790152000146918, 585434.399998 ], [ 390683.390152000181843, 585433.999998000101186 ], [ 390682.79015200008871, 585433.199997999938205 ], [ 390681.99015200015856, 585432.999997999868356 ], [ 390681.190152000053786, 585431.799998000031337 ], [ 390678.590152000193484, 585430.999998000101186 ], [ 390678.390152000123635, 585430.399997999891639 ], [ 390676.390152000298258, 585431.19999799982179 ], [ 390675.790152000205126, 585430.599997999961488 ], [ 390675.39015200024005, 585429.399997999891639 ], [ 390674.190152000170201, 585428.999998000101186 ], [ 390675.190152000111993, 585428.199997999938205 ], [ 390675.39015200024005, 585427.599998000077903 ], [ 390675.190152000170201, 585426.399997999891639 ], [ 390674.790152000205126, 585425.999997999984771 ], [ 390674.990152000216767, 585423.799997999914922 ], [ 390673.990152000216767, 585422.799998000031337 ], [ 390673.990152000100352, 585422.399998 ], [ 390674.99015200015856, 585421.399997999891639 ], [ 390674.790152000146918, 585420.199997999938205 ], [ 390674.390152000123635, 585419.999998000101186 ], [ 390674.390152000181843, 585419.199997999938205 ], [ 390675.190152000170201, 585418.599997999845073 ], [ 390675.190152000111993, 585417.399997999891639 ], [ 390674.790152000263333, 585416.799997999914922 ], [ 390674.190152000170201, 585416.599997999961488 ], [ 390674.190152000170201, 585416.199997999938205 ], [ 390675.590152000077069, 585415.599998000077903 ], [ 390676.190152000170201, 585413.999998000101186 ], [ 390677.590152000193484, 585414.19999799982179 ], [ 390677.590152000193484, 585414.799998000264168 ], [ 390678.390152000356466, 585415.19999799982179 ], [ 390678.590152000193484, 585414.399998 ], [ 390678.390152000123635, 585413.999997999868356 ], [ 390677.790152000146918, 585413.799998000031337 ], [ 390677.790152000146918, 585413.19999800005462 ], [ 390679.39015200024005, 585412.799998000031337 ], [ 390680.190152000286616, 585411.999997999984771 ], [ 390680.190152000170201, 585411.599997999961488 ], [ 390681.19015199993737, 585412.19999799982179 ], [ 390682.790152000146918, 585412.19999800005462 ], [ 390684.39015200024005, 585411.399998 ], [ 390684.790152000146918, 585411.999998000101186 ], [ 390686.390152000123635, 585412.399998000124469 ], [ 390687.790152000146918, 585411.599997999961488 ], [ 390689.790152000205126, 585411.399997999891639 ], [ 390689.990152000216767, 585410.199997999938205 ], [ 390690.590152000077069, 585410.599997999961488 ], [ 390692.190152, 585410.599998000077903 ], [ 390692.990152000216767, 585411.399998 ], [ 390692.990152000216767, 585411.799998000031337 ], [ 390693.79015200008871, 585412.19999799982179 ], [ 390695.590152000251692, 585411.599997999961488 ], [ 390698.39015200024005, 585411.999997999868356 ], [ 390699.79015200008871, 585410.999997999868356 ], [ 390700.190152000286616, 585411.799998000031337 ], [ 390700.590152000251692, 585411.799998000031337 ], [ 390701.190152000170201, 585412.399997999891639 ], [ 390702.990152000042144, 585412.199997999938205 ], [ 390705.990152000100352, 585412.399998000124469 ], [ 390707.790152000146918, 585411.799997999914922 ], [ 390708.390152000298258, 585412.599997999961488 ], [ 390709.390152000298258, 585412.999997999984771 ], [ 390713.79015200008871, 585413.199997999938205 ], [ 390713.590152000135276, 585413.599998000077903 ], [ 390711.99015200015856, 585413.799998000147752 ], [ 390711.590152000251692, 585414.399997999891639 ], [ 390709.790152000146918, 585414.599997999845073 ], [ 390709.590152000251692, 585414.999997999868356 ], [ 390711.190152000053786, 585414.999997999984771 ], [ 390711.790152000146918, 585415.399997999891639 ], [ 390713.79015200008871, 585415.599997999961488 ], [ 390715.390152000298258, 585416.19999800005462 ], [ 390715.39015200024005, 585417.199997999938205 ], [ 390714.190152000111993, 585417.99999799975194 ], [ 390715.190152000228409, 585418.199997999938205 ], [ 390715.590152000135276, 585418.599997999961488 ], [ 390715.990152000100352, 585419.799998000031337 ], [ 390714.590152000193484, 585421.19999799982179 ], [ 390715.590152000193484, 585421.399997999891639 ], [ 390715.590152000251692, 585421.799998000031337 ], [ 390716.390152000298258, 585422.399997999775223 ], [ 390716.390152000298258, 585422.999997999868356 ], [ 390715.79015200008871, 585423.999997999984771 ], [ 390715.990152000042144, 585425.799998000031337 ], [ 390715.390152000181843, 585426.399998000124469 ], [ 390715.39015200024005, 585426.799998000031337 ], [ 390714.590152000135276, 585427.399998 ], [ 390715.390152000298258, 585427.999997999984771 ], [ 390715.590152000193484, 585428.799998000147752 ], [ 390715.990152000042144, 585428.999997999984771 ], [ 390715.39015200024005, 585429.199997999938205 ], [ 390713.99015200015856, 585431.999997999984771 ], [ 390713.190152000286616, 585432.399997999891639 ], [ 390712.790152000146918, 585431.799997999914922 ], [ 390711.190152000053786, 585431.399997999891639 ], [ 390710.390152000181843, 585431.999997999984771 ], [ 390709.590152000135276, 585433.399998 ], [ 390708.99015200015856, 585433.399998 ], [ 390708.190152000111993, 585432.999997999868356 ], [ 390707.190152000111993, 585432.999997999984771 ], [ 390706.590152000077069, 585433.399998000124469 ], [ 390704.790152000146918, 585433.399998000124469 ], [ 390703.990152000100352, 585432.799997999914922 ], [ 390703.99015200015856, 585432.199997999938205 ], [ 390703.590152000193484, 585431.999998000101186 ], [ 390703.190152000053786, 585433.599997999961488 ], [ 390703.590152000193484, 585433.999997999984771 ], [ 390705.790152000205126, 585434.399998 ], [ 390705.590152000135276, 585435.399998 ], [ 390702.590152000135276, 585436.199997999938205 ], [ 390701.390152000181843, 585436.19999799982179 ], [ 390700.590152000193484, 585435.799998000147752 ], [ 390700.190152000111993, 585434.799998000031337 ], [ 390699.590152000193484, 585434.399998 ], [ 390697.79015200008871, 585436.19999799982179 ], [ 390693.590152000135276, 585436.399998000124469 ] ] ] } },
{ "type": "Feature", "properties": { "pred_id": "E8_REG_026", "raw_pred_id": "FUSED_026", "dominant_angle_deg": 0.0, "ortho_ratio": 0.196, "is_canonical_rect": false }, "geometry": { "type": "Polygon", "coordinates": [ [ [ 390649.990152000100352, 585351.199997999938205 ], [ 390649.990152000100352, 585429.999997999984771 ], [ 390650.990152000100352, 585429.999997999984771 ], [ 390651.79015200008871, 585430.799998000031337 ], [ 390653.390152000123635, 585430.999997999984771 ], [ 390654.390152000123635, 585430.199997999938205 ], [ 390656.190152000111993, 585429.599997999961488 ], [ 390656.79015200008871, 585428.799998000031337 ], [ 390658.990152000100352, 585429.599997999961488 ], [ 390659.390152000123635, 585428.799998000031337 ], [ 390658.79015200008871, 585427.799998000031337 ], [ 390657.79015200008871, 585427.599997999961488 ], [ 390657.79015200008871, 585427.199997999938205 ], [ 390658.990152000100352, 585426.999997999984771 ], [ 390660.190152000111993, 585424.799998000031337 ], [ 390660.79015200008871, 585424.399998 ], [ 390660.590152000077069, 585419.399998 ], [ 390661.390152000123635, 585416.599997999961488 ], [ 390660.990152000100352, 585415.799998000031337 ], [ 390660.990152000100352, 585406.599997999961488 ], [ 390662.79015200008871, 585406.599997999961488 ], [ 390664.390152000123635, 585404.999997999984771 ], [ 390666.590152000077069, 585404.399998 ], [ 390666.990152000100352, 585403.599997999961488 ], [ 390665.79015200008871, 585402.599997999961488 ], [ 390665.79015200008871, 585402.199997999938205 ], [ 390666.990152000100352, 585401.599997999961488 ], [ 390668.590152000077069, 585399.599997999961488 ], [ 390669.79015200008871, 585398.799998000031337 ], [ 390670.590152000077069, 585398.799998000031337 ], [ 390671.590152000077069, 585397.799998000031337 ], [ 390670.590152000077069, 585396.399998 ], [ 390669.390152000123635, 585396.399998 ], [ 390668.990152000100352, 585395.999997999984771 ], [ 390670.590152000077069, 585395.599997999961488 ], [ 390671.190152000111993, 585394.799998000031337 ], [ 390670.990152000100352, 585392.999997999984771 ], [ 390672.190152000111993, 585391.599997999961488 ], [ 390672.190152000111993, 585390.799998000031337 ], [ 390671.390152000123635, 585389.999997999984771 ], [ 390672.190152000111993, 585388.399998 ], [ 390671.590152000077069, 585386.599997999961488 ], [ 390672.590152000077069, 585385.599997999961488 ], [ 390673.79015200008871, 585385.199997999938205 ], [ 390672.79015200008871, 585384.199997999938205 ], [ 390672.79015200008871, 585383.199997999938205 ], [ 390674.590152000077069, 585382.399998 ], [ 390674.590152000077069, 585381.599997999961488 ], [ 390672.390152000123635, 585381.199997999938205 ], [ 390671.990152000100352, 585380.199997999938205 ], [ 390674.590152000077069, 585378.999997999984771 ], [ 390672.990152000100352, 585377.599997999961488 ], [ 390672.990152000100352, 585377.199997999938205 ], [ 390674.390152000123635, 585376.599997999961488 ], [ 390674.990152000100352, 585375.799998000031337 ], [ 390674.390152000123635, 585374.799998000031337 ], [ 390673.79015200008871, 585374.799998000031337 ], [ 390673.190152000111993, 585374.199997999938205 ], [ 390674.79015200008871, 585372.999997999984771 ], [ 390674.590152000077069, 585371.999997999984771 ], [ 390673.590152000077069, 585370.999997999984771 ], [ 390674.990152000100352, 585370.199997999938205 ], [ 390675.190152000111993, 585369.199997999938205 ], [ 390674.390152000123635, 585368.399998 ], [ 390672.990152000100352, 585368.199997999938205 ], [ 390672.79015200008871, 585367.799998000031337 ], [ 390674.990152000100352, 585366.599997999961488 ], [ 390674.590152000077069, 585365.799998000031337 ], [ 390672.990152000100352, 585364.999997999984771 ], [ 390673.590152000077069, 585364.199997999938205 ], [ 390674.990152000100352, 585363.599997999961488 ], [ 390674.590152000077069, 585362.199997999938205 ], [ 390673.79015200008871, 585361.799998000031337 ], [ 390674.79015200008871, 585360.799998000031337 ], [ 390674.990152000100352, 585359.999997999984771 ], [ 390671.79015200008871, 585358.799998000031337 ], [ 390671.590152000077069, 585358.399998 ], [ 390672.390152000123635, 585357.399998 ], [ 390674.390152000123635, 585357.399998 ], [ 390674.79015200008871, 585356.799998000031337 ], [ 390674.390152000123635, 585355.999997999984771 ], [ 390672.390152000123635, 585356.599997999961488 ], [ 390672.190152000111993, 585355.799998000031337 ], [ 390671.190152000111993, 585354.999997999984771 ], [ 390670.990152000100352, 585353.799998000031337 ], [ 390668.590152000077069, 585352.399998 ], [ 390666.390152000123635, 585352.599997999961488 ], [ 390665.190152000111993, 585351.999997999984771 ], [ 390662.190152000111993, 585351.999997999984771 ], [ 390659.590152000077069, 585351.399998 ], [ 390652.190152000111993, 585351.599997999961488 ], [ 390651.390152000123635, 585351.199997999938205 ], [ 390649.990152000100352, 585351.199997999938205 ] ] ] } }
]
}
