{
"type": "FeatureCollection",
"name": "cluj_regularized_predictions",
"crs": { "type": "name", "properties": { "name": "urn:ogc:def:crs:EPSG::3844" } },
"features": [
{ "type": "Feature", "properties": { "pred_id": "REG_CAD_001", "raw_pred_id": "RAW_SAM2_001", "sam2_score": 0.71624469757080078, "mean_height_m": 3.6364395618438721, "max_height_m": 6.4420204162597656, "reg_area_m2": 41.360000000094296, "vertex_count_raw": 104, "vertex_count_reg": 22, "ortho_ratio_raw": 1.0, "ortho_ratio_reg": 0.045454545454545456, "is_canonical_rect": false }, "geometry": { "type": "Polygon", "coordinates": [ [ [ 390734.190152000111993, 585749.199997999938205 ], [ 390732.79015200008871, 585748.799998000031337 ], [ 390730.79015200008871, 585748.799998000031337 ], [ 390730.590152000077069, 585748.399998 ], [ 390728.79015200008871, 585747.999997999984771 ], [ 390728.590152000077069, 585747.599997999961488 ], [ 390728.990152000100352, 585746.999997999984771 ], [ 390730.190152000111993, 585746.399998 ], [ 390730.590152000077069, 585745.399998 ], [ 390731.590152000077069, 585745.199997999938205 ], [ 390732.390152000123635, 585743.999997999984771 ], [ 390733.390152000123635, 585743.599997999961488 ], [ 390733.390152000123635, 585743.199997999938205 ], [ 390733.990152000100352, 585742.599997999961488 ], [ 390735.390152000123635, 585742.399998 ], [ 390736.190152000111993, 585742.799998000031337 ], [ 390736.190152000111993, 585743.199997999938205 ], [ 390736.990152000100352, 585743.799998000031337 ], [ 390737.390152000123635, 585746.199997999938205 ], [ 390739.190152000111993, 585747.799998000031337 ], [ 390738.79015200008871, 585748.399998 ], [ 390738.190152000111993, 585748.599997999961488 ], [ 390734.190152000111993, 585749.199997999938205 ] ] ] } },
{ "type": "Feature", "properties": { "pred_id": "REG_CAD_002", "raw_pred_id": "RAW_SAM2_002", "sam2_score": 0.23401623964309692, "mean_height_m": 11.415768623352051, "max_height_m": 17.919429779052734, "reg_area_m2": 2346.0200000012242, "vertex_count_raw": 650, "vertex_count_reg": 125, "ortho_ratio_raw": 1.0, "ortho_ratio_reg": 0.088, "is_canonical_rect": false }, "geometry": { "type": "Polygon", "coordinates": [ [ [ 390847.390152000123635, 585748.999997999984771 ], [ 390843.190152000111993, 585748.599997999961488 ], [ 390841.990152000100352, 585748.799998000031337 ], [ 390814.590152000077069, 585748.799998000031337 ], [ 390811.390152000123635, 585748.399998 ], [ 390799.390152000123635, 585748.599997999961488 ], [ 390797.990152000100352, 585747.999997999984771 ], [ 390786.390152000123635, 585747.799998000031337 ], [ 390786.390152000123635, 585747.399998 ], [ 390787.190152000111993, 585746.999997999984771 ], [ 390788.390152000123635, 585746.999997999984771 ], [ 390789.79015200008871, 585747.599997999961488 ], [ 390791.390152000123635, 585746.199997999938205 ], [ 390791.990152000100352, 585746.199997999938205 ], [ 390792.990152000100352, 585746.799998000031337 ], [ 390794.990152000100352, 585746.599997999961488 ], [ 390797.590152000077069, 585746.799998000031337 ], [ 390797.990152000100352, 585746.399998 ], [ 390797.990152000100352, 585742.999997999984771 ], [ 390797.590152000077069, 585740.999997999984771 ], [ 390798.190152000111993, 585739.399998 ], [ 390798.390152000123635, 585736.599997999961488 ], [ 390797.990152000100352, 585735.199997999938205 ], [ 390798.190152000111993, 585731.799998000031337 ], [ 390797.390152000123635, 585730.599997999961488 ], [ 390797.79015200008871, 585728.599997999961488 ], [ 390797.190152000111993, 585727.199997999938205 ], [ 390797.590152000077069, 585726.999997999984771 ], [ 390797.990152000100352, 585725.999997999984771 ], [ 390797.79015200008871, 585723.999997999984771 ], [ 390798.190152000111993, 585723.199997999938205 ], [ 390797.990152000100352, 585721.599997999961488 ], [ 390797.590152000077069, 585720.999997999984771 ], [ 390798.190152000111993, 585719.999997999984771 ], [ 390798.190152000111993, 585717.799998000031337 ], [ 390798.590152000077069, 585716.199997999938205 ], [ 390797.990152000100352, 585714.799998000031337 ], [ 390798.990152000100352, 585712.199997999938205 ], [ 390799.79015200008871, 585711.799998000031337 ], [ 390798.990152000100352, 585708.799998000031337 ], [ 390799.390152000123635, 585707.399998 ], [ 390801.390152000123635, 585706.799998000031337 ], [ 390803.190152000111993, 585708.399998 ], [ 390802.990152000100352, 585709.199997999938205 ], [ 390802.390152000123635, 585709.799998000031337 ], [ 390802.590152000077069, 585711.799998000031337 ], [ 390803.190152000111993, 585712.599997999961488 ], [ 390803.990152000100352, 585712.199997999938205 ], [ 390804.190152000111993, 585711.199997999938205 ], [ 390804.79015200008871, 585710.599997999961488 ], [ 390805.79015200008871, 585710.199997999938205 ], [ 390805.390152000123635, 585709.599997999961488 ], [ 390803.79015200008871, 585708.999997999984771 ], [ 390803.590152000077069, 585708.399998 ], [ 390806.390152000123635, 585706.799998000031337 ], [ 390808.390152000123635, 585706.399998 ], [ 390808.990152000100352, 585705.799998000031337 ], [ 390808.990152000100352, 585705.399998 ], [ 390809.390152000123635, 585705.399998 ], [ 390809.390152000123635, 585705.799998000031337 ], [ 390810.190152000111993, 585706.599997999961488 ], [ 390811.590152000077069, 585706.799998000031337 ], [ 390812.990152000100352, 585705.399998 ], [ 390815.190152000111993, 585705.999997999984771 ], [ 390816.590152000077069, 585704.599997999961488 ], [ 390817.390152000123635, 585704.599997999961488 ], [ 390818.590152000077069, 585705.799998000031337 ], [ 390819.190152000111993, 585705.799998000031337 ], [ 390819.79015200008871, 585705.199997999938205 ], [ 390820.990152000100352, 585704.799998000031337 ], [ 390822.590152000077069, 585705.999997999984771 ], [ 390823.190152000111993, 585705.999997999984771 ], [ 390824.590152000077069, 585704.599997999961488 ], [ 390825.390152000123635, 585704.799998000031337 ], [ 390826.390152000123635, 585705.999997999984771 ], [ 390827.190152000111993, 585705.999997999984771 ], [ 390827.390152000123635, 585705.599997999961488 ], [ 390828.590152000077069, 585704.999997999984771 ], [ 390830.79015200008871, 585705.999997999984771 ], [ 390831.590152000077069, 585704.999997999984771 ], [ 390832.390152000123635, 585704.599997999961488 ], [ 390833.79015200008871, 585705.199997999938205 ], [ 390834.390152000123635, 585705.999997999984771 ], [ 390835.990152000100352, 585705.399998 ], [ 390837.190152000111993, 585705.399998 ], [ 390838.190152000111993, 585705.999997999984771 ], [ 390838.79015200008871, 585705.999997999984771 ], [ 390839.390152000123635, 585705.199997999938205 ], [ 390840.590152000077069, 585704.799998000031337 ], [ 390842.190152000111993, 585706.399998 ], [ 390845.190152000111993, 585706.199997999938205 ], [ 390846.990152000100352, 585707.399998 ], [ 390848.79015200008871, 585707.599997999961488 ], [ 390849.990152000100352, 585707.199997999938205 ], [ 390850.79015200008871, 585707.399998 ], [ 390851.190152000111993, 585708.799998000031337 ], [ 390852.190152000111993, 585709.599997999961488 ], [ 390852.190152000111993, 585711.799998000031337 ], [ 390852.79015200008871, 585712.999997999984771 ], [ 390852.590152000077069, 585715.399998 ], [ 390853.190152000111993, 585716.199997999938205 ], [ 390852.990152000100352, 585721.199997999938205 ], [ 390853.390152000123635, 585721.999997999984771 ], [ 390854.190152000111993, 585722.599997999961488 ], [ 390853.590152000077069, 585723.999997999984771 ], [ 390853.590152000077069, 585725.999997999984771 ], [ 390853.190152000111993, 585726.799998000031337 ], [ 390853.590152000077069, 585728.399998 ], [ 390854.190152000111993, 585728.799998000031337 ], [ 390853.390152000123635, 585730.399998 ], [ 390853.79015200008871, 585732.199997999938205 ], [ 390853.190152000111993, 585733.399998 ], [ 390853.590152000077069, 585734.399998 ], [ 390854.190152000111993, 585734.799998000031337 ], [ 390854.190152000111993, 585735.599997999961488 ], [ 390853.390152000123635, 585736.399998 ], [ 390853.590152000077069, 585738.599997999961488 ], [ 390852.990152000100352, 585739.599997999961488 ], [ 390853.390152000123635, 585740.999997999984771 ], [ 390852.990152000100352, 585743.399998 ], [ 390853.79015200008871, 585744.399998 ], [ 390853.190152000111993, 585746.399998 ], [ 390853.79015200008871, 585747.199997999938205 ], [ 390853.79015200008871, 585747.799998000031337 ], [ 390852.390152000123635, 585748.599997999961488 ], [ 390847.390152000123635, 585748.999997999984771 ] ] ] } },
{ "type": "Feature", "properties": { "pred_id": "REG_CAD_003", "raw_pred_id": "RAW_SAM2_003", "sam2_score": 0.67455863952636719, "mean_height_m": 8.2943706512451172, "max_height_m": 18.534515380859375, "reg_area_m2": 641.64000000020258, "vertex_count_raw": 208, "vertex_count_reg": 36, "ortho_ratio_raw": 1.0, "ortho_ratio_reg": 0.083333333333333329, "is_canonical_rect": false }, "geometry": { "type": "Polygon", "coordinates": [ [ [ 390879.390152000123635, 585749.999997999984771 ], [ 390879.390152000123635, 585748.999997999984771 ], [ 390878.79015200008871, 585747.799998000031337 ], [ 390878.590152000077069, 585734.999997999984771 ], [ 390879.390152000123635, 585731.399998 ], [ 390881.390152000123635, 585730.399998 ], [ 390886.390152000123635, 585731.199997999938205 ], [ 390888.190152000111993, 585732.399998 ], [ 390889.190152000111993, 585732.399998 ], [ 390891.190152000111993, 585733.199997999938205 ], [ 390893.390152000123635, 585733.599997999961488 ], [ 390894.590152000077069, 585734.199997999938205 ], [ 390894.990152000100352, 585734.999997999984771 ], [ 390897.390152000123635, 585734.999997999984771 ], [ 390898.190152000111993, 585736.599997999961488 ], [ 390901.590152000077069, 585737.399998 ], [ 390902.590152000077069, 585738.399998 ], [ 390906.990152000100352, 585738.399998 ], [ 390907.190152000111993, 585738.799998000031337 ], [ 390908.79015200008871, 585739.599997999961488 ], [ 390910.990152000100352, 585739.799998000031337 ], [ 390911.990152000100352, 585740.399998 ], [ 390916.190152000111993, 585741.199997999938205 ], [ 390917.79015200008871, 585742.799998000031337 ], [ 390925.79015200008871, 585744.199997999938205 ], [ 390926.390152000123635, 585744.399998 ], [ 390926.990152000100352, 585745.199997999938205 ], [ 390928.390152000123635, 585745.799998000031337 ], [ 390930.390152000123635, 585745.999997999984771 ], [ 390931.79015200008871, 585746.799998000031337 ], [ 390934.990152000100352, 585747.199997999938205 ], [ 390935.79015200008871, 585747.599997999961488 ], [ 390935.79015200008871, 585747.999997999984771 ], [ 390936.79015200008871, 585748.999997999984771 ], [ 390937.190152000111993, 585748.999997999984771 ], [ 390937.190152000111993, 585749.999997999984771 ], [ 390879.390152000123635, 585749.999997999984771 ] ] ] } },
{ "type": "Feature", "properties": { "pred_id": "REG_CAD_004", "raw_pred_id": "RAW_SAM2_004", "sam2_score": 0.60055404901504517, "mean_height_m": 13.517069816589355, "max_height_m": 88.470840454101562, "reg_area_m2": 21511.22, "vertex_count_raw": 5796, "vertex_count_reg": 1439, "ortho_ratio_raw": 1.0, "ortho_ratio_reg": 0.13342599027102153, "is_canonical_rect": false }, "geometry": { "type": "Polygon", "coordinates": [ [ [ 391057.79015200008871, 585749.999997999984771 ], [ 391057.79015200008871, 585749.199997999938205 ], [ 391057.190152000111993, 585748.999997999984771 ], [ 391056.590152000077069, 585748.199997999938205 ], [ 391056.79015200008871, 585746.599997999961488 ], [ 391056.590152000077069, 585743.999997999984771 ], [ 391057.190152000111993, 585743.199997999938205 ], [ 391057.79015200008871, 585743.199997999938205 ], [ 391058.190152000111993, 585742.799998000031337 ], [ 391057.190152000111993, 585742.799998000031337 ], [ 391056.190152000111993, 585741.999997999984771 ], [ 391056.190152000111993, 585740.799998000031337 ], [ 391056.79015200008871, 585739.799998000031337 ], [ 391056.190152000111993, 585739.199997999938205 ], [ 391055.990152000100352, 585737.999997999984771 ], [ 391056.590152000077069, 585737.399998 ], [ 391056.79015200008871, 585736.599997999961488 ], [ 391055.79015200008871, 585735.599997999961488 ], [ 391055.590152000077069, 585734.199997999938205 ], [ 391055.190152000111993, 585733.599997999961488 ], [ 391055.79015200008871, 585733.199997999938205 ], [ 391056.190152000111993, 585731.599997999961488 ], [ 391056.590152000077069, 585731.199997999938205 ], [ 391058.590152000077069, 585730.799998000031337 ], [ 391058.990152000100352, 585729.999997999984771 ], [ 391059.590152000077069, 585729.999997999984771 ], [ 391059.990152000100352, 585729.599997999961488 ], [ 391059.990152000100352, 585728.799998000031337 ], [ 391059.390152000123635, 585728.199997999938205 ], [ 391058.590152000077069, 585728.199997999938205 ], [ 391057.590152000077069, 585729.199997999938205 ], [ 391056.990152000100352, 585729.199997999938205 ], [ 391056.79015200008871, 585728.799998000031337 ], [ 391057.190152000111993, 585727.399998 ], [ 391055.79015200008871, 585726.399998 ], [ 391055.79015200008871, 585725.399998 ], [ 391058.390152000123635, 585724.399998 ], [ 391057.990152000100352, 585723.599997999961488 ], [ 391056.390152000123635, 585723.399998 ], [ 391055.190152000111993, 585722.799998000031337 ], [ 391054.590152000077069, 585723.399998 ], [ 391052.990152000100352, 585723.799998000031337 ], [ 391052.190152000111993, 585722.999997999984771 ], [ 391052.390152000123635, 585721.799998000031337 ], [ 391053.190152000111993, 585721.399998 ], [ 391054.390152000123635, 585721.599997999961488 ], [ 391055.390152000123635, 585722.399998 ], [ 391055.990152000100352, 585721.599997999961488 ], [ 391057.390152000123635, 585721.199997999938205 ], [ 391056.390152000123635, 585720.399998 ], [ 391056.190152000111993, 585718.799998000031337 ], [ 391053.190152000111993, 585718.599997999961488 ], [ 391052.590152000077069, 585718.199997999938205 ], [ 391051.190152000111993, 585717.999997999984771 ], [ 391051.190152000111993, 585717.599997999961488 ], [ 391051.79015200008871, 585717.199997999938205 ], [ 391051.990152000100352, 585716.199997999938205 ], [ 391052.590152000077069, 585715.599997999961488 ], [ 391054.190152000111993, 585715.599997999961488 ], [ 391054.79015200008871, 585715.999997999984771 ], [ 391055.190152000111993, 585716.799998000031337 ], [ 391056.190152000111993, 585715.999997999984771 ], [ 391057.990152000100352, 585715.799998000031337 ], [ 391058.390152000123635, 585715.399998 ], [ 391058.590152000077069, 585713.999997999984771 ], [ 391059.190152000111993, 585713.199997999938205 ], [ 391058.190152000111993, 585712.399998 ], [ 391057.990152000100352, 585711.399998 ], [ 391057.190152000111993, 585711.199997999938205 ], [ 391055.79015200008871, 585709.399998 ], [ 391050.990152000100352, 585709.799998000031337 ], [ 391049.990152000100352, 585710.399998 ], [ 391048.990152000100352, 585710.399998 ], [ 391047.990152000100352, 585709.599997999961488 ], [ 391045.190152000111993, 585709.999997999984771 ], [ 391044.390152000123635, 585709.399998 ], [ 391042.990152000100352, 585708.999997999984771 ], [ 391042.590152000077069, 585708.599997999961488 ], [ 391042.390152000123635, 585707.599997999961488 ], [ 391041.390152000123635, 585707.199997999938205 ], [ 391041.390152000123635, 585706.799998000031337 ], [ 391042.590152000077069, 585706.199997999938205 ], [ 391043.190152000111993, 585705.399998 ], [ 391041.990152000100352, 585704.999997999984771 ], [ 391040.390152000123635, 585704.999997999984771 ], [ 391039.590152000077069, 585705.599997999961488 ], [ 391039.390152000123635, 585703.999997999984771 ], [ 391038.79015200008871, 585703.799998000031337 ], [ 391038.590152000077069, 585702.799998000031337 ], [ 391038.79015200008871, 585700.599997999961488 ], [ 391039.390152000123635, 585699.599997999961488 ], [ 391039.390152000123635, 585698.799998000031337 ], [ 391039.990152000100352, 585697.999997999984771 ], [ 391039.990152000100352, 585696.399998 ], [ 391040.590152000077069, 585696.199997999938205 ], [ 391040.390152000123635, 585694.399998 ], [ 391040.990152000100352, 585693.799998000031337 ], [ 391042.79015200008871, 585693.599997999961488 ], [ 391043.390152000123635, 585692.599997999961488 ], [ 391043.79015200008871, 585692.799998000031337 ], [ 391043.79015200008871, 585693.599997999961488 ], [ 391044.190152000111993, 585693.999997999984771 ], [ 391046.390152000123635, 585694.399998 ], [ 391046.190152000111993, 585694.999997999984771 ], [ 391044.79015200008871, 585695.399998 ], [ 391044.390152000123635, 585695.999997999984771 ], [ 391044.79015200008871, 585697.199997999938205 ], [ 391045.79015200008871, 585697.199997999938205 ], [ 391046.190152000111993, 585697.599997999961488 ], [ 391045.79015200008871, 585698.199997999938205 ], [ 391044.79015200008871, 585698.199997999938205 ], [ 391044.390152000123635, 585698.599997999961488 ], [ 391044.990152000100352, 585702.199997999938205 ], [ 391045.390152000123635, 585702.599997999961488 ], [ 391046.990152000100352, 585702.399998 ], [ 391047.590152000077069, 585701.799998000031337 ], [ 391047.79015200008871, 585700.199997999938205 ], [ 391047.190152000111993, 585699.199997999938205 ], [ 391047.79015200008871, 585698.599997999961488 ], [ 391047.79015200008871, 585696.799998000031337 ], [ 391046.990152000100352, 585695.999997999984771 ], [ 391047.990152000100352, 585695.199997999938205 ], [ 391047.990152000100352, 585694.599997999961488 ], [ 391048.390152000123635, 585694.199997999938205 ], [ 391050.390152000123635, 585693.799998000031337 ], [ 391050.990152000100352, 585693.199997999938205 ], [ 391050.990152000100352, 585691.599997999961488 ], [ 391049.390152000123635, 585691.199997999938205 ], [ 391048.990152000100352, 585690.199997999938205 ], [ 391048.590152000077069, 585689.999997999984771 ], [ 391048.590152000077069, 585688.199997999938205 ], [ 391049.190152000111993, 585687.599997999961488 ], [ 391051.590152000077069, 585687.599997999961488 ], [ 391052.990152000100352, 585686.799998000031337 ], [ 391052.390152000123635, 585685.799998000031337 ], [ 391052.390152000123635, 585684.799998000031337 ], [ 391051.990152000100352, 585684.399998 ], [ 391050.590152000077069, 585684.199997999938205 ], [ 391049.79015200008871, 585683.399998 ], [ 391048.990152000100352, 585683.199997999938205 ], [ 391047.590152000077069, 585681.599997999961488 ], [ 391045.390152000123635, 585681.999997999984771 ], [ 391044.390152000123635, 585680.399998 ], [ 391044.390152000123635, 585677.799998000031337 ], [ 391044.79015200008871, 585676.999997999984771 ], [ 391044.79015200008871, 585675.599997999961488 ], [ 391044.190152000111993, 585674.799998000031337 ], [ 391042.79015200008871, 585674.399998 ], [ 391042.79015200008871, 585673.399998 ], [ 391043.79015200008871, 585672.799998000031337 ], [ 391044.390152000123635, 585669.399998 ], [ 391042.590152000077069, 585668.999997999984771 ], [ 391041.590152000077069, 585668.199997999938205 ], [ 391039.990152000100352, 585668.599997999961488 ], [ 391039.390152000123635, 585668.399998 ], [ 391039.590152000077069, 585666.999997999984771 ], [ 391040.79015200008871, 585666.999997999984771 ], [ 391041.590152000077069, 585667.399998 ], [ 391042.190152000111993, 585666.599997999961488 ], [ 391042.990152000100352, 585666.399998 ], [ 391043.390152000123635, 585664.399998 ], [ 391044.190152000111993, 585664.399998 ], [ 391044.79015200008871, 585665.199997999938205 ], [ 391045.990152000100352, 585665.199997999938205 ], [ 391046.590152000077069, 585664.199997999938205 ], [ 391047.79015200008871, 585663.999997999984771 ], [ 391047.990152000100352, 585663.199997999938205 ], [ 391048.990152000100352, 585662.199997999938205 ], [ 391050.390152000123635, 585661.799998000031337 ], [ 391050.390152000123635, 585661.399998 ], [ 391049.190152000111993, 585661.199997999938205 ], [ 391048.390152000123635, 585660.199997999938205 ], [ 391045.79015200008871, 585659.399998 ], [ 391043.390152000123635, 585657.999997999984771 ], [ 391040.79015200008871, 585657.399998 ], [ 391037.590152000077069, 585657.399998 ], [ 391036.990152000100352, 585656.799998000031337 ], [ 391036.590152000077069, 585653.599997999961488 ], [ 391035.79015200008871, 585652.199997999938205 ], [ 391036.79015200008871, 585650.999997999984771 ], [ 391036.79015200008871, 585650.599997999961488 ], [ 391037.590152000077069, 585650.199997999938205 ], [ 391038.190152000111993, 585649.399998 ], [ 391038.390152000123635, 585647.399998 ], [ 391037.990152000100352, 585646.199997999938205 ], [ 391037.79015200008871, 585645.799998000031337 ], [ 391036.79015200008871, 585645.599997999961488 ], [ 391036.590152000077069, 585644.399998 ], [ 391035.390152000123635, 585642.999997999984771 ], [ 391035.190152000111993, 585642.199997999938205 ], [ 391034.190152000111993, 585641.799998000031337 ], [ 391032.79015200008871, 585641.799998000031337 ], [ 391031.79015200008871, 585639.999997999984771 ], [ 391029.590152000077069, 585639.799998000031337 ], [ 391029.190152000111993, 585640.199997999938205 ], [ 391027.590152000077069, 585640.199997999938205 ], [ 391027.390152000123635, 585639.599997999961488 ], [ 391028.390152000123635, 585639.199997999938205 ], [ 391028.79015200008871, 585638.599997999961488 ], [ 391028.79015200008871, 585638.199997999938205 ], [ 391027.990152000100352, 585637.799998000031337 ], [ 391025.590152000077069, 585637.999997999984771 ], [ 391025.190152000111993, 585638.399998 ], [ 391025.190152000111993, 585640.599997999961488 ], [ 391024.590152000077069, 585641.199997999938205 ], [ 391023.79015200008871, 585641.199997999938205 ], [ 391023.79015200008871, 585641.599997999961488 ], [ 391024.590152000077069, 585641.599997999961488 ], [ 391024.990152000100352, 585641.999997999984771 ], [ 391025.190152000111993, 585643.199997999938205 ], [ 391025.990152000100352, 585643.999997999984771 ], [ 391027.390152000123635, 585643.799998000031337 ], [ 391027.79015200008871, 585643.399998 ], [ 391027.79015200008871, 585642.799998000031337 ], [ 391029.390152000123635, 585642.199997999938205 ], [ 391029.79015200008871, 585641.599997999961488 ], [ 391031.79015200008871, 585642.399998 ], [ 391031.990152000100352, 585643.599997999961488 ], [ 391031.590152000077069, 585643.999997999984771 ], [ 391031.590152000077069, 585644.799998000031337 ], [ 391032.390152000123635, 585645.399998 ], [ 391032.590152000077069, 585645.999997999984771 ], [ 391032.390152000123635, 585647.799998000031337 ], [ 391032.79015200008871, 585649.999997999984771 ], [ 391033.79015200008871, 585650.199997999938205 ], [ 391034.390152000123635, 585650.799998000031337 ], [ 391034.190152000111993, 585651.599997999961488 ], [ 391033.190152000111993, 585652.399998 ], [ 391032.390152000123635, 585652.399998 ], [ 391030.990152000100352, 585652.999997999984771 ], [ 391029.990152000100352, 585654.799998000031337 ], [ 391029.590152000077069, 585654.599997999961488 ], [ 391029.390152000123635, 585653.799998000031337 ], [ 391028.590152000077069, 585653.199997999938205 ], [ 391027.390152000123635, 585653.199997999938205 ], [ 391026.590152000077069, 585653.599997999961488 ], [ 391026.190152000111993, 585654.399998 ], [ 391025.79015200008871, 585654.399998 ], [ 391025.390152000123635, 585653.399998 ], [ 391024.79015200008871, 585652.999997999984771 ], [ 391022.79015200008871, 585652.999997999984771 ], [ 391020.990152000100352, 585652.399998 ], [ 391021.79015200008871, 585651.799998000031337 ], [ 391021.990152000100352, 585650.999997999984771 ], [ 391024.190152000111993, 585651.199997999938205 ], [ 391024.390152000123635, 585650.599997999961488 ], [ 391021.990152000100352, 585650.599997999961488 ], [ 391021.79015200008871, 585650.199997999938205 ], [ 391021.190152000111993, 585649.999997999984771 ], [ 391019.590152000077069, 585649.999997999984771 ], [ 391018.79015200008871, 585650.199997999938205 ], [ 391017.990152000100352, 585650.999997999984771 ], [ 391017.590152000077069, 585650.599997999961488 ], [ 391014.390152000123635, 585650.199997999938205 ], [ 391012.190152000111993, 585647.599997999961488 ], [ 391007.990152000100352, 585646.199997999938205 ], [ 391007.990152000100352, 585645.799998000031337 ], [ 391008.390152000123635, 585645.799998000031337 ], [ 391008.79015200008871, 585645.199997999938205 ], [ 391008.590152000077069, 585644.199997999938205 ], [ 391007.190152000111993, 585644.199997999938205 ], [ 391006.390152000123635, 585644.599997999961488 ], [ 391005.590152000077069, 585643.399998 ], [ 391004.590152000077069, 585642.999997999984771 ], [ 391005.79015200008871, 585641.799998000031337 ], [ 391005.79015200008871, 585641.199997999938205 ], [ 391003.79015200008871, 585640.799998000031337 ], [ 391003.390152000123635, 585640.399998 ], [ 391003.590152000077069, 585638.999997999984771 ], [ 391004.390152000123635, 585638.399998 ], [ 391004.990152000100352, 585638.399998 ], [ 391003.79015200008871, 585637.399998 ], [ 391003.590152000077069, 585636.599997999961488 ], [ 391004.590152000077069, 585635.799998000031337 ], [ 391005.390152000123635, 585635.799998000031337 ], [ 391005.990152000100352, 585635.199997999938205 ], [ 391006.190152000111993, 585634.399998 ], [ 391007.590152000077069, 585634.599997999961488 ], [ 391008.390152000123635, 585635.199997999938205 ], [ 391008.590152000077069, 585633.799998000031337 ], [ 391008.990152000100352, 585633.199997999938205 ], [ 391008.990152000100352, 585631.599997999961488 ], [ 391008.390152000123635, 585630.799998000031337 ], [ 391007.79015200008871, 585630.799998000031337 ], [ 391007.590152000077069, 585630.199997999938205 ], [ 391008.590152000077069, 585629.199997999938205 ], [ 391008.590152000077069, 585627.399998 ], [ 391009.190152000111993, 585626.799998000031337 ], [ 391009.390152000123635, 585625.399998 ], [ 391008.79015200008871, 585624.599997999961488 ], [ 391006.590152000077069, 585624.599997999961488 ], [ 391005.990152000100352, 585624.999997999984771 ], [ 391004.190152000111993, 585624.999997999984771 ], [ 391002.390152000123635, 585625.599997999961488 ], [ 391001.79015200008871, 585624.399998 ], [ 391002.190152000111993, 585622.199997999938205 ], [ 391001.390152000123635, 585620.399998 ], [ 391001.390152000123635, 585617.399998 ], [ 391001.590152000077069, 585615.599997999961488 ], [ 391003.190152000111993, 585614.799998000031337 ], [ 391003.190152000111993, 585613.199997999938205 ], [ 391002.590152000077069, 585613.199997999938205 ], [ 391001.990152000100352, 585612.199997999938205 ], [ 391001.79015200008871, 585609.399998 ], [ 391001.190152000111993, 585608.599997999961488 ], [ 391001.390152000123635, 585608.199997999938205 ], [ 391001.190152000111993, 585606.399998 ], [ 390999.990152000100352, 585606.199997999938205 ], [ 390998.990152000100352, 585606.999997999984771 ], [ 390998.79015200008871, 585607.599997999961488 ], [ 390998.390152000123635, 585607.599997999961488 ], [ 390997.190152000111993, 585605.799998000031337 ], [ 390997.990152000100352, 585603.999997999984771 ], [ 390997.79015200008871, 585600.599997999961488 ], [ 390998.190152000111993, 585600.599997999961488 ], [ 390998.79015200008871, 585599.999997999984771 ], [ 390999.390152000123635, 585599.999997999984771 ], [ 390999.590152000077069, 585599.199997999938205 ], [ 391000.390152000123635, 585598.399998 ], [ 391000.990152000100352, 585598.399998 ], [ 391001.79015200008871, 585598.999997999984771 ], [ 391001.79015200008871, 585599.799998000031337 ], [ 391002.190152000111993, 585600.199997999938205 ], [ 391004.590152000077069, 585600.199997999938205 ], [ 391005.190152000111993, 585601.199997999938205 ], [ 391007.390152000123635, 585602.199997999938205 ], [ 391006.990152000100352, 585604.399998 ], [ 391007.590152000077069, 585605.199997999938205 ], [ 391008.390152000123635, 585605.399998 ], [ 391008.79015200008871, 585608.799998000031337 ], [ 391009.390152000123635, 585609.599997999961488 ], [ 391011.990152000100352, 585609.799998000031337 ], [ 391013.590152000077069, 585608.799998000031337 ], [ 391013.79015200008871, 585606.999997999984771 ], [ 391012.990152000100352, 585605.999997999984771 ], [ 391011.990152000100352, 585605.599997999961488 ], [ 391012.390152000123635, 585603.799998000031337 ], [ 391011.190152000111993, 585603.399998 ], [ 391010.190152000111993, 585602.399998 ], [ 391009.79015200008871, 585602.399998 ], [ 391008.990152000100352, 585600.999997999984771 ], [ 391010.590152000077069, 585597.799998000031337 ], [ 391010.590152000077069, 585595.199997999938205 ], [ 391011.190152000111993, 585593.399998 ], [ 391011.190152000111993, 585591.999997999984771 ], [ 391011.590152000077069, 585591.599997999961488 ], [ 391011.390152000123635, 585589.399998 ], [ 391010.590152000077069, 585588.199997999938205 ], [ 391013.390152000123635, 585586.999997999984771 ], [ 391013.990152000100352, 585586.399998 ], [ 391014.590152000077069, 585584.799998000031337 ], [ 391014.990152000100352, 585582.199997999938205 ], [ 391014.590152000077069, 585580.199997999938205 ], [ 391015.390152000123635, 585579.199997999938205 ], [ 391016.190152000111993, 585578.799998000031337 ], [ 391016.590152000077069, 585577.399998 ], [ 391017.590152000077069, 585575.999997999984771 ], [ 391017.79015200008871, 585574.999997999984771 ], [ 391018.190152000111993, 585574.999997999984771 ], [ 391018.590152000077069, 585574.399998 ], [ 391018.590152000077069, 585573.799998000031337 ], [ 391017.990152000100352, 585573.199997999938205 ], [ 391017.390152000123635, 585574.799998000031337 ], [ 391015.590152000077069, 585574.799998000031337 ], [ 391014.79015200008871, 585574.199997999938205 ], [ 391014.79015200008871, 585573.399998 ], [ 391014.390152000123635, 585572.999997999984771 ], [ 391013.79015200008871, 585572.999997999984771 ], [ 391013.390152000123635, 585572.399998 ], [ 391011.79015200008871, 585572.399998 ], [ 391011.590152000077069, 585572.599997999961488 ], [ 391011.79015200008871, 585573.199997999938205 ], [ 391013.190152000111993, 585573.399998 ], [ 391013.390152000123635, 585574.199997999938205 ], [ 391012.390152000123635, 585575.199997999938205 ], [ 391011.590152000077069, 585574.799998000031337 ], [ 391010.79015200008871, 585573.799998000031337 ], [ 391009.990152000100352, 585573.399998 ], [ 391009.79015200008871, 585572.399998 ], [ 391009.190152000111993, 585571.799998000031337 ], [ 391007.390152000123635, 585571.399998 ], [ 391006.990152000100352, 585570.599997999961488 ], [ 391005.990152000100352, 585569.999997999984771 ], [ 391005.590152000077069, 585568.999997999984771 ], [ 391005.590152000077069, 585567.599997999961488 ], [ 391006.390152000123635, 585565.999997999984771 ], [ 391006.390152000123635, 585565.199997999938205 ], [ 391008.590152000077069, 585563.399998 ], [ 391011.190152000111993, 585562.999997999984771 ], [ 391012.190152000111993, 585561.199997999938205 ], [ 391012.990152000100352, 585561.399998 ], [ 391013.190152000111993, 585561.999997999984771 ], [ 391013.990152000100352, 585562.599997999961488 ], [ 391015.390152000123635, 585562.399998 ], [ 391016.390152000123635, 585561.599997999961488 ], [ 391016.390152000123635, 585561.999997999984771 ], [ 391016.990152000100352, 585562.399998 ], [ 391019.79015200008871, 585563.199997999938205 ], [ 391019.79015200008871, 585563.799998000031337 ], [ 391020.190152000111993, 585563.799998000031337 ], [ 391020.590152000077069, 585564.999997999984771 ], [ 391019.79015200008871, 585564.999997999984771 ], [ 391019.590152000077069, 585563.999997999984771 ], [ 391017.590152000077069, 585563.999997999984771 ], [ 391016.79015200008871, 585564.599997999961488 ], [ 391016.590152000077069, 585565.599997999961488 ], [ 391015.590152000077069, 585565.599997999961488 ], [ 391014.990152000100352, 585564.599997999961488 ], [ 391014.190152000111993, 585564.199997999938205 ], [ 391013.79015200008871, 585565.399998 ], [ 391014.590152000077069, 585566.199997999938205 ], [ 391014.590152000077069, 585566.599997999961488 ], [ 391013.590152000077069, 585566.799998000031337 ], [ 391013.190152000111993, 585566.199997999938205 ], [ 391012.190152000111993, 585566.199997999938205 ], [ 391011.990152000100352, 585566.599997999961488 ], [ 391013.390152000123635, 585566.799998000031337 ], [ 391013.390152000123635, 585567.999997999984771 ], [ 391013.79015200008871, 585568.399998 ], [ 391014.990152000100352, 585568.399998 ], [ 391015.79015200008871, 585567.399998 ], [ 391016.390152000123635, 585567.399998 ], [ 391016.79015200008871, 585568.799998000031337 ], [ 391017.590152000077069, 585569.399998 ], [ 391018.390152000123635, 585569.399998 ], [ 391019.79015200008871, 585568.199997999938205 ], [ 391019.990152000100352, 585567.599997999961488 ], [ 391021.390152000123635, 585566.999997999984771 ], [ 391021.590152000077069, 585566.199997999938205 ], [ 391022.590152000077069, 585565.599997999961488 ], [ 391023.390152000123635, 585563.599997999961488 ], [ 391025.190152000111993, 585562.599997999961488 ], [ 391026.990152000100352, 585562.199997999938205 ], [ 391027.79015200008871, 585560.999997999984771 ], [ 391029.190152000111993, 585562.399998 ], [ 391029.79015200008871, 585562.599997999961488 ], [ 391030.990152000100352, 585562.399998 ], [ 391031.390152000123635, 585561.999997999984771 ], [ 391033.990152000100352, 585562.399998 ], [ 391034.79015200008871, 585561.999997999984771 ], [ 391035.590152000077069, 585560.999997999984771 ], [ 391035.990152000100352, 585560.999997999984771 ], [ 391036.390152000123635, 585561.799998000031337 ], [ 391037.190152000111993, 585562.199997999938205 ], [ 391040.190152000111993, 585562.199997999938205 ], [ 391040.590152000077069, 585561.799998000031337 ], [ 391040.390152000123635, 585560.399998 ], [ 391039.79015200008871, 585559.799998000031337 ], [ 391037.390152000123635, 585559.999997999984771 ], [ 391036.990152000100352, 585559.599997999961488 ], [ 391035.990152000100352, 585559.399998 ], [ 391033.390152000123635, 585559.399998 ], [ 391032.79015200008871, 585558.799998000031337 ], [ 391032.590152000077069, 585555.199997999938205 ], [ 391032.990152000100352, 585554.999997999984771 ], [ 391033.390152000123635, 585553.599997999961488 ], [ 391034.390152000123635, 585553.199997999938205 ], [ 391034.990152000100352, 585552.199997999938205 ], [ 391033.79015200008871, 585551.599997999961488 ], [ 391032.79015200008871, 585552.199997999938205 ], [ 391032.390152000123635, 585552.999997999984771 ], [ 391031.590152000077069, 585552.999997999984771 ], [ 391030.79015200008871, 585551.599997999961488 ], [ 391029.190152000111993, 585551.199997999938205 ], [ 391028.990152000100352, 585550.399998 ], [ 391028.390152000123635, 585549.999997999984771 ], [ 391026.390152000123635, 585550.199997999938205 ], [ 391025.990152000100352, 585550.799998000031337 ], [ 391025.390152000123635, 585550.399998 ], [ 391023.190152000111993, 585550.399998 ], [ 391022.590152000077069, 585551.399998 ], [ 391021.590152000077069, 585551.599997999961488 ], [ 391021.390152000123635, 585552.599997999961488 ], [ 391020.79015200008871, 585553.199997999938205 ], [ 391019.79015200008871, 585553.199997999938205 ], [ 391019.190152000111993, 585553.799998000031337 ], [ 391019.390152000123635, 585554.399998 ], [ 391019.990152000100352, 585554.799998000031337 ], [ 391021.79015200008871, 585554.799998000031337 ], [ 391021.990152000100352, 585554.999997999984771 ], [ 391021.79015200008871, 585555.799998000031337 ], [ 391019.590152000077069, 585556.199997999938205 ], [ 391018.390152000123635, 585557.399998 ], [ 391017.590152000077069, 585557.399998 ], [ 391017.390152000123635, 585556.799998000031337 ], [ 391015.79015200008871, 585556.399998 ], [ 391015.190152000111993, 585556.599997999961488 ], [ 391014.590152000077069, 585557.599997999961488 ], [ 391014.190152000111993, 585557.599997999961488 ], [ 391013.79015200008871, 585556.999997999984771 ], [ 391013.990152000100352, 585555.199997999938205 ], [ 391013.590152000077069, 585553.799998000031337 ], [ 391014.590152000077069, 585552.799998000031337 ], [ 391014.79015200008871, 585551.199997999938205 ], [ 391015.79015200008871, 585550.599997999961488 ], [ 391015.190152000111993, 585550.599997999961488 ], [ 391014.79015200008871, 585550.199997999938205 ], [ 391014.590152000077069, 585548.999997999984771 ], [ 391013.590152000077069, 585547.999997999984771 ], [ 391013.590152000077069, 585547.199997999938205 ], [ 391014.990152000100352, 585546.999997999984771 ], [ 391015.190152000111993, 585548.199997999938205 ], [ 391016.590152000077069, 585548.399998 ], [ 391017.190152000111993, 585547.799998000031337 ], [ 391016.79015200008871, 585546.999997999984771 ], [ 391015.190152000111993, 585546.999997999984771 ], [ 391014.990152000100352, 585545.599997999961488 ], [ 391014.190152000111993, 585545.199997999938205 ], [ 391013.390152000123635, 585545.599997999961488 ], [ 391013.190152000111993, 585546.399998 ], [ 391012.590152000077069, 585546.799998000031337 ], [ 391011.190152000111993, 585546.399998 ], [ 391010.79015200008871, 585545.799998000031337 ], [ 391009.990152000100352, 585545.799998000031337 ], [ 391009.590152000077069, 585545.999997999984771 ], [ 391009.190152000111993, 585547.599997999961488 ], [ 391008.390152000123635, 585548.199997999938205 ], [ 391006.590152000077069, 585547.999997999984771 ], [ 391006.190152000111993, 585547.599997999961488 ], [ 391007.390152000123635, 585546.799998000031337 ], [ 391007.390152000123635, 585545.799998000031337 ], [ 391006.990152000100352, 585545.199997999938205 ], [ 391005.990152000100352, 585544.999997999984771 ], [ 391005.390152000123635, 585545.199997999938205 ], [ 391004.990152000100352, 585546.399998 ], [ 391003.590152000077069, 585546.399998 ], [ 391002.390152000123635, 585545.799998000031337 ], [ 391001.190152000111993, 585546.599997999961488 ], [ 390998.590152000077069, 585546.399998 ], [ 390998.190152000111993, 585546.999997999984771 ], [ 390996.190152000111993, 585547.199997999938205 ], [ 390995.390152000123635, 585547.399998 ], [ 390995.190152000111993, 585547.799998000031337 ], [ 390994.590152000077069, 585547.799998000031337 ], [ 390994.590152000077069, 585545.799998000031337 ], [ 390994.990152000100352, 585544.599997999961488 ], [ 390995.390152000123635, 585544.399998 ], [ 390995.590152000077069, 585542.799998000031337 ], [ 390994.79015200008871, 585542.599997999961488 ], [ 390994.390152000123635, 585541.799998000031337 ], [ 390994.590152000077069, 585540.599997999961488 ], [ 390995.390152000123635, 585540.199997999938205 ], [ 390995.390152000123635, 585539.399998 ], [ 390995.190152000111993, 585538.999997999984771 ], [ 390994.590152000077069, 585538.799998000031337 ], [ 390994.390152000123635, 585538.199997999938205 ], [ 390996.79015200008871, 585538.399998 ], [ 390997.990152000100352, 585537.999997999984771 ], [ 391000.590152000077069, 585537.999997999984771 ], [ 391001.79015200008871, 585537.399998 ], [ 391006.590152000077069, 585537.399998 ], [ 391007.79015200008871, 585537.799998000031337 ], [ 391009.190152000111993, 585537.599997999961488 ], [ 391014.79015200008871, 585537.799998000031337 ], [ 391015.79015200008871, 585538.199997999938205 ], [ 391016.590152000077069, 585538.199997999938205 ], [ 391017.190152000111993, 585537.799998000031337 ], [ 391020.990152000100352, 585537.799998000031337 ], [ 391022.990152000100352, 585538.199997999938205 ], [ 391023.190152000111993, 585538.799998000031337 ], [ 391023.79015200008871, 585538.999997999984771 ], [ 391024.390152000123635, 585538.599997999961488 ], [ 391024.390152000123635, 585538.199997999938205 ], [ 391025.590152000077069, 585537.799998000031337 ], [ 391029.79015200008871, 585538.199997999938205 ], [ 391030.390152000123635, 585539.399998 ], [ 391032.79015200008871, 585539.599997999961488 ], [ 391032.190152000111993, 585541.399998 ], [ 391032.590152000077069, 585541.599997999961488 ], [ 391032.990152000100352, 585542.599997999961488 ], [ 391032.990152000100352, 585543.999997999984771 ], [ 391032.590152000077069, 585544.599997999961488 ], [ 391033.190152000111993, 585545.199997999938205 ], [ 391033.190152000111993, 585546.199997999938205 ], [ 391035.590152000077069, 585546.599997999961488 ], [ 391037.590152000077069, 585548.399998 ], [ 391039.79015200008871, 585549.399998 ], [ 391043.990152000100352, 585549.799998000031337 ], [ 391044.190152000111993, 585550.199997999938205 ], [ 391044.590152000077069, 585550.199997999938205 ], [ 391045.390152000123635, 585551.599997999961488 ], [ 391047.590152000077069, 585552.599997999961488 ], [ 391048.190152000111993, 585552.599997999961488 ], [ 391048.590152000077069, 585552.999997999984771 ], [ 391049.190152000111993, 585552.999997999984771 ], [ 391049.390152000123635, 585553.399998 ], [ 391049.79015200008871, 585553.399998 ], [ 391050.190152000111993, 585554.599997999961488 ], [ 391050.990152000100352, 585554.999997999984771 ], [ 391056.190152000111993, 585555.199997999938205 ], [ 391056.390152000123635, 585555.599997999961488 ], [ 391054.190152000111993, 585555.999997999984771 ], [ 391053.79015200008871, 585556.399998 ], [ 391053.79015200008871, 585557.199997999938205 ], [ 391054.79015200008871, 585557.799998000031337 ], [ 391056.590152000077069, 585557.799998000031337 ], [ 391057.190152000111993, 585557.399998 ], [ 391057.190152000111993, 585556.999997999984771 ], [ 391057.390152000123635, 585557.399998 ], [ 391057.990152000100352, 585557.599997999961488 ], [ 391059.590152000077069, 585557.599997999961488 ], [ 391060.590152000077069, 585558.199997999938205 ], [ 391060.79015200008871, 585558.799998000031337 ], [ 391061.990152000100352, 585559.199997999938205 ], [ 391062.590152000077069, 585559.799998000031337 ], [ 391062.590152000077069, 585560.199997999938205 ], [ 391063.190152000111993, 585560.199997999938205 ], [ 391063.79015200008871, 585560.799998000031337 ], [ 391064.190152000111993, 585560.799998000031337 ], [ 391064.590152000077069, 585561.799998000031337 ], [ 391064.990152000100352, 585561.999997999984771 ], [ 391067.190152000111993, 585561.799998000031337 ], [ 391068.190152000111993, 585562.399998 ], [ 391069.990152000100352, 585562.799998000031337 ], [ 391070.79015200008871, 585563.399998 ], [ 391071.990152000100352, 585562.799998000031337 ], [ 391077.190152000111993, 585562.599997999961488 ], [ 391078.79015200008871, 585563.399998 ], [ 391079.390152000123635, 585563.399998 ], [ 391079.590152000077069, 585563.799998000031337 ], [ 391080.190152000111993, 585563.999997999984771 ], [ 391080.590152000077069, 585564.799998000031337 ], [ 391082.79015200008871, 585564.599997999961488 ], [ 391083.79015200008871, 585565.199997999938205 ], [ 391086.990152000100352, 585564.999997999984771 ], [ 391088.990152000100352, 585565.399998 ], [ 391090.79015200008871, 585564.599997999961488 ], [ 391091.390152000123635, 585563.999997999984771 ], [ 391091.590152000077069, 585563.199997999938205 ], [ 391091.990152000100352, 585562.799998000031337 ], [ 391093.390152000123635, 585562.399998 ], [ 391094.190152000111993, 585561.199997999938205 ], [ 391095.190152000111993, 585561.199997999938205 ], [ 391095.79015200008871, 585561.599997999961488 ], [ 391102.190152000111993, 585561.799998000031337 ], [ 391102.590152000077069, 585562.399998 ], [ 391104.79015200008871, 585562.599997999961488 ], [ 391105.390152000123635, 585563.399998 ], [ 391105.390152000123635, 585563.999997999984771 ], [ 391105.990152000100352, 585564.599997999961488 ], [ 391106.590152000077069, 585564.599997999961488 ], [ 391106.990152000100352, 585565.399998 ], [ 391108.190152000111993, 585565.599997999961488 ], [ 391108.79015200008871, 585564.999997999984771 ], [ 391108.990152000100352, 585564.199997999938205 ], [ 391110.990152000100352, 585564.199997999938205 ], [ 391111.390152000123635, 585562.799998000031337 ], [ 391113.190152000111993, 585562.399998 ], [ 391113.79015200008871, 585561.399998 ], [ 391114.390152000123635, 585561.399998 ], [ 391114.590152000077069, 585561.799998000031337 ], [ 391115.590152000077069, 585562.199997999938205 ], [ 391116.79015200008871, 585561.999997999984771 ], [ 391117.190152000111993, 585561.399998 ], [ 391117.990152000100352, 585561.399998 ], [ 391118.390152000123635, 585560.999997999984771 ], [ 391118.390152000123635, 585559.799998000031337 ], [ 391118.79015200008871, 585559.199997999938205 ], [ 391120.190152000111993, 585558.999997999984771 ], [ 391121.390152000123635, 585557.999997999984771 ], [ 391121.990152000100352, 585558.199997999938205 ], [ 391122.190152000111993, 585559.199997999938205 ], [ 391122.590152000077069, 585559.599997999961488 ], [ 391123.79015200008871, 585559.599997999961488 ], [ 391124.590152000077069, 585559.999997999984771 ], [ 391124.990152000100352, 585560.799998000031337 ], [ 391126.590152000077069, 585560.999997999984771 ], [ 391126.79015200008871, 585562.399998 ], [ 391127.990152000100352, 585562.399998 ], [ 391128.79015200008871, 585561.999997999984771 ], [ 391128.79015200008871, 585561.399998 ], [ 391129.390152000123635, 585561.199997999938205 ], [ 391129.990152000100352, 585560.399998 ], [ 391130.190152000111993, 585558.999997999984771 ], [ 391132.79015200008871, 585558.999997999984771 ], [ 391133.190152000111993, 585559.399998 ], [ 391133.390152000123635, 585560.399998 ], [ 391133.590152000077069, 585558.799998000031337 ], [ 391134.390152000123635, 585558.399998 ], [ 391134.190152000111993, 585556.399998 ], [ 391132.79015200008871, 585556.399998 ], [ 391131.990152000100352, 585556.799998000031337 ], [ 391131.990152000100352, 585557.199997999938205 ], [ 391131.390152000123635, 585557.599997999961488 ], [ 391130.590152000077069, 585556.399998 ], [ 391129.79015200008871, 585555.999997999984771 ], [ 391128.79015200008871, 585555.999997999984771 ], [ 391127.990152000100352, 585555.199997999938205 ], [ 391127.190152000111993, 585555.399998 ], [ 391126.990152000100352, 585556.399998 ], [ 391121.390152000123635, 585556.399998 ], [ 391120.390152000123635, 585556.799998000031337 ], [ 391119.990152000100352, 585557.599997999961488 ], [ 391119.390152000123635, 585557.399998 ], [ 391119.190152000111993, 585556.599997999961488 ], [ 391118.390152000123635, 585555.799998000031337 ], [ 391116.79015200008871, 585555.599997999961488 ], [ 391118.79015200008871, 585554.799998000031337 ], [ 391119.390152000123635, 585552.599997999961488 ], [ 391119.390152000123635, 585552.199997999938205 ], [ 391118.990152000100352, 585552.199997999938205 ], [ 391118.590152000077069, 585551.399998 ], [ 391118.390152000123635, 585547.599997999961488 ], [ 391117.990152000100352, 585547.199997999938205 ], [ 391117.390152000123635, 585547.199997999938205 ], [ 391116.590152000077069, 585547.799998000031337 ], [ 391116.390152000123635, 585548.599997999961488 ], [ 391115.390152000123635, 585548.599997999961488 ], [ 391114.990152000100352, 585547.399998 ], [ 391113.990152000100352, 585546.799998000031337 ], [ 391112.79015200008871, 585546.999997999984771 ], [ 391112.190152000111993, 585548.199997999938205 ], [ 391111.390152000123635, 585547.799998000031337 ], [ 391111.990152000100352, 585545.999997999984771 ], [ 391111.190152000111993, 585545.199997999938205 ], [ 391110.79015200008871, 585543.199997999938205 ], [ 391109.79015200008871, 585542.999997999984771 ], [ 391110.79015200008871, 585537.999997999984771 ], [ 391111.590152000077069, 585537.599997999961488 ], [ 391113.190152000111993, 585537.799998000031337 ], [ 391115.190152000111993, 585537.399998 ], [ 391117.390152000123635, 585537.599997999961488 ], [ 391119.79015200008871, 585538.199997999938205 ], [ 391119.590152000077069, 585539.999997999984771 ], [ 391120.190152000111993, 585539.999997999984771 ], [ 391120.590152000077069, 585538.999997999984771 ], [ 391122.590152000077069, 585538.799998000031337 ], [ 391122.990152000100352, 585538.199997999938205 ], [ 391124.390152000123635, 585538.199997999938205 ], [ 391124.190152000111993, 585538.999997999984771 ], [ 391123.390152000123635, 585539.199997999938205 ], [ 391123.190152000111993, 585539.799998000031337 ], [ 391124.590152000077069, 585539.999997999984771 ], [ 391125.79015200008871, 585539.399998 ], [ 391125.79015200008871, 585538.399998 ], [ 391126.390152000123635, 585537.799998000031337 ], [ 391128.590152000077069, 585537.599997999961488 ], [ 391129.390152000123635, 585537.999997999984771 ], [ 391131.590152000077069, 585538.199997999938205 ], [ 391130.990152000100352, 585538.999997999984771 ], [ 391130.990152000100352, 585539.999997999984771 ], [ 391131.990152000100352, 585540.199997999938205 ], [ 391132.79015200008871, 585539.399998 ], [ 391133.590152000077069, 585539.199997999938205 ], [ 391133.990152000100352, 585537.999997999984771 ], [ 391134.990152000100352, 585537.599997999961488 ], [ 391141.79015200008871, 585537.799998000031337 ], [ 391142.590152000077069, 585537.399998 ], [ 391147.390152000123635, 585537.399998 ], [ 391148.590152000077069, 585537.799998000031337 ], [ 391149.990152000100352, 585537.799998000031337 ], [ 391149.990152000100352, 585562.599997999961488 ], [ 391147.990152000100352, 585562.799998000031337 ], [ 391147.79015200008871, 585564.199997999938205 ], [ 391146.79015200008871, 585564.399998 ], [ 391146.590152000077069, 585564.799998000031337 ], [ 391147.190152000111993, 585565.199997999938205 ], [ 391147.79015200008871, 585564.999997999984771 ], [ 391147.79015200008871, 585564.399998 ], [ 391149.990152000100352, 585564.399998 ], [ 391149.990152000100352, 585565.799998000031337 ], [ 391148.79015200008871, 585565.999997999984771 ], [ 391148.79015200008871, 585566.799998000031337 ], [ 391149.990152000100352, 585566.799998000031337 ], [ 391149.990152000100352, 585575.599997999961488 ], [ 391148.390152000123635, 585575.599997999961488 ], [ 391147.990152000100352, 585576.399998 ], [ 391145.990152000100352, 585576.799998000031337 ], [ 391145.79015200008871, 585577.199997999938205 ], [ 391146.79015200008871, 585577.999997999984771 ], [ 391148.390152000123635, 585578.199997999938205 ], [ 391148.79015200008871, 585578.999997999984771 ], [ 391149.990152000100352, 585578.999997999984771 ], [ 391149.990152000100352, 585594.199997999938205 ], [ 391148.390152000123635, 585594.399998 ], [ 391148.590152000077069, 585594.999997999984771 ], [ 391149.990152000100352, 585594.999997999984771 ], [ 391149.990152000100352, 585597.199997999938205 ], [ 391148.79015200008871, 585597.199997999938205 ], [ 391148.590152000077069, 585597.599997999961488 ], [ 391148.79015200008871, 585597.999997999984771 ], [ 391149.990152000100352, 585597.999997999984771 ], [ 391149.990152000100352, 585606.999997999984771 ], [ 391148.79015200008871, 585606.999997999984771 ], [ 391149.990152000100352, 585607.199997999938205 ], [ 391149.990152000100352, 585612.799998000031337 ], [ 391148.990152000100352, 585612.799998000031337 ], [ 391148.590152000077069, 585613.199997999938205 ], [ 391148.590152000077069, 585613.599997999961488 ], [ 391148.990152000100352, 585613.799998000031337 ], [ 391149.990152000100352, 585613.799998000031337 ], [ 391149.990152000100352, 585618.799998000031337 ], [ 391144.590152000077069, 585618.599997999961488 ], [ 391143.79015200008871, 585618.999997999984771 ], [ 391143.390152000123635, 585619.999997999984771 ], [ 391142.79015200008871, 585619.799998000031337 ], [ 391142.390152000123635, 585618.999997999984771 ], [ 391140.590152000077069, 585618.799998000031337 ], [ 391138.990152000100352, 585619.399998 ], [ 391138.79015200008871, 585620.199997999938205 ], [ 391138.79015200008871, 585621.199997999938205 ], [ 391139.190152000111993, 585621.799998000031337 ], [ 391140.590152000077069, 585621.399998 ], [ 391140.79015200008871, 585620.999997999984771 ], [ 391141.390152000123635, 585620.999997999984771 ], [ 391141.79015200008871, 585621.599997999961488 ], [ 391143.390152000123635, 585621.999997999984771 ], [ 391143.79015200008871, 585622.399998 ], [ 391143.590152000077069, 585623.199997999938205 ], [ 391142.79015200008871, 585623.799998000031337 ], [ 391142.79015200008871, 585624.999997999984771 ], [ 391143.390152000123635, 585625.399998 ], [ 391143.390152000123635, 585625.999997999984771 ], [ 391142.79015200008871, 585626.199997999938205 ], [ 391142.190152000111993, 585626.999997999984771 ], [ 391142.190152000111993, 585627.399998 ], [ 391142.79015200008871, 585627.999997999984771 ], [ 391144.590152000077069, 585627.999997999984771 ], [ 391144.79015200008871, 585627.199997999938205 ], [ 391145.590152000077069, 585626.999997999984771 ], [ 391145.990152000100352, 585624.799998000031337 ], [ 391147.390152000123635, 585624.199997999938205 ], [ 391147.190152000111993, 585623.599997999961488 ], [ 391146.79015200008871, 585623.399998 ], [ 391146.590152000077069, 585622.399998 ], [ 391147.590152000077069, 585621.599997999961488 ], [ 391147.590152000077069, 585621.199997999938205 ], [ 391148.190152000111993, 585620.599997999961488 ], [ 391149.990152000100352, 585620.399998 ], [ 391149.990152000100352, 585644.399998 ], [ 391148.79015200008871, 585644.399998 ], [ 391148.990152000100352, 585644.799998000031337 ], [ 391149.990152000100352, 585644.799998000031337 ], [ 391149.990152000100352, 585656.399998 ], [ 391148.190152000111993, 585656.399998 ], [ 391147.390152000123635, 585656.999997999984771 ], [ 391147.390152000123635, 585657.399998 ], [ 391146.79015200008871, 585657.399998 ], [ 391146.390152000123635, 585655.799998000031337 ], [ 391145.79015200008871, 585655.199997999938205 ], [ 391145.79015200008871, 585653.799998000031337 ], [ 391144.990152000100352, 585653.199997999938205 ], [ 391143.990152000100352, 585653.599997999961488 ], [ 391143.190152000111993, 585654.599997999961488 ], [ 391142.79015200008871, 585654.599997999961488 ], [ 391142.190152000111993, 585655.199997999938205 ], [ 391141.990152000100352, 585656.399998 ], [ 391140.390152000123635, 585656.399998 ], [ 391138.990152000100352, 585657.199997999938205 ], [ 391138.590152000077069, 585657.999997999984771 ], [ 391138.590152000077069, 585658.799998000031337 ], [ 391138.990152000100352, 585659.199997999938205 ], [ 391139.79015200008871, 585659.199997999938205 ], [ 391140.590152000077069, 585657.799998000031337 ], [ 391141.990152000100352, 585657.599997999961488 ], [ 391142.390152000123635, 585656.399998 ], [ 391143.79015200008871, 585656.599997999961488 ], [ 391143.990152000100352, 585657.599997999961488 ], [ 391142.390152000123635, 585657.999997999984771 ], [ 391142.390152000123635, 585659.199997999938205 ], [ 391143.390152000123635, 585660.199997999938205 ], [ 391141.79015200008871, 585660.399998 ], [ 391140.990152000100352, 585661.799998000031337 ], [ 391139.990152000100352, 585661.999997999984771 ], [ 391138.990152000100352, 585662.999997999984771 ], [ 391139.190152000111993, 585664.999997999984771 ], [ 391138.590152000077069, 585665.999997999984771 ], [ 391138.590152000077069, 585668.599997999961488 ], [ 391137.79015200008871, 585669.799998000031337 ], [ 391137.590152000077069, 585671.799998000031337 ], [ 391134.990152000100352, 585673.999997999984771 ], [ 391135.190152000111993, 585674.799998000031337 ], [ 391135.990152000100352, 585674.799998000031337 ], [ 391137.390152000123635, 585675.399998 ], [ 391137.390152000123635, 585675.999997999984771 ], [ 391134.590152000077069, 585676.399998 ], [ 391134.190152000111993, 585677.999997999984771 ], [ 391133.190152000111993, 585678.799998000031337 ], [ 391134.190152000111993, 585680.199997999938205 ], [ 391134.190152000111993, 585680.799998000031337 ], [ 391133.590152000077069, 585681.599997999961488 ], [ 391132.79015200008871, 585681.999997999984771 ], [ 391132.79015200008871, 585682.599997999961488 ], [ 391133.79015200008871, 585683.199997999938205 ], [ 391133.79015200008871, 585683.799998000031337 ], [ 391132.79015200008871, 585683.799998000031337 ], [ 391132.390152000123635, 585682.999997999984771 ], [ 391130.990152000100352, 585682.999997999984771 ], [ 391130.590152000077069, 585682.599997999961488 ], [ 391130.390152000123635, 585681.199997999938205 ], [ 391129.990152000100352, 585680.599997999961488 ], [ 391129.590152000077069, 585680.599997999961488 ], [ 391129.990152000100352, 585678.799998000031337 ], [ 391129.79015200008871, 585678.199997999938205 ], [ 391129.190152000111993, 585677.999997999984771 ], [ 391129.190152000111993, 585677.199997999938205 ], [ 391131.590152000077069, 585677.399998 ], [ 391131.590152000077069, 585677.199997999938205 ], [ 391130.990152000100352, 585677.199997999938205 ], [ 391130.79015200008871, 585674.999997999984771 ], [ 391130.190152000111993, 585673.799998000031337 ], [ 391128.390152000123635, 585672.799998000031337 ], [ 391127.590152000077069, 585671.999997999984771 ], [ 391126.990152000100352, 585672.399998 ], [ 391126.990152000100352, 585672.799998000031337 ], [ 391126.390152000123635, 585673.199997999938205 ], [ 391126.190152000111993, 585674.599997999961488 ], [ 391124.590152000077069, 585675.599997999961488 ], [ 391124.590152000077069, 585676.599997999961488 ], [ 391125.79015200008871, 585676.799998000031337 ], [ 391126.590152000077069, 585678.199997999938205 ], [ 391128.990152000100352, 585678.599997999961488 ], [ 391128.79015200008871, 585679.599997999961488 ], [ 391126.590152000077069, 585680.199997999938205 ], [ 391126.590152000077069, 585680.799998000031337 ], [ 391126.990152000100352, 585681.199997999938205 ], [ 391127.590152000077069, 585681.199997999938205 ], [ 391128.190152000111993, 585681.999997999984771 ], [ 391127.990152000100352, 585682.999997999984771 ], [ 391127.390152000123635, 585682.999997999984771 ], [ 391127.190152000111993, 585683.399998 ], [ 391127.190152000111993, 585683.999997999984771 ], [ 391127.990152000100352, 585684.799998000031337 ], [ 391127.79015200008871, 585685.599997999961488 ], [ 391126.990152000100352, 585685.399998 ], [ 391126.79015200008871, 585684.599997999961488 ], [ 391125.390152000123635, 585684.399998 ], [ 391124.79015200008871, 585684.599997999961488 ], [ 391123.990152000100352, 585685.799998000031337 ], [ 391123.390152000123635, 585685.799998000031337 ], [ 391122.79015200008871, 585684.999997999984771 ], [ 391122.590152000077069, 585683.999997999984771 ], [ 391120.990152000100352, 585683.799998000031337 ], [ 391120.590152000077069, 585683.199997999938205 ], [ 391119.390152000123635, 585683.199997999938205 ], [ 391118.79015200008871, 585683.599997999961488 ], [ 391118.590152000077069, 585684.199997999938205 ], [ 391116.79015200008871, 585684.399998 ], [ 391116.590152000077069, 585685.399998 ], [ 391115.990152000100352, 585685.799998000031337 ], [ 391115.390152000123635, 585685.399998 ], [ 391115.390152000123635, 585684.399998 ], [ 391115.990152000100352, 585683.799998000031337 ], [ 391115.990152000100352, 585683.399998 ], [ 391115.390152000123635, 585683.399998 ], [ 391114.79015200008871, 585682.599997999961488 ], [ 391114.79015200008871, 585681.599997999961488 ], [ 391115.390152000123635, 585680.999997999984771 ], [ 391117.79015200008871, 585680.799998000031337 ], [ 391117.990152000100352, 585681.199997999938205 ], [ 391118.79015200008871, 585681.399998 ], [ 391120.190152000111993, 585681.399998 ], [ 391120.990152000100352, 585681.799998000031337 ], [ 391121.190152000111993, 585682.999997999984771 ], [ 391121.990152000100352, 585682.999997999984771 ], [ 391122.390152000123635, 585681.599997999961488 ], [ 391123.190152000111993, 585680.799998000031337 ], [ 391123.990152000100352, 585680.599997999961488 ], [ 391123.190152000111993, 585679.999997999984771 ], [ 391122.79015200008871, 585678.599997999961488 ], [ 391123.390152000123635, 585677.799998000031337 ], [ 391124.590152000077069, 585677.399998 ], [ 391124.390152000123635, 585676.799998000031337 ], [ 391123.390152000123635, 585676.799998000031337 ], [ 391122.990152000100352, 585675.599997999961488 ], [ 391122.190152000111993, 585674.799998000031337 ], [ 391120.390152000123635, 585674.599997999961488 ], [ 391119.590152000077069, 585674.199997999938205 ], [ 391118.990152000100352, 585672.799998000031337 ], [ 391119.590152000077069, 585671.799998000031337 ], [ 391120.590152000077069, 585671.799998000031337 ], [ 391121.190152000111993, 585671.399998 ], [ 391121.990152000100352, 585669.799998000031337 ], [ 391121.590152000077069, 585668.399998 ], [ 391121.190152000111993, 585668.399998 ], [ 391120.590152000077069, 585667.799998000031337 ], [ 391119.390152000123635, 585667.599997999961488 ], [ 391119.190152000111993, 585666.399998 ], [ 391118.190152000111993, 585665.599997999961488 ], [ 391116.590152000077069, 585665.599997999961488 ], [ 391115.990152000100352, 585665.999997999984771 ], [ 391115.990152000100352, 585666.399998 ], [ 391115.590152000077069, 585666.399998 ], [ 391115.190152000111993, 585665.399998 ], [ 391113.990152000100352, 585664.999997999984771 ], [ 391113.990152000100352, 585664.599997999961488 ], [ 391114.590152000077069, 585664.399998 ], [ 391114.990152000100352, 585663.199997999938205 ], [ 391111.590152000077069, 585662.999997999984771 ], [ 391111.390152000123635, 585662.599997999961488 ], [ 391110.190152000111993, 585662.199997999938205 ], [ 391108.990152000100352, 585662.199997999938205 ], [ 391108.190152000111993, 585662.599997999961488 ], [ 391108.190152000111993, 585662.999997999984771 ], [ 391107.79015200008871, 585662.999997999984771 ], [ 391107.79015200008871, 585661.599997999961488 ], [ 391107.190152000111993, 585661.199997999938205 ], [ 391106.990152000100352, 585659.999997999984771 ], [ 391106.390152000123635, 585659.399998 ], [ 391103.990152000100352, 585659.999997999984771 ], [ 391102.79015200008871, 585658.999997999984771 ], [ 391101.590152000077069, 585658.599997999961488 ], [ 391102.590152000077069, 585657.599997999961488 ], [ 391102.590152000077069, 585656.799998000031337 ], [ 391102.190152000111993, 585656.599997999961488 ], [ 391101.190152000111993, 585656.799998000031337 ], [ 391100.79015200008871, 585657.599997999961488 ], [ 391099.990152000100352, 585657.599997999961488 ], [ 391099.390152000123635, 585656.799998000031337 ], [ 391098.390152000123635, 585656.399998 ], [ 391093.590152000077069, 585656.199997999938205 ], [ 391091.990152000100352, 585656.599997999961488 ], [ 391090.590152000077069, 585652.999997999984771 ], [ 391088.990152000100352, 585653.799998000031337 ], [ 391088.390152000123635, 585654.999997999984771 ], [ 391088.390152000123635, 585655.599997999961488 ], [ 391088.990152000100352, 585655.999997999984771 ], [ 391089.590152000077069, 585657.199997999938205 ], [ 391090.390152000123635, 585657.599997999961488 ], [ 391092.590152000077069, 585657.399998 ], [ 391093.190152000111993, 585657.799998000031337 ], [ 391095.390152000123635, 585657.999997999984771 ], [ 391096.190152000111993, 585658.799998000031337 ], [ 391097.390152000123635, 585659.199997999938205 ], [ 391097.79015200008871, 585659.999997999984771 ], [ 391099.79015200008871, 585661.599997999961488 ], [ 391099.990152000100352, 585662.199997999938205 ], [ 391104.190152000111993, 585661.999997999984771 ], [ 391105.390152000123635, 585663.799998000031337 ], [ 391107.990152000100352, 585663.599997999961488 ], [ 391107.990152000100352, 585664.799998000031337 ], [ 391108.190152000111993, 585664.399998 ], [ 391110.190152000111993, 585664.399998 ], [ 391110.79015200008871, 585664.799998000031337 ], [ 391110.590152000077069, 585666.399998 ], [ 391109.990152000100352, 585668.199997999938205 ], [ 391108.990152000100352, 585667.999997999984771 ], [ 391108.390152000123635, 585667.399998 ], [ 391107.79015200008871, 585667.399998 ], [ 391107.390152000123635, 585667.999997999984771 ], [ 391106.590152000077069, 585668.399998 ], [ 391105.390152000123635, 585668.399998 ], [ 391103.990152000100352, 585667.799998000031337 ], [ 391103.79015200008871, 585668.199997999938205 ], [ 391102.590152000077069, 585668.799998000031337 ], [ 391101.390152000123635, 585668.799998000031337 ], [ 391100.590152000077069, 585668.199997999938205 ], [ 391100.190152000111993, 585666.399998 ], [ 391099.390152000123635, 585665.599997999961488 ], [ 391098.190152000111993, 585665.199997999938205 ], [ 391097.590152000077069, 585665.599997999961488 ], [ 391097.590152000077069, 585666.999997999984771 ], [ 391099.390152000123635, 585667.399998 ], [ 391099.590152000077069, 585667.999997999984771 ], [ 391098.79015200008871, 585668.399998 ], [ 391097.590152000077069, 585668.399998 ], [ 391095.990152000100352, 585667.599997999961488 ], [ 391095.390152000123635, 585667.799998000031337 ], [ 391095.190152000111993, 585668.399998 ], [ 391094.190152000111993, 585668.599997999961488 ], [ 391093.79015200008871, 585669.599997999961488 ], [ 391094.190152000111993, 585670.199997999938205 ], [ 391094.990152000100352, 585670.399998 ], [ 391095.190152000111993, 585671.199997999938205 ], [ 391093.990152000100352, 585671.799998000031337 ], [ 391092.990152000100352, 585673.199997999938205 ], [ 391091.990152000100352, 585673.399998 ], [ 391090.79015200008871, 585672.999997999984771 ], [ 391090.590152000077069, 585672.599997999961488 ], [ 391089.390152000123635, 585672.799998000031337 ], [ 391087.79015200008871, 585672.799998000031337 ], [ 391087.590152000077069, 585672.399998 ], [ 391086.190152000111993, 585672.599997999961488 ], [ 391086.990152000100352, 585673.399998 ], [ 391086.990152000100352, 585674.999997999984771 ], [ 391086.590152000077069, 585675.799998000031337 ], [ 391087.190152000111993, 585676.199997999938205 ], [ 391087.590152000077069, 585677.799998000031337 ], [ 391088.390152000123635, 585678.399998 ], [ 391089.390152000123635, 585678.399998 ], [ 391089.79015200008871, 585678.199997999938205 ], [ 391089.79015200008871, 585677.399998 ], [ 391090.190152000111993, 585676.999997999984771 ], [ 391090.79015200008871, 585677.199997999938205 ], [ 391090.590152000077069, 585678.599997999961488 ], [ 391090.190152000111993, 585678.599997999961488 ], [ 391089.590152000077069, 585679.199997999938205 ], [ 391087.79015200008871, 585679.599997999961488 ], [ 391087.390152000123635, 585680.199997999938205 ], [ 391087.390152000123635, 585680.999997999984771 ], [ 391088.190152000111993, 585681.999997999984771 ], [ 391087.590152000077069, 585682.999997999984771 ], [ 391087.590152000077069, 585684.199997999938205 ], [ 391088.79015200008871, 585685.199997999938205 ], [ 391087.190152000111993, 585685.799998000031337 ], [ 391087.190152000111993, 585687.199997999938205 ], [ 391088.190152000111993, 585687.999997999984771 ], [ 391089.390152000123635, 585688.199997999938205 ], [ 391089.190152000111993, 585688.799998000031337 ], [ 391088.390152000123635, 585688.799998000031337 ], [ 391087.79015200008871, 585689.199997999938205 ], [ 391087.590152000077069, 585689.999997999984771 ], [ 391087.990152000100352, 585690.399998 ], [ 391089.390152000123635, 585690.399998 ], [ 391089.79015200008871, 585690.799998000031337 ], [ 391089.79015200008871, 585692.199997999938205 ], [ 391087.990152000100352, 585692.599997999961488 ], [ 391087.79015200008871, 585692.999997999984771 ], [ 391088.190152000111993, 585693.399998 ], [ 391089.390152000123635, 585693.399998 ], [ 391089.990152000100352, 585692.399998 ], [ 391090.590152000077069, 585692.399998 ], [ 391090.990152000100352, 585692.599997999961488 ], [ 391091.390152000123635, 585693.799998000031337 ], [ 391092.990152000100352, 585694.199997999938205 ], [ 391093.590152000077069, 585695.399998 ], [ 391094.590152000077069, 585695.599997999961488 ], [ 391095.190152000111993, 585696.399998 ], [ 391096.79015200008871, 585696.599997999961488 ], [ 391097.990152000100352, 585695.399998 ], [ 391098.590152000077069, 585695.399998 ], [ 391099.590152000077069, 585693.799998000031337 ], [ 391101.190152000111993, 585693.199997999938205 ], [ 391101.190152000111993, 585692.599997999961488 ], [ 391099.190152000111993, 585691.999997999984771 ], [ 391098.990152000100352, 585691.599997999961488 ], [ 391098.590152000077069, 585691.599997999961488 ], [ 391098.590152000077069, 585691.199997999938205 ], [ 391097.390152000123635, 585690.599997999961488 ], [ 391097.190152000111993, 585689.799998000031337 ], [ 391097.590152000077069, 585689.199997999938205 ], [ 391099.190152000111993, 585689.199997999938205 ], [ 391099.79015200008871, 585690.199997999938205 ], [ 391101.190152000111993, 585690.399998 ], [ 391101.79015200008871, 585690.999997999984771 ], [ 391101.79015200008871, 585691.599997999961488 ], [ 391102.590152000077069, 585692.199997999938205 ], [ 391102.79015200008871, 585694.399998 ], [ 391104.590152000077069, 585694.399998 ], [ 391104.390152000123635, 585694.799998000031337 ], [ 391103.190152000111993, 585694.999997999984771 ], [ 391102.990152000100352, 585696.599997999961488 ], [ 391101.990152000100352, 585696.799998000031337 ], [ 391101.390152000123635, 585697.399998 ], [ 391101.190152000111993, 585698.199997999938205 ], [ 391099.390152000123635, 585698.799998000031337 ], [ 391099.390152000123635, 585699.599997999961488 ], [ 391099.990152000100352, 585700.199997999938205 ], [ 391101.79015200008871, 585700.199997999938205 ], [ 391102.190152000111993, 585699.799998000031337 ], [ 391104.590152000077069, 585699.799998000031337 ], [ 391105.190152000111993, 585699.599997999961488 ], [ 391105.79015200008871, 585698.799998000031337 ], [ 391106.79015200008871, 585698.799998000031337 ], [ 391107.190152000111993, 585699.399998 ], [ 391108.79015200008871, 585699.399998 ], [ 391108.990152000100352, 585698.999997999984771 ], [ 391107.190152000111993, 585698.399998 ], [ 391107.390152000123635, 585696.799998000031337 ], [ 391108.390152000123635, 585696.599997999961488 ], [ 391108.79015200008871, 585695.999997999984771 ], [ 391108.390152000123635, 585695.599997999961488 ], [ 391106.990152000100352, 585695.599997999961488 ], [ 391106.79015200008871, 585696.199997999938205 ], [ 391105.79015200008871, 585696.399998 ], [ 391105.590152000077069, 585695.799998000031337 ], [ 391106.590152000077069, 585695.199997999938205 ], [ 391106.590152000077069, 585694.199997999938205 ], [ 391107.190152000111993, 585693.799998000031337 ], [ 391109.990152000100352, 585693.799998000031337 ], [ 391111.190152000111993, 585694.399998 ], [ 391110.79015200008871, 585695.199997999938205 ], [ 391110.79015200008871, 585696.399998 ], [ 391111.390152000123635, 585696.999997999984771 ], [ 391112.79015200008871, 585697.399998 ], [ 391112.79015200008871, 585697.999997999984771 ], [ 391112.390152000123635, 585698.399998 ], [ 391111.190152000111993, 585698.599997999961488 ], [ 391110.79015200008871, 585698.999997999984771 ], [ 391110.79015200008871, 585699.399998 ], [ 391112.190152000111993, 585700.599997999961488 ], [ 391112.190152000111993, 585700.999997999984771 ], [ 391111.79015200008871, 585700.999997999984771 ], [ 391111.390152000123635, 585701.799998000031337 ], [ 391111.390152000123635, 585702.599997999961488 ], [ 391111.990152000100352, 585702.999997999984771 ], [ 391112.990152000100352, 585702.399998 ], [ 391113.190152000111993, 585701.599997999961488 ], [ 391113.990152000100352, 585701.399998 ], [ 391114.590152000077069, 585701.999997999984771 ], [ 391114.590152000077069, 585702.399998 ], [ 391115.390152000123635, 585702.999997999984771 ], [ 391116.990152000100352, 585702.999997999984771 ], [ 391117.79015200008871, 585702.199997999938205 ], [ 391118.390152000123635, 585702.999997999984771 ], [ 391120.190152000111993, 585703.199997999938205 ], [ 391120.590152000077069, 585703.999997999984771 ], [ 391118.590152000077069, 585704.999997999984771 ], [ 391118.590152000077069, 585706.199997999938205 ], [ 391118.990152000100352, 585706.799998000031337 ], [ 391118.990152000100352, 585708.799998000031337 ], [ 391119.390152000123635, 585709.199997999938205 ], [ 391120.590152000077069, 585709.199997999938205 ], [ 391121.390152000123635, 585707.999997999984771 ], [ 391122.390152000123635, 585707.999997999984771 ], [ 391122.990152000100352, 585708.799998000031337 ], [ 391124.190152000111993, 585708.799998000031337 ], [ 391124.390152000123635, 585708.199997999938205 ], [ 391124.990152000100352, 585707.799998000031337 ], [ 391126.390152000123635, 585707.799998000031337 ], [ 391126.79015200008871, 585708.799998000031337 ], [ 391128.190152000111993, 585709.199997999938205 ], [ 391128.590152000077069, 585709.799998000031337 ], [ 391128.590152000077069, 585710.399998 ], [ 391127.990152000100352, 585710.999997999984771 ], [ 391127.390152000123635, 585710.999997999984771 ], [ 391126.390152000123635, 585711.599997999961488 ], [ 391126.990152000100352, 585712.199997999938205 ], [ 391129.190152000111993, 585712.599997999961488 ], [ 391131.79015200008871, 585712.199997999938205 ], [ 391132.590152000077069, 585711.799998000031337 ], [ 391132.79015200008871, 585710.999997999984771 ], [ 391133.590152000077069, 585710.799998000031337 ], [ 391133.79015200008871, 585710.399998 ], [ 391133.590152000077069, 585709.599997999961488 ], [ 391132.590152000077069, 585709.599997999961488 ], [ 391132.190152000111993, 585710.599997999961488 ], [ 391131.79015200008871, 585710.799998000031337 ], [ 391130.79015200008871, 585710.399998 ], [ 391130.990152000100352, 585709.599997999961488 ], [ 391131.990152000100352, 585709.199997999938205 ], [ 391131.990152000100352, 585708.199997999938205 ], [ 391130.79015200008871, 585707.999997999984771 ], [ 391130.190152000111993, 585707.399998 ], [ 391130.190152000111993, 585706.799998000031337 ], [ 391130.990152000100352, 585706.399998 ], [ 391132.390152000123635, 585706.799998000031337 ], [ 391132.79015200008871, 585707.799998000031337 ], [ 391133.590152000077069, 585707.799998000031337 ], [ 391134.190152000111993, 585706.999997999984771 ], [ 391134.390152000123635, 585703.599997999961488 ], [ 391133.590152000077069, 585702.599997999961488 ], [ 391132.79015200008871, 585702.399998 ], [ 391132.990152000100352, 585701.999997999984771 ], [ 391133.590152000077069, 585701.799998000031337 ], [ 391133.79015200008871, 585701.199997999938205 ], [ 391133.79015200008871, 585699.999997999984771 ], [ 391132.79015200008871, 585699.399998 ], [ 391132.79015200008871, 585698.999997999984771 ], [ 391133.390152000123635, 585698.799998000031337 ], [ 391133.79015200008871, 585698.199997999938205 ], [ 391133.79015200008871, 585696.799998000031337 ], [ 391132.990152000100352, 585696.199997999938205 ], [ 391132.990152000100352, 585695.799998000031337 ], [ 391133.79015200008871, 585695.599997999961488 ], [ 391134.590152000077069, 585696.199997999938205 ], [ 391135.590152000077069, 585696.199997999938205 ], [ 391135.79015200008871, 585695.599997999961488 ], [ 391136.590152000077069, 585695.199997999938205 ], [ 391138.190152000111993, 585694.999997999984771 ], [ 391138.390152000123635, 585694.399998 ], [ 391137.79015200008871, 585693.999997999984771 ], [ 391135.190152000111993, 585693.999997999984771 ], [ 391133.990152000100352, 585693.599997999961488 ], [ 391133.390152000123635, 585692.999997999984771 ], [ 391133.590152000077069, 585691.399998 ], [ 391133.190152000111993, 585691.399998 ], [ 391133.190152000111993, 585692.399998 ], [ 391130.79015200008871, 585692.399998 ], [ 391129.990152000100352, 585690.599997999961488 ], [ 391128.79015200008871, 585690.199997999938205 ], [ 391127.79015200008871, 585689.399998 ], [ 391126.590152000077069, 585689.599997999961488 ], [ 391125.990152000100352, 585690.599997999961488 ], [ 391124.990152000100352, 585690.999997999984771 ], [ 391124.990152000100352, 585691.599997999961488 ], [ 391124.590152000077069, 585691.999997999984771 ], [ 391122.590152000077069, 585691.999997999984771 ], [ 391122.190152000111993, 585691.599997999961488 ], [ 391122.190152000111993, 585690.799998000031337 ], [ 391122.590152000077069, 585690.399998 ], [ 391124.590152000077069, 585690.199997999938205 ], [ 391124.590152000077069, 585689.399998 ], [ 391123.590152000077069, 585689.399998 ], [ 391122.79015200008871, 585688.999997999984771 ], [ 391122.590152000077069, 585688.599997999961488 ], [ 391122.79015200008871, 585687.799998000031337 ], [ 391124.190152000111993, 585687.599997999961488 ], [ 391124.990152000100352, 585688.199997999938205 ], [ 391124.990152000100352, 585688.999997999984771 ], [ 391125.79015200008871, 585688.999997999984771 ], [ 391126.390152000123635, 585687.599997999961488 ], [ 391128.390152000123635, 585687.199997999938205 ], [ 391128.990152000100352, 585686.599997999961488 ], [ 391129.79015200008871, 585686.599997999961488 ], [ 391129.990152000100352, 585686.999997999984771 ], [ 391130.990152000100352, 585687.399998 ], [ 391132.79015200008871, 585687.599997999961488 ], [ 391133.190152000111993, 585687.999997999984771 ], [ 391134.990152000100352, 585687.399998 ], [ 391137.190152000111993, 585687.599997999961488 ], [ 391138.990152000100352, 585688.199997999938205 ], [ 391138.990152000100352, 585689.999997999984771 ], [ 391141.190152000111993, 585689.599997999961488 ], [ 391141.590152000077069, 585689.799998000031337 ], [ 391141.79015200008871, 585690.799998000031337 ], [ 391143.390152000123635, 585690.999997999984771 ], [ 391143.190152000111993, 585692.399998 ], [ 391141.990152000100352, 585693.599997999961488 ], [ 391140.590152000077069, 585693.999997999984771 ], [ 391140.190152000111993, 585694.799998000031337 ], [ 391140.590152000077069, 585695.399998 ], [ 391141.190152000111993, 585695.399998 ], [ 391141.79015200008871, 585695.999997999984771 ], [ 391141.79015200008871, 585696.599997999961488 ], [ 391142.190152000111993, 585696.999997999984771 ], [ 391143.990152000100352, 585697.399998 ], [ 391143.590152000077069, 585698.199997999938205 ], [ 391142.390152000123635, 585698.799998000031337 ], [ 391142.390152000123635, 585699.399998 ], [ 391144.190152000111993, 585700.199997999938205 ], [ 391144.79015200008871, 585700.999997999984771 ], [ 391144.79015200008871, 585701.599997999961488 ], [ 391145.190152000111993, 585701.799998000031337 ], [ 391145.590152000077069, 585703.999997999984771 ], [ 391144.590152000077069, 585705.199997999938205 ], [ 391144.990152000100352, 585706.199997999938205 ], [ 391145.590152000077069, 585706.599997999961488 ], [ 391147.590152000077069, 585706.599997999961488 ], [ 391148.190152000111993, 585706.799998000031337 ], [ 391148.590152000077069, 585707.399998 ], [ 391149.990152000100352, 585707.399998 ], [ 391149.990152000100352, 585718.799998000031337 ], [ 391148.79015200008871, 585718.999997999984771 ], [ 391148.590152000077069, 585721.199997999938205 ], [ 391148.190152000111993, 585721.599997999961488 ], [ 391148.390152000123635, 585724.399998 ], [ 391146.190152000111993, 585728.799998000031337 ], [ 391145.990152000100352, 585732.399998 ], [ 391145.590152000077069, 585732.999997999984771 ], [ 391145.79015200008871, 585736.799998000031337 ], [ 391145.190152000111993, 585737.399998 ], [ 391143.79015200008871, 585737.199997999938205 ], [ 391142.990152000100352, 585737.399998 ], [ 391142.79015200008871, 585738.199997999938205 ], [ 391142.990152000100352, 585739.999997999984771 ], [ 391142.190152000111993, 585742.599997999961488 ], [ 391142.190152000111993, 585743.199997999938205 ], [ 391142.990152000100352, 585744.399998 ], [ 391142.79015200008871, 585746.399998 ], [ 391141.990152000100352, 585747.399998 ], [ 391141.590152000077069, 585748.599997999961488 ], [ 391140.990152000100352, 585748.999997999984771 ], [ 391140.990152000100352, 585749.999997999984771 ], [ 391102.590152000077069, 585749.999997999984771 ], [ 391102.79015200008871, 585747.399998 ], [ 391102.190152000111993, 585746.999997999984771 ], [ 391101.390152000123635, 585747.399998 ], [ 391101.190152000111993, 585748.399998 ], [ 391100.79015200008871, 585748.799998000031337 ], [ 391099.79015200008871, 585748.799998000031337 ], [ 391098.79015200008871, 585747.199997999938205 ], [ 391097.79015200008871, 585747.199997999938205 ], [ 391096.590152000077069, 585748.399998 ], [ 391095.990152000100352, 585748.399998 ], [ 391095.190152000111993, 585747.399998 ], [ 391094.390152000123635, 585746.999997999984771 ], [ 391091.990152000100352, 585747.199997999938205 ], [ 391090.390152000123635, 585746.599997999961488 ], [ 391088.590152000077069, 585747.199997999938205 ], [ 391088.390152000123635, 585747.599997999961488 ], [ 391087.990152000100352, 585745.999997999984771 ], [ 391087.590152000077069, 585745.799998000031337 ], [ 391086.990152000100352, 585744.199997999938205 ], [ 391082.190152000111993, 585744.199997999938205 ], [ 391081.79015200008871, 585743.999997999984771 ], [ 391081.590152000077069, 585743.399998 ], [ 391081.590152000077069, 585742.399998 ], [ 391079.79015200008871, 585741.999997999984771 ], [ 391079.590152000077069, 585740.599997999961488 ], [ 391078.190152000111993, 585740.199997999938205 ], [ 391078.190152000111993, 585739.399998 ], [ 391079.190152000111993, 585738.999997999984771 ], [ 391079.79015200008871, 585737.199997999938205 ], [ 391080.390152000123635, 585736.799998000031337 ], [ 391079.79015200008871, 585736.199997999938205 ], [ 391079.190152000111993, 585734.399998 ], [ 391078.590152000077069, 585734.199997999938205 ], [ 391077.590152000077069, 585734.999997999984771 ], [ 391077.390152000123635, 585736.199997999938205 ], [ 391076.990152000100352, 585736.599997999961488 ], [ 391076.990152000100352, 585738.399998 ], [ 391076.590152000077069, 585738.399998 ], [ 391076.190152000111993, 585734.399998 ], [ 391075.590152000077069, 585733.799998000031337 ], [ 391075.990152000100352, 585731.999997999984771 ], [ 391075.390152000123635, 585730.799998000031337 ], [ 391074.990152000100352, 585730.599997999961488 ], [ 391075.190152000111993, 585728.799998000031337 ], [ 391074.390152000123635, 585728.399998 ], [ 391073.990152000100352, 585726.399998 ], [ 391073.590152000077069, 585725.999997999984771 ], [ 391073.990152000100352, 585723.799998000031337 ], [ 391072.590152000077069, 585723.199997999938205 ], [ 391072.390152000123635, 585720.799998000031337 ], [ 391071.79015200008871, 585720.599997999961488 ], [ 391071.390152000123635, 585719.999997999984771 ], [ 391070.590152000077069, 585719.799998000031337 ], [ 391068.79015200008871, 585720.599997999961488 ], [ 391067.990152000100352, 585721.999997999984771 ], [ 391066.990152000100352, 585722.599997999961488 ], [ 391067.590152000077069, 585724.399998 ], [ 391066.590152000077069, 585725.999997999984771 ], [ 391067.190152000111993, 585726.999997999984771 ], [ 391066.79015200008871, 585729.199997999938205 ], [ 391067.390152000123635, 585729.399998 ], [ 391067.590152000077069, 585730.399998 ], [ 391068.590152000077069, 585730.999997999984771 ], [ 391069.990152000100352, 585730.999997999984771 ], [ 391071.190152000111993, 585731.399998 ], [ 391072.190152000111993, 585733.399998 ], [ 391071.590152000077069, 585734.399998 ], [ 391069.390152000123635, 585734.999997999984771 ], [ 391068.390152000123635, 585736.599997999961488 ], [ 391068.79015200008871, 585737.199997999938205 ], [ 391069.990152000100352, 585737.199997999938205 ], [ 391070.590152000077069, 585736.599997999961488 ], [ 391070.990152000100352, 585736.599997999961488 ], [ 391070.990152000100352, 585737.799998000031337 ], [ 391071.79015200008871, 585739.799998000031337 ], [ 391071.390152000123635, 585741.599997999961488 ], [ 391071.79015200008871, 585742.199997999938205 ], [ 391071.79015200008871, 585743.199997999938205 ], [ 391072.190152000111993, 585743.999997999984771 ], [ 391072.79015200008871, 585744.399998 ], [ 391072.79015200008871, 585744.999997999984771 ], [ 391072.190152000111993, 585746.599997999961488 ], [ 391070.79015200008871, 585747.599997999961488 ], [ 391071.390152000123635, 585749.999997999984771 ], [ 391057.79015200008871, 585749.999997999984771 ] ] ] } },
{ "type": "Feature", "properties": { "pred_id": "REG_CAD_005", "raw_pred_id": "RAW_SAM2_005", "sam2_score": 0.78415220975875854, "mean_height_m": 8.5916070938110352, "max_height_m": 14.125730514526367, "reg_area_m2": 68.001779532526186, "vertex_count_raw": 90, "vertex_count_reg": 14, "ortho_ratio_raw": 1.0, "ortho_ratio_reg": 1.0, "is_canonical_rect": false }, "geometry": { "type": "Polygon", "coordinates": [ [ [ 390662.529231507855002, 585748.976676748250611 ], [ 390669.023335683508776, 585748.636335170129314 ], [ 390668.934709484863561, 585746.94524655980058 ], [ 390667.339103399717715, 585747.028871934162453 ], [ 390667.24228558910545, 585745.181529648485593 ], [ 390666.842680529342033, 585745.202472062432207 ], [ 390666.737603940477129, 585743.197491307510063 ], [ 390666.228577964822762, 585743.224168228334747 ], [ 390666.153211821510922, 585741.786190707236528 ], [ 390663.806475510820746, 585741.90915599744767 ], [ 390663.728111932228785, 585740.413919195882045 ], [ 390657.949088694120292, 585740.716729047941044 ], [ 390658.336397807288449, 585748.108065930893645 ], [ 390662.472346222843044, 585747.891240849159658 ], [ 390662.529231507855002, 585748.976676748250611 ] ] ] } },
{ "type": "Feature", "properties": { "pred_id": "REG_CAD_006", "raw_pred_id": "RAW_SAM2_006", "sam2_score": 0.66898691654205322, "mean_height_m": 4.9465584754943848, "max_height_m": 8.3888111114501953, "reg_area_m2": 437.60000000036086, "vertex_count_raw": 482, "vertex_count_reg": 106, "ortho_ratio_raw": 1.0, "ortho_ratio_reg": 0.16037735849056603, "is_canonical_rect": false }, "geometry": { "type": "Polygon", "coordinates": [ [ [ 390755.590152000077069, 585748.399998 ], [ 390746.990152000100352, 585747.999997999984771 ], [ 390744.590152000077069, 585748.199997999938205 ], [ 390743.590152000077069, 585747.799998000031337 ], [ 390743.590152000077069, 585747.399998 ], [ 390744.590152000077069, 585746.199997999938205 ], [ 390745.990152000100352, 585746.599997999961488 ], [ 390748.990152000100352, 585746.599997999961488 ], [ 390750.79015200008871, 585746.399998 ], [ 390751.390152000123635, 585745.999997999984771 ], [ 390750.990152000100352, 585745.799998000031337 ], [ 390750.79015200008871, 585744.399998 ], [ 390748.390152000123635, 585744.599997999961488 ], [ 390747.79015200008871, 585744.199997999938205 ], [ 390746.590152000077069, 585744.199997999938205 ], [ 390745.190152000111993, 585745.799998000031337 ], [ 390744.590152000077069, 585745.799998000031337 ], [ 390744.190152000111993, 585744.999997999984771 ], [ 390744.190152000111993, 585743.799998000031337 ], [ 390744.590152000077069, 585742.799998000031337 ], [ 390743.79015200008871, 585741.799998000031337 ], [ 390743.79015200008871, 585740.999997999984771 ], [ 390744.79015200008871, 585740.399998 ], [ 390745.390152000123635, 585740.399998 ], [ 390745.79015200008871, 585739.999997999984771 ], [ 390745.79015200008871, 585739.199997999938205 ], [ 390745.390152000123635, 585738.799998000031337 ], [ 390744.390152000123635, 585738.599997999961488 ], [ 390744.390152000123635, 585737.399998 ], [ 390744.79015200008871, 585737.199997999938205 ], [ 390744.79015200008871, 585736.399998 ], [ 390743.79015200008871, 585736.599997999961488 ], [ 390743.390152000123635, 585736.999997999984771 ], [ 390742.590152000077069, 585736.799998000031337 ], [ 390742.590152000077069, 585735.799998000031337 ], [ 390742.990152000100352, 585734.999997999984771 ], [ 390742.390152000123635, 585734.599997999961488 ], [ 390742.190152000111993, 585733.199997999938205 ], [ 390742.79015200008871, 585731.999997999984771 ], [ 390741.79015200008871, 585730.999997999984771 ], [ 390741.590152000077069, 585729.399998 ], [ 390741.990152000100352, 585725.999997999984771 ], [ 390741.79015200008871, 585723.599997999961488 ], [ 390742.190152000111993, 585722.799998000031337 ], [ 390741.79015200008871, 585721.999997999984771 ], [ 390741.79015200008871, 585720.399998 ], [ 390742.390152000123635, 585719.399998 ], [ 390742.390152000123635, 585717.599997999961488 ], [ 390743.190152000111993, 585717.399998 ], [ 390743.79015200008871, 585718.599997999961488 ], [ 390744.990152000100352, 585718.799998000031337 ], [ 390745.590152000077069, 585717.999997999984771 ], [ 390745.390152000123635, 585715.799998000031337 ], [ 390745.79015200008871, 585714.599997999961488 ], [ 390746.390152000123635, 585713.999997999984771 ], [ 390747.190152000111993, 585713.999997999984771 ], [ 390747.590152000077069, 585714.999997999984771 ], [ 390748.79015200008871, 585715.799998000031337 ], [ 390749.390152000123635, 585715.199997999938205 ], [ 390749.79015200008871, 585713.199997999938205 ], [ 390751.390152000123635, 585713.199997999938205 ], [ 390752.390152000123635, 585715.399998 ], [ 390754.590152000077069, 585715.799998000031337 ], [ 390755.190152000111993, 585716.399998 ], [ 390755.390152000123635, 585718.599997999961488 ], [ 390756.590152000077069, 585719.399998 ], [ 390757.390152000123635, 585719.399998 ], [ 390755.79015200008871, 585720.999997999984771 ], [ 390756.390152000123635, 585721.799998000031337 ], [ 390757.190152000111993, 585722.199997999938205 ], [ 390757.190152000111993, 585722.999997999984771 ], [ 390755.990152000100352, 585723.999997999984771 ], [ 390755.990152000100352, 585724.399998 ], [ 390757.990152000100352, 585725.599997999961488 ], [ 390757.990152000100352, 585726.199997999938205 ], [ 390757.390152000123635, 585726.799998000031337 ], [ 390756.190152000111993, 585727.199997999938205 ], [ 390757.590152000077069, 585728.399998 ], [ 390757.590152000077069, 585729.199997999938205 ], [ 390756.190152000111993, 585730.599997999961488 ], [ 390757.79015200008871, 585731.799998000031337 ], [ 390758.190152000111993, 585731.799998000031337 ], [ 390758.190152000111993, 585732.399998 ], [ 390757.79015200008871, 585732.799998000031337 ], [ 390756.590152000077069, 585733.399998 ], [ 390756.590152000077069, 585733.799998000031337 ], [ 390757.190152000111993, 585733.799998000031337 ], [ 390758.190152000111993, 585735.199997999938205 ], [ 390756.990152000100352, 585736.399998 ], [ 390756.390152000123635, 585736.599997999961488 ], [ 390756.390152000123635, 585737.199997999938205 ], [ 390757.390152000123635, 585738.399998 ], [ 390754.990152000100352, 585738.999997999984771 ], [ 390754.79015200008871, 585739.799998000031337 ], [ 390755.190152000111993, 585740.199997999938205 ], [ 390757.590152000077069, 585740.799998000031337 ], [ 390758.190152000111993, 585741.599997999961488 ], [ 390757.390152000123635, 585742.399998 ], [ 390756.390152000123635, 585742.799998000031337 ], [ 390756.590152000077069, 585744.799998000031337 ], [ 390755.190152000111993, 585744.999997999984771 ], [ 390754.79015200008871, 585745.399998 ], [ 390754.79015200008871, 585746.199997999938205 ], [ 390757.79015200008871, 585746.799998000031337 ], [ 390759.190152000111993, 585747.599997999961488 ], [ 390758.590152000077069, 585747.999997999984771 ], [ 390755.590152000077069, 585748.399998 ] ] ] } },
{ "type": "Feature", "properties": { "pred_id": "REG_CAD_007", "raw_pred_id": "RAW_SAM2_007", "sam2_score": 0.75561219453811646, "mean_height_m": 4.7136645317077637, "max_height_m": 6.8224630355834961, "reg_area_m2": 68.800000000279397, "vertex_count_raw": 94, "vertex_count_reg": 23, "ortho_ratio_raw": 1.0, "ortho_ratio_reg": 0.13043478260869565, "is_canonical_rect": false }, "geometry": { "type": "Polygon", "coordinates": [ [ [ 390698.79015200008871, 585747.799998000031337 ], [ 390693.390152000123635, 585747.799998000031337 ], [ 390693.190152000111993, 585745.999997999984771 ], [ 390692.590152000077069, 585745.799998000031337 ], [ 390691.990152000100352, 585745.199997999938205 ], [ 390691.990152000100352, 585744.799998000031337 ], [ 390689.990152000100352, 585744.599997999961488 ], [ 390691.190152000111993, 585743.999997999984771 ], [ 390691.190152000111993, 585741.799998000031337 ], [ 390690.390152000123635, 585741.399998 ], [ 390691.990152000100352, 585741.199997999938205 ], [ 390692.190152000111993, 585740.399998 ], [ 390694.190152000111993, 585739.999997999984771 ], [ 390694.390152000123635, 585739.599997999961488 ], [ 390695.79015200008871, 585738.999997999984771 ], [ 390697.590152000077069, 585739.399998 ], [ 390697.990152000100352, 585739.799998000031337 ], [ 390699.590152000077069, 585739.999997999984771 ], [ 390700.590152000077069, 585741.199997999938205 ], [ 390700.990152000100352, 585741.199997999938205 ], [ 390700.990152000100352, 585743.999997999984771 ], [ 390700.390152000123635, 585744.799998000031337 ], [ 390699.990152000100352, 585746.999997999984771 ], [ 390698.79015200008871, 585747.799998000031337 ] ] ] } },
{ "type": "Feature", "properties": { "pred_id": "REG_CAD_008", "raw_pred_id": "RAW_SAM2_008", "sam2_score": 0.6968654990196228, "mean_height_m": 2.6432545185089111, "max_height_m": 2.8499214649200439, "reg_area_m2": 33.638741624507702, "vertex_count_raw": 68, "vertex_count_reg": 12, "ortho_ratio_raw": 1.0, "ortho_ratio_reg": 1.0, "is_canonical_rect": false }, "geometry": { "type": "Polygon", "coordinates": [ [ [ 390724.140091794542968, 585745.928016235586256 ], [ 390724.239389569615014, 585744.793037473456934 ], [ 390725.67478959588334, 585744.918649113271385 ], [ 390726.039831610803958, 585740.745740295969881 ], [ 390724.304001389245968, 585740.59387631714344 ], [ 390724.255505217937753, 585741.148190092062578 ], [ 390722.391444748966023, 585740.985105932923034 ], [ 390722.388841863605194, 585741.01485704863444 ], [ 390720.524765149515588, 585740.851771468180232 ], [ 390720.506936410500202, 585741.055554886697792 ], [ 390718.707792769011576, 585740.898150641587563 ], [ 390718.31232540064957, 585745.418198881787248 ], [ 390724.140091794542968, 585745.928016235586256 ] ] ] } },
{ "type": "Feature", "properties": { "pred_id": "REG_CAD_009", "raw_pred_id": "RAW_SAM2_009", "sam2_score": 0.83175545930862427, "mean_height_m": 8.7511415481567383, "max_height_m": 16.568357467651367, "reg_area_m2": 43.639999999754366, "vertex_count_raw": 94, "vertex_count_reg": 17, "ortho_ratio_raw": 1.0, "ortho_ratio_reg": 0.058823529411764705, "is_canonical_rect": false }, "geometry": { "type": "Polygon", "coordinates": [ [ [ 391101.990152000100352, 585742.799998000031337 ], [ 391100.79015200008871, 585741.599997999961488 ], [ 391100.190152000111993, 585741.399998 ], [ 391098.990152000100352, 585738.199997999938205 ], [ 391099.590152000077069, 585737.199997999938205 ], [ 391100.390152000123635, 585736.799998000031337 ], [ 391100.590152000077069, 585735.599997999961488 ], [ 391100.990152000100352, 585735.199997999938205 ], [ 391102.390152000123635, 585734.999997999984771 ], [ 391103.590152000077069, 585735.799998000031337 ], [ 391103.79015200008871, 585736.799998000031337 ], [ 391105.990152000100352, 585736.999997999984771 ], [ 391106.190152000111993, 585738.199997999938205 ], [ 391106.990152000100352, 585738.799998000031337 ], [ 391107.590152000077069, 585741.399998 ], [ 391106.590152000077069, 585742.199997999938205 ], [ 391103.590152000077069, 585742.199997999938205 ], [ 391101.990152000100352, 585742.799998000031337 ] ] ] } },
{ "type": "Feature", "properties": { "pred_id": "REG_CAD_010", "raw_pred_id": "RAW_SAM2_010", "sam2_score": 0.73000556230545044, "mean_height_m": 3.8334281444549561, "max_height_m": 7.751887321472168, "reg_area_m2": 193.22000000040975, "vertex_count_raw": 204, "vertex_count_reg": 46, "ortho_ratio_raw": 1.0, "ortho_ratio_reg": 0.086956521739130432, "is_canonical_rect": false }, "geometry": { "type": "Polygon", "coordinates": [ [ [ 390678.79015200008871, 585741.999997999984771 ], [ 390677.190152000111993, 585741.599997999961488 ], [ 390676.79015200008871, 585740.999997999984771 ], [ 390675.590152000077069, 585740.999997999984771 ], [ 390674.990152000100352, 585741.599997999961488 ], [ 390674.190152000111993, 585741.599997999961488 ], [ 390673.990152000100352, 585741.199997999938205 ], [ 390674.590152000077069, 585739.799998000031337 ], [ 390673.79015200008871, 585739.399998 ], [ 390673.79015200008871, 585738.999997999984771 ], [ 390673.190152000111993, 585738.399998 ], [ 390673.190152000111993, 585737.799998000031337 ], [ 390672.190152000111993, 585736.799998000031337 ], [ 390671.990152000100352, 585735.799998000031337 ], [ 390671.190152000111993, 585735.199997999938205 ], [ 390671.590152000077069, 585734.199997999938205 ], [ 390671.990152000100352, 585729.199997999938205 ], [ 390672.590152000077069, 585728.999997999984771 ], [ 390672.590152000077069, 585728.599997999961488 ], [ 390673.190152000111993, 585728.199997999938205 ], [ 390674.79015200008871, 585727.999997999984771 ], [ 390675.990152000100352, 585727.199997999938205 ], [ 390676.79015200008871, 585727.199997999938205 ], [ 390677.990152000100352, 585727.999997999984771 ], [ 390679.390152000123635, 585727.799998000031337 ], [ 390679.79015200008871, 585727.199997999938205 ], [ 390680.590152000077069, 585727.199997999938205 ], [ 390681.79015200008871, 585727.999997999984771 ], [ 390684.190152000111993, 585727.999997999984771 ], [ 390684.390152000123635, 585728.399998 ], [ 390685.590152000077069, 585728.799998000031337 ], [ 390685.590152000077069, 585730.599997999961488 ], [ 390687.190152000111993, 585731.999997999984771 ], [ 390686.590152000077069, 585733.599997999961488 ], [ 390687.190152000111993, 585733.999997999984771 ], [ 390687.590152000077069, 585735.599997999961488 ], [ 390686.990152000100352, 585736.599997999961488 ], [ 390686.990152000100352, 585738.399998 ], [ 390685.590152000077069, 585739.799998000031337 ], [ 390686.190152000111993, 585740.599997999961488 ], [ 390686.590152000077069, 585740.599997999961488 ], [ 390686.990152000100352, 585741.399998 ], [ 390685.79015200008871, 585741.799998000031337 ], [ 390683.990152000100352, 585740.999997999984771 ], [ 390683.390152000123635, 585741.599997999961488 ], [ 390682.590152000077069, 585741.799998000031337 ], [ 390678.79015200008871, 585741.999997999984771 ] ] ] } },
{ "type": "Feature", "properties": { "pred_id": "REG_CAD_011", "raw_pred_id": "RAW_SAM2_011", "sam2_score": 0.71082067489624023, "mean_height_m": 4.2651128768920898, "max_height_m": 5.962677001953125, "reg_area_m2": 48.107328687540139, "vertex_count_raw": 76, "vertex_count_reg": 12, "ortho_ratio_raw": 1.0, "ortho_ratio_reg": 1.0, "is_canonical_rect": false }, "geometry": { "type": "Polygon", "coordinates": [ [ [ 390847.929006048070733, 585736.945891904877499 ], [ 390853.296112067240756, 585736.191583522944711 ], [ 390853.030844059889205, 585734.31101152068004 ], [ 390853.473489275842439, 585734.248801792738959 ], [ 390852.956793444638606, 585730.451162350247614 ], [ 390852.973491220735013, 585730.448815630981699 ], [ 390852.7067925297888, 585728.551155840512365 ], [ 390853.294880379224196, 585728.468505483237095 ], [ 390853.116248105012346, 585727.197833211510442 ], [ 390847.888516945007723, 585727.932513258885592 ], [ 390848.385534520202782, 585731.469067912665196 ], [ 390847.183055921574123, 585731.638053204282187 ], [ 390847.929006048070733, 585736.945891904877499 ] ] ] } },
{ "type": "Feature", "properties": { "pred_id": "REG_CAD_012", "raw_pred_id": "RAW_SAM2_012", "sam2_score": 0.7327880859375, "mean_height_m": 3.4670615196228027, "max_height_m": 5.448798656463623, "reg_area_m2": 99.385879807299901, "vertex_count_raw": 134, "vertex_count_reg": 22, "ortho_ratio_raw": 1.0, "ortho_ratio_reg": 1.0, "is_canonical_rect": false }, "geometry": { "type": "Polygon", "coordinates": [ [ [ 390703.18489076779224, 585734.917024009046145 ], [ 390703.995397453021724, 585735.882948263082653 ], [ 390705.961508059233893, 585734.233145695645362 ], [ 390705.151604469341692, 585733.267940403777175 ], [ 390707.114546918659471, 585731.620818862691522 ], [ 390705.626318712544162, 585729.847217551316135 ], [ 390706.235431679757312, 585729.3361110847909 ], [ 390705.027344260015525, 585727.896370120579377 ], [ 390705.634416634740774, 585727.386975915054791 ], [ 390704.145874082227238, 585725.612999980337918 ], [ 390705.037722779088654, 585724.864650067640468 ], [ 390703.781792622699868, 585723.367890042020008 ], [ 390702.301798941742163, 585724.609752193675376 ], [ 390701.278486056369729, 585723.390215386170894 ], [ 390698.389541896933224, 585725.814319697674364 ], [ 390697.746267802431248, 585725.047695484478027 ], [ 390694.731837483064737, 585727.57709465699736 ], [ 390696.04122962593101, 585729.13756744726561 ], [ 390694.946483364503365, 585730.056191244511865 ], [ 390699.64586704748217, 585735.656636769883335 ], [ 390700.44374658621382, 585734.987136343377642 ], [ 390701.541803267493378, 585736.295756845152937 ], [ 390703.18489076779224, 585734.917024009046145 ] ] ] } },
{ "type": "Feature", "properties": { "pred_id": "REG_CAD_013", "raw_pred_id": "RAW_SAM2_013", "sam2_score": 0.84078258275985718, "mean_height_m": 13.391200065612793, "max_height_m": 16.042680740356445, "reg_area_m2": 403.46000000010008, "vertex_count_raw": 242, "vertex_count_reg": 59, "ortho_ratio_raw": 1.0, "ortho_ratio_reg": 0.16949152542372881, "is_canonical_rect": false }, "geometry": { "type": "Polygon", "coordinates": [ [ [ 390658.590152000077069, 585738.999997999984771 ], [ 390657.390152000123635, 585738.599997999961488 ], [ 390657.190152000111993, 585738.199997999938205 ], [ 390658.390152000123635, 585737.199997999938205 ], [ 390659.390152000123635, 585737.199997999938205 ], [ 390660.390152000123635, 585736.599997999961488 ], [ 390653.990152000100352, 585735.799998000031337 ], [ 390653.190152000111993, 585734.999997999984771 ], [ 390649.990152000100352, 585735.399998 ], [ 390649.990152000100352, 585734.599997999961488 ], [ 390650.990152000100352, 585734.599997999961488 ], [ 390651.390152000123635, 585733.799998000031337 ], [ 390650.990152000100352, 585733.199997999938205 ], [ 390649.990152000100352, 585733.199997999938205 ], [ 390649.990152000100352, 585714.599997999961488 ], [ 390651.190152000111993, 585714.599997999961488 ], [ 390651.79015200008871, 585714.999997999984771 ], [ 390653.990152000100352, 585715.399998 ], [ 390656.190152000111993, 585715.399998 ], [ 390657.190152000111993, 585714.999997999984771 ], [ 390660.79015200008871, 585715.199997999938205 ], [ 390660.990152000100352, 585715.599997999961488 ], [ 390661.390152000123635, 585715.599997999961488 ], [ 390661.590152000077069, 585715.999997999984771 ], [ 390661.990152000100352, 585715.999997999984771 ], [ 390662.990152000100352, 585716.999997999984771 ], [ 390664.190152000111993, 585717.599997999961488 ], [ 390665.390152000123635, 585717.599997999961488 ], [ 390666.79015200008871, 585716.799998000031337 ], [ 390667.190152000111993, 585717.399998 ], [ 390668.390152000123635, 585717.999997999984771 ], [ 390668.190152000111993, 585719.599997999961488 ], [ 390668.79015200008871, 585720.199997999938205 ], [ 390669.190152000111993, 585721.399998 ], [ 390670.190152000111993, 585722.399998 ], [ 390669.990152000100352, 585724.399998 ], [ 390670.590152000077069, 585725.399998 ], [ 390670.590152000077069, 585726.199997999938205 ], [ 390669.990152000100352, 585726.799998000031337 ], [ 390669.990152000100352, 585727.599997999961488 ], [ 390670.590152000077069, 585727.999997999984771 ], [ 390670.990152000100352, 585728.799998000031337 ], [ 390670.190152000111993, 585730.599997999961488 ], [ 390670.990152000100352, 585732.199997999938205 ], [ 390670.590152000077069, 585732.399998 ], [ 390670.590152000077069, 585732.799998000031337 ], [ 390669.390152000123635, 585733.399998 ], [ 390669.390152000123635, 585734.399998 ], [ 390669.79015200008871, 585734.799998000031337 ], [ 390670.590152000077069, 585734.799998000031337 ], [ 390670.590152000077069, 585735.199997999938205 ], [ 390668.390152000123635, 585735.199997999938205 ], [ 390667.990152000100352, 585735.799998000031337 ], [ 390666.79015200008871, 585736.199997999938205 ], [ 390664.390152000123635, 585735.799998000031337 ], [ 390660.990152000100352, 585736.599997999961488 ], [ 390661.390152000123635, 585737.399998 ], [ 390662.390152000123635, 585737.799998000031337 ], [ 390666.590152000077069, 585738.399998 ], [ 390658.590152000077069, 585738.999997999984771 ] ] ] } },
{ "type": "Feature", "properties": { "pred_id": "REG_CAD_014", "raw_pred_id": "RAW_SAM2_014", "sam2_score": 0.67118531465530396, "mean_height_m": 5.1456623077392578, "max_height_m": 8.1366090774536133, "reg_area_m2": 83.020449904201243, "vertex_count_raw": 94, "vertex_count_reg": 14, "ortho_ratio_raw": 1.0, "ortho_ratio_reg": 1.0, "is_canonical_rect": false }, "geometry": { "type": "Polygon", "coordinates": [ [ [ 390777.755109229707159, 585732.403377788490616 ], [ 390784.639931147859897, 585732.64377024571877 ], [ 390785.002293051453307, 585722.26708299620077 ], [ 390782.772993218852207, 585722.191027954919264 ], [ 390782.792410719557665, 585721.63498348579742 ], [ 390780.787874089495745, 585721.564983524149284 ], [ 390780.814924161939416, 585720.790370800998062 ], [ 390779.223835060605779, 585720.734791123657487 ], [ 390779.17893617390655, 585722.020527014625259 ], [ 390778.001319130242337, 585721.979403721285053 ], [ 390777.926614059309941, 585724.118155269999988 ], [ 390776.818788831820711, 585724.079474681289867 ], [ 390776.592040914692916, 585730.572099706507288 ], [ 390777.817551557091065, 585730.614895481150597 ], [ 390777.755109229707159, 585732.403377788490616 ] ] ] } },
{ "type": "Feature", "properties": { "pred_id": "REG_CAD_015", "raw_pred_id": "RAW_SAM2_015", "sam2_score": 0.65385615825653076, "mean_height_m": 5.0136346817016602, "max_height_m": 8.4059505462646484, "reg_area_m2": 1261.5999999998835, "vertex_count_raw": 772, "vertex_count_reg": 180, "ortho_ratio_raw": 1.0, "ortho_ratio_reg": 0.094444444444444442, "is_canonical_rect": false }, "geometry": { "type": "Polygon", "coordinates": [ [ [ 390705.590152000077069, 585725.599997999961488 ], [ 390704.990152000100352, 585724.199997999938205 ], [ 390704.590152000077069, 585724.199997999938205 ], [ 390703.990152000100352, 585723.599997999961488 ], [ 390701.390152000123635, 585723.799998000031337 ], [ 390700.190152000111993, 585724.799998000031337 ], [ 390697.79015200008871, 585724.999997999984771 ], [ 390696.990152000100352, 585723.999997999984771 ], [ 390695.990152000100352, 585723.599997999961488 ], [ 390692.990152000100352, 585723.599997999961488 ], [ 390692.390152000123635, 585723.999997999984771 ], [ 390691.590152000077069, 585723.999997999984771 ], [ 390690.990152000100352, 585723.399998 ], [ 390690.190152000111993, 585723.399998 ], [ 390689.590152000077069, 585722.799998000031337 ], [ 390689.590152000077069, 585722.399998 ], [ 390690.390152000123635, 585721.799998000031337 ], [ 390691.390152000123635, 585721.799998000031337 ], [ 390692.79015200008871, 585721.199997999938205 ], [ 390694.190152000111993, 585721.199997999938205 ], [ 390694.79015200008871, 585721.599997999961488 ], [ 390696.190152000111993, 585721.799998000031337 ], [ 390697.590152000077069, 585720.999997999984771 ], [ 390696.390152000123635, 585719.999997999984771 ], [ 390696.190152000111993, 585719.399998 ], [ 390694.990152000100352, 585719.599997999961488 ], [ 390693.990152000100352, 585720.999997999984771 ], [ 390691.390152000123635, 585720.199997999938205 ], [ 390689.990152000100352, 585720.199997999938205 ], [ 390689.590152000077069, 585718.999997999984771 ], [ 390688.390152000123635, 585717.799998000031337 ], [ 390688.190152000111993, 585716.999997999984771 ], [ 390686.79015200008871, 585716.599997999961488 ], [ 390686.79015200008871, 585716.199997999938205 ], [ 390688.190152000111993, 585715.999997999984771 ], [ 390688.990152000100352, 585715.199997999938205 ], [ 390688.79015200008871, 585712.999997999984771 ], [ 390687.990152000100352, 585712.199997999938205 ], [ 390687.590152000077069, 585712.199997999938205 ], [ 390686.79015200008871, 585711.199997999938205 ], [ 390685.190152000111993, 585710.599997999961488 ], [ 390684.990152000100352, 585710.199997999938205 ], [ 390685.390152000123635, 585709.199997999938205 ], [ 390686.190152000111993, 585709.199997999938205 ], [ 390686.990152000100352, 585708.599997999961488 ], [ 390687.590152000077069, 585706.999997999984771 ], [ 390686.390152000123635, 585706.799998000031337 ], [ 390686.190152000111993, 585706.399998 ], [ 390683.79015200008871, 585706.599997999961488 ], [ 390682.79015200008871, 585705.599997999961488 ], [ 390682.590152000077069, 585704.599997999961488 ], [ 390681.990152000100352, 585704.399998 ], [ 390681.79015200008871, 585703.999997999984771 ], [ 390682.390152000123635, 585702.799998000031337 ], [ 390681.990152000100352, 585700.599997999961488 ], [ 390682.990152000100352, 585699.599997999961488 ], [ 390682.590152000077069, 585697.999997999984771 ], [ 390681.990152000100352, 585697.799998000031337 ], [ 390682.390152000123635, 585696.799998000031337 ], [ 390682.390152000123635, 585695.399998 ], [ 390681.990152000100352, 585694.399998 ], [ 390682.590152000077069, 585693.999997999984771 ], [ 390682.990152000100352, 585693.199997999938205 ], [ 390682.79015200008871, 585692.199997999938205 ], [ 390681.990152000100352, 585691.599997999961488 ], [ 390682.190152000111993, 585690.199997999938205 ], [ 390681.990152000100352, 585688.199997999938205 ], [ 390683.590152000077069, 585687.399998 ], [ 390683.990152000100352, 585685.799998000031337 ], [ 390684.590152000077069, 585685.999997999984771 ], [ 390684.79015200008871, 585686.999997999984771 ], [ 390685.390152000123635, 585687.599997999961488 ], [ 390685.79015200008871, 585687.799998000031337 ], [ 390686.590152000077069, 585687.599997999961488 ], [ 390686.990152000100352, 585686.799998000031337 ], [ 390686.79015200008871, 585685.599997999961488 ], [ 390686.390152000123635, 585685.199997999938205 ], [ 390686.590152000077069, 585683.199997999938205 ], [ 390686.990152000100352, 585682.399998 ], [ 390687.79015200008871, 585681.799998000031337 ], [ 390687.990152000100352, 585680.999997999984771 ], [ 390690.190152000111993, 585680.599997999961488 ], [ 390690.190152000111993, 585679.999997999984771 ], [ 390689.390152000123635, 585679.199997999938205 ], [ 390689.590152000077069, 585677.999997999984771 ], [ 390690.990152000100352, 585676.399998 ], [ 390691.79015200008871, 585675.999997999984771 ], [ 390692.390152000123635, 585676.199997999938205 ], [ 390693.590152000077069, 585677.599997999961488 ], [ 390693.79015200008871, 585679.199997999938205 ], [ 390693.390152000123635, 585680.599997999961488 ], [ 390693.79015200008871, 585680.799998000031337 ], [ 390694.79015200008871, 585680.399998 ], [ 390694.390152000123635, 585677.199997999938205 ], [ 390694.990152000100352, 585676.599997999961488 ], [ 390695.190152000111993, 585675.799998000031337 ], [ 390695.990152000100352, 585675.599997999961488 ], [ 390696.390152000123635, 585675.799998000031337 ], [ 390696.79015200008871, 585677.199997999938205 ], [ 390697.190152000111993, 585677.599997999961488 ], [ 390700.190152000111993, 585677.799998000031337 ], [ 390700.390152000123635, 585678.199997999938205 ], [ 390700.79015200008871, 585678.199997999938205 ], [ 390700.79015200008871, 585678.599997999961488 ], [ 390701.190152000111993, 585678.799998000031337 ], [ 390700.990152000100352, 585680.599997999961488 ], [ 390701.390152000123635, 585680.999997999984771 ], [ 390703.79015200008871, 585680.799998000031337 ], [ 390705.990152000100352, 585681.399998 ], [ 390706.990152000100352, 585680.999997999984771 ], [ 390707.590152000077069, 585680.199997999938205 ], [ 390707.990152000100352, 585681.199997999938205 ], [ 390708.79015200008871, 585681.799998000031337 ], [ 390712.190152000111993, 585681.999997999984771 ], [ 390711.590152000077069, 585682.999997999984771 ], [ 390710.990152000100352, 585682.999997999984771 ], [ 390710.590152000077069, 585683.399998 ], [ 390710.590152000077069, 585684.599997999961488 ], [ 390711.190152000111993, 585685.199997999938205 ], [ 390709.79015200008871, 585685.399998 ], [ 390709.390152000123635, 585685.799998000031337 ], [ 390709.190152000111993, 585686.799998000031337 ], [ 390709.590152000077069, 585687.199997999938205 ], [ 390711.990152000100352, 585687.199997999938205 ], [ 390712.990152000100352, 585687.599997999961488 ], [ 390713.190152000111993, 585688.999997999984771 ], [ 390712.79015200008871, 585689.399998 ], [ 390712.79015200008871, 585689.999997999984771 ], [ 390714.390152000123635, 585690.599997999961488 ], [ 390714.990152000100352, 585691.199997999938205 ], [ 390715.190152000111993, 585692.999997999984771 ], [ 390714.79015200008871, 585693.399998 ], [ 390714.590152000077069, 585696.199997999938205 ], [ 390715.390152000123635, 585696.399998 ], [ 390715.390152000123635, 585696.799998000031337 ], [ 390715.990152000100352, 585697.399998 ], [ 390715.79015200008871, 585699.599997999961488 ], [ 390714.990152000100352, 585700.799998000031337 ], [ 390714.990152000100352, 585702.399998 ], [ 390715.590152000077069, 585702.799998000031337 ], [ 390715.590152000077069, 585703.399998 ], [ 390715.990152000100352, 585703.599997999961488 ], [ 390715.990152000100352, 585704.399998 ], [ 390715.590152000077069, 585705.199997999938205 ], [ 390715.390152000123635, 585707.399998 ], [ 390714.79015200008871, 585708.599997999961488 ], [ 390716.390152000123635, 585709.999997999984771 ], [ 390716.390152000123635, 585710.399998 ], [ 390715.990152000100352, 585710.599997999961488 ], [ 390715.590152000077069, 585711.999997999984771 ], [ 390714.79015200008871, 585712.999997999984771 ], [ 390714.590152000077069, 585714.199997999938205 ], [ 390714.190152000111993, 585714.399998 ], [ 390714.190152000111993, 585714.999997999984771 ], [ 390714.79015200008871, 585715.399998 ], [ 390715.190152000111993, 585716.199997999938205 ], [ 390714.990152000100352, 585717.199997999938205 ], [ 390714.390152000123635, 585717.799998000031337 ], [ 390714.190152000111993, 585719.999997999984771 ], [ 390713.390152000123635, 585720.799998000031337 ], [ 390711.990152000100352, 585719.599997999961488 ], [ 390711.590152000077069, 585719.599997999961488 ], [ 390711.390152000123635, 585718.999997999984771 ], [ 390711.390152000123635, 585719.399998 ], [ 390710.79015200008871, 585719.999997999984771 ], [ 390710.390152000123635, 585719.999997999984771 ], [ 390710.390152000123635, 585720.399998 ], [ 390709.79015200008871, 585720.999997999984771 ], [ 390710.990152000100352, 585722.199997999938205 ], [ 390711.990152000100352, 585722.199997999938205 ], [ 390713.590152000077069, 585721.399998 ], [ 390714.590152000077069, 585722.799998000031337 ], [ 390713.79015200008871, 585723.799998000031337 ], [ 390713.190152000111993, 585723.799998000031337 ], [ 390711.79015200008871, 585722.999997999984771 ], [ 390710.390152000123635, 585723.199997999938205 ], [ 390708.190152000111993, 585723.999997999984771 ], [ 390707.590152000077069, 585724.599997999961488 ], [ 390706.79015200008871, 585724.599997999961488 ], [ 390705.990152000100352, 585724.999997999984771 ], [ 390705.590152000077069, 585725.599997999961488 ] ] ] } },
{ "type": "Feature", "properties": { "pred_id": "REG_CAD_016", "raw_pred_id": "RAW_SAM2_016", "sam2_score": 0.49255836009979248, "mean_height_m": 4.0565156936645508, "max_height_m": 5.9105000495910645, "reg_area_m2": 359.79999999986029, "vertex_count_raw": 288, "vertex_count_reg": 68, "ortho_ratio_raw": 1.0, "ortho_ratio_reg": 0.11764705882352941, "is_canonical_rect": false }, "geometry": { "type": "Polygon", "coordinates": [ [ [ 390723.590152000077069, 585723.199997999938205 ], [ 390721.990152000100352, 585721.799998000031337 ], [ 390721.190152000111993, 585720.199997999938205 ], [ 390721.390152000123635, 585717.799998000031337 ], [ 390720.79015200008871, 585717.199997999938205 ], [ 390720.590152000077069, 585715.799998000031337 ], [ 390719.990152000100352, 585714.999997999984771 ], [ 390720.390152000123635, 585713.199997999938205 ], [ 390718.990152000100352, 585711.799998000031337 ], [ 390719.390152000123635, 585710.599997999961488 ], [ 390718.79015200008871, 585708.799998000031337 ], [ 390719.190152000111993, 585706.799998000031337 ], [ 390718.590152000077069, 585705.599997999961488 ], [ 390718.79015200008871, 585704.999997999984771 ], [ 390718.590152000077069, 585699.199997999938205 ], [ 390718.990152000100352, 585697.999997999984771 ], [ 390718.590152000077069, 585696.799998000031337 ], [ 390718.590152000077069, 585694.599997999961488 ], [ 390718.990152000100352, 585691.999997999984771 ], [ 390719.190152000111993, 585691.599997999961488 ], [ 390719.590152000077069, 585691.599997999961488 ], [ 390718.79015200008871, 585690.399998 ], [ 390718.79015200008871, 585688.799998000031337 ], [ 390719.190152000111993, 585688.199997999938205 ], [ 390719.390152000123635, 585686.799998000031337 ], [ 390721.590152000077069, 585686.799998000031337 ], [ 390721.590152000077069, 585684.999997999984771 ], [ 390723.190152000111993, 585682.799998000031337 ], [ 390724.590152000077069, 585683.199997999938205 ], [ 390725.590152000077069, 585683.999997999984771 ], [ 390725.79015200008871, 585686.799998000031337 ], [ 390728.190152000111993, 585687.199997999938205 ], [ 390729.190152000111993, 585688.199997999938205 ], [ 390728.79015200008871, 585689.799998000031337 ], [ 390729.390152000123635, 585690.799998000031337 ], [ 390729.590152000077069, 585695.199997999938205 ], [ 390729.190152000111993, 585696.199997999938205 ], [ 390729.590152000077069, 585696.599997999961488 ], [ 390729.990152000100352, 585698.999997999984771 ], [ 390729.390152000123635, 585700.599997999961488 ], [ 390729.390152000123635, 585701.599997999961488 ], [ 390728.990152000100352, 585702.199997999938205 ], [ 390729.590152000077069, 585703.399998 ], [ 390729.590152000077069, 585707.399998 ], [ 390729.190152000111993, 585708.199997999938205 ], [ 390729.590152000077069, 585709.399998 ], [ 390729.590152000077069, 585712.199997999938205 ], [ 390729.190152000111993, 585713.999997999984771 ], [ 390728.390152000123635, 585714.799998000031337 ], [ 390729.390152000123635, 585715.799998000031337 ], [ 390729.390152000123635, 585716.999997999984771 ], [ 390729.190152000111993, 585717.599997999961488 ], [ 390728.390152000123635, 585717.599997999961488 ], [ 390727.390152000123635, 585716.799998000031337 ], [ 390727.390152000123635, 585716.399998 ], [ 390726.990152000100352, 585716.399998 ], [ 390726.990152000100352, 585717.399998 ], [ 390726.590152000077069, 585717.799998000031337 ], [ 390726.990152000100352, 585718.999997999984771 ], [ 390729.190152000111993, 585718.599997999961488 ], [ 390729.390152000123635, 585719.599997999961488 ], [ 390728.990152000100352, 585720.199997999938205 ], [ 390728.190152000111993, 585720.199997999938205 ], [ 390727.390152000123635, 585721.399998 ], [ 390726.590152000077069, 585721.599997999961488 ], [ 390726.190152000111993, 585721.999997999984771 ], [ 390726.190152000111993, 585722.799998000031337 ], [ 390725.390152000123635, 585723.199997999938205 ], [ 390723.590152000077069, 585723.199997999938205 ] ] ] } },
{ "type": "Feature", "properties": { "pred_id": "REG_CAD_017", "raw_pred_id": "RAW_SAM2_017", "sam2_score": 0.66595059633255005, "mean_height_m": 5.5227389335632324, "max_height_m": 9.1482019424438477, "reg_area_m2": 659.20000000050084, "vertex_count_raw": 452, "vertex_count_reg": 100, "ortho_ratio_raw": 1.0, "ortho_ratio_reg": 0.12, "is_canonical_rect": false }, "geometry": { "type": "Polygon", "coordinates": [ [ [ 390744.590152000077069, 585720.799998000031337 ], [ 390743.79015200008871, 585720.399998 ], [ 390742.990152000100352, 585719.399998 ], [ 390741.190152000111993, 585719.999997999984771 ], [ 390736.79015200008871, 585719.799998000031337 ], [ 390736.79015200008871, 585717.999997999984771 ], [ 390735.190152000111993, 585716.599997999961488 ], [ 390735.190152000111993, 585715.999997999984771 ], [ 390735.990152000100352, 585714.999997999984771 ], [ 390735.590152000077069, 585713.199997999938205 ], [ 390734.390152000123635, 585711.999997999984771 ], [ 390733.990152000100352, 585710.999997999984771 ], [ 390732.79015200008871, 585710.199997999938205 ], [ 390733.79015200008871, 585708.999997999984771 ], [ 390733.79015200008871, 585706.799998000031337 ], [ 390733.390152000123635, 585706.399998 ], [ 390733.390152000123635, 585705.399998 ], [ 390732.390152000123635, 585704.199997999938205 ], [ 390732.390152000123635, 585703.199997999938205 ], [ 390733.190152000111993, 585702.599997999961488 ], [ 390733.190152000111993, 585701.599997999961488 ], [ 390732.79015200008871, 585700.799998000031337 ], [ 390733.390152000123635, 585699.999997999984771 ], [ 390733.390152000123635, 585698.599997999961488 ], [ 390732.79015200008871, 585697.999997999984771 ], [ 390732.79015200008871, 585697.199997999938205 ], [ 390733.390152000123635, 585696.599997999961488 ], [ 390733.590152000077069, 585694.399998 ], [ 390734.190152000111993, 585693.799998000031337 ], [ 390734.390152000123635, 585692.199997999938205 ], [ 390734.79015200008871, 585691.599997999961488 ], [ 390735.190152000111993, 585691.599997999961488 ], [ 390734.590152000077069, 585690.399998 ], [ 390734.590152000077069, 585689.599997999961488 ], [ 390735.79015200008871, 585689.199997999938205 ], [ 390736.390152000123635, 585688.599997999961488 ], [ 390736.390152000123635, 585688.199997999938205 ], [ 390742.590152000077069, 585687.799998000031337 ], [ 390743.990152000100352, 585688.199997999938205 ], [ 390745.79015200008871, 585688.199997999938205 ], [ 390747.390152000123635, 585688.799998000031337 ], [ 390747.79015200008871, 585689.999997999984771 ], [ 390748.190152000111993, 585689.999997999984771 ], [ 390748.590152000077069, 585690.599997999961488 ], [ 390749.79015200008871, 585690.599997999961488 ], [ 390750.390152000123635, 585691.199997999938205 ], [ 390752.79015200008871, 585690.999997999984771 ], [ 390753.390152000123635, 585691.399998 ], [ 390753.390152000123635, 585691.999997999984771 ], [ 390751.79015200008871, 585692.599997999961488 ], [ 390751.79015200008871, 585692.999997999984771 ], [ 390753.590152000077069, 585693.199997999938205 ], [ 390753.79015200008871, 585692.799998000031337 ], [ 390754.590152000077069, 585692.599997999961488 ], [ 390754.590152000077069, 585693.799998000031337 ], [ 390754.990152000100352, 585694.399998 ], [ 390754.79015200008871, 585696.199997999938205 ], [ 390756.190152000111993, 585697.599997999961488 ], [ 390755.590152000077069, 585698.399998 ], [ 390755.390152000123635, 585699.399998 ], [ 390755.590152000077069, 585699.999997999984771 ], [ 390756.190152000111993, 585700.599997999961488 ], [ 390756.590152000077069, 585700.599997999961488 ], [ 390756.590152000077069, 585700.999997999984771 ], [ 390755.79015200008871, 585701.399998 ], [ 390755.390152000123635, 585702.399998 ], [ 390757.190152000111993, 585703.999997999984771 ], [ 390755.79015200008871, 585705.399998 ], [ 390755.990152000100352, 585706.199997999938205 ], [ 390756.79015200008871, 585706.799998000031337 ], [ 390756.79015200008871, 585707.399998 ], [ 390755.590152000077069, 585708.599997999961488 ], [ 390756.79015200008871, 585709.199997999938205 ], [ 390757.390152000123635, 585710.399998 ], [ 390755.990152000100352, 585711.599997999961488 ], [ 390755.990152000100352, 585712.399998 ], [ 390756.590152000077069, 585712.999997999984771 ], [ 390756.590152000077069, 585713.399998 ], [ 390755.390152000123635, 585713.799998000031337 ], [ 390754.590152000077069, 585714.599997999961488 ], [ 390754.590152000077069, 585714.999997999984771 ], [ 390754.990152000100352, 585714.999997999984771 ], [ 390755.190152000111993, 585715.399998 ], [ 390756.590152000077069, 585715.599997999961488 ], [ 390757.190152000111993, 585716.199997999938205 ], [ 390757.190152000111993, 585716.599997999961488 ], [ 390756.390152000123635, 585717.199997999938205 ], [ 390754.990152000100352, 585717.599997999961488 ], [ 390754.990152000100352, 585717.999997999984771 ], [ 390753.990152000100352, 585718.999997999984771 ], [ 390753.79015200008871, 585719.799998000031337 ], [ 390753.190152000111993, 585719.999997999984771 ], [ 390752.79015200008871, 585720.599997999961488 ], [ 390751.390152000123635, 585719.999997999984771 ], [ 390750.79015200008871, 585718.799998000031337 ], [ 390750.390152000123635, 585718.599997999961488 ], [ 390749.990152000100352, 585719.599997999961488 ], [ 390748.990152000100352, 585719.999997999984771 ], [ 390748.79015200008871, 585720.399998 ], [ 390746.190152000111993, 585720.399998 ], [ 390744.590152000077069, 585720.799998000031337 ] ] ] } },
{ "type": "Feature", "properties": { "pred_id": "REG_CAD_018", "raw_pred_id": "RAW_SAM2_018", "sam2_score": 0.42352238297462463, "mean_height_m": 7.6877608299255371, "max_height_m": 14.633996963500977, "reg_area_m2": 1442.1399999996909, "vertex_count_raw": 876, "vertex_count_reg": 183, "ortho_ratio_raw": 1.0, "ortho_ratio_reg": 0.081967213114754092, "is_canonical_rect": false }, "geometry": { "type": "Polygon", "coordinates": [ [ [ 390920.190152000111993, 585717.199997999938205 ], [ 390918.79015200008871, 585716.599997999961488 ], [ 390915.79015200008871, 585716.399998 ], [ 390914.590152000077069, 585715.799998000031337 ], [ 390912.79015200008871, 585715.599997999961488 ], [ 390912.390152000123635, 585714.999997999984771 ], [ 390911.990152000100352, 585714.999997999984771 ], [ 390911.79015200008871, 585714.399998 ], [ 390909.990152000100352, 585713.999997999984771 ], [ 390908.990152000100352, 585712.399998 ], [ 390907.990152000100352, 585712.399998 ], [ 390907.190152000111993, 585711.599997999961488 ], [ 390903.390152000123635, 585712.399998 ], [ 390900.79015200008871, 585712.199997999938205 ], [ 390897.190152000111993, 585709.999997999984771 ], [ 390895.590152000077069, 585709.999997999984771 ], [ 390893.390152000123635, 585709.399998 ], [ 390892.590152000077069, 585709.599997999961488 ], [ 390892.590152000077069, 585710.199997999938205 ], [ 390891.990152000100352, 585710.399998 ], [ 390890.190152000111993, 585710.399998 ], [ 390889.390152000123635, 585709.999997999984771 ], [ 390890.590152000077069, 585709.799998000031337 ], [ 390891.390152000123635, 585708.799998000031337 ], [ 390891.190152000111993, 585708.399998 ], [ 390889.590152000077069, 585707.599997999961488 ], [ 390887.390152000123635, 585707.599997999961488 ], [ 390886.79015200008871, 585707.199997999938205 ], [ 390886.590152000077069, 585706.599997999961488 ], [ 390885.79015200008871, 585706.199997999938205 ], [ 390883.190152000111993, 585706.799998000031337 ], [ 390882.190152000111993, 585706.399998 ], [ 390881.590152000077069, 585705.599997999961488 ], [ 390881.190152000111993, 585705.599997999961488 ], [ 390879.390152000123635, 585706.799998000031337 ], [ 390879.390152000123635, 585705.399998 ], [ 390878.79015200008871, 585702.999997999984771 ], [ 390878.990152000100352, 585700.399998 ], [ 390878.79015200008871, 585691.399998 ], [ 390879.390152000123635, 585687.799998000031337 ], [ 390880.390152000123635, 585688.199997999938205 ], [ 390880.590152000077069, 585689.799998000031337 ], [ 390881.390152000123635, 585690.599997999961488 ], [ 390882.390152000123635, 585690.999997999984771 ], [ 390882.590152000077069, 585691.399998 ], [ 390883.990152000100352, 585691.799998000031337 ], [ 390885.190152000111993, 585692.799998000031337 ], [ 390884.990152000100352, 585695.399998 ], [ 390885.190152000111993, 585696.599997999961488 ], [ 390885.79015200008871, 585696.199997999938205 ], [ 390886.190152000111993, 585694.399998 ], [ 390887.590152000077069, 585694.199997999938205 ], [ 390887.990152000100352, 585694.599997999961488 ], [ 390888.190152000111993, 585696.399998 ], [ 390888.79015200008871, 585696.599997999961488 ], [ 390888.990152000100352, 585696.999997999984771 ], [ 390889.79015200008871, 585696.999997999984771 ], [ 390891.190152000111993, 585697.999997999984771 ], [ 390892.990152000100352, 585698.399998 ], [ 390896.190152000111993, 585698.399998 ], [ 390897.190152000111993, 585697.799998000031337 ], [ 390896.590152000077069, 585696.399998 ], [ 390896.79015200008871, 585693.999997999984771 ], [ 390897.590152000077069, 585693.399998 ], [ 390897.79015200008871, 585691.999997999984771 ], [ 390899.190152000111993, 585689.999997999984771 ], [ 390899.390152000123635, 585687.999997999984771 ], [ 390900.390152000123635, 585686.799998000031337 ], [ 390899.990152000100352, 585685.799998000031337 ], [ 390900.190152000111993, 585684.399998 ], [ 390901.79015200008871, 585683.799998000031337 ], [ 390901.990152000100352, 585683.199997999938205 ], [ 390902.79015200008871, 585682.599997999961488 ], [ 390903.990152000100352, 585683.199997999938205 ], [ 390904.79015200008871, 585684.599997999961488 ], [ 390905.590152000077069, 585684.199997999938205 ], [ 390906.79015200008871, 585684.199997999938205 ], [ 390907.390152000123635, 585683.799998000031337 ], [ 390908.79015200008871, 585683.799998000031337 ], [ 390908.990152000100352, 585683.399998 ], [ 390908.190152000111993, 585682.599997999961488 ], [ 390907.590152000077069, 585679.599997999961488 ], [ 390907.590152000077069, 585678.799998000031337 ], [ 390908.390152000123635, 585678.199997999938205 ], [ 390910.79015200008871, 585678.799998000031337 ], [ 390911.390152000123635, 585679.599997999961488 ], [ 390912.590152000077069, 585679.999997999984771 ], [ 390914.590152000077069, 585679.399998 ], [ 390915.79015200008871, 585677.999997999984771 ], [ 390916.190152000111993, 585677.999997999984771 ], [ 390916.79015200008871, 585677.399998 ], [ 390917.590152000077069, 585675.799998000031337 ], [ 390916.79015200008871, 585671.999997999984771 ], [ 390916.390152000123635, 585671.599997999961488 ], [ 390916.590152000077069, 585670.799998000031337 ], [ 390918.79015200008871, 585670.999997999984771 ], [ 390919.190152000111993, 585671.599997999961488 ], [ 390921.190152000111993, 585672.399998 ], [ 390921.590152000077069, 585672.999997999984771 ], [ 390923.79015200008871, 585673.799998000031337 ], [ 390927.190152000111993, 585673.799998000031337 ], [ 390928.390152000123635, 585673.399998 ], [ 390930.390152000123635, 585673.999997999984771 ], [ 390930.590152000077069, 585674.599997999961488 ], [ 390928.79015200008871, 585675.799998000031337 ], [ 390930.190152000111993, 585676.399998 ], [ 390931.990152000100352, 585676.599997999961488 ], [ 390932.390152000123635, 585677.399998 ], [ 390929.990152000100352, 585678.799998000031337 ], [ 390928.990152000100352, 585678.999997999984771 ], [ 390930.190152000111993, 585678.999997999984771 ], [ 390931.190152000111993, 585679.599997999961488 ], [ 390933.190152000111993, 585679.599997999961488 ], [ 390933.990152000100352, 585678.799998000031337 ], [ 390934.390152000123635, 585678.799998000031337 ], [ 390935.190152000111993, 585681.999997999984771 ], [ 390938.190152000111993, 585682.799998000031337 ], [ 390938.190152000111993, 585683.199997999938205 ], [ 390938.590152000077069, 585683.399998 ], [ 390938.390152000123635, 585684.599997999961488 ], [ 390935.990152000100352, 585684.399998 ], [ 390935.390152000123635, 585683.999997999984771 ], [ 390935.190152000111993, 585682.399998 ], [ 390933.990152000100352, 585682.199997999938205 ], [ 390933.79015200008871, 585681.599997999961488 ], [ 390932.990152000100352, 585681.199997999938205 ], [ 390931.79015200008871, 585681.199997999938205 ], [ 390930.990152000100352, 585681.799998000031337 ], [ 390930.990152000100352, 585682.199997999938205 ], [ 390932.390152000123635, 585683.599997999961488 ], [ 390931.390152000123635, 585684.599997999961488 ], [ 390931.390152000123635, 585686.199997999938205 ], [ 390931.79015200008871, 585686.599997999961488 ], [ 390932.590152000077069, 585686.599997999961488 ], [ 390933.990152000100352, 585685.399998 ], [ 390934.590152000077069, 585685.399998 ], [ 390935.79015200008871, 585687.199997999938205 ], [ 390937.590152000077069, 585686.799998000031337 ], [ 390937.990152000100352, 585685.799998000031337 ], [ 390938.390152000123635, 585686.199997999938205 ], [ 390938.390152000123635, 585686.799998000031337 ], [ 390939.79015200008871, 585687.399998 ], [ 390940.79015200008871, 585687.399998 ], [ 390940.990152000100352, 585686.399998 ], [ 390941.590152000077069, 585685.799998000031337 ], [ 390942.390152000123635, 585686.199997999938205 ], [ 390942.590152000077069, 585686.799998000031337 ], [ 390941.990152000100352, 585687.399998 ], [ 390940.990152000100352, 585687.399998 ], [ 390940.79015200008871, 585689.199997999938205 ], [ 390939.590152000077069, 585690.399998 ], [ 390937.79015200008871, 585690.599997999961488 ], [ 390936.390152000123635, 585689.599997999961488 ], [ 390935.79015200008871, 585689.599997999961488 ], [ 390933.79015200008871, 585690.799998000031337 ], [ 390931.990152000100352, 585690.799998000031337 ], [ 390930.79015200008871, 585691.399998 ], [ 390931.390152000123635, 585692.199997999938205 ], [ 390933.190152000111993, 585692.799998000031337 ], [ 390933.190152000111993, 585693.199997999938205 ], [ 390932.590152000077069, 585693.999997999984771 ], [ 390932.590152000077069, 585696.199997999938205 ], [ 390931.190152000111993, 585696.599997999961488 ], [ 390930.390152000123635, 585699.799998000031337 ], [ 390929.590152000077069, 585700.599997999961488 ], [ 390928.79015200008871, 585702.199997999938205 ], [ 390928.79015200008871, 585702.799998000031337 ], [ 390929.390152000123635, 585704.799998000031337 ], [ 390930.390152000123635, 585705.599997999961488 ], [ 390930.79015200008871, 585706.399998 ], [ 390932.190152000111993, 585706.599997999961488 ], [ 390932.390152000123635, 585707.399998 ], [ 390926.190152000111993, 585707.599997999961488 ], [ 390925.190152000111993, 585708.999997999984771 ], [ 390923.79015200008871, 585709.399998 ], [ 390923.390152000123635, 585709.799998000031337 ], [ 390923.390152000123635, 585710.599997999961488 ], [ 390923.990152000100352, 585711.399998 ], [ 390923.990152000100352, 585711.999997999984771 ], [ 390923.390152000123635, 585712.799998000031337 ], [ 390923.190152000111993, 585714.999997999984771 ], [ 390922.590152000077069, 585715.799998000031337 ], [ 390922.590152000077069, 585716.599997999961488 ], [ 390920.190152000111993, 585717.199997999938205 ] ] ] } },
{ "type": "Feature", "properties": { "pred_id": "REG_CAD_019", "raw_pred_id": "RAW_SAM2_019", "sam2_score": 0.77770900726318359, "mean_height_m": 5.4366183280944824, "max_height_m": 12.962199211120605, "reg_area_m2": 1056.0199999995132, "vertex_count_raw": 462, "vertex_count_reg": 96, "ortho_ratio_raw": 1.0, "ortho_ratio_reg": 0.15625, "is_canonical_rect": false }, "geometry": { "type": "Polygon", "coordinates": [ [ [ 390658.79015200008871, 585714.199997999938205 ], [ 390656.79015200008871, 585711.599997999961488 ], [ 390654.590152000077069, 585711.599997999961488 ], [ 390654.190152000111993, 585712.399998 ], [ 390652.79015200008871, 585712.799998000031337 ], [ 390652.190152000111993, 585712.199997999938205 ], [ 390651.79015200008871, 585710.799998000031337 ], [ 390649.990152000100352, 585710.599997999961488 ], [ 390649.990152000100352, 585709.599997999961488 ], [ 390651.190152000111993, 585709.599997999961488 ], [ 390651.79015200008871, 585708.799998000031337 ], [ 390651.590152000077069, 585707.799998000031337 ], [ 390650.990152000100352, 585707.199997999938205 ], [ 390649.990152000100352, 585707.199997999938205 ], [ 390649.990152000100352, 585706.399998 ], [ 390650.990152000100352, 585706.399998 ], [ 390650.990152000100352, 585705.199997999938205 ], [ 390649.990152000100352, 585705.199997999938205 ], [ 390649.990152000100352, 585668.999997999984771 ], [ 390650.990152000100352, 585668.999997999984771 ], [ 390651.79015200008871, 585668.599997999961488 ], [ 390652.79015200008871, 585667.199997999938205 ], [ 390654.390152000123635, 585668.799998000031337 ], [ 390660.990152000100352, 585668.399998 ], [ 390661.990152000100352, 585668.999997999984771 ], [ 390667.190152000111993, 585669.399998 ], [ 390667.390152000123635, 585670.199997999938205 ], [ 390666.590152000077069, 585670.799998000031337 ], [ 390666.590152000077069, 585671.199997999938205 ], [ 390669.190152000111993, 585671.399998 ], [ 390670.190152000111993, 585672.399998 ], [ 390669.990152000100352, 585674.399998 ], [ 390670.590152000077069, 585674.999997999984771 ], [ 390673.390152000123635, 585675.799998000031337 ], [ 390672.590152000077069, 585676.199997999938205 ], [ 390671.990152000100352, 585677.199997999938205 ], [ 390671.590152000077069, 585677.199997999938205 ], [ 390672.190152000111993, 585678.199997999938205 ], [ 390672.190152000111993, 585679.199997999938205 ], [ 390671.590152000077069, 585680.599997999961488 ], [ 390675.79015200008871, 585681.199997999938205 ], [ 390675.990152000100352, 585682.799998000031337 ], [ 390675.190152000111993, 585683.599997999961488 ], [ 390676.390152000123635, 585683.799998000031337 ], [ 390676.590152000077069, 585684.399998 ], [ 390677.190152000111993, 585684.799998000031337 ], [ 390676.990152000100352, 585687.399998 ], [ 390677.190152000111993, 585687.999997999984771 ], [ 390677.79015200008871, 585688.199997999938205 ], [ 390676.79015200008871, 585688.799998000031337 ], [ 390676.590152000077069, 585689.999997999984771 ], [ 390677.390152000123635, 585690.999997999984771 ], [ 390677.990152000100352, 585691.199997999938205 ], [ 390677.190152000111993, 585692.599997999961488 ], [ 390677.190152000111993, 585693.999997999984771 ], [ 390677.390152000123635, 585694.399998 ], [ 390677.990152000100352, 585694.599997999961488 ], [ 390676.390152000123635, 585694.999997999984771 ], [ 390675.990152000100352, 585696.199997999938205 ], [ 390676.79015200008871, 585696.399998 ], [ 390678.190152000111993, 585697.799998000031337 ], [ 390677.590152000077069, 585698.199997999938205 ], [ 390677.190152000111993, 585699.599997999961488 ], [ 390675.79015200008871, 585700.599997999961488 ], [ 390675.190152000111993, 585701.999997999984771 ], [ 390674.79015200008871, 585701.999997999984771 ], [ 390674.590152000077069, 585702.399998 ], [ 390676.190152000111993, 585703.199997999938205 ], [ 390676.390152000123635, 585703.599997999961488 ], [ 390678.390152000123635, 585703.999997999984771 ], [ 390677.190152000111993, 585704.199997999938205 ], [ 390676.590152000077069, 585704.999997999984771 ], [ 390676.590152000077069, 585705.599997999961488 ], [ 390675.190152000111993, 585706.599997999961488 ], [ 390674.590152000077069, 585707.799998000031337 ], [ 390673.590152000077069, 585707.199997999938205 ], [ 390673.190152000111993, 585705.399998 ], [ 390672.390152000123635, 585704.599997999961488 ], [ 390670.990152000100352, 585708.199997999938205 ], [ 390670.990152000100352, 585708.999997999984771 ], [ 390671.79015200008871, 585709.799998000031337 ], [ 390671.79015200008871, 585710.399998 ], [ 390670.190152000111993, 585711.599997999961488 ], [ 390669.990152000100352, 585712.399998 ], [ 390667.390152000123635, 585712.999997999984771 ], [ 390666.990152000100352, 585713.599997999961488 ], [ 390666.190152000111993, 585713.599997999961488 ], [ 390665.190152000111993, 585712.599997999961488 ], [ 390664.990152000100352, 585711.599997999961488 ], [ 390664.390152000123635, 585711.399998 ], [ 390663.79015200008871, 585711.799998000031337 ], [ 390663.590152000077069, 585713.399998 ], [ 390662.990152000100352, 585713.999997999984771 ], [ 390661.79015200008871, 585713.999997999984771 ], [ 390660.590152000077069, 585713.399998 ], [ 390659.990152000100352, 585713.999997999984771 ], [ 390658.79015200008871, 585714.199997999938205 ] ] ] } },
{ "type": "Feature", "properties": { "pred_id": "REG_CAD_020", "raw_pred_id": "RAW_SAM2_020", "sam2_score": 0.72469758987426758, "mean_height_m": 4.2496838569641113, "max_height_m": 10.90013599395752, "reg_area_m2": 117.11515772719514, "vertex_count_raw": 142, "vertex_count_reg": 16, "ortho_ratio_raw": 1.0, "ortho_ratio_reg": 1.0, "is_canonical_rect": false }, "geometry": { "type": "Polygon", "coordinates": [ [ [ 390664.60179204843007, 585712.367238966166042 ], [ 390670.681211322080344, 585712.261122308205813 ], [ 390670.661643371626269, 585711.140075176488608 ], [ 390672.033869984501507, 585711.116122871637344 ], [ 390672.006792980653699, 585709.568868166301399 ], [ 390671.367947398975957, 585709.580019257380627 ], [ 390671.212337647215463, 585701.419937940663658 ], [ 390670.823555365204811, 585701.42672416055575 ], [ 390670.796889376943, 585699.899836201919243 ], [ 390669.879580801236443, 585699.91584788239561 ], [ 390669.855071785219479, 585698.511062786448747 ], [ 390671.069880105264019, 585698.489858228364028 ], [ 390671.045209696399979, 585697.076340999803506 ], [ 390663.165943413856439, 585697.213800182100385 ], [ 390663.40744155732682, 585711.053192613995634 ], [ 390664.578498305403627, 585711.032741328817792 ], [ 390664.60179204843007, 585712.367238966166042 ] ] ] } },
{ "type": "Feature", "properties": { "pred_id": "REG_CAD_021", "raw_pred_id": "RAW_SAM2_021", "sam2_score": 0.57854729890823364, "mean_height_m": 8.1771297454833984, "max_height_m": 14.965436935424805, "reg_area_m2": 1583.4399999995803, "vertex_count_raw": 878, "vertex_count_reg": 172, "ortho_ratio_raw": 1.0, "ortho_ratio_reg": 0.081395348837209308, "is_canonical_rect": false }, "geometry": { "type": "Polygon", "coordinates": [ [ [ 390814.990152000100352, 585688.199997999938205 ], [ 390814.390152000123635, 585686.399998 ], [ 390813.990152000100352, 585686.399998 ], [ 390813.390152000123635, 585685.799998000031337 ], [ 390812.79015200008871, 585685.599997999961488 ], [ 390808.990152000100352, 585685.799998000031337 ], [ 390808.190152000111993, 585685.399998 ], [ 390808.190152000111993, 585684.999997999984771 ], [ 390808.590152000077069, 585684.799998000031337 ], [ 390810.79015200008871, 585684.199997999938205 ], [ 390811.990152000100352, 585684.599997999961488 ], [ 390813.390152000123635, 585684.599997999961488 ], [ 390813.990152000100352, 585683.999997999984771 ], [ 390814.390152000123635, 585683.999997999984771 ], [ 390814.590152000077069, 585683.399998 ], [ 390813.190152000111993, 585681.799998000031337 ], [ 390812.590152000077069, 585681.799998000031337 ], [ 390810.79015200008871, 585682.799998000031337 ], [ 390808.990152000100352, 585681.999997999984771 ], [ 390807.390152000123635, 585681.799998000031337 ], [ 390805.590152000077069, 585680.199997999938205 ], [ 390802.390152000123635, 585678.999997999984771 ], [ 390803.390152000123635, 585677.999997999984771 ], [ 390805.79015200008871, 585677.599997999961488 ], [ 390805.590152000077069, 585676.199997999938205 ], [ 390805.190152000111993, 585675.599997999961488 ], [ 390803.990152000100352, 585675.199997999938205 ], [ 390803.590152000077069, 585673.999997999984771 ], [ 390802.190152000111993, 585673.999997999984771 ], [ 390801.590152000077069, 585674.599997999961488 ], [ 390801.190152000111993, 585674.399998 ], [ 390800.990152000100352, 585672.999997999984771 ], [ 390800.390152000123635, 585672.199997999938205 ], [ 390800.390152000123635, 585671.199997999938205 ], [ 390799.590152000077069, 585669.599997999961488 ], [ 390799.79015200008871, 585667.599997999961488 ], [ 390797.79015200008871, 585666.599997999961488 ], [ 390797.590152000077069, 585665.199997999938205 ], [ 390798.190152000111993, 585663.999997999984771 ], [ 390798.190152000111993, 585663.199997999938205 ], [ 390800.390152000123635, 585661.799998000031337 ], [ 390800.390152000123635, 585661.199997999938205 ], [ 390799.190152000111993, 585659.999997999984771 ], [ 390798.990152000100352, 585658.999997999984771 ], [ 390798.990152000100352, 585656.799998000031337 ], [ 390799.990152000100352, 585655.799998000031337 ], [ 390799.990152000100352, 585655.199997999938205 ], [ 390799.390152000123635, 585654.399998 ], [ 390798.79015200008871, 585654.199997999938205 ], [ 390797.990152000100352, 585652.599997999961488 ], [ 390798.390152000123635, 585650.799998000031337 ], [ 390800.190152000111993, 585649.199997999938205 ], [ 390798.390152000123635, 585646.199997999938205 ], [ 390798.79015200008871, 585644.399998 ], [ 390799.990152000100352, 585643.199997999938205 ], [ 390799.990152000100352, 585642.799998000031337 ], [ 390799.79015200008871, 585642.199997999938205 ], [ 390798.79015200008871, 585641.399998 ], [ 390797.990152000100352, 585639.599997999961488 ], [ 390798.390152000123635, 585639.399998 ], [ 390798.590152000077069, 585638.399998 ], [ 390799.79015200008871, 585637.799998000031337 ], [ 390800.590152000077069, 585636.799998000031337 ], [ 390800.79015200008871, 585634.999997999984771 ], [ 390800.190152000111993, 585633.399998 ], [ 390801.190152000111993, 585632.399998 ], [ 390803.590152000077069, 585632.599997999961488 ], [ 390803.990152000100352, 585631.999997999984771 ], [ 390805.190152000111993, 585631.599997999961488 ], [ 390808.190152000111993, 585631.399998 ], [ 390808.990152000100352, 585630.799998000031337 ], [ 390810.79015200008871, 585631.799998000031337 ], [ 390817.190152000111993, 585631.199997999938205 ], [ 390818.590152000077069, 585631.999997999984771 ], [ 390821.590152000077069, 585631.799998000031337 ], [ 390822.190152000111993, 585631.999997999984771 ], [ 390822.390152000123635, 585632.399998 ], [ 390822.990152000100352, 585632.399998 ], [ 390824.390152000123635, 585633.999997999984771 ], [ 390824.990152000100352, 585633.999997999984771 ], [ 390825.590152000077069, 585634.599997999961488 ], [ 390825.990152000100352, 585637.599997999961488 ], [ 390826.79015200008871, 585638.599997999961488 ], [ 390826.990152000100352, 585638.199997999938205 ], [ 390827.990152000100352, 585637.999997999984771 ], [ 390829.590152000077069, 585638.199997999938205 ], [ 390828.990152000100352, 585638.799998000031337 ], [ 390827.190152000111993, 585638.799998000031337 ], [ 390826.990152000100352, 585639.999997999984771 ], [ 390827.79015200008871, 585640.999997999984771 ], [ 390828.79015200008871, 585641.199997999938205 ], [ 390829.990152000100352, 585640.399998 ], [ 390830.990152000100352, 585640.399998 ], [ 390831.390152000123635, 585640.999997999984771 ], [ 390831.990152000100352, 585641.199997999938205 ], [ 390831.990152000100352, 585642.999997999984771 ], [ 390831.190152000111993, 585643.399998 ], [ 390830.990152000100352, 585644.199997999938205 ], [ 390830.990152000100352, 585646.199997999938205 ], [ 390831.390152000123635, 585646.199997999938205 ], [ 390832.79015200008871, 585647.399998 ], [ 390832.990152000100352, 585648.599997999961488 ], [ 390832.79015200008871, 585649.799998000031337 ], [ 390831.590152000077069, 585650.599997999961488 ], [ 390831.590152000077069, 585652.399998 ], [ 390832.590152000077069, 585652.799998000031337 ], [ 390832.990152000100352, 585653.599997999961488 ], [ 390832.990152000100352, 585655.799998000031337 ], [ 390832.390152000123635, 585656.599997999961488 ], [ 390831.79015200008871, 585656.799998000031337 ], [ 390831.390152000123635, 585658.199997999938205 ], [ 390831.590152000077069, 585658.799998000031337 ], [ 390832.590152000077069, 585659.199997999938205 ], [ 390832.990152000100352, 585659.799998000031337 ], [ 390832.990152000100352, 585661.999997999984771 ], [ 390832.590152000077069, 585662.599997999961488 ], [ 390831.390152000123635, 585663.199997999938205 ], [ 390831.390152000123635, 585663.799998000031337 ], [ 390830.79015200008871, 585664.599997999961488 ], [ 390830.79015200008871, 585664.999997999984771 ], [ 390831.590152000077069, 585665.199997999938205 ], [ 390832.590152000077069, 585666.399998 ], [ 390831.79015200008871, 585669.799998000031337 ], [ 390830.990152000100352, 585670.799998000031337 ], [ 390830.990152000100352, 585671.199997999938205 ], [ 390832.390152000123635, 585672.399998 ], [ 390832.390152000123635, 585672.999997999984771 ], [ 390831.79015200008871, 585673.999997999984771 ], [ 390831.590152000077069, 585675.599997999961488 ], [ 390830.79015200008871, 585677.199997999938205 ], [ 390829.590152000077069, 585675.999997999984771 ], [ 390828.990152000100352, 585675.799998000031337 ], [ 390829.590152000077069, 585674.199997999938205 ], [ 390828.79015200008871, 585673.599997999961488 ], [ 390827.990152000100352, 585673.999997999984771 ], [ 390827.990152000100352, 585674.799998000031337 ], [ 390828.590152000077069, 585675.799998000031337 ], [ 390827.190152000111993, 585677.199997999938205 ], [ 390828.390152000123635, 585678.399998 ], [ 390829.190152000111993, 585678.399998 ], [ 390830.590152000077069, 585677.399998 ], [ 390831.79015200008871, 585678.199997999938205 ], [ 390832.190152000111993, 585678.999997999984771 ], [ 390831.590152000077069, 585680.199997999938205 ], [ 390831.190152000111993, 585680.399998 ], [ 390830.990152000100352, 585681.799998000031337 ], [ 390830.79015200008871, 585682.199997999938205 ], [ 390830.390152000123635, 585682.199997999938205 ], [ 390830.190152000111993, 585680.399998 ], [ 390828.590152000077069, 585679.399998 ], [ 390826.79015200008871, 585680.399998 ], [ 390826.990152000100352, 585681.199997999938205 ], [ 390826.79015200008871, 585682.399998 ], [ 390824.79015200008871, 585681.799998000031337 ], [ 390823.190152000111993, 585683.399998 ], [ 390823.590152000077069, 585683.999997999984771 ], [ 390824.390152000123635, 585684.399998 ], [ 390826.990152000100352, 585684.799998000031337 ], [ 390827.190152000111993, 585684.999997999984771 ], [ 390826.990152000100352, 585685.399998 ], [ 390825.390152000123635, 585685.799998000031337 ], [ 390824.79015200008871, 585686.599997999961488 ], [ 390823.590152000077069, 585686.999997999984771 ], [ 390822.990152000100352, 585687.799998000031337 ], [ 390822.590152000077069, 585687.599997999961488 ], [ 390822.390152000123635, 585686.599997999961488 ], [ 390821.79015200008871, 585685.999997999984771 ], [ 390820.590152000077069, 585685.599997999961488 ], [ 390817.990152000100352, 585686.599997999961488 ], [ 390817.990152000100352, 585686.999997999984771 ], [ 390817.190152000111993, 585687.599997999961488 ], [ 390816.390152000123635, 585687.599997999961488 ], [ 390814.990152000100352, 585688.199997999938205 ] ] ] } },
{ "type": "Feature", "properties": { "pred_id": "REG_CAD_022", "raw_pred_id": "RAW_SAM2_022", "sam2_score": 0.82284164428710938, "mean_height_m": 11.220251083374023, "max_height_m": 19.828426361083984, "reg_area_m2": 648.21999999981608, "vertex_count_raw": 410, "vertex_count_reg": 96, "ortho_ratio_raw": 1.0, "ortho_ratio_reg": 0.041666666666666664, "is_canonical_rect": false }, "geometry": { "type": "Polygon", "coordinates": [ [ [ 390882.990152000100352, 585683.999997999984771 ], [ 390881.990152000100352, 585683.199997999938205 ], [ 390879.590152000077069, 585682.599997999961488 ], [ 390878.79015200008871, 585680.999997999984771 ], [ 390878.990152000100352, 585678.599997999961488 ], [ 390878.590152000077069, 585676.799998000031337 ], [ 390878.990152000100352, 585672.599997999961488 ], [ 390878.590152000077069, 585670.799998000031337 ], [ 390878.990152000100352, 585668.199997999938205 ], [ 390878.79015200008871, 585666.199997999938205 ], [ 390878.990152000100352, 585659.999997999984771 ], [ 390878.590152000077069, 585658.199997999938205 ], [ 390878.990152000100352, 585649.599997999961488 ], [ 390878.79015200008871, 585644.399998 ], [ 390879.390152000123635, 585634.999997999984771 ], [ 390879.79015200008871, 585635.199997999938205 ], [ 390879.990152000100352, 585635.799998000031337 ], [ 390882.390152000123635, 585636.599997999961488 ], [ 390882.190152000111993, 585638.399998 ], [ 390883.190152000111993, 585639.199997999938205 ], [ 390884.390152000123635, 585638.999997999984771 ], [ 390885.190152000111993, 585637.799998000031337 ], [ 390885.79015200008871, 585637.799998000031337 ], [ 390887.190152000111993, 585639.399998 ], [ 390887.590152000077069, 585639.199997999938205 ], [ 390887.79015200008871, 585637.799998000031337 ], [ 390888.390152000123635, 585637.399998 ], [ 390889.990152000100352, 585637.399998 ], [ 390890.990152000100352, 585637.799998000031337 ], [ 390891.190152000111993, 585637.999997999984771 ], [ 390890.990152000100352, 585639.199997999938205 ], [ 390890.190152000111993, 585639.599997999961488 ], [ 390888.79015200008871, 585639.599997999961488 ], [ 390888.190152000111993, 585639.999997999984771 ], [ 390889.190152000111993, 585640.199997999938205 ], [ 390889.79015200008871, 585641.399998 ], [ 390890.390152000123635, 585641.799998000031337 ], [ 390890.79015200008871, 585642.999997999984771 ], [ 390891.990152000100352, 585643.599997999961488 ], [ 390892.990152000100352, 585644.799998000031337 ], [ 390895.190152000111993, 585644.999997999984771 ], [ 390895.590152000077069, 585644.599997999961488 ], [ 390895.190152000111993, 585643.999997999984771 ], [ 390894.390152000123635, 585643.999997999984771 ], [ 390893.590152000077069, 585643.399998 ], [ 390893.79015200008871, 585642.599997999961488 ], [ 390894.590152000077069, 585642.399998 ], [ 390896.390152000123635, 585642.799998000031337 ], [ 390897.390152000123635, 585643.599997999961488 ], [ 390898.190152000111993, 585643.799998000031337 ], [ 390898.590152000077069, 585644.399998 ], [ 390898.990152000100352, 585644.399998 ], [ 390898.590152000077069, 585645.599997999961488 ], [ 390897.79015200008871, 585646.399998 ], [ 390897.79015200008871, 585647.799998000031337 ], [ 390897.390152000123635, 585648.999997999984771 ], [ 390896.590152000077069, 585650.399998 ], [ 390895.990152000100352, 585650.799998000031337 ], [ 390895.590152000077069, 585652.399998 ], [ 390894.990152000100352, 585652.999997999984771 ], [ 390894.190152000111993, 585655.199997999938205 ], [ 390894.390152000123635, 585656.399998 ], [ 390894.990152000100352, 585656.999997999984771 ], [ 390894.990152000100352, 585657.399998 ], [ 390895.590152000077069, 585656.599997999961488 ], [ 390896.990152000100352, 585655.799998000031337 ], [ 390897.990152000100352, 585656.399998 ], [ 390897.990152000100352, 585657.599997999961488 ], [ 390897.390152000123635, 585658.799998000031337 ], [ 390897.190152000111993, 585660.799998000031337 ], [ 390895.590152000077069, 585660.999997999984771 ], [ 390895.390152000123635, 585661.599997999961488 ], [ 390895.990152000100352, 585662.599997999961488 ], [ 390895.990152000100352, 585663.599997999961488 ], [ 390895.590152000077069, 585664.199997999938205 ], [ 390895.590152000077069, 585665.199997999938205 ], [ 390895.190152000111993, 585665.599997999961488 ], [ 390894.79015200008871, 585667.799998000031337 ], [ 390893.390152000123635, 585668.399998 ], [ 390893.390152000123635, 585668.799998000031337 ], [ 390892.590152000077069, 585669.399998 ], [ 390892.990152000100352, 585670.399998 ], [ 390892.990152000100352, 585671.199997999938205 ], [ 390892.590152000077069, 585671.599997999961488 ], [ 390891.79015200008871, 585671.999997999984771 ], [ 390889.190152000111993, 585672.199997999938205 ], [ 390888.79015200008871, 585672.599997999961488 ], [ 390887.79015200008871, 585675.399998 ], [ 390887.79015200008871, 585677.399998 ], [ 390887.390152000123635, 585677.799998000031337 ], [ 390887.390152000123635, 585678.399998 ], [ 390886.990152000100352, 585678.599997999961488 ], [ 390886.590152000077069, 585680.399998 ], [ 390885.590152000077069, 585682.199997999938205 ], [ 390885.390152000123635, 585683.599997999961488 ], [ 390884.79015200008871, 585683.999997999984771 ], [ 390882.990152000100352, 585683.999997999984771 ] ] ] } },
{ "type": "Feature", "properties": { "pred_id": "REG_CAD_023", "raw_pred_id": "RAW_SAM2_023", "sam2_score": 0.40964791178703308, "mean_height_m": 7.3366231918334961, "max_height_m": 20.023059844970703, "reg_area_m2": 13160.98, "vertex_count_raw": 1794, "vertex_count_reg": 436, "ortho_ratio_raw": 1.0, "ortho_ratio_reg": 0.14220183486238533, "is_canonical_rect": false }, "geometry": { "type": "Polygon", "coordinates": [ [ [ 390713.390152000123635, 585682.399998 ], [ 390711.990152000100352, 585680.799998000031337 ], [ 390709.990152000100352, 585680.799998000031337 ], [ 390709.79015200008871, 585680.399998 ], [ 390709.590152000077069, 585680.399998 ], [ 390709.79015200008871, 585681.999997999984771 ], [ 390709.190152000111993, 585681.999997999984771 ], [ 390709.190152000111993, 585681.399998 ], [ 390708.590152000077069, 585681.199997999938205 ], [ 390707.390152000123635, 585681.199997999938205 ], [ 390706.590152000077069, 585681.599997999961488 ], [ 390706.190152000111993, 585682.199997999938205 ], [ 390705.190152000111993, 585682.199997999938205 ], [ 390704.990152000100352, 585681.599997999961488 ], [ 390703.990152000100352, 585680.799998000031337 ], [ 390701.390152000123635, 585680.399998 ], [ 390701.390152000123635, 585680.999997999984771 ], [ 390700.990152000100352, 585681.199997999938205 ], [ 390699.390152000123635, 585681.199997999938205 ], [ 390698.590152000077069, 585681.599997999961488 ], [ 390698.190152000111993, 585682.199997999938205 ], [ 390697.590152000077069, 585682.199997999938205 ], [ 390696.79015200008871, 585680.999997999984771 ], [ 390693.79015200008871, 585680.199997999938205 ], [ 390693.190152000111993, 585680.999997999984771 ], [ 390691.390152000123635, 585681.199997999938205 ], [ 390690.390152000123635, 585682.199997999938205 ], [ 390689.79015200008871, 585682.199997999938205 ], [ 390688.79015200008871, 585680.799998000031337 ], [ 390686.79015200008871, 585679.999997999984771 ], [ 390685.79015200008871, 585679.999997999984771 ], [ 390684.990152000100352, 585680.999997999984771 ], [ 390683.390152000123635, 585681.199997999938205 ], [ 390682.190152000111993, 585682.199997999938205 ], [ 390681.590152000077069, 585680.999997999984771 ], [ 390680.390152000123635, 585680.399998 ], [ 390680.190152000111993, 585679.999997999984771 ], [ 390677.79015200008871, 585679.999997999984771 ], [ 390677.190152000111993, 585680.799998000031337 ], [ 390675.190152000111993, 585681.199997999938205 ], [ 390674.590152000077069, 585681.999997999984771 ], [ 390674.190152000111993, 585681.999997999984771 ], [ 390673.990152000100352, 585680.999997999984771 ], [ 390672.590152000077069, 585679.599997999961488 ], [ 390669.590152000077069, 585679.799998000031337 ], [ 390668.990152000100352, 585680.799998000031337 ], [ 390667.190152000111993, 585680.999997999984771 ], [ 390666.79015200008871, 585681.199997999938205 ], [ 390666.79015200008871, 585681.599997999961488 ], [ 390666.390152000123635, 585681.399998 ], [ 390666.190152000111993, 585680.599997999961488 ], [ 390665.590152000077069, 585680.399998 ], [ 390664.79015200008871, 585679.399998 ], [ 390663.590152000077069, 585679.799998000031337 ], [ 390661.990152000100352, 585679.799998000031337 ], [ 390660.990152000100352, 585680.799998000031337 ], [ 390658.590152000077069, 585680.799998000031337 ], [ 390658.590152000077069, 585680.399998 ], [ 390657.79015200008871, 585680.199997999938205 ], [ 390656.990152000100352, 585679.199997999938205 ], [ 390655.190152000111993, 585679.799998000031337 ], [ 390653.79015200008871, 585679.799998000031337 ], [ 390653.390152000123635, 585679.999997999984771 ], [ 390653.390152000123635, 585680.599997999961488 ], [ 390652.590152000077069, 585680.599997999961488 ], [ 390652.190152000111993, 585679.799998000031337 ], [ 390649.990152000100352, 585679.799998000031337 ], [ 390649.990152000100352, 585677.999997999984771 ], [ 390651.590152000077069, 585677.999997999984771 ], [ 390651.990152000100352, 585677.599997999961488 ], [ 390651.990152000100352, 585676.999997999984771 ], [ 390651.590152000077069, 585676.599997999961488 ], [ 390649.990152000100352, 585676.399998 ], [ 390649.990152000100352, 585671.199997999938205 ], [ 390651.190152000111993, 585671.199997999938205 ], [ 390649.990152000100352, 585670.999997999984771 ], [ 390649.990152000100352, 585579.399998 ], [ 390653.990152000100352, 585579.799998000031337 ], [ 390654.79015200008871, 585580.399998 ], [ 390655.590152000077069, 585579.999997999984771 ], [ 390658.590152000077069, 585579.999997999984771 ], [ 390658.590152000077069, 585580.399998 ], [ 390658.990152000100352, 585579.999997999984771 ], [ 390661.590152000077069, 585579.999997999984771 ], [ 390662.190152000111993, 585580.199997999938205 ], [ 390662.390152000123635, 585580.599997999961488 ], [ 390664.390152000123635, 585579.999997999984771 ], [ 390667.79015200008871, 585579.799998000031337 ], [ 390669.190152000111993, 585579.999997999984771 ], [ 390670.590152000077069, 585580.799998000031337 ], [ 390671.79015200008871, 585580.199997999938205 ], [ 390673.79015200008871, 585579.999997999984771 ], [ 390674.390152000123635, 585579.399998 ], [ 390675.190152000111993, 585579.799998000031337 ], [ 390676.990152000100352, 585579.799998000031337 ], [ 390678.390152000123635, 585580.599997999961488 ], [ 390678.990152000100352, 585580.199997999938205 ], [ 390681.190152000111993, 585579.999997999984771 ], [ 390682.390152000123635, 585578.799998000031337 ], [ 390682.590152000077069, 585579.399998 ], [ 390684.990152000100352, 585579.799998000031337 ], [ 390685.79015200008871, 585580.599997999961488 ], [ 390689.990152000100352, 585579.999997999984771 ], [ 390692.79015200008871, 585579.999997999984771 ], [ 390693.590152000077069, 585580.599997999961488 ], [ 390698.190152000111993, 585580.399998 ], [ 390698.79015200008871, 585579.999997999984771 ], [ 390699.990152000100352, 585579.999997999984771 ], [ 390701.390152000123635, 585580.799998000031337 ], [ 390703.590152000077069, 585580.599997999961488 ], [ 390706.190152000111993, 585580.799998000031337 ], [ 390706.990152000100352, 585580.399998 ], [ 390707.990152000100352, 585580.399998 ], [ 390709.590152000077069, 585580.999997999984771 ], [ 390715.990152000100352, 585580.799998000031337 ], [ 390716.79015200008871, 585581.199997999938205 ], [ 390718.990152000100352, 585581.399998 ], [ 390719.79015200008871, 585581.199997999938205 ], [ 390733.79015200008871, 585581.599997999961488 ], [ 390734.79015200008871, 585581.999997999984771 ], [ 390736.190152000111993, 585581.599997999961488 ], [ 390737.79015200008871, 585581.599997999961488 ], [ 390738.79015200008871, 585581.999997999984771 ], [ 390741.590152000077069, 585581.799998000031337 ], [ 390743.190152000111993, 585582.199997999938205 ], [ 390744.79015200008871, 585581.599997999961488 ], [ 390746.190152000111993, 585581.999997999984771 ], [ 390746.590152000077069, 585582.399998 ], [ 390748.990152000100352, 585581.999997999984771 ], [ 390748.990152000100352, 585582.399998 ], [ 390749.590152000077069, 585582.799998000031337 ], [ 390751.79015200008871, 585582.599997999961488 ], [ 390752.590152000077069, 585581.999997999984771 ], [ 390753.390152000123635, 585582.799998000031337 ], [ 390755.190152000111993, 585582.999997999984771 ], [ 390755.79015200008871, 585583.799998000031337 ], [ 390754.990152000100352, 585585.199997999938205 ], [ 390755.590152000077069, 585585.199997999938205 ], [ 390756.79015200008871, 585585.999997999984771 ], [ 390758.79015200008871, 585585.999997999984771 ], [ 390759.390152000123635, 585585.199997999938205 ], [ 390759.190152000111993, 585583.999997999984771 ], [ 390757.990152000100352, 585583.799998000031337 ], [ 390757.990152000100352, 585583.399998 ], [ 390762.390152000123635, 585583.599997999961488 ], [ 390762.79015200008871, 585585.199997999938205 ], [ 390763.190152000111993, 585585.199997999938205 ], [ 390763.79015200008871, 585585.799998000031337 ], [ 390764.190152000111993, 585586.999997999984771 ], [ 390767.190152000111993, 585586.199997999938205 ], [ 390767.79015200008871, 585584.799998000031337 ], [ 390768.590152000077069, 585584.599997999961488 ], [ 390769.190152000111993, 585585.399998 ], [ 390770.190152000111993, 585585.599997999961488 ], [ 390770.390152000123635, 585585.999997999984771 ], [ 390770.990152000100352, 585586.199997999938205 ], [ 390771.390152000123635, 585587.999997999984771 ], [ 390772.390152000123635, 585588.199997999938205 ], [ 390771.390152000123635, 585589.199997999938205 ], [ 390771.990152000100352, 585592.399998 ], [ 390774.390152000123635, 585592.199997999938205 ], [ 390774.79015200008871, 585589.799998000031337 ], [ 390775.390152000123635, 585589.399998 ], [ 390775.79015200008871, 585588.599997999961488 ], [ 390775.79015200008871, 585584.999997999984771 ], [ 390776.190152000111993, 585584.999997999984771 ], [ 390776.590152000077069, 585585.999997999984771 ], [ 390778.190152000111993, 585586.199997999938205 ], [ 390778.390152000123635, 585586.599997999961488 ], [ 390777.990152000100352, 585587.399998 ], [ 390776.190152000111993, 585587.599997999961488 ], [ 390776.190152000111993, 585588.999997999984771 ], [ 390776.990152000100352, 585589.999997999984771 ], [ 390777.590152000077069, 585589.999997999984771 ], [ 390777.990152000100352, 585590.399998 ], [ 390778.190152000111993, 585591.199997999938205 ], [ 390778.990152000100352, 585592.199997999938205 ], [ 390779.390152000123635, 585593.999997999984771 ], [ 390780.390152000123635, 585594.399998 ], [ 390780.390152000123635, 585594.799998000031337 ], [ 390779.190152000111993, 585595.799998000031337 ], [ 390779.190152000111993, 585596.199997999938205 ], [ 390779.990152000100352, 585597.599997999961488 ], [ 390779.590152000077069, 585599.199997999938205 ], [ 390781.190152000111993, 585600.599997999961488 ], [ 390781.190152000111993, 585601.199997999938205 ], [ 390780.390152000123635, 585601.999997999984771 ], [ 390779.590152000077069, 585602.199997999938205 ], [ 390779.79015200008871, 585602.799998000031337 ], [ 390780.190152000111993, 585602.799998000031337 ], [ 390780.79015200008871, 585603.399998 ], [ 390780.990152000100352, 585605.199997999938205 ], [ 390781.390152000123635, 585605.399998 ], [ 390781.990152000100352, 585605.199997999938205 ], [ 390782.390152000123635, 585602.599997999961488 ], [ 390782.79015200008871, 585602.399998 ], [ 390782.390152000123635, 585601.399998 ], [ 390782.390152000123635, 585598.599997999961488 ], [ 390782.79015200008871, 585596.799998000031337 ], [ 390783.390152000123635, 585596.199997999938205 ], [ 390784.190152000111993, 585596.199997999938205 ], [ 390784.990152000100352, 585596.599997999961488 ], [ 390785.390152000123635, 585597.599997999961488 ], [ 390786.190152000111993, 585598.199997999938205 ], [ 390786.390152000123635, 585599.799998000031337 ], [ 390785.390152000123635, 585600.199997999938205 ], [ 390784.79015200008871, 585600.799998000031337 ], [ 390784.79015200008871, 585601.199997999938205 ], [ 390784.990152000100352, 585601.999997999984771 ], [ 390785.79015200008871, 585602.599997999961488 ], [ 390785.990152000100352, 585603.799998000031337 ], [ 390786.590152000077069, 585604.199997999938205 ], [ 390786.79015200008871, 585604.999997999984771 ], [ 390786.79015200008871, 585606.799998000031337 ], [ 390785.590152000077069, 585606.799998000031337 ], [ 390785.590152000077069, 585607.399998 ], [ 390786.190152000111993, 585607.799998000031337 ], [ 390786.190152000111993, 585608.799998000031337 ], [ 390787.190152000111993, 585609.999997999984771 ], [ 390786.990152000100352, 585611.199997999938205 ], [ 390787.190152000111993, 585612.399998 ], [ 390788.190152000111993, 585612.999997999984771 ], [ 390787.990152000100352, 585613.799998000031337 ], [ 390786.590152000077069, 585614.199997999938205 ], [ 390786.590152000077069, 585615.199997999938205 ], [ 390787.990152000100352, 585615.999997999984771 ], [ 390787.990152000100352, 585616.799998000031337 ], [ 390787.390152000123635, 585617.399998 ], [ 390787.390152000123635, 585618.199997999938205 ], [ 390788.590152000077069, 585619.399998 ], [ 390787.990152000100352, 585620.399998 ], [ 390787.190152000111993, 585620.599997999961488 ], [ 390786.79015200008871, 585621.199997999938205 ], [ 390787.590152000077069, 585621.599997999961488 ], [ 390788.390152000123635, 585622.599997999961488 ], [ 390787.990152000100352, 585623.599997999961488 ], [ 390787.590152000077069, 585623.799998000031337 ], [ 390787.590152000077069, 585624.399998 ], [ 390788.390152000123635, 585624.799998000031337 ], [ 390788.390152000123635, 585625.199997999938205 ], [ 390788.79015200008871, 585625.399998 ], [ 390788.590152000077069, 585626.599997999961488 ], [ 390787.390152000123635, 585627.399998 ], [ 390788.390152000123635, 585627.799998000031337 ], [ 390788.79015200008871, 585628.399998 ], [ 390788.79015200008871, 585629.599997999961488 ], [ 390787.990152000100352, 585630.599997999961488 ], [ 390788.79015200008871, 585630.999997999984771 ], [ 390789.190152000111993, 585631.999997999984771 ], [ 390788.990152000100352, 585632.799998000031337 ], [ 390788.390152000123635, 585633.399998 ], [ 390787.990152000100352, 585633.399998 ], [ 390787.990152000100352, 585633.799998000031337 ], [ 390788.390152000123635, 585633.799998000031337 ], [ 390788.79015200008871, 585634.399998 ], [ 390788.79015200008871, 585635.799998000031337 ], [ 390787.990152000100352, 585636.799998000031337 ], [ 390788.590152000077069, 585636.999997999984771 ], [ 390788.590152000077069, 585637.399998 ], [ 390789.190152000111993, 585637.999997999984771 ], [ 390788.990152000100352, 585639.599997999961488 ], [ 390788.590152000077069, 585639.599997999961488 ], [ 390788.990152000100352, 585640.399998 ], [ 390788.990152000100352, 585641.999997999984771 ], [ 390788.190152000111993, 585642.799998000031337 ], [ 390788.190152000111993, 585643.199997999938205 ], [ 390788.79015200008871, 585643.599997999961488 ], [ 390789.190152000111993, 585644.599997999961488 ], [ 390788.390152000123635, 585645.799998000031337 ], [ 390787.590152000077069, 585645.999997999984771 ], [ 390788.590152000077069, 585646.799998000031337 ], [ 390788.79015200008871, 585647.799998000031337 ], [ 390787.990152000100352, 585648.799998000031337 ], [ 390787.390152000123635, 585648.999997999984771 ], [ 390787.590152000077069, 585649.599997999961488 ], [ 390787.990152000100352, 585649.599997999961488 ], [ 390788.590152000077069, 585650.199997999938205 ], [ 390788.79015200008871, 585650.999997999984771 ], [ 390788.190152000111993, 585651.799998000031337 ], [ 390786.990152000100352, 585652.199997999938205 ], [ 390786.990152000100352, 585652.599997999961488 ], [ 390788.190152000111993, 585652.999997999984771 ], [ 390788.590152000077069, 585653.599997999961488 ], [ 390788.390152000123635, 585654.399998 ], [ 390786.990152000100352, 585655.399998 ], [ 390787.190152000111993, 585655.999997999984771 ], [ 390787.990152000100352, 585656.399998 ], [ 390788.190152000111993, 585657.199997999938205 ], [ 390787.79015200008871, 585657.599997999961488 ], [ 390786.590152000077069, 585657.599997999961488 ], [ 390785.990152000100352, 585656.999997999984771 ], [ 390785.590152000077069, 585656.999997999984771 ], [ 390785.79015200008871, 585659.599997999961488 ], [ 390787.79015200008871, 585659.799998000031337 ], [ 390787.990152000100352, 585660.199997999938205 ], [ 390786.390152000123635, 585660.799998000031337 ], [ 390786.390152000123635, 585662.399998 ], [ 390785.390152000123635, 585662.999997999984771 ], [ 390784.990152000100352, 585664.399998 ], [ 390783.990152000100352, 585664.799998000031337 ], [ 390784.990152000100352, 585665.199997999938205 ], [ 390785.190152000111993, 585665.799998000031337 ], [ 390785.190152000111993, 585667.999997999984771 ], [ 390784.79015200008871, 585668.199997999938205 ], [ 390784.79015200008871, 585669.599997999961488 ], [ 390784.190152000111993, 585670.199997999938205 ], [ 390783.390152000123635, 585670.199997999938205 ], [ 390782.79015200008871, 585669.599997999961488 ], [ 390783.390152000123635, 585667.799998000031337 ], [ 390782.79015200008871, 585667.599997999961488 ], [ 390782.79015200008871, 585667.199997999938205 ], [ 390782.190152000111993, 585666.599997999961488 ], [ 390782.190152000111993, 585665.999997999984771 ], [ 390783.190152000111993, 585664.999997999984771 ], [ 390783.590152000077069, 585664.999997999984771 ], [ 390783.590152000077069, 585664.599997999961488 ], [ 390782.590152000077069, 585664.199997999938205 ], [ 390782.590152000077069, 585663.799998000031337 ], [ 390782.190152000111993, 585663.599997999961488 ], [ 390782.590152000077069, 585661.599997999961488 ], [ 390781.990152000100352, 585660.799998000031337 ], [ 390781.990152000100352, 585660.199997999938205 ], [ 390781.590152000077069, 585660.199997999938205 ], [ 390781.390152000123635, 585660.799998000031337 ], [ 390779.590152000077069, 585661.599997999961488 ], [ 390779.79015200008871, 585661.999997999984771 ], [ 390780.79015200008871, 585662.199997999938205 ], [ 390781.590152000077069, 585663.199997999938205 ], [ 390780.79015200008871, 585664.399998 ], [ 390779.79015200008871, 585664.799998000031337 ], [ 390781.190152000111993, 585665.799998000031337 ], [ 390781.390152000123635, 585666.599997999961488 ], [ 390780.79015200008871, 585667.199997999938205 ], [ 390779.190152000111993, 585667.799998000031337 ], [ 390779.390152000123635, 585668.399998 ], [ 390780.79015200008871, 585669.399998 ], [ 390780.390152000123635, 585669.999997999984771 ], [ 390779.390152000123635, 585670.199997999938205 ], [ 390777.79015200008871, 585669.199997999938205 ], [ 390777.190152000111993, 585670.399998 ], [ 390775.990152000100352, 585670.999997999984771 ], [ 390775.190152000111993, 585670.599997999961488 ], [ 390774.390152000123635, 585669.599997999961488 ], [ 390774.390152000123635, 585668.199997999938205 ], [ 390774.190152000111993, 585667.599997999961488 ], [ 390773.79015200008871, 585667.599997999961488 ], [ 390773.190152000111993, 585667.999997999984771 ], [ 390773.390152000123635, 585669.599997999961488 ], [ 390772.590152000077069, 585670.399998 ], [ 390771.590152000077069, 585670.599997999961488 ], [ 390769.990152000100352, 585669.999997999984771 ], [ 390769.590152000077069, 585670.799998000031337 ], [ 390768.390152000123635, 585670.999997999984771 ], [ 390769.390152000123635, 585671.199997999938205 ], [ 390769.79015200008871, 585671.599997999961488 ], [ 390769.990152000100352, 585672.799998000031337 ], [ 390770.990152000100352, 585671.799998000031337 ], [ 390772.390152000123635, 585671.799998000031337 ], [ 390773.390152000123635, 585672.599997999961488 ], [ 390772.590152000077069, 585673.399998 ], [ 390771.190152000111993, 585673.599997999961488 ], [ 390770.990152000100352, 585674.199997999938205 ], [ 390770.390152000123635, 585674.799998000031337 ], [ 390769.590152000077069, 585674.999997999984771 ], [ 390768.590152000077069, 585676.399998 ], [ 390767.79015200008871, 585676.399998 ], [ 390767.190152000111993, 585675.799998000031337 ], [ 390766.990152000100352, 585674.199997999938205 ], [ 390766.590152000077069, 585673.999997999984771 ], [ 390766.390152000123635, 585673.399998 ], [ 390763.990152000100352, 585673.799998000031337 ], [ 390763.590152000077069, 585674.199997999938205 ], [ 390765.190152000111993, 585675.599997999961488 ], [ 390764.390152000123635, 585676.399998 ], [ 390763.390152000123635, 585676.199997999938205 ], [ 390762.79015200008871, 585675.399998 ], [ 390762.190152000111993, 585675.199997999938205 ], [ 390761.190152000111993, 585676.599997999961488 ], [ 390759.79015200008871, 585676.799998000031337 ], [ 390759.190152000111993, 585676.199997999938205 ], [ 390758.79015200008871, 585676.199997999938205 ], [ 390758.590152000077069, 585675.199997999938205 ], [ 390758.190152000111993, 585675.199997999938205 ], [ 390758.190152000111993, 585675.999997999984771 ], [ 390757.590152000077069, 585676.599997999961488 ], [ 390756.590152000077069, 585676.999997999984771 ], [ 390755.390152000123635, 585676.999997999984771 ], [ 390754.79015200008871, 585677.399998 ], [ 390754.990152000100352, 585677.799998000031337 ], [ 390756.79015200008871, 585677.799998000031337 ], [ 390757.590152000077069, 585678.199997999938205 ], [ 390758.190152000111993, 585678.999997999984771 ], [ 390757.190152000111993, 585679.599997999961488 ], [ 390754.990152000100352, 585679.799998000031337 ], [ 390754.79015200008871, 585680.599997999961488 ], [ 390752.590152000077069, 585680.799998000031337 ], [ 390752.590152000077069, 585681.999997999984771 ], [ 390752.390152000123635, 585680.399998 ], [ 390751.190152000111993, 585680.199997999938205 ], [ 390750.390152000123635, 585679.399998 ], [ 390749.590152000077069, 585679.799998000031337 ], [ 390747.590152000077069, 585679.999997999984771 ], [ 390747.190152000111993, 585680.799998000031337 ], [ 390745.190152000111993, 585681.199997999938205 ], [ 390744.79015200008871, 585682.199997999938205 ], [ 390743.990152000100352, 585680.599997999961488 ], [ 390743.190152000111993, 585680.399998 ], [ 390742.79015200008871, 585679.799998000031337 ], [ 390741.990152000100352, 585679.799998000031337 ], [ 390740.390152000123635, 585679.999997999984771 ], [ 390739.390152000123635, 585680.999997999984771 ], [ 390737.79015200008871, 585681.199997999938205 ], [ 390737.190152000111993, 585681.799998000031337 ], [ 390737.190152000111993, 585682.199997999938205 ], [ 390736.79015200008871, 585682.199997999938205 ], [ 390736.390152000123635, 585681.199997999938205 ], [ 390734.990152000100352, 585680.199997999938205 ], [ 390732.79015200008871, 585679.999997999984771 ], [ 390731.79015200008871, 585680.999997999984771 ], [ 390729.990152000100352, 585681.399998 ], [ 390729.390152000123635, 585682.199997999938205 ], [ 390728.590152000077069, 585681.999997999984771 ], [ 390727.990152000100352, 585680.799998000031337 ], [ 390726.190152000111993, 585680.199997999938205 ], [ 390724.990152000100352, 585680.199997999938205 ], [ 390724.590152000077069, 585680.999997999984771 ], [ 390722.79015200008871, 585681.199997999938205 ], [ 390721.990152000100352, 585681.599997999961488 ], [ 390721.590152000077069, 585682.199997999938205 ], [ 390720.990152000100352, 585682.199997999938205 ], [ 390720.590152000077069, 585681.399998 ], [ 390719.590152000077069, 585680.599997999961488 ], [ 390717.190152000111993, 585680.199997999938205 ], [ 390716.79015200008871, 585681.199997999938205 ], [ 390714.590152000077069, 585681.399998 ], [ 390713.990152000100352, 585682.199997999938205 ], [ 390713.390152000123635, 585682.399998 ] ] ] } },
{ "type": "Feature", "properties": { "pred_id": "REG_CAD_024", "raw_pred_id": "RAW_SAM2_024", "sam2_score": 0.74671655893325806, "mean_height_m": 4.2487072944641113, "max_height_m": 6.7799129486083984, "reg_area_m2": 228.31999999972291, "vertex_count_raw": 254, "vertex_count_reg": 53, "ortho_ratio_raw": 1.0, "ortho_ratio_reg": 0.094339622641509441, "is_canonical_rect": false }, "geometry": { "type": "Polygon", "coordinates": [ [ [ 390840.190152000111993, 585668.199997999938205 ], [ 390838.990152000100352, 585667.799998000031337 ], [ 390836.390152000123635, 585667.799998000031337 ], [ 390835.190152000111993, 585667.199997999938205 ], [ 390834.390152000123635, 585667.199997999938205 ], [ 390833.590152000077069, 585666.799998000031337 ], [ 390832.79015200008871, 585665.599997999961488 ], [ 390832.190152000111993, 585665.399998 ], [ 390831.390152000123635, 585663.599997999961488 ], [ 390830.79015200008871, 585663.399998 ], [ 390832.190152000111993, 585662.199997999938205 ], [ 390832.190152000111993, 585660.799998000031337 ], [ 390831.390152000123635, 585659.799998000031337 ], [ 390831.190152000111993, 585657.799998000031337 ], [ 390830.590152000077069, 585657.399998 ], [ 390830.590152000077069, 585656.999997999984771 ], [ 390831.990152000100352, 585655.999997999984771 ], [ 390832.190152000111993, 585654.399998 ], [ 390832.590152000077069, 585653.999997999984771 ], [ 390831.79015200008871, 585653.199997999938205 ], [ 390831.390152000123635, 585650.799998000031337 ], [ 390834.79015200008871, 585649.999997999984771 ], [ 390836.190152000111993, 585648.599997999961488 ], [ 390837.390152000123635, 585648.599997999961488 ], [ 390838.190152000111993, 585649.399998 ], [ 390838.79015200008871, 585649.399998 ], [ 390838.990152000100352, 585648.799998000031337 ], [ 390839.79015200008871, 585648.199997999938205 ], [ 390840.590152000077069, 585648.199997999938205 ], [ 390841.79015200008871, 585649.999997999984771 ], [ 390843.79015200008871, 585650.799998000031337 ], [ 390843.79015200008871, 585651.999997999984771 ], [ 390844.390152000123635, 585652.199997999938205 ], [ 390844.190152000111993, 585654.399998 ], [ 390844.79015200008871, 585654.599997999961488 ], [ 390845.590152000077069, 585656.799998000031337 ], [ 390845.590152000077069, 585657.199997999938205 ], [ 390845.190152000111993, 585657.399998 ], [ 390844.990152000100352, 585658.799998000031337 ], [ 390845.79015200008871, 585659.799998000031337 ], [ 390846.390152000123635, 585659.999997999984771 ], [ 390846.390152000123635, 585660.599997999961488 ], [ 390845.590152000077069, 585661.199997999938205 ], [ 390844.990152000100352, 585662.599997999961488 ], [ 390844.590152000077069, 585662.599997999961488 ], [ 390843.990152000100352, 585663.199997999938205 ], [ 390843.79015200008871, 585663.999997999984771 ], [ 390842.79015200008871, 585664.799998000031337 ], [ 390843.390152000123635, 585665.399998 ], [ 390843.590152000077069, 585666.599997999961488 ], [ 390842.79015200008871, 585667.199997999938205 ], [ 390840.990152000100352, 585667.599997999961488 ], [ 390840.79015200008871, 585667.999997999984771 ], [ 390840.190152000111993, 585668.199997999938205 ] ] ] } },
{ "type": "Feature", "properties": { "pred_id": "REG_CAD_025", "raw_pred_id": "RAW_SAM2_025", "sam2_score": 0.84758436679840088, "mean_height_m": 6.7668523788452148, "max_height_m": 12.734663009643555, "reg_area_m2": 43.916527403557815, "vertex_count_raw": 84, "vertex_count_reg": 62, "ortho_ratio_raw": 1.0, "ortho_ratio_reg": 0.0, "is_canonical_rect": false }, "geometry": { "type": "Polygon", "coordinates": [ [ [ 391114.285734143981244, 585658.031963690067641 ], [ 391114.230955271283165, 585657.615876844036393 ], [ 391114.129933892050758, 585657.208539557061158 ], [ 391113.983940407575574, 585656.81507432507351 ], [ 391113.862510936451145, 585656.562923429650255 ], [ 391113.645912879903335, 585656.203459567623213 ], [ 391113.479722572141327, 585655.978279696661048 ], [ 391113.20007207634626, 585655.665350647526793 ], [ 391112.994915499701165, 585655.474993163370527 ], [ 391112.661963160848245, 585655.219509848160669 ], [ 391112.302499300276395, 585655.002911792485975 ], [ 391111.921044386224821, 585654.82792284223251 ], [ 391111.656883172690868, 585654.735488835605793 ], [ 391111.249545880535152, 585654.634467455092818 ], [ 391110.972805377270561, 585654.592755535617471 ], [ 391110.553788363642525, 585654.569224044913426 ], [ 391110.134771350014489, 585654.592755535617471 ], [ 391109.858030846749898, 585654.634467455092818 ], [ 391109.450693554594181, 585654.735488835605793 ], [ 391109.186532341060229, 585654.82792284223251 ], [ 391108.805077427008655, 585655.002911792485975 ], [ 391108.445613566436805, 585655.219509848160669 ], [ 391108.112661227583885, 585655.474993163370527 ], [ 391107.90750465093879, 585655.665350647526793 ], [ 391107.627854155143723, 585655.978279696661048 ], [ 391107.461663847381715, 585656.203459567623213 ], [ 391107.245065790833905, 585656.562923429650255 ], [ 391107.123636319709476, 585656.81507432507351 ], [ 391106.977642835234292, 585657.208539557061158 ], [ 391106.876621456001885, 585657.615876844036393 ], [ 391106.821842583303805, 585658.031963690067641 ], [ 391106.821842583303805, 585658.591305036447011 ], [ 391106.876621456001885, 585659.00739188247826 ], [ 391106.977642835234292, 585659.414729169453494 ], [ 391107.123636319709476, 585659.808194401441142 ], [ 391107.245065790833905, 585660.060345296864398 ], [ 391107.461663847381715, 585660.419809158891439 ], [ 391107.627854155143723, 585660.644989029853605 ], [ 391107.90750465093879, 585660.957918078987859 ], [ 391108.112661227583885, 585661.148275563144125 ], [ 391108.445613566436805, 585661.403758878353983 ], [ 391108.805077427008655, 585661.620356934028678 ], [ 391109.186532341060229, 585661.795345884282142 ], [ 391109.450693554594181, 585661.88777989090886 ], [ 391109.858030846749898, 585661.988801271421835 ], [ 391110.134771350014489, 585662.030513190897182 ], [ 391110.553788363642525, 585662.054044681601226 ], [ 391110.972805377270561, 585662.030513190897182 ], [ 391111.249545880535152, 585661.988801271421835 ], [ 391111.656883172690868, 585661.88777989090886 ], [ 391111.921044386224821, 585661.795345884282142 ], [ 391112.302499300276395, 585661.620356934028678 ], [ 391112.661963160848245, 585661.403758878353983 ], [ 391112.994915499701165, 585661.148275563144125 ], [ 391113.20007207634626, 585660.957918078987859 ], [ 391113.479722572141327, 585660.644989029853605 ], [ 391113.645912879903335, 585660.419809158891439 ], [ 391113.862510936451145, 585660.060345296864398 ], [ 391113.983940407575574, 585659.808194401441142 ], [ 391114.129933892050758, 585659.414729169453494 ], [ 391114.230955271283165, 585659.00739188247826 ], [ 391114.285734143981244, 585658.591305036447011 ], [ 391114.285734143981244, 585658.031963690067641 ] ] ] } },
{ "type": "Feature", "properties": { "pred_id": "REG_CAD_026", "raw_pred_id": "RAW_SAM2_026", "sam2_score": 0.855812668800354, "mean_height_m": 4.347588062286377, "max_height_m": 8.3146886825561523, "reg_area_m2": 51.600000000203728, "vertex_count_raw": 78, "vertex_count_reg": 11, "ortho_ratio_raw": 1.0, "ortho_ratio_reg": 0.0, "is_canonical_rect": false }, "geometry": { "type": "Polygon", "coordinates": [ [ [ 391113.590152000077069, 585654.999997999984771 ], [ 391110.190152000111993, 585653.799998000031337 ], [ 391109.990152000100352, 585648.399998 ], [ 391110.190152000111993, 585647.399998 ], [ 391111.590152000077069, 585646.399998 ], [ 391114.390152000123635, 585646.599997999961488 ], [ 391115.79015200008871, 585647.399998 ], [ 391117.390152000123635, 585649.199997999938205 ], [ 391117.190152000111993, 585651.399998 ], [ 391116.390152000123635, 585653.799998000031337 ], [ 391115.79015200008871, 585654.399998 ], [ 391113.590152000077069, 585654.999997999984771 ] ] ] } },
{ "type": "Feature", "properties": { "pred_id": "REG_CAD_027", "raw_pred_id": "RAW_SAM2_027", "sam2_score": 0.75682914257049561, "mean_height_m": 4.8883700370788574, "max_height_m": 12.395085334777832, "reg_area_m2": 129.32000000017695, "vertex_count_raw": 144, "vertex_count_reg": 34, "ortho_ratio_raw": 1.0, "ortho_ratio_reg": 0.058823529411764705, "is_canonical_rect": false }, "geometry": { "type": "Polygon", "coordinates": [ [ [ 390838.190152000111993, 585644.799998000031337 ], [ 390836.990152000100352, 585644.399998 ], [ 390832.590152000077069, 585643.999997999984771 ], [ 390832.190152000111993, 585642.399998 ], [ 390831.79015200008871, 585642.199997999938205 ], [ 390831.79015200008871, 585641.799998000031337 ], [ 390830.990152000100352, 585641.399998 ], [ 390831.190152000111993, 585639.599997999961488 ], [ 390829.79015200008871, 585638.399998 ], [ 390829.990152000100352, 585637.999997999984771 ], [ 390830.79015200008871, 585637.799998000031337 ], [ 390830.990152000100352, 585637.199997999938205 ], [ 390831.390152000123635, 585636.999997999984771 ], [ 390831.190152000111993, 585635.999997999984771 ], [ 390829.990152000100352, 585635.199997999938205 ], [ 390830.190152000111993, 585634.599997999961488 ], [ 390830.79015200008871, 585634.199997999938205 ], [ 390830.79015200008871, 585632.999997999984771 ], [ 390830.390152000123635, 585632.799998000031337 ], [ 390830.190152000111993, 585631.999997999984771 ], [ 390831.590152000077069, 585631.799998000031337 ], [ 390832.590152000077069, 585631.199997999938205 ], [ 390834.79015200008871, 585630.999997999984771 ], [ 390835.990152000100352, 585630.199997999938205 ], [ 390837.190152000111993, 585630.199997999938205 ], [ 390839.590152000077069, 585631.399998 ], [ 390839.990152000100352, 585632.599997999961488 ], [ 390840.590152000077069, 585633.199997999938205 ], [ 390840.590152000077069, 585633.999997999984771 ], [ 390841.190152000111993, 585635.399998 ], [ 390840.990152000100352, 585641.599997999961488 ], [ 390840.590152000077069, 585643.199997999938205 ], [ 390839.79015200008871, 585643.599997999961488 ], [ 390838.990152000100352, 585644.599997999961488 ], [ 390838.190152000111993, 585644.799998000031337 ] ] ] } },
{ "type": "Feature", "properties": { "pred_id": "REG_CAD_028", "raw_pred_id": "RAW_SAM2_028", "sam2_score": 0.71400129795074463, "mean_height_m": 6.2742013931274414, "max_height_m": 9.9856681823730469, "reg_area_m2": 219.86000000013499, "vertex_count_raw": 192, "vertex_count_reg": 41, "ortho_ratio_raw": 1.0, "ortho_ratio_reg": 0.024390243902439025, "is_canonical_rect": false }, "geometry": { "type": "Polygon", "coordinates": [ [ [ 390783.590152000077069, 585636.199997999938205 ], [ 390781.990152000100352, 585635.599997999961488 ], [ 390780.190152000111993, 585635.799998000031337 ], [ 390778.79015200008871, 585635.599997999961488 ], [ 390777.190152000111993, 585634.799998000031337 ], [ 390775.990152000100352, 585632.999997999984771 ], [ 390774.990152000100352, 585632.799998000031337 ], [ 390774.590152000077069, 585631.999997999984771 ], [ 390773.79015200008871, 585631.799998000031337 ], [ 390772.990152000100352, 585630.999997999984771 ], [ 390772.79015200008871, 585629.999997999984771 ], [ 390771.990152000100352, 585628.799998000031337 ], [ 390772.79015200008871, 585627.599997999961488 ], [ 390772.79015200008871, 585622.599997999961488 ], [ 390773.190152000111993, 585621.799998000031337 ], [ 390773.190152000111993, 585620.799998000031337 ], [ 390773.79015200008871, 585619.999997999984771 ], [ 390774.79015200008871, 585619.799998000031337 ], [ 390774.990152000100352, 585619.399998 ], [ 390776.990152000100352, 585619.199997999938205 ], [ 390777.590152000077069, 585618.799998000031337 ], [ 390782.190152000111993, 585618.599997999961488 ], [ 390784.79015200008871, 585619.199997999938205 ], [ 390785.390152000123635, 585620.399998 ], [ 390785.79015200008871, 585620.599997999961488 ], [ 390786.190152000111993, 585621.799998000031337 ], [ 390786.990152000100352, 585622.399998 ], [ 390786.990152000100352, 585624.599997999961488 ], [ 390787.990152000100352, 585625.599997999961488 ], [ 390787.990152000100352, 585625.999997999984771 ], [ 390787.190152000111993, 585626.599997999961488 ], [ 390786.990152000100352, 585627.599997999961488 ], [ 390787.79015200008871, 585627.999997999984771 ], [ 390788.390152000123635, 585628.799998000031337 ], [ 390787.990152000100352, 585629.999997999984771 ], [ 390787.590152000077069, 585630.199997999938205 ], [ 390787.79015200008871, 585632.199997999938205 ], [ 390787.190152000111993, 585632.199997999938205 ], [ 390786.390152000123635, 585632.799998000031337 ], [ 390785.990152000100352, 585634.599997999961488 ], [ 390785.190152000111993, 585635.599997999961488 ], [ 390783.590152000077069, 585636.199997999938205 ] ] ] } },
{ "type": "Feature", "properties": { "pred_id": "REG_CAD_029", "raw_pred_id": "RAW_SAM2_029", "sam2_score": 0.67836940288543701, "mean_height_m": 10.021605491638184, "max_height_m": 27.836112976074219, "reg_area_m2": 33.500000000087319, "vertex_count_raw": 94, "vertex_count_reg": 24, "ortho_ratio_raw": 1.0, "ortho_ratio_reg": 0.041666666666666664, "is_canonical_rect": false }, "geometry": { "type": "Polygon", "coordinates": [ [ [ 390945.590152000077069, 585636.799998000031337 ], [ 390945.590152000077069, 585636.399998 ], [ 390944.990152000100352, 585635.799998000031337 ], [ 390943.390152000123635, 585635.199997999938205 ], [ 390942.79015200008871, 585633.599997999961488 ], [ 390941.79015200008871, 585632.999997999984771 ], [ 390941.79015200008871, 585632.599997999961488 ], [ 390941.390152000123635, 585632.399998 ], [ 390941.390152000123635, 585630.999997999984771 ], [ 390941.79015200008871, 585630.199997999938205 ], [ 390944.390152000123635, 585630.599997999961488 ], [ 390945.990152000100352, 585630.199997999938205 ], [ 390947.390152000123635, 585629.399998 ], [ 390947.590152000077069, 585628.999997999984771 ], [ 390947.990152000100352, 585628.999997999984771 ], [ 390948.390152000123635, 585629.999997999984771 ], [ 390948.79015200008871, 585630.199997999938205 ], [ 390948.590152000077069, 585631.199997999938205 ], [ 390948.190152000111993, 585631.599997999961488 ], [ 390947.990152000100352, 585634.399998 ], [ 390947.79015200008871, 585634.999997999984771 ], [ 390947.190152000111993, 585635.199997999938205 ], [ 390946.190152000111993, 585636.199997999938205 ], [ 390945.990152000100352, 585636.799998000031337 ], [ 390945.590152000077069, 585636.799998000031337 ] ] ] } },
{ "type": "Feature", "properties": { "pred_id": "REG_CAD_030", "raw_pred_id": "RAW_SAM2_030", "sam2_score": 0.67057627439498901, "mean_height_m": 5.0604629516601562, "max_height_m": 7.8977236747741699, "reg_area_m2": 281.66000000031556, "vertex_count_raw": 196, "vertex_count_reg": 45, "ortho_ratio_raw": 1.0, "ortho_ratio_reg": 0.088888888888888892, "is_canonical_rect": false }, "geometry": { "type": "Polygon", "coordinates": [ [ [ 390767.990152000100352, 585634.199997999938205 ], [ 390767.79015200008871, 585633.599997999961488 ], [ 390766.79015200008871, 585633.399998 ], [ 390765.79015200008871, 585632.599997999961488 ], [ 390762.190152000111993, 585632.399998 ], [ 390760.79015200008871, 585631.199997999938205 ], [ 390760.390152000123635, 585630.199997999938205 ], [ 390758.79015200008871, 585629.999997999984771 ], [ 390758.590152000077069, 585628.799998000031337 ], [ 390757.990152000100352, 585628.199997999938205 ], [ 390757.390152000123635, 585619.599997999961488 ], [ 390757.79015200008871, 585617.399998 ], [ 390759.190152000111993, 585616.399998 ], [ 390758.79015200008871, 585615.799998000031337 ], [ 390758.190152000111993, 585615.599997999961488 ], [ 390757.990152000100352, 585614.599997999961488 ], [ 390758.390152000123635, 585614.199997999938205 ], [ 390760.190152000111993, 585613.999997999984771 ], [ 390760.190152000111993, 585613.199997999938205 ], [ 390762.79015200008871, 585613.199997999938205 ], [ 390764.990152000100352, 585612.599997999961488 ], [ 390766.79015200008871, 585612.599997999961488 ], [ 390769.79015200008871, 585613.199997999938205 ], [ 390770.390152000123635, 585613.799998000031337 ], [ 390770.79015200008871, 585615.199997999938205 ], [ 390771.990152000100352, 585616.199997999938205 ], [ 390771.79015200008871, 585617.999997999984771 ], [ 390772.390152000123635, 585618.599997999961488 ], [ 390772.79015200008871, 585618.599997999961488 ], [ 390773.390152000123635, 585619.399998 ], [ 390773.390152000123635, 585620.399998 ], [ 390772.990152000100352, 585620.999997999984771 ], [ 390773.190152000111993, 585621.399998 ], [ 390772.990152000100352, 585624.599997999961488 ], [ 390773.390152000123635, 585624.999997999984771 ], [ 390773.590152000077069, 585626.199997999938205 ], [ 390773.190152000111993, 585626.999997999984771 ], [ 390773.390152000123635, 585629.199997999938205 ], [ 390772.990152000100352, 585630.199997999938205 ], [ 390772.590152000077069, 585630.399998 ], [ 390772.590152000077069, 585631.999997999984771 ], [ 390771.990152000100352, 585632.599997999961488 ], [ 390770.590152000077069, 585632.999997999984771 ], [ 390769.79015200008871, 585633.799998000031337 ], [ 390768.79015200008871, 585633.799998000031337 ], [ 390767.990152000100352, 585634.199997999938205 ] ] ] } },
{ "type": "Feature", "properties": { "pred_id": "REG_CAD_031", "raw_pred_id": "RAW_SAM2_031", "sam2_score": 0.79289102554321289, "mean_height_m": 3.070366382598877, "max_height_m": 3.8844103813171387, "reg_area_m2": 94.298162468477088, "vertex_count_raw": 132, "vertex_count_reg": 20, "ortho_ratio_raw": 1.0, "ortho_ratio_reg": 1.0, "is_canonical_rect": false }, "geometry": { "type": "Polygon", "coordinates": [ [ [ 390745.940687649184838, 585631.477639547898434 ], [ 390750.688904562906828, 585631.062197791645303 ], [ 390750.557219361420721, 585629.55702905007638 ], [ 390753.019017604587134, 585629.341649611946195 ], [ 390752.905672903405502, 585628.046141880797222 ], [ 390751.53510611288948, 585628.1660509374924 ], [ 390751.396942160499748, 585626.586871195002459 ], [ 390752.631249450612813, 585626.478883299743757 ], [ 390752.503671345300972, 585625.020660624606535 ], [ 390752.759975644235965, 585624.9982369041536 ], [ 390752.620297486893833, 585623.401708260294981 ], [ 390753.182951781665906, 585623.352482387796044 ], [ 390753.059103564126417, 585621.936874115373939 ], [ 390751.377483147603925, 585622.083996838424355 ], [ 390751.269460959010758, 585620.849297573091462 ], [ 390750.110816682805307, 585620.950665812357329 ], [ 390750.002794860280119, 585619.71597073180601 ], [ 390742.528153184102848, 585620.369846498477273 ], [ 390743.278464743343648, 585628.946658229571767 ], [ 390745.700712168589234, 585628.73470725340303 ], [ 390745.940687649184838, 585631.477639547898434 ] ] ] } },
{ "type": "Feature", "properties": { "pred_id": "REG_CAD_032", "raw_pred_id": "RAW_SAM2_032", "sam2_score": 0.64950501918792725, "mean_height_m": 11.813779830932617, "max_height_m": 28.630971908569336, "reg_area_m2": 37593.180000001172, "vertex_count_raw": 4212, "vertex_count_reg": 1013, "ortho_ratio_raw": 1.0, "ortho_ratio_reg": 0.10562685093780849, "is_canonical_rect": false }, "geometry": { "type": "Polygon", "coordinates": [ [ [ 390666.590152000077069, 585617.599997999961488 ], [ 390664.990152000100352, 585616.599997999961488 ], [ 390664.990152000100352, 585615.999997999984771 ], [ 390666.190152000111993, 585614.799998000031337 ], [ 390664.79015200008871, 585613.399998 ], [ 390661.390152000123635, 585614.399998 ], [ 390660.990152000100352, 585615.399998 ], [ 390660.190152000111993, 585615.599997999961488 ], [ 390659.990152000100352, 585616.799998000031337 ], [ 390659.390152000123635, 585617.199997999938205 ], [ 390657.390152000123635, 585616.799998000031337 ], [ 390656.990152000100352, 585616.199997999938205 ], [ 390657.590152000077069, 585615.599997999961488 ], [ 390658.590152000077069, 585615.199997999938205 ], [ 390659.79015200008871, 585615.199997999938205 ], [ 390659.990152000100352, 585614.799998000031337 ], [ 390657.990152000100352, 585614.399998 ], [ 390656.990152000100352, 585613.599997999961488 ], [ 390656.990152000100352, 585612.999997999984771 ], [ 390657.990152000100352, 585611.999997999984771 ], [ 390657.990152000100352, 585611.599997999961488 ], [ 390657.390152000123635, 585611.399998 ], [ 390656.990152000100352, 585610.799998000031337 ], [ 390654.190152000111993, 585611.199997999938205 ], [ 390653.390152000123635, 585611.599997999961488 ], [ 390653.990152000100352, 585612.399998 ], [ 390655.190152000111993, 585612.399998 ], [ 390656.590152000077069, 585613.199997999938205 ], [ 390655.79015200008871, 585613.999997999984771 ], [ 390652.79015200008871, 585614.399998 ], [ 390652.79015200008871, 585613.999997999984771 ], [ 390651.990152000100352, 585613.799998000031337 ], [ 390649.990152000100352, 585613.799998000031337 ], [ 390649.990152000100352, 585612.599997999961488 ], [ 390651.990152000100352, 585612.399998 ], [ 390652.390152000123635, 585611.799998000031337 ], [ 390651.79015200008871, 585611.199997999938205 ], [ 390649.990152000100352, 585611.199997999938205 ], [ 390649.990152000100352, 585608.999997999984771 ], [ 390651.590152000077069, 585608.799998000031337 ], [ 390651.590152000077069, 585608.399998 ], [ 390651.190152000111993, 585608.199997999938205 ], [ 390649.990152000100352, 585608.199997999938205 ], [ 390649.990152000100352, 585431.599997999961488 ], [ 390656.79015200008871, 585431.999997999984771 ], [ 390660.990152000100352, 585431.799998000031337 ], [ 390662.79015200008871, 585431.999997999984771 ], [ 390662.990152000100352, 585432.399998 ], [ 390663.590152000077069, 585432.599997999961488 ], [ 390664.79015200008871, 585432.599997999961488 ], [ 390666.190152000111993, 585431.599997999961488 ], [ 390667.390152000123635, 585431.599997999961488 ], [ 390668.590152000077069, 585432.199997999938205 ], [ 390670.590152000077069, 585431.999997999984771 ], [ 390669.79015200008871, 585432.199997999938205 ], [ 390669.79015200008871, 585433.599997999961488 ], [ 390670.390152000123635, 585434.199997999938205 ], [ 390670.990152000100352, 585434.199997999938205 ], [ 390671.590152000077069, 585433.599997999961488 ], [ 390671.590152000077069, 585433.199997999938205 ], [ 390672.590152000077069, 585432.999997999984771 ], [ 390673.990152000100352, 585431.599997999961488 ], [ 390678.590152000077069, 585431.799998000031337 ], [ 390679.190152000111993, 585431.999997999984771 ], [ 390679.390152000123635, 585432.399998 ], [ 390680.590152000077069, 585432.399998 ], [ 390681.79015200008871, 585431.599997999961488 ], [ 390682.79015200008871, 585431.599997999961488 ], [ 390683.79015200008871, 585432.199997999938205 ], [ 390684.990152000100352, 585432.399998 ], [ 390685.190152000111993, 585433.399998 ], [ 390685.990152000100352, 585434.399998 ], [ 390687.190152000111993, 585434.399998 ], [ 390687.390152000123635, 585433.399998 ], [ 390688.590152000077069, 585432.999997999984771 ], [ 390689.590152000077069, 585431.799998000031337 ], [ 390690.990152000100352, 585431.799998000031337 ], [ 390691.590152000077069, 585432.199997999938205 ], [ 390694.190152000111993, 585431.999997999984771 ], [ 390693.990152000100352, 585432.399998 ], [ 390693.390152000123635, 585432.399998 ], [ 390693.190152000111993, 585433.599997999961488 ], [ 390693.79015200008871, 585434.399998 ], [ 390694.79015200008871, 585434.599997999961488 ], [ 390694.79015200008871, 585435.199997999938205 ], [ 390695.590152000077069, 585435.599997999961488 ], [ 390696.190152000111993, 585435.399998 ], [ 390696.190152000111993, 585434.599997999961488 ], [ 390695.190152000111993, 585434.399998 ], [ 390694.990152000100352, 585433.399998 ], [ 390696.590152000077069, 585432.799998000031337 ], [ 390697.390152000123635, 585431.799998000031337 ], [ 390698.590152000077069, 585431.799998000031337 ], [ 390700.390152000123635, 585432.999997999984771 ], [ 390701.190152000111993, 585434.799998000031337 ], [ 390701.990152000100352, 585434.999997999984771 ], [ 390702.590152000077069, 585435.799998000031337 ], [ 390703.190152000111993, 585435.999997999984771 ], [ 390703.79015200008871, 585435.999997999984771 ], [ 390704.190152000111993, 585435.599997999961488 ], [ 390704.390152000123635, 585434.399998 ], [ 390703.990152000100352, 585433.599997999961488 ], [ 390704.79015200008871, 585432.999997999984771 ], [ 390704.990152000100352, 585431.999997999984771 ], [ 390705.390152000123635, 585431.799998000031337 ], [ 390706.390152000123635, 585431.799998000031337 ], [ 390707.590152000077069, 585432.599997999961488 ], [ 390708.190152000111993, 585432.599997999961488 ], [ 390708.590152000077069, 585433.199997999938205 ], [ 390708.79015200008871, 585434.599997999961488 ], [ 390710.590152000077069, 585435.999997999984771 ], [ 390711.79015200008871, 585435.999997999984771 ], [ 390711.79015200008871, 585435.599997999961488 ], [ 390712.190152000111993, 585435.399998 ], [ 390712.190152000111993, 585434.199997999938205 ], [ 390711.79015200008871, 585433.399998 ], [ 390712.590152000077069, 585433.199997999938205 ], [ 390712.79015200008871, 585431.999997999984771 ], [ 390713.990152000100352, 585431.799998000031337 ], [ 390714.590152000077069, 585432.199997999938205 ], [ 390714.590152000077069, 585432.599997999961488 ], [ 390715.79015200008871, 585433.199997999938205 ], [ 390715.990152000100352, 585434.199997999938205 ], [ 390716.390152000123635, 585434.999997999984771 ], [ 390716.990152000100352, 585435.399998 ], [ 390717.390152000123635, 585436.799998000031337 ], [ 390719.390152000123635, 585436.599997999961488 ], [ 390719.990152000100352, 585435.999997999984771 ], [ 390720.390152000123635, 585435.199997999938205 ], [ 390720.390152000123635, 585434.199997999938205 ], [ 390720.79015200008871, 585433.799998000031337 ], [ 390720.79015200008871, 585431.999997999984771 ], [ 390721.590152000077069, 585431.799998000031337 ], [ 390723.79015200008871, 585433.199997999938205 ], [ 390724.190152000111993, 585434.999997999984771 ], [ 390725.190152000111993, 585435.799998000031337 ], [ 390725.190152000111993, 585436.199997999938205 ], [ 390725.79015200008871, 585436.399998 ], [ 390727.390152000123635, 585436.399998 ], [ 390727.990152000100352, 585435.599997999961488 ], [ 390728.190152000111993, 585434.199997999938205 ], [ 390728.590152000077069, 585433.799998000031337 ], [ 390730.990152000100352, 585433.199997999938205 ], [ 390731.390152000123635, 585435.199997999938205 ], [ 390731.79015200008871, 585435.199997999938205 ], [ 390732.390152000123635, 585435.799998000031337 ], [ 390732.390152000123635, 585436.399998 ], [ 390732.990152000100352, 585437.199997999938205 ], [ 390734.990152000100352, 585437.199997999938205 ], [ 390735.990152000100352, 585436.199997999938205 ], [ 390736.390152000123635, 585434.599997999961488 ], [ 390736.79015200008871, 585434.199997999938205 ], [ 390737.990152000100352, 585434.399998 ], [ 390738.390152000123635, 585435.399998 ], [ 390739.990152000100352, 585435.999997999984771 ], [ 390739.990152000100352, 585436.399998 ], [ 390740.590152000077069, 585436.999997999984771 ], [ 390742.990152000100352, 585436.999997999984771 ], [ 390743.79015200008871, 585436.399998 ], [ 390743.990152000100352, 585434.999997999984771 ], [ 390744.79015200008871, 585434.199997999938205 ], [ 390745.590152000077069, 585434.399998 ], [ 390746.190152000111993, 585435.399998 ], [ 390746.990152000100352, 585435.599997999961488 ], [ 390748.390152000123635, 585437.399998 ], [ 390750.79015200008871, 585437.599997999961488 ], [ 390752.190152000111993, 585436.799998000031337 ], [ 390754.590152000077069, 585436.399998 ], [ 390755.390152000123635, 585437.399998 ], [ 390757.590152000077069, 585437.799998000031337 ], [ 390758.190152000111993, 585438.199997999938205 ], [ 390759.79015200008871, 585436.799998000031337 ], [ 390759.79015200008871, 585435.199997999938205 ], [ 390760.190152000111993, 585434.399998 ], [ 390760.590152000077069, 585434.399998 ], [ 390761.390152000123635, 585434.799998000031337 ], [ 390761.990152000100352, 585435.599997999961488 ], [ 390762.79015200008871, 585435.799998000031337 ], [ 390763.79015200008871, 585437.199997999938205 ], [ 390765.590152000077069, 585437.599997999961488 ], [ 390766.390152000123635, 585437.599997999961488 ], [ 390766.590152000077069, 585437.199997999938205 ], [ 390767.990152000100352, 585436.799998000031337 ], [ 390767.990152000100352, 585435.799998000031337 ], [ 390768.390152000123635, 585435.799998000031337 ], [ 390768.590152000077069, 585436.399998 ], [ 390770.590152000077069, 585436.599997999961488 ], [ 390770.590152000077069, 585436.999997999984771 ], [ 390770.990152000100352, 585436.999997999984771 ], [ 390771.190152000111993, 585437.399998 ], [ 390772.990152000100352, 585437.599997999961488 ], [ 390773.79015200008871, 585437.999997999984771 ], [ 390775.590152000077069, 585436.999997999984771 ], [ 390777.990152000100352, 585436.799998000031337 ], [ 390777.990152000100352, 585437.199997999938205 ], [ 390778.590152000077069, 585437.799998000031337 ], [ 390780.990152000100352, 585438.199997999938205 ], [ 390780.79015200008871, 585438.999997999984771 ], [ 390779.390152000123635, 585439.399998 ], [ 390779.190152000111993, 585439.999997999984771 ], [ 390779.79015200008871, 585440.399998 ], [ 390779.79015200008871, 585440.799998000031337 ], [ 390780.590152000077069, 585440.799998000031337 ], [ 390781.190152000111993, 585441.599997999961488 ], [ 390781.990152000100352, 585441.599997999961488 ], [ 390781.990152000100352, 585440.599997999961488 ], [ 390781.390152000123635, 585439.799998000031337 ], [ 390782.190152000111993, 585439.199997999938205 ], [ 390782.390152000123635, 585438.199997999938205 ], [ 390783.590152000077069, 585437.399998 ], [ 390784.190152000111993, 585437.399998 ], [ 390785.590152000077069, 585438.199997999938205 ], [ 390788.590152000077069, 585438.199997999938205 ], [ 390788.390152000123635, 585438.799998000031337 ], [ 390787.190152000111993, 585439.199997999938205 ], [ 390786.79015200008871, 585439.999997999984771 ], [ 390787.79015200008871, 585441.599997999961488 ], [ 390789.79015200008871, 585441.999997999984771 ], [ 390789.990152000100352, 585440.599997999961488 ], [ 390789.390152000123635, 585439.799998000031337 ], [ 390789.990152000100352, 585439.399998 ], [ 390790.590152000077069, 585437.999997999984771 ], [ 390791.990152000100352, 585437.599997999961488 ], [ 390792.590152000077069, 585437.799998000031337 ], [ 390793.79015200008871, 585439.199997999938205 ], [ 390794.590152000077069, 585441.199997999938205 ], [ 390795.390152000123635, 585442.199997999938205 ], [ 390795.390152000123635, 585442.999997999984771 ], [ 390796.390152000123635, 585442.599997999961488 ], [ 390797.590152000077069, 585442.599997999961488 ], [ 390797.990152000100352, 585442.199997999938205 ], [ 390798.390152000123635, 585440.599997999961488 ], [ 390798.990152000100352, 585439.799998000031337 ], [ 390798.79015200008871, 585438.199997999938205 ], [ 390799.190152000111993, 585437.999997999984771 ], [ 390800.190152000111993, 585438.199997999938205 ], [ 390800.390152000123635, 585439.199997999938205 ], [ 390801.590152000077069, 585439.799998000031337 ], [ 390801.590152000077069, 585441.199997999938205 ], [ 390802.79015200008871, 585442.199997999938205 ], [ 390803.190152000111993, 585443.199997999938205 ], [ 390805.190152000111993, 585442.799998000031337 ], [ 390806.190152000111993, 585441.599997999961488 ], [ 390806.190152000111993, 585440.199997999938205 ], [ 390806.79015200008871, 585439.199997999938205 ], [ 390806.79015200008871, 585438.199997999938205 ], [ 390807.390152000123635, 585437.999997999984771 ], [ 390807.79015200008871, 585438.199997999938205 ], [ 390808.190152000111993, 585439.399998 ], [ 390809.390152000123635, 585439.999997999984771 ], [ 390809.390152000123635, 585440.999997999984771 ], [ 390810.390152000123635, 585441.999997999984771 ], [ 390810.990152000100352, 585443.599997999961488 ], [ 390812.590152000077069, 585443.399998 ], [ 390812.79015200008871, 585442.799998000031337 ], [ 390813.79015200008871, 585442.599997999961488 ], [ 390814.590152000077069, 585440.999997999984771 ], [ 390815.190152000111993, 585440.599997999961488 ], [ 390815.79015200008871, 585440.799998000031337 ], [ 390816.390152000123635, 585441.599997999961488 ], [ 390817.590152000077069, 585441.999997999984771 ], [ 390818.390152000123635, 585443.599997999961488 ], [ 390818.79015200008871, 585443.999997999984771 ], [ 390819.390152000123635, 585443.999997999984771 ], [ 390819.79015200008871, 585444.799998000031337 ], [ 390820.390152000123635, 585445.199997999938205 ], [ 390820.990152000100352, 585445.199997999938205 ], [ 390821.390152000123635, 585444.799998000031337 ], [ 390821.190152000111993, 585442.799998000031337 ], [ 390821.79015200008871, 585442.399998 ], [ 390822.390152000123635, 585440.599997999961488 ], [ 390823.990152000100352, 585440.599997999961488 ], [ 390824.390152000123635, 585441.399998 ], [ 390824.79015200008871, 585441.399998 ], [ 390825.79015200008871, 585442.399998 ], [ 390826.190152000111993, 585443.799998000031337 ], [ 390827.390152000123635, 585444.399998 ], [ 390827.390152000123635, 585444.999997999984771 ], [ 390826.590152000077069, 585445.199997999938205 ], [ 390826.190152000111993, 585445.799998000031337 ], [ 390826.390152000123635, 585447.599997999961488 ], [ 390826.79015200008871, 585448.399998 ], [ 390828.590152000077069, 585448.199997999938205 ], [ 390829.190152000111993, 585447.799998000031337 ], [ 390828.990152000100352, 585447.199997999938205 ], [ 390827.990152000100352, 585446.999997999984771 ], [ 390827.590152000077069, 585446.599997999961488 ], [ 390827.590152000077069, 585445.399998 ], [ 390829.190152000111993, 585445.199997999938205 ], [ 390829.590152000077069, 585444.799998000031337 ], [ 390829.590152000077069, 585443.399998 ], [ 390830.390152000123635, 585442.599997999961488 ], [ 390830.390152000123635, 585441.399998 ], [ 390830.79015200008871, 585441.199997999938205 ], [ 390831.190152000111993, 585441.799998000031337 ], [ 390832.590152000077069, 585441.999997999984771 ], [ 390833.390152000123635, 585442.799998000031337 ], [ 390833.390152000123635, 585443.799998000031337 ], [ 390832.190152000111993, 585444.199997999938205 ], [ 390831.990152000100352, 585444.799998000031337 ], [ 390833.390152000123635, 585445.399998 ], [ 390833.390152000123635, 585447.799998000031337 ], [ 390833.990152000100352, 585448.199997999938205 ], [ 390834.590152000077069, 585449.799998000031337 ], [ 390835.190152000111993, 585449.599997999961488 ], [ 390835.390152000123635, 585448.999997999984771 ], [ 390836.590152000077069, 585448.799998000031337 ], [ 390837.190152000111993, 585447.799998000031337 ], [ 390836.990152000100352, 585446.799998000031337 ], [ 390835.990152000100352, 585445.999997999984771 ], [ 390836.990152000100352, 585445.599997999961488 ], [ 390837.390152000123635, 585444.999997999984771 ], [ 390837.390152000123635, 585442.799998000031337 ], [ 390838.390152000123635, 585440.599997999961488 ], [ 390840.390152000123635, 585441.599997999961488 ], [ 390841.390152000123635, 585442.799998000031337 ], [ 390841.590152000077069, 585444.199997999938205 ], [ 390842.590152000077069, 585444.399998 ], [ 390842.390152000123635, 585444.799998000031337 ], [ 390841.590152000077069, 585444.999997999984771 ], [ 390841.590152000077069, 585446.799998000031337 ], [ 390842.190152000111993, 585448.199997999938205 ], [ 390842.390152000123635, 585449.799998000031337 ], [ 390842.79015200008871, 585449.599997999961488 ], [ 390842.990152000100352, 585448.799998000031337 ], [ 390844.390152000123635, 585448.399998 ], [ 390844.990152000100352, 585447.799998000031337 ], [ 390844.79015200008871, 585446.999997999984771 ], [ 390844.190152000111993, 585446.399998 ], [ 390843.79015200008871, 585446.399998 ], [ 390843.79015200008871, 585445.999997999984771 ], [ 390845.390152000123635, 585445.199997999938205 ], [ 390845.390152000123635, 585444.199997999938205 ], [ 390845.79015200008871, 585443.199997999938205 ], [ 390846.190152000111993, 585442.999997999984771 ], [ 390846.390152000123635, 585441.199997999938205 ], [ 390846.990152000100352, 585442.199997999938205 ], [ 390848.190152000111993, 585442.199997999938205 ], [ 390848.79015200008871, 585442.799998000031337 ], [ 390848.79015200008871, 585443.399998 ], [ 390848.390152000123635, 585443.799998000031337 ], [ 390847.390152000123635, 585444.199997999938205 ], [ 390847.390152000123635, 585445.199997999938205 ], [ 390848.79015200008871, 585445.999997999984771 ], [ 390848.79015200008871, 585447.599997999961488 ], [ 390849.590152000077069, 585448.399998 ], [ 390849.79015200008871, 585449.999997999984771 ], [ 390850.590152000077069, 585450.599997999961488 ], [ 390850.190152000111993, 585451.199997999938205 ], [ 390849.79015200008871, 585451.199997999938205 ], [ 390849.390152000123635, 585450.599997999961488 ], [ 390847.79015200008871, 585450.599997999961488 ], [ 390847.79015200008871, 585451.199997999938205 ], [ 390848.990152000100352, 585451.599997999961488 ], [ 390849.190152000111993, 585451.999997999984771 ], [ 390848.990152000100352, 585453.999997999984771 ], [ 390849.390152000123635, 585454.199997999938205 ], [ 390849.79015200008871, 585455.599997999961488 ], [ 390850.190152000111993, 585455.999997999984771 ], [ 390851.390152000123635, 585456.199997999938205 ], [ 390851.590152000077069, 585457.399998 ], [ 390851.990152000100352, 585457.599997999961488 ], [ 390852.390152000123635, 585457.399998 ], [ 390852.390152000123635, 585456.199997999938205 ], [ 390851.590152000077069, 585455.399998 ], [ 390852.390152000123635, 585455.199997999938205 ], [ 390852.79015200008871, 585454.399998 ], [ 390852.79015200008871, 585453.199997999938205 ], [ 390851.79015200008871, 585452.199997999938205 ], [ 390852.590152000077069, 585451.999997999984771 ], [ 390853.190152000111993, 585451.199997999938205 ], [ 390853.190152000111993, 585450.599997999961488 ], [ 390852.190152000111993, 585449.399998 ], [ 390852.190152000111993, 585448.999997999984771 ], [ 390852.590152000077069, 585448.799998000031337 ], [ 390852.990152000100352, 585447.799998000031337 ], [ 390852.990152000100352, 585446.599997999961488 ], [ 390853.190152000111993, 585446.199997999938205 ], [ 390853.590152000077069, 585446.199997999938205 ], [ 390853.390152000123635, 585443.999997999984771 ], [ 390853.990152000100352, 585443.199997999938205 ], [ 390853.79015200008871, 585441.399998 ], [ 390854.390152000123635, 585441.199997999938205 ], [ 390854.79015200008871, 585442.199997999938205 ], [ 390856.190152000111993, 585442.399998 ], [ 390856.390152000123635, 585443.399998 ], [ 390855.190152000111993, 585444.199997999938205 ], [ 390855.190152000111993, 585444.799998000031337 ], [ 390856.390152000123635, 585445.999997999984771 ], [ 390856.79015200008871, 585447.599997999961488 ], [ 390857.190152000111993, 585447.999997999984771 ], [ 390857.390152000123635, 585449.399998 ], [ 390856.990152000100352, 585450.199997999938205 ], [ 390855.590152000077069, 585450.599997999961488 ], [ 390855.390152000123635, 585450.999997999984771 ], [ 390856.390152000123635, 585451.799998000031337 ], [ 390856.590152000077069, 585453.999997999984771 ], [ 390856.990152000100352, 585454.199997999938205 ], [ 390857.590152000077069, 585456.399998 ], [ 390858.390152000123635, 585456.599997999961488 ], [ 390858.79015200008871, 585457.199997999938205 ], [ 390857.590152000077069, 585457.799998000031337 ], [ 390857.390152000123635, 585458.199997999938205 ], [ 390857.590152000077069, 585462.799998000031337 ], [ 390857.390152000123635, 585463.199997999938205 ], [ 390855.990152000100352, 585463.399998 ], [ 390856.79015200008871, 585463.799998000031337 ], [ 390856.590152000077069, 585466.599997999961488 ], [ 390856.990152000100352, 585466.999997999984771 ], [ 390857.190152000111993, 585468.399998 ], [ 390859.190152000111993, 585469.399998 ], [ 390859.190152000111993, 585470.399998 ], [ 390857.990152000100352, 585470.399998 ], [ 390857.390152000123635, 585470.999997999984771 ], [ 390857.390152000123635, 585474.399998 ], [ 390857.590152000077069, 585475.399998 ], [ 390858.190152000111993, 585475.799998000031337 ], [ 390856.990152000100352, 585476.199997999938205 ], [ 390856.990152000100352, 585477.399998 ], [ 390856.390152000123635, 585478.999997999984771 ], [ 390856.79015200008871, 585479.399998 ], [ 390857.190152000111993, 585480.999997999984771 ], [ 390857.990152000100352, 585481.399998 ], [ 390859.390152000123635, 585481.599997999961488 ], [ 390859.79015200008871, 585481.999997999984771 ], [ 390862.190152000111993, 585481.399998 ], [ 390862.590152000077069, 585482.199997999938205 ], [ 390862.390152000123635, 585482.599997999961488 ], [ 390861.390152000123635, 585482.799998000031337 ], [ 390860.990152000100352, 585483.199997999938205 ], [ 390860.990152000100352, 585484.199997999938205 ], [ 390862.390152000123635, 585484.399998 ], [ 390862.79015200008871, 585484.999997999984771 ], [ 390862.590152000077069, 585485.999997999984771 ], [ 390861.79015200008871, 585486.199997999938205 ], [ 390860.990152000100352, 585485.799998000031337 ], [ 390860.590152000077069, 585484.399998 ], [ 390858.79015200008871, 585484.399998 ], [ 390858.390152000123635, 585484.799998000031337 ], [ 390858.390152000123635, 585485.399998 ], [ 390857.79015200008871, 585485.999997999984771 ], [ 390857.79015200008871, 585487.199997999938205 ], [ 390858.79015200008871, 585487.599997999961488 ], [ 390858.990152000100352, 585488.399998 ], [ 390857.590152000077069, 585489.599997999961488 ], [ 390857.590152000077069, 585490.199997999938205 ], [ 390858.79015200008871, 585491.199997999938205 ], [ 390858.79015200008871, 585491.999997999984771 ], [ 390857.990152000100352, 585492.999997999984771 ], [ 390860.390152000123635, 585492.999997999984771 ], [ 390860.79015200008871, 585487.399998 ], [ 390863.190152000111993, 585487.199997999938205 ], [ 390863.190152000111993, 585488.599997999961488 ], [ 390864.390152000123635, 585489.799998000031337 ], [ 390863.79015200008871, 585491.599997999961488 ], [ 390864.590152000077069, 585491.999997999984771 ], [ 390864.990152000100352, 585493.999997999984771 ], [ 390866.190152000111993, 585494.399998 ], [ 390865.79015200008871, 585494.999997999984771 ], [ 390864.990152000100352, 585495.199997999938205 ], [ 390864.79015200008871, 585495.999997999984771 ], [ 390864.990152000100352, 585496.999997999984771 ], [ 390865.79015200008871, 585497.599997999961488 ], [ 390865.390152000123635, 585499.399998 ], [ 390866.390152000123635, 585500.399998 ], [ 390866.390152000123635, 585500.999997999984771 ], [ 390865.590152000077069, 585501.399998 ], [ 390864.990152000100352, 585502.199997999938205 ], [ 390865.190152000111993, 585502.799998000031337 ], [ 390866.390152000123635, 585503.599997999961488 ], [ 390866.390152000123635, 585504.199997999938205 ], [ 390865.590152000077069, 585504.999997999984771 ], [ 390865.590152000077069, 585505.599997999961488 ], [ 390866.990152000100352, 585506.399998 ], [ 390867.390152000123635, 585507.999997999984771 ], [ 390867.79015200008871, 585508.199997999938205 ], [ 390867.79015200008871, 585508.999997999984771 ], [ 390867.190152000111993, 585509.599997999961488 ], [ 390867.79015200008871, 585511.999997999984771 ], [ 390866.990152000100352, 585512.599997999961488 ], [ 390866.79015200008871, 585513.799998000031337 ], [ 390866.390152000123635, 585514.199997999938205 ], [ 390865.79015200008871, 585514.199997999938205 ], [ 390865.390152000123635, 585514.999997999984771 ], [ 390866.590152000077069, 585515.599997999961488 ], [ 390866.990152000100352, 585516.199997999938205 ], [ 390866.590152000077069, 585517.599997999961488 ], [ 390865.990152000100352, 585517.999997999984771 ], [ 390867.190152000111993, 585518.199997999938205 ], [ 390867.990152000100352, 585518.999997999984771 ], [ 390869.990152000100352, 585519.399998 ], [ 390869.79015200008871, 585520.199997999938205 ], [ 390868.990152000100352, 585520.599997999961488 ], [ 390868.990152000100352, 585521.199997999938205 ], [ 390869.390152000123635, 585521.599997999961488 ], [ 390870.390152000123635, 585521.799998000031337 ], [ 390871.190152000111993, 585522.599997999961488 ], [ 390871.190152000111993, 585523.399998 ], [ 390871.79015200008871, 585523.999997999984771 ], [ 390870.79015200008871, 585524.399998 ], [ 390869.590152000077069, 585524.399998 ], [ 390868.79015200008871, 585525.399998 ], [ 390868.590152000077069, 585527.599997999961488 ], [ 390868.990152000100352, 585528.399998 ], [ 390869.590152000077069, 585528.799998000031337 ], [ 390869.190152000111993, 585529.999997999984771 ], [ 390868.990152000100352, 585533.799998000031337 ], [ 390869.590152000077069, 585534.399998 ], [ 390870.79015200008871, 585534.599997999961488 ], [ 390871.590152000077069, 585535.199997999938205 ], [ 390874.190152000111993, 585535.199997999938205 ], [ 390874.190152000111993, 585536.399998 ], [ 390874.590152000077069, 585536.799998000031337 ], [ 390874.590152000077069, 585538.799998000031337 ], [ 390874.190152000111993, 585539.199997999938205 ], [ 390873.590152000077069, 585539.199997999938205 ], [ 390873.190152000111993, 585539.999997999984771 ], [ 390875.190152000111993, 585540.399998 ], [ 390875.390152000123635, 585541.999997999984771 ], [ 390874.390152000123635, 585542.799998000031337 ], [ 390873.590152000077069, 585542.799998000031337 ], [ 390873.79015200008871, 585543.199997999938205 ], [ 390874.390152000123635, 585543.199997999938205 ], [ 390874.79015200008871, 585543.599997999961488 ], [ 390874.990152000100352, 585545.399998 ], [ 390874.390152000123635, 585545.799998000031337 ], [ 390873.390152000123635, 585545.799998000031337 ], [ 390873.390152000123635, 585546.199997999938205 ], [ 390875.190152000111993, 585546.399998 ], [ 390875.590152000077069, 585545.999997999984771 ], [ 390875.390152000123635, 585547.999997999984771 ], [ 390873.990152000100352, 585549.399998 ], [ 390874.79015200008871, 585549.799998000031337 ], [ 390875.190152000111993, 585551.399998 ], [ 390875.79015200008871, 585551.999997999984771 ], [ 390875.79015200008871, 585555.199997999938205 ], [ 390875.590152000077069, 585555.799998000031337 ], [ 390874.990152000100352, 585556.199997999938205 ], [ 390874.79015200008871, 585557.799998000031337 ], [ 390874.390152000123635, 585558.199997999938205 ], [ 390873.390152000123635, 585558.399998 ], [ 390873.390152000123635, 585558.799998000031337 ], [ 390874.79015200008871, 585558.799998000031337 ], [ 390875.390152000123635, 585559.199997999938205 ], [ 390875.190152000111993, 585561.199997999938205 ], [ 390873.990152000100352, 585561.999997999984771 ], [ 390873.590152000077069, 585563.199997999938205 ], [ 390872.79015200008871, 585562.799998000031337 ], [ 390871.390152000123635, 585562.799998000031337 ], [ 390870.990152000100352, 585563.199997999938205 ], [ 390871.190152000111993, 585563.999997999984771 ], [ 390871.79015200008871, 585563.999997999984771 ], [ 390871.990152000100352, 585564.399998 ], [ 390871.79015200008871, 585565.199997999938205 ], [ 390870.990152000100352, 585565.199997999938205 ], [ 390870.79015200008871, 585564.399998 ], [ 390870.190152000111993, 585564.199997999938205 ], [ 390869.590152000077069, 585564.199997999938205 ], [ 390869.190152000111993, 585564.599997999961488 ], [ 390869.590152000077069, 585565.399998 ], [ 390870.590152000077069, 585565.599997999961488 ], [ 390870.590152000077069, 585566.599997999961488 ], [ 390869.190152000111993, 585567.399998 ], [ 390868.79015200008871, 585568.199997999938205 ], [ 390869.390152000123635, 585568.799998000031337 ], [ 390870.590152000077069, 585569.199997999938205 ], [ 390870.79015200008871, 585569.599997999961488 ], [ 390869.990152000100352, 585570.199997999938205 ], [ 390868.79015200008871, 585570.399998 ], [ 390868.390152000123635, 585571.199997999938205 ], [ 390869.390152000123635, 585571.799998000031337 ], [ 390870.590152000077069, 585571.999997999984771 ], [ 390870.79015200008871, 585572.999997999984771 ], [ 390869.590152000077069, 585573.799998000031337 ], [ 390868.590152000077069, 585573.999997999984771 ], [ 390868.79015200008871, 585575.999997999984771 ], [ 390868.390152000123635, 585576.399998 ], [ 390868.190152000111993, 585577.399998 ], [ 390868.590152000077069, 585578.199997999938205 ], [ 390869.590152000077069, 585578.999997999984771 ], [ 390868.79015200008871, 585579.599997999961488 ], [ 390868.390152000123635, 585580.399998 ], [ 390868.590152000077069, 585582.199997999938205 ], [ 390867.990152000100352, 585582.799998000031337 ], [ 390867.990152000100352, 585583.799998000031337 ], [ 390869.190152000111993, 585584.999997999984771 ], [ 390869.190152000111993, 585585.399998 ], [ 390867.990152000100352, 585586.599997999961488 ], [ 390867.79015200008871, 585589.799998000031337 ], [ 390868.590152000077069, 585590.999997999984771 ], [ 390869.390152000123635, 585591.199997999938205 ], [ 390869.390152000123635, 585591.599997999961488 ], [ 390868.990152000100352, 585591.599997999961488 ], [ 390868.190152000111993, 585592.399998 ], [ 390867.79015200008871, 585593.599997999961488 ], [ 390867.190152000111993, 585594.199997999938205 ], [ 390867.190152000111993, 585594.799998000031337 ], [ 390866.390152000123635, 585595.399998 ], [ 390865.390152000123635, 585595.399998 ], [ 390864.190152000111993, 585594.199997999938205 ], [ 390863.590152000077069, 585594.199997999938205 ], [ 390862.79015200008871, 585595.199997999938205 ], [ 390860.390152000123635, 585595.399998 ], [ 390859.990152000100352, 585595.799998000031337 ], [ 390859.990152000100352, 585596.199997999938205 ], [ 390860.390152000123635, 585596.399998 ], [ 390863.390152000123635, 585596.999997999984771 ], [ 390863.79015200008871, 585597.999997999984771 ], [ 390864.590152000077069, 585596.999997999984771 ], [ 390865.590152000077069, 585596.599997999961488 ], [ 390867.79015200008871, 585596.999997999984771 ], [ 390868.390152000123635, 585597.799998000031337 ], [ 390866.390152000123635, 585598.799998000031337 ], [ 390864.79015200008871, 585598.999997999984771 ], [ 390863.990152000100352, 585599.599997999961488 ], [ 390862.79015200008871, 585599.199997999938205 ], [ 390857.79015200008871, 585598.999997999984771 ], [ 390857.590152000077069, 585599.199997999938205 ], [ 390857.79015200008871, 585599.599997999961488 ], [ 390858.79015200008871, 585599.799998000031337 ], [ 390859.190152000111993, 585600.199997999938205 ], [ 390859.190152000111993, 585600.999997999984771 ], [ 390858.590152000077069, 585601.399998 ], [ 390857.190152000111993, 585601.399998 ], [ 390856.390152000123635, 585600.599997999961488 ], [ 390855.79015200008871, 585600.599997999961488 ], [ 390855.390152000123635, 585601.399998 ], [ 390853.79015200008871, 585601.799998000031337 ], [ 390852.79015200008871, 585601.599997999961488 ], [ 390851.990152000100352, 585600.799998000031337 ], [ 390851.990152000100352, 585601.199997999938205 ], [ 390851.390152000123635, 585601.799998000031337 ], [ 390849.79015200008871, 585601.999997999984771 ], [ 390848.79015200008871, 585601.599997999961488 ], [ 390848.190152000111993, 585600.799998000031337 ], [ 390847.990152000100352, 585601.399998 ], [ 390847.390152000123635, 585601.799998000031337 ], [ 390845.590152000077069, 585601.999997999984771 ], [ 390844.79015200008871, 585602.399998 ], [ 390847.390152000123635, 585602.599997999961488 ], [ 390847.990152000100352, 585602.999997999984771 ], [ 390849.590152000077069, 585602.599997999961488 ], [ 390855.390152000123635, 585602.799998000031337 ], [ 390855.990152000100352, 585603.599997999961488 ], [ 390857.190152000111993, 585602.999997999984771 ], [ 390861.990152000100352, 585602.999997999984771 ], [ 390863.390152000123635, 585603.799998000031337 ], [ 390863.390152000123635, 585604.599997999961488 ], [ 390862.990152000100352, 585604.999997999984771 ], [ 390861.79015200008871, 585605.199997999938205 ], [ 390859.990152000100352, 585604.599997999961488 ], [ 390857.390152000123635, 585604.799998000031337 ], [ 390856.590152000077069, 585605.399998 ], [ 390856.590152000077069, 585605.999997999984771 ], [ 390855.590152000077069, 585606.199997999938205 ], [ 390855.190152000111993, 585606.999997999984771 ], [ 390854.190152000111993, 585607.599997999961488 ], [ 390853.390152000123635, 585607.399998 ], [ 390852.990152000100352, 585606.799998000031337 ], [ 390853.590152000077069, 585605.999997999984771 ], [ 390854.590152000077069, 585605.799998000031337 ], [ 390854.79015200008871, 585605.399998 ], [ 390852.190152000111993, 585604.999997999984771 ], [ 390850.390152000123635, 585605.199997999938205 ], [ 390849.79015200008871, 585605.599997999961488 ], [ 390850.590152000077069, 585605.799998000031337 ], [ 390851.190152000111993, 585606.399998 ], [ 390851.190152000111993, 585607.199997999938205 ], [ 390850.590152000077069, 585607.599997999961488 ], [ 390849.79015200008871, 585607.599997999961488 ], [ 390848.990152000100352, 585607.199997999938205 ], [ 390848.590152000077069, 585606.599997999961488 ], [ 390847.990152000100352, 585606.599997999961488 ], [ 390847.390152000123635, 585607.399998 ], [ 390846.190152000111993, 585607.799998000031337 ], [ 390844.79015200008871, 585607.199997999938205 ], [ 390844.79015200008871, 585606.799998000031337 ], [ 390844.190152000111993, 585606.399998 ], [ 390843.990152000100352, 585606.999997999984771 ], [ 390842.79015200008871, 585607.799998000031337 ], [ 390841.190152000111993, 585607.799998000031337 ], [ 390839.590152000077069, 585608.399998 ], [ 390837.79015200008871, 585608.199997999938205 ], [ 390836.79015200008871, 585607.199997999938205 ], [ 390836.79015200008871, 585606.599997999961488 ], [ 390836.390152000123635, 585606.199997999938205 ], [ 390835.990152000100352, 585607.199997999938205 ], [ 390834.990152000100352, 585607.799998000031337 ], [ 390833.590152000077069, 585607.799998000031337 ], [ 390832.590152000077069, 585607.999997999984771 ], [ 390832.190152000111993, 585608.399998 ], [ 390830.990152000100352, 585608.399998 ], [ 390831.190152000111993, 585608.799998000031337 ], [ 390832.390152000123635, 585608.999997999984771 ], [ 390832.79015200008871, 585609.599997999961488 ], [ 390835.190152000111993, 585609.799998000031337 ], [ 390835.590152000077069, 585610.199997999938205 ], [ 390833.590152000077069, 585610.599997999961488 ], [ 390832.990152000100352, 585611.399998 ], [ 390832.990152000100352, 585611.999997999984771 ], [ 390831.990152000100352, 585612.599997999961488 ], [ 390831.390152000123635, 585613.599997999961488 ], [ 390830.79015200008871, 585613.799998000031337 ], [ 390829.990152000100352, 585613.399998 ], [ 390829.990152000100352, 585612.399998 ], [ 390830.390152000123635, 585611.599997999961488 ], [ 390829.79015200008871, 585611.599997999961488 ], [ 390828.590152000077069, 585610.399998 ], [ 390826.390152000123635, 585610.799998000031337 ], [ 390825.590152000077069, 585611.599997999961488 ], [ 390825.590152000077069, 585612.399998 ], [ 390825.990152000100352, 585612.799998000031337 ], [ 390827.190152000111993, 585612.999997999984771 ], [ 390827.390152000123635, 585613.399998 ], [ 390826.190152000111993, 585613.599997999961488 ], [ 390824.79015200008871, 585612.999997999984771 ], [ 390823.79015200008871, 585613.999997999984771 ], [ 390822.390152000123635, 585613.999997999984771 ], [ 390821.79015200008871, 585613.399998 ], [ 390822.190152000111993, 585611.599997999961488 ], [ 390820.990152000100352, 585610.399998 ], [ 390820.990152000100352, 585609.799998000031337 ], [ 390821.990152000100352, 585608.799998000031337 ], [ 390821.990152000100352, 585608.399998 ], [ 390821.390152000123635, 585607.999997999984771 ], [ 390820.79015200008871, 585606.799998000031337 ], [ 390819.79015200008871, 585607.799998000031337 ], [ 390817.190152000111993, 585608.399998 ], [ 390817.190152000111993, 585608.999997999984771 ], [ 390818.590152000077069, 585609.599997999961488 ], [ 390819.590152000077069, 585609.599997999961488 ], [ 390820.390152000123635, 585610.199997999938205 ], [ 390818.190152000111993, 585610.799998000031337 ], [ 390817.590152000077069, 585611.399998 ], [ 390817.590152000077069, 585612.599997999961488 ], [ 390816.990152000100352, 585612.799998000031337 ], [ 390816.390152000123635, 585613.599997999961488 ], [ 390815.590152000077069, 585613.999997999984771 ], [ 390814.390152000123635, 585613.799998000031337 ], [ 390813.990152000100352, 585613.399998 ], [ 390814.390152000123635, 585611.599997999961488 ], [ 390813.990152000100352, 585611.599997999961488 ], [ 390813.190152000111993, 585610.599997999961488 ], [ 390811.990152000100352, 585610.599997999961488 ], [ 390810.79015200008871, 585610.799998000031337 ], [ 390809.990152000100352, 585611.399998 ], [ 390810.190152000111993, 585612.599997999961488 ], [ 390811.390152000123635, 585612.799998000031337 ], [ 390811.79015200008871, 585613.399998 ], [ 390808.990152000100352, 585613.399998 ], [ 390807.990152000100352, 585614.199997999938205 ], [ 390806.990152000100352, 585614.199997999938205 ], [ 390806.190152000111993, 585613.599997999961488 ], [ 390806.590152000077069, 585611.599997999961488 ], [ 390805.390152000123635, 585610.399998 ], [ 390805.590152000077069, 585609.399998 ], [ 390805.990152000100352, 585609.199997999938205 ], [ 390805.990152000100352, 585608.799998000031337 ], [ 390806.390152000123635, 585608.799998000031337 ], [ 390806.390152000123635, 585608.399998 ], [ 390805.79015200008871, 585608.199997999938205 ], [ 390805.190152000111993, 585606.999997999984771 ], [ 390804.390152000123635, 585607.799998000031337 ], [ 390802.79015200008871, 585607.999997999984771 ], [ 390801.590152000077069, 585608.599997999961488 ], [ 390801.990152000100352, 585609.199997999938205 ], [ 390803.590152000077069, 585609.399998 ], [ 390804.990152000100352, 585609.999997999984771 ], [ 390804.79015200008871, 585610.399998 ], [ 390802.590152000077069, 585610.799998000031337 ], [ 390801.990152000100352, 585611.399998 ], [ 390801.990152000100352, 585612.599997999961488 ], [ 390803.390152000123635, 585612.799998000031337 ], [ 390803.79015200008871, 585612.999997999984771 ], [ 390803.79015200008871, 585613.399998 ], [ 390802.590152000077069, 585613.599997999961488 ], [ 390801.190152000111993, 585613.199997999938205 ], [ 390800.190152000111993, 585613.999997999984771 ], [ 390798.990152000100352, 585613.999997999984771 ], [ 390798.79015200008871, 585613.599997999961488 ], [ 390798.190152000111993, 585613.399998 ], [ 390798.990152000100352, 585611.599997999961488 ], [ 390798.590152000077069, 585611.599997999961488 ], [ 390797.190152000111993, 585610.399998 ], [ 390796.190152000111993, 585610.799998000031337 ], [ 390794.990152000100352, 585610.799998000031337 ], [ 390794.390152000123635, 585611.399998 ], [ 390794.590152000077069, 585612.599997999961488 ], [ 390795.990152000100352, 585612.999997999984771 ], [ 390796.190152000111993, 585613.399998 ], [ 390793.390152000123635, 585613.599997999961488 ], [ 390792.390152000123635, 585614.199997999938205 ], [ 390791.390152000123635, 585614.199997999938205 ], [ 390790.390152000123635, 585613.399998 ], [ 390790.990152000100352, 585611.599997999961488 ], [ 390789.79015200008871, 585610.599997999961488 ], [ 390789.79015200008871, 585610.199997999938205 ], [ 390788.190152000111993, 585610.799998000031337 ], [ 390787.190152000111993, 585610.799998000031337 ], [ 390786.590152000077069, 585611.199997999938205 ], [ 390786.590152000077069, 585612.799998000031337 ], [ 390787.990152000100352, 585612.999997999984771 ], [ 390788.190152000111993, 585613.399998 ], [ 390787.79015200008871, 585613.599997999961488 ], [ 390785.590152000077069, 585613.199997999938205 ], [ 390784.990152000100352, 585613.799998000031337 ], [ 390783.390152000123635, 585613.999997999984771 ], [ 390782.590152000077069, 585613.399998 ], [ 390782.590152000077069, 585612.799998000031337 ], [ 390783.390152000123635, 585611.599997999961488 ], [ 390782.79015200008871, 585611.599997999961488 ], [ 390781.990152000100352, 585610.799998000031337 ], [ 390780.190152000111993, 585610.799998000031337 ], [ 390779.390152000123635, 585610.999997999984771 ], [ 390778.79015200008871, 585611.799998000031337 ], [ 390779.190152000111993, 585612.599997999961488 ], [ 390780.590152000077069, 585612.999997999984771 ], [ 390780.79015200008871, 585613.399998 ], [ 390777.990152000100352, 585613.599997999961488 ], [ 390776.79015200008871, 585614.199997999938205 ], [ 390775.79015200008871, 585614.199997999938205 ], [ 390774.79015200008871, 585613.399998 ], [ 390774.79015200008871, 585612.399998 ], [ 390775.190152000111993, 585611.599997999961488 ], [ 390774.79015200008871, 585611.599997999961488 ], [ 390774.190152000111993, 585610.799998000031337 ], [ 390771.79015200008871, 585610.999997999984771 ], [ 390771.190152000111993, 585611.599997999961488 ], [ 390771.390152000123635, 585612.599997999961488 ], [ 390772.390152000123635, 585612.799998000031337 ], [ 390772.79015200008871, 585613.399998 ], [ 390769.990152000100352, 585613.399998 ], [ 390769.190152000111993, 585613.999997999984771 ], [ 390767.590152000077069, 585613.999997999984771 ], [ 390766.79015200008871, 585613.399998 ], [ 390767.190152000111993, 585611.599997999961488 ], [ 390766.79015200008871, 585611.599997999961488 ], [ 390766.390152000123635, 585610.999997999984771 ], [ 390763.990152000100352, 585610.999997999984771 ], [ 390763.390152000123635, 585611.599997999961488 ], [ 390763.390152000123635, 585612.199997999938205 ], [ 390764.990152000100352, 585612.999997999984771 ], [ 390765.190152000111993, 585613.399998 ], [ 390762.79015200008871, 585613.599997999961488 ], [ 390761.190152000111993, 585614.199997999938205 ], [ 390759.990152000100352, 585614.199997999938205 ], [ 390758.590152000077069, 585613.399998 ], [ 390759.390152000123635, 585611.799998000031337 ], [ 390758.590152000077069, 585610.999997999984771 ], [ 390756.190152000111993, 585610.999997999984771 ], [ 390755.590152000077069, 585611.399998 ], [ 390755.590152000077069, 585611.999997999984771 ], [ 390756.190152000111993, 585612.599997999961488 ], [ 390757.990152000100352, 585612.999997999984771 ], [ 390758.190152000111993, 585613.399998 ], [ 390753.79015200008871, 585614.399998 ], [ 390752.390152000123635, 585614.399998 ], [ 390750.79015200008871, 585613.399998 ], [ 390751.190152000111993, 585612.199997999938205 ], [ 390751.590152000077069, 585611.999997999984771 ], [ 390751.590152000077069, 585611.599997999961488 ], [ 390750.990152000100352, 585611.399998 ], [ 390750.79015200008871, 585610.999997999984771 ], [ 390747.990152000100352, 585611.199997999938205 ], [ 390747.79015200008871, 585611.399998 ], [ 390747.990152000100352, 585612.399998 ], [ 390749.590152000077069, 585612.799998000031337 ], [ 390750.190152000111993, 585613.399998 ], [ 390747.79015200008871, 585613.799998000031337 ], [ 390746.79015200008871, 585614.399998 ], [ 390744.390152000123635, 585614.399998 ], [ 390743.590152000077069, 585613.999997999984771 ], [ 390742.990152000100352, 585613.399998 ], [ 390743.590152000077069, 585611.599997999961488 ], [ 390742.79015200008871, 585610.799998000031337 ], [ 390740.590152000077069, 585610.999997999984771 ], [ 390740.390152000123635, 585611.399998 ], [ 390739.990152000100352, 585611.399998 ], [ 390740.190152000111993, 585612.399998 ], [ 390741.79015200008871, 585612.799998000031337 ], [ 390742.390152000123635, 585613.399998 ], [ 390739.990152000100352, 585613.799998000031337 ], [ 390738.990152000100352, 585614.399998 ], [ 390736.590152000077069, 585614.399998 ], [ 390735.390152000123635, 585613.799998000031337 ], [ 390734.990152000100352, 585613.199997999938205 ], [ 390735.990152000100352, 585611.599997999961488 ], [ 390735.590152000077069, 585611.599997999961488 ], [ 390734.990152000100352, 585610.999997999984771 ], [ 390732.79015200008871, 585610.999997999984771 ], [ 390732.190152000111993, 585611.399998 ], [ 390732.390152000123635, 585612.399998 ], [ 390734.190152000111993, 585612.799998000031337 ], [ 390734.79015200008871, 585613.399998 ], [ 390731.79015200008871, 585613.999997999984771 ], [ 390731.190152000111993, 585614.399998 ], [ 390731.190152000111993, 585614.799998000031337 ], [ 390728.79015200008871, 585614.599997999961488 ], [ 390727.990152000100352, 585613.799998000031337 ], [ 390727.590152000077069, 585613.799998000031337 ], [ 390727.390152000123635, 585612.799998000031337 ], [ 390727.990152000100352, 585611.599997999961488 ], [ 390727.390152000123635, 585610.999997999984771 ], [ 390725.190152000111993, 585610.999997999984771 ], [ 390724.390152000123635, 585611.399998 ], [ 390724.590152000077069, 585612.399998 ], [ 390726.190152000111993, 585612.799998000031337 ], [ 390726.79015200008871, 585613.399998 ], [ 390723.79015200008871, 585613.999997999984771 ], [ 390723.190152000111993, 585614.599997999961488 ], [ 390721.190152000111993, 585614.599997999961488 ], [ 390719.990152000100352, 585613.999997999984771 ], [ 390719.390152000123635, 585613.199997999938205 ], [ 390720.190152000111993, 585611.599997999961488 ], [ 390719.590152000077069, 585611.399998 ], [ 390719.390152000123635, 585610.999997999984771 ], [ 390717.190152000111993, 585610.999997999984771 ], [ 390716.590152000077069, 585611.399998 ], [ 390716.590152000077069, 585612.199997999938205 ], [ 390717.79015200008871, 585612.799998000031337 ], [ 390718.590152000077069, 585612.799998000031337 ], [ 390719.190152000111993, 585613.399998 ], [ 390716.190152000111993, 585613.999997999984771 ], [ 390715.590152000077069, 585614.799998000031337 ], [ 390713.390152000123635, 585614.799998000031337 ], [ 390712.79015200008871, 585614.199997999938205 ], [ 390712.390152000123635, 585614.199997999938205 ], [ 390711.590152000077069, 585613.399998 ], [ 390712.390152000123635, 585611.599997999961488 ], [ 390711.990152000100352, 585611.599997999961488 ], [ 390711.590152000077069, 585610.999997999984771 ], [ 390709.590152000077069, 585610.999997999984771 ], [ 390708.79015200008871, 585611.399998 ], [ 390708.590152000077069, 585611.799998000031337 ], [ 390709.390152000123635, 585612.599997999961488 ], [ 390710.79015200008871, 585612.799998000031337 ], [ 390711.190152000111993, 585613.399998 ], [ 390708.390152000123635, 585613.999997999984771 ], [ 390707.590152000077069, 585614.599997999961488 ], [ 390704.990152000100352, 585614.399998 ], [ 390703.79015200008871, 585613.399998 ], [ 390704.590152000077069, 585611.599997999961488 ], [ 390704.190152000111993, 585611.599997999961488 ], [ 390703.990152000100352, 585611.199997999938205 ], [ 390701.590152000077069, 585610.999997999984771 ], [ 390701.390152000123635, 585611.399998 ], [ 390700.990152000100352, 585611.399998 ], [ 390700.990152000100352, 585611.999997999984771 ], [ 390701.590152000077069, 585612.599997999961488 ], [ 390702.990152000100352, 585612.799998000031337 ], [ 390703.390152000123635, 585613.399998 ], [ 390700.590152000077069, 585613.999997999984771 ], [ 390699.79015200008871, 585614.799998000031337 ], [ 390697.79015200008871, 585614.799998000031337 ], [ 390695.990152000100352, 585613.399998 ], [ 390696.190152000111993, 585612.399998 ], [ 390696.590152000077069, 585611.999997999984771 ], [ 390696.190152000111993, 585611.199997999938205 ], [ 390693.590152000077069, 585611.199997999938205 ], [ 390693.190152000111993, 585611.999997999984771 ], [ 390693.590152000077069, 585612.399998 ], [ 390695.590152000077069, 585612.999997999984771 ], [ 390695.590152000077069, 585613.399998 ], [ 390692.79015200008871, 585613.999997999984771 ], [ 390691.990152000100352, 585614.799998000031337 ], [ 390689.79015200008871, 585614.599997999961488 ], [ 390688.590152000077069, 585613.799998000031337 ], [ 390688.190152000111993, 585613.399998 ], [ 390688.390152000123635, 585612.399998 ], [ 390688.79015200008871, 585611.999997999984771 ], [ 390688.590152000077069, 585611.399998 ], [ 390685.990152000100352, 585611.199997999938205 ], [ 390685.390152000123635, 585611.599997999961488 ], [ 390685.590152000077069, 585612.199997999938205 ], [ 390687.79015200008871, 585612.999997999984771 ], [ 390687.79015200008871, 585613.399998 ], [ 390684.590152000077069, 585614.199997999938205 ], [ 390684.190152000111993, 585614.999997999984771 ], [ 390683.590152000077069, 585614.999997999984771 ], [ 390683.590152000077069, 585616.799998000031337 ], [ 390682.79015200008871, 585617.399998 ], [ 390681.990152000100352, 585617.399998 ], [ 390680.590152000077069, 585616.599997999961488 ], [ 390680.590152000077069, 585616.199997999938205 ], [ 390681.590152000077069, 585615.199997999938205 ], [ 390682.190152000111993, 585614.999997999984771 ], [ 390680.390152000123635, 585613.399998 ], [ 390680.79015200008871, 585611.599997999961488 ], [ 390680.390152000123635, 585611.199997999938205 ], [ 390679.190152000111993, 585611.199997999938205 ], [ 390677.990152000100352, 585611.399998 ], [ 390677.79015200008871, 585611.999997999984771 ], [ 390679.590152000077069, 585612.599997999961488 ], [ 390680.190152000111993, 585613.399998 ], [ 390676.990152000100352, 585614.399998 ], [ 390676.590152000077069, 585614.799998000031337 ], [ 390676.590152000077069, 585615.399998 ], [ 390676.190152000111993, 585615.599997999961488 ], [ 390675.990152000100352, 585616.999997999984771 ], [ 390675.590152000077069, 585617.399998 ], [ 390673.990152000100352, 585617.399998 ], [ 390672.79015200008871, 585616.599997999961488 ], [ 390672.79015200008871, 585615.999997999984771 ], [ 390674.190152000111993, 585614.799998000031337 ], [ 390673.390152000123635, 585614.399998 ], [ 390672.590152000077069, 585613.399998 ], [ 390671.990152000100352, 585613.399998 ], [ 390671.390152000123635, 585613.799998000031337 ], [ 390669.390152000123635, 585614.199997999938205 ], [ 390668.79015200008871, 585614.999997999984771 ], [ 390668.79015200008871, 585615.599997999961488 ], [ 390668.190152000111993, 585616.199997999938205 ], [ 390668.190152000111993, 585617.199997999938205 ], [ 390666.590152000077069, 585617.599997999961488 ] ] ] } },
{ "type": "Feature", "properties": { "pred_id": "REG_CAD_033", "raw_pred_id": "RAW_SAM2_033", "sam2_score": 0.34876543283462524, "mean_height_m": 3.8799188137054443, "max_height_m": 4.3996243476867676, "reg_area_m2": 431.19999999972657, "vertex_count_raw": 372, "vertex_count_reg": 74, "ortho_ratio_raw": 1.0, "ortho_ratio_reg": 0.0945945945945946, "is_canonical_rect": false }, "geometry": { "type": "Polygon", "coordinates": [ [ [ 390775.990152000100352, 585613.199997999938205 ], [ 390775.190152000111993, 585612.199997999938205 ], [ 390772.190152000111993, 585611.399998 ], [ 390771.390152000123635, 585611.599997999961488 ], [ 390770.390152000123635, 585612.599997999961488 ], [ 390768.79015200008871, 585612.399998 ], [ 390768.190152000111993, 585611.599997999961488 ], [ 390766.990152000100352, 585610.999997999984771 ], [ 390765.79015200008871, 585609.599997999961488 ], [ 390765.590152000077069, 585607.999997999984771 ], [ 390764.79015200008871, 585606.999997999984771 ], [ 390763.190152000111993, 585607.199997999938205 ], [ 390762.190152000111993, 585608.599997999961488 ], [ 390761.990152000100352, 585606.999997999984771 ], [ 390761.590152000077069, 585606.999997999984771 ], [ 390760.590152000077069, 585605.999997999984771 ], [ 390760.590152000077069, 585605.399998 ], [ 390759.79015200008871, 585604.799998000031337 ], [ 390759.390152000123635, 585602.999997999984771 ], [ 390758.390152000123635, 585602.599997999961488 ], [ 390758.190152000111993, 585602.199997999938205 ], [ 390758.990152000100352, 585601.999997999984771 ], [ 390759.390152000123635, 585601.599997999961488 ], [ 390759.590152000077069, 585600.599997999961488 ], [ 390761.190152000111993, 585599.999997999984771 ], [ 390762.190152000111993, 585598.599997999961488 ], [ 390763.590152000077069, 585598.399998 ], [ 390763.79015200008871, 585597.599997999961488 ], [ 390765.390152000123635, 585596.599997999961488 ], [ 390765.390152000123635, 585595.999997999984771 ], [ 390767.79015200008871, 585595.199997999938205 ], [ 390767.990152000100352, 585594.799998000031337 ], [ 390774.590152000077069, 585594.799998000031337 ], [ 390778.590152000077069, 585595.599997999961488 ], [ 390779.390152000123635, 585596.199997999938205 ], [ 390780.590152000077069, 585596.199997999938205 ], [ 390781.190152000111993, 585595.799998000031337 ], [ 390783.390152000123635, 585595.799998000031337 ], [ 390784.190152000111993, 585596.199997999938205 ], [ 390785.190152000111993, 585596.199997999938205 ], [ 390786.390152000123635, 585596.999997999984771 ], [ 390787.590152000077069, 585599.399998 ], [ 390789.590152000077069, 585600.599997999961488 ], [ 390789.590152000077069, 585601.399998 ], [ 390790.190152000111993, 585600.599997999961488 ], [ 390790.79015200008871, 585600.599997999961488 ], [ 390791.190152000111993, 585600.199997999938205 ], [ 390791.79015200008871, 585600.399998 ], [ 390791.590152000077069, 585602.399998 ], [ 390792.190152000111993, 585603.599997999961488 ], [ 390792.190152000111993, 585605.799998000031337 ], [ 390791.990152000100352, 585607.599997999961488 ], [ 390791.590152000077069, 585608.199997999938205 ], [ 390790.390152000123635, 585607.199997999938205 ], [ 390789.990152000100352, 585602.599997999961488 ], [ 390789.590152000077069, 585602.399998 ], [ 390789.390152000123635, 585604.199997999938205 ], [ 390788.79015200008871, 585605.199997999938205 ], [ 390788.990152000100352, 585607.199997999938205 ], [ 390787.590152000077069, 585608.399998 ], [ 390788.390152000123635, 585609.999997999984771 ], [ 390788.190152000111993, 585610.399998 ], [ 390785.79015200008871, 585610.799998000031337 ], [ 390785.390152000123635, 585611.599997999961488 ], [ 390784.590152000077069, 585611.799998000031337 ], [ 390783.990152000100352, 585612.599997999961488 ], [ 390783.590152000077069, 585612.599997999961488 ], [ 390783.390152000123635, 585611.799998000031337 ], [ 390782.190152000111993, 585611.199997999938205 ], [ 390781.990152000100352, 585610.799998000031337 ], [ 390779.79015200008871, 585610.999997999984771 ], [ 390778.390152000123635, 585611.599997999961488 ], [ 390778.190152000111993, 585612.399998 ], [ 390776.390152000123635, 585612.799998000031337 ], [ 390775.990152000100352, 585613.199997999938205 ] ] ] } },
{ "type": "Feature", "properties": { "pred_id": "REG_CAD_034", "raw_pred_id": "RAW_SAM2_034", "sam2_score": 0.89522182941436768, "mean_height_m": 9.2885017395019531, "max_height_m": 14.145203590393066, "reg_area_m2": 100.54279319484829, "vertex_count_raw": 124, "vertex_count_reg": 16, "ortho_ratio_raw": 1.0, "ortho_ratio_reg": 1.0, "is_canonical_rect": false }, "geometry": { "type": "Polygon", "coordinates": [ [ [ 390886.664782867766917, 585611.763154992600903 ], [ 390886.621945312304888, 585609.308993085054681 ], [ 390888.072238971071783, 585609.283678115112707 ], [ 390888.041340400814079, 585607.513638795586303 ], [ 390889.556723405490629, 585607.487187686841935 ], [ 390889.530793235055171, 585606.002732694847509 ], [ 390890.318009902839549, 585605.988991776714101 ], [ 390890.293517695565242, 585604.585075641516596 ], [ 390889.104205459123477, 585604.605835163732991 ], [ 390889.07607281341916, 585602.994116967311129 ], [ 390888.20930623379536, 585603.009246434201486 ], [ 390888.188096623169258, 585601.794763408834115 ], [ 390886.34170672763139, 585601.826950171147473 ], [ 390886.318317530793138, 585600.486398512148298 ], [ 390879.173022594826762, 585600.61109283589758 ], [ 390879.369864926149603, 585611.890500473789871 ], [ 390886.664782867766917, 585611.763154992600903 ] ] ] } },
{ "type": "Feature", "properties": { "pred_id": "REG_CAD_035", "raw_pred_id": "RAW_SAM2_035", "sam2_score": 0.70728164911270142, "mean_height_m": 2.7925372123718262, "max_height_m": 3.3588767051696777, "reg_area_m2": 687.3399999999059, "vertex_count_raw": 484, "vertex_count_reg": 100, "ortho_ratio_raw": 1.0, "ortho_ratio_reg": 0.1, "is_canonical_rect": false }, "geometry": { "type": "Polygon", "coordinates": [ [ [ 390736.590152000077069, 585601.399998 ], [ 390735.190152000111993, 585599.599997999961488 ], [ 390733.79015200008871, 585598.999997999984771 ], [ 390732.590152000077069, 585598.999997999984771 ], [ 390731.990152000100352, 585600.199997999938205 ], [ 390730.590152000077069, 585600.399998 ], [ 390729.990152000100352, 585599.799998000031337 ], [ 390729.79015200008871, 585598.999997999984771 ], [ 390727.390152000123635, 585597.799998000031337 ], [ 390727.390152000123635, 585597.399998 ], [ 390728.79015200008871, 585595.999997999984771 ], [ 390728.190152000111993, 585595.599997999961488 ], [ 390727.990152000100352, 585594.599997999961488 ], [ 390726.190152000111993, 585593.799998000031337 ], [ 390725.79015200008871, 585592.799998000031337 ], [ 390724.390152000123635, 585591.599997999961488 ], [ 390724.590152000077069, 585590.399998 ], [ 390725.190152000111993, 585590.399998 ], [ 390725.590152000077069, 585589.999997999984771 ], [ 390725.390152000123635, 585588.799998000031337 ], [ 390724.79015200008871, 585588.399998 ], [ 390725.190152000111993, 585587.599997999961488 ], [ 390725.190152000111993, 585586.599997999961488 ], [ 390724.390152000123635, 585586.199997999938205 ], [ 390723.990152000100352, 585584.399998 ], [ 390722.990152000100352, 585584.199997999938205 ], [ 390722.590152000077069, 585583.799998000031337 ], [ 390722.590152000077069, 585583.199997999938205 ], [ 390723.190152000111993, 585582.199997999938205 ], [ 390724.590152000077069, 585581.399998 ], [ 390725.190152000111993, 585581.399998 ], [ 390725.590152000077069, 585580.799998000031337 ], [ 390725.390152000123635, 585579.599997999961488 ], [ 390724.79015200008871, 585579.199997999938205 ], [ 390724.79015200008871, 585578.599997999961488 ], [ 390725.390152000123635, 585578.199997999938205 ], [ 390725.79015200008871, 585577.199997999938205 ], [ 390725.79015200008871, 585575.799998000031337 ], [ 390726.190152000111993, 585575.399998 ], [ 390726.390152000123635, 585573.599997999961488 ], [ 390726.79015200008871, 585572.999997999984771 ], [ 390727.390152000123635, 585572.799998000031337 ], [ 390727.390152000123635, 585572.199997999938205 ], [ 390726.590152000077069, 585571.599997999961488 ], [ 390726.590152000077069, 585570.999997999984771 ], [ 390727.190152000111993, 585570.399998 ], [ 390727.990152000100352, 585570.399998 ], [ 390728.590152000077069, 585569.799998000031337 ], [ 390728.590152000077069, 585569.399998 ], [ 390729.990152000100352, 585569.399998 ], [ 390730.79015200008871, 585568.999997999984771 ], [ 390733.79015200008871, 585569.199997999938205 ], [ 390734.590152000077069, 585568.799998000031337 ], [ 390737.590152000077069, 585568.999997999984771 ], [ 390738.79015200008871, 585568.599997999961488 ], [ 390739.990152000100352, 585569.199997999938205 ], [ 390741.390152000123635, 585569.399998 ], [ 390744.990152000100352, 585569.399998 ], [ 390744.990152000100352, 585570.999997999984771 ], [ 390746.590152000077069, 585571.599997999961488 ], [ 390747.590152000077069, 585572.599997999961488 ], [ 390747.390152000123635, 585574.599997999961488 ], [ 390747.590152000077069, 585575.199997999938205 ], [ 390748.190152000111993, 585575.599997999961488 ], [ 390747.590152000077069, 585577.399998 ], [ 390749.190152000111993, 585578.799998000031337 ], [ 390748.390152000123635, 585579.599997999961488 ], [ 390747.990152000100352, 585580.599997999961488 ], [ 390749.79015200008871, 585581.999997999984771 ], [ 390749.190152000111993, 585583.199997999938205 ], [ 390748.79015200008871, 585583.399998 ], [ 390748.79015200008871, 585583.799998000031337 ], [ 390749.79015200008871, 585584.799998000031337 ], [ 390749.79015200008871, 585585.399998 ], [ 390748.390152000123635, 585586.599997999961488 ], [ 390749.590152000077069, 585588.199997999938205 ], [ 390748.390152000123635, 585589.999997999984771 ], [ 390748.79015200008871, 585589.999997999984771 ], [ 390749.79015200008871, 585590.999997999984771 ], [ 390749.79015200008871, 585591.799998000031337 ], [ 390748.390152000123635, 585592.799998000031337 ], [ 390748.990152000100352, 585594.799998000031337 ], [ 390748.590152000077069, 585595.199997999938205 ], [ 390747.590152000077069, 585595.199997999938205 ], [ 390746.590152000077069, 585595.799998000031337 ], [ 390746.79015200008871, 585596.999997999984771 ], [ 390748.79015200008871, 585597.199997999938205 ], [ 390748.990152000100352, 585597.799998000031337 ], [ 390746.990152000100352, 585598.199997999938205 ], [ 390746.79015200008871, 585599.399998 ], [ 390744.990152000100352, 585601.399998 ], [ 390744.590152000077069, 585601.399998 ], [ 390743.79015200008871, 585600.599997999961488 ], [ 390743.590152000077069, 585599.599997999961488 ], [ 390742.990152000100352, 585598.799998000031337 ], [ 390741.190152000111993, 585599.199997999938205 ], [ 390741.190152000111993, 585600.199997999938205 ], [ 390740.79015200008871, 585600.999997999984771 ], [ 390738.590152000077069, 585600.999997999984771 ], [ 390737.79015200008871, 585601.399998 ], [ 390736.590152000077069, 585601.399998 ] ] ] } },
{ "type": "Feature", "properties": { "pred_id": "REG_CAD_036", "raw_pred_id": "RAW_SAM2_036", "sam2_score": 0.77874404191970825, "mean_height_m": 4.8834137916564941, "max_height_m": 10.404928207397461, "reg_area_m2": 70.067299186629825, "vertex_count_raw": 116, "vertex_count_reg": 14, "ortho_ratio_raw": 1.0, "ortho_ratio_reg": 1.0, "is_canonical_rect": false }, "geometry": { "type": "Polygon", "coordinates": [ [ [ 390708.390693032706622, 585597.164312686189078 ], [ 390704.389605554868467, 585596.235658573219553 ], [ 390704.567792574234772, 585595.463845797814429 ], [ 390702.676298917620443, 585595.027160261524841 ], [ 390702.281087619427126, 585596.739008465548977 ], [ 390700.499195139564108, 585596.327626171987504 ], [ 390700.281090213393327, 585597.272342397714965 ], [ 390698.499197733472101, 585596.860960104037076 ], [ 390698.179952694335952, 585598.243815455934964 ], [ 390698.552639880334027, 585598.329857072560117 ], [ 390697.772012148227077, 585601.711127260699868 ], [ 390708.23149662441574, 585604.125857166596688 ], [ 390709.655558399856091, 585597.95143064588774 ], [ 390708.28217339789262, 585597.634362866170704 ], [ 390708.390693032706622, 585597.164312686189078 ] ] ] } },
{ "type": "Feature", "properties": { "pred_id": "REG_CAD_037", "raw_pred_id": "RAW_SAM2_037", "sam2_score": 0.90974050760269165, "mean_height_m": 15.721874237060547, "max_height_m": 24.661838531494141, "reg_area_m2": 1528.1800000002079, "vertex_count_raw": 808, "vertex_count_reg": 149, "ortho_ratio_raw": 1.0, "ortho_ratio_reg": 0.046979865771812082, "is_canonical_rect": false }, "geometry": { "type": "Polygon", "coordinates": [ [ [ 390902.390152000123635, 585603.799998000031337 ], [ 390901.190152000111993, 585603.199997999938205 ], [ 390899.190152000111993, 585600.799998000031337 ], [ 390896.79015200008871, 585600.399998 ], [ 390894.590152000077069, 585599.199997999938205 ], [ 390889.190152000111993, 585598.999997999984771 ], [ 390888.990152000100352, 585598.599997999961488 ], [ 390888.390152000123635, 585598.399998 ], [ 390887.990152000100352, 585597.399998 ], [ 390886.79015200008871, 585596.399998 ], [ 390887.990152000100352, 585592.799998000031337 ], [ 390888.79015200008871, 585591.599997999961488 ], [ 390888.990152000100352, 585589.999997999984771 ], [ 390889.990152000100352, 585588.999997999984771 ], [ 390890.79015200008871, 585586.599997999961488 ], [ 390891.190152000111993, 585586.399998 ], [ 390891.190152000111993, 585585.999997999984771 ], [ 390891.590152000077069, 585585.799998000031337 ], [ 390891.590152000077069, 585585.399998 ], [ 390891.990152000100352, 585585.199997999938205 ], [ 390891.990152000100352, 585584.799998000031337 ], [ 390892.390152000123635, 585584.599997999961488 ], [ 390893.390152000123635, 585582.799998000031337 ], [ 390893.390152000123635, 585582.199997999938205 ], [ 390894.390152000123635, 585580.199997999938205 ], [ 390894.590152000077069, 585578.599997999961488 ], [ 390893.79015200008871, 585577.999997999984771 ], [ 390891.190152000111993, 585577.799998000031337 ], [ 390890.79015200008871, 585577.399998 ], [ 390888.390152000123635, 585576.799998000031337 ], [ 390887.590152000077069, 585576.199997999938205 ], [ 390886.390152000123635, 585575.999997999984771 ], [ 390885.390152000123635, 585575.199997999938205 ], [ 390884.990152000100352, 585573.999997999984771 ], [ 390883.590152000077069, 585572.799998000031337 ], [ 390881.990152000100352, 585571.999997999984771 ], [ 390879.390152000123635, 585571.599997999961488 ], [ 390879.190152000111993, 585564.799998000031337 ], [ 390879.79015200008871, 585562.999997999984771 ], [ 390880.79015200008871, 585561.399998 ], [ 390880.79015200008871, 585560.799998000031337 ], [ 390881.390152000123635, 585559.999997999984771 ], [ 390881.990152000100352, 585557.799998000031337 ], [ 390883.190152000111993, 585556.399998 ], [ 390883.590152000077069, 585553.799998000031337 ], [ 390885.190152000111993, 585552.599997999961488 ], [ 390887.79015200008871, 585552.399998 ], [ 390889.590152000077069, 585553.199997999938205 ], [ 390891.190152000111993, 585553.199997999938205 ], [ 390892.590152000077069, 585554.599997999961488 ], [ 390893.390152000123635, 585554.999997999984771 ], [ 390895.590152000077069, 585555.199997999938205 ], [ 390898.79015200008871, 585557.399998 ], [ 390903.190152000111993, 585556.599997999961488 ], [ 390904.190152000111993, 585554.399998 ], [ 390903.990152000100352, 585551.999997999984771 ], [ 390904.390152000123635, 585551.599997999961488 ], [ 390904.590152000077069, 585550.599997999961488 ], [ 390905.990152000100352, 585549.399998 ], [ 390906.190152000111993, 585546.199997999938205 ], [ 390907.390152000123635, 585544.599997999961488 ], [ 390907.79015200008871, 585542.599997999961488 ], [ 390908.590152000077069, 585540.999997999984771 ], [ 390910.190152000111993, 585540.999997999984771 ], [ 390914.190152000111993, 585542.399998 ], [ 390916.590152000077069, 585542.799998000031337 ], [ 390917.390152000123635, 585543.399998 ], [ 390919.79015200008871, 585544.199997999938205 ], [ 390920.590152000077069, 585544.999997999984771 ], [ 390922.590152000077069, 585545.199997999938205 ], [ 390923.390152000123635, 585545.599997999961488 ], [ 390924.79015200008871, 585546.799998000031337 ], [ 390925.190152000111993, 585547.599997999961488 ], [ 390925.190152000111993, 585549.399998 ], [ 390924.590152000077069, 585550.399998 ], [ 390923.990152000100352, 585550.599997999961488 ], [ 390923.990152000100352, 585552.399998 ], [ 390922.590152000077069, 585555.199997999938205 ], [ 390921.990152000100352, 585555.599997999961488 ], [ 390920.990152000100352, 585557.799998000031337 ], [ 390920.390152000123635, 585558.399998 ], [ 390918.190152000111993, 585565.399998 ], [ 390917.390152000123635, 585566.399998 ], [ 390917.190152000111993, 585568.199997999938205 ], [ 390916.590152000077069, 585568.799998000031337 ], [ 390916.190152000111993, 585570.399998 ], [ 390915.990152000100352, 585575.799998000031337 ], [ 390915.590152000077069, 585576.799998000031337 ], [ 390914.990152000100352, 585577.199997999938205 ], [ 390914.79015200008871, 585578.599997999961488 ], [ 390914.390152000123635, 585578.799998000031337 ], [ 390915.79015200008871, 585579.999997999984771 ], [ 390915.79015200008871, 585580.399998 ], [ 390916.390152000123635, 585580.999997999984771 ], [ 390916.990152000100352, 585580.799998000031337 ], [ 390917.990152000100352, 585579.399998 ], [ 390919.390152000123635, 585578.999997999984771 ], [ 390919.190152000111993, 585578.599997999961488 ], [ 390918.390152000123635, 585578.399998 ], [ 390918.190152000111993, 585577.799998000031337 ], [ 390918.190152000111993, 585576.799998000031337 ], [ 390918.390152000123635, 585576.199997999938205 ], [ 390918.79015200008871, 585575.999997999984771 ], [ 390918.79015200008871, 585575.399998 ], [ 390917.79015200008871, 585573.199997999938205 ], [ 390917.79015200008871, 585571.799998000031337 ], [ 390918.390152000123635, 585570.599997999961488 ], [ 390919.390152000123635, 585570.999997999984771 ], [ 390919.590152000077069, 585571.599997999961488 ], [ 390920.190152000111993, 585571.799998000031337 ], [ 390920.590152000077069, 585572.399998 ], [ 390921.390152000123635, 585572.599997999961488 ], [ 390921.190152000111993, 585573.199997999938205 ], [ 390920.590152000077069, 585573.199997999938205 ], [ 390919.390152000123635, 585574.199997999938205 ], [ 390919.79015200008871, 585574.799998000031337 ], [ 390920.79015200008871, 585574.799998000031337 ], [ 390921.190152000111993, 585575.199997999938205 ], [ 390921.190152000111993, 585575.999997999984771 ], [ 390920.590152000077069, 585577.199997999938205 ], [ 390920.590152000077069, 585579.599997999961488 ], [ 390919.79015200008871, 585579.999997999984771 ], [ 390919.79015200008871, 585580.599997999961488 ], [ 390918.990152000100352, 585581.799998000031337 ], [ 390918.990152000100352, 585583.799998000031337 ], [ 390917.79015200008871, 585583.999997999984771 ], [ 390917.190152000111993, 585583.599997999961488 ], [ 390916.79015200008871, 585582.799998000031337 ], [ 390914.79015200008871, 585582.599997999961488 ], [ 390912.990152000100352, 585580.999997999984771 ], [ 390912.590152000077069, 585580.999997999984771 ], [ 390912.190152000111993, 585581.799998000031337 ], [ 390911.79015200008871, 585581.799998000031337 ], [ 390911.190152000111993, 585582.399998 ], [ 390910.390152000123635, 585584.799998000031337 ], [ 390910.190152000111993, 585586.599997999961488 ], [ 390908.79015200008871, 585588.599997999961488 ], [ 390908.390152000123635, 585590.799998000031337 ], [ 390907.590152000077069, 585592.399998 ], [ 390907.390152000123635, 585593.999997999984771 ], [ 390906.990152000100352, 585594.399998 ], [ 390907.190152000111993, 585596.399998 ], [ 390906.190152000111993, 585598.399998 ], [ 390906.190152000111993, 585600.399998 ], [ 390906.590152000077069, 585600.999997999984771 ], [ 390906.79015200008871, 585602.399998 ], [ 390905.190152000111993, 585602.599997999961488 ], [ 390904.79015200008871, 585603.399998 ], [ 390903.990152000100352, 585603.799998000031337 ], [ 390902.390152000123635, 585603.799998000031337 ] ] ] } },
{ "type": "Feature", "properties": { "pred_id": "REG_CAD_038", "raw_pred_id": "RAW_SAM2_038", "sam2_score": 0.7703481912612915, "mean_height_m": 4.9445414543151855, "max_height_m": 9.2354707717895508, "reg_area_m2": 3168.6199999998576, "vertex_count_raw": 1028, "vertex_count_reg": 203, "ortho_ratio_raw": 1.0, "ortho_ratio_reg": 0.13793103448275862, "is_canonical_rect": false }, "geometry": { "type": "Polygon", "coordinates": [ [ [ 390658.79015200008871, 585594.199997999938205 ], [ 390657.590152000077069, 585592.999997999984771 ], [ 390657.190152000111993, 585592.999997999984771 ], [ 390656.990152000100352, 585592.399998 ], [ 390654.79015200008871, 585592.799998000031337 ], [ 390653.190152000111993, 585593.599997999961488 ], [ 390652.190152000111993, 585593.399998 ], [ 390651.190152000111993, 585592.399998 ], [ 390649.990152000100352, 585592.399998 ], [ 390649.990152000100352, 585590.599997999961488 ], [ 390651.190152000111993, 585590.599997999961488 ], [ 390651.390152000123635, 585590.199997999938205 ], [ 390651.990152000100352, 585589.999997999984771 ], [ 390651.190152000111993, 585588.599997999961488 ], [ 390649.990152000100352, 585588.599997999961488 ], [ 390649.990152000100352, 585534.199997999938205 ], [ 390651.190152000111993, 585534.199997999938205 ], [ 390651.590152000077069, 585533.799998000031337 ], [ 390653.190152000111993, 585533.599997999961488 ], [ 390654.190152000111993, 585534.599997999961488 ], [ 390654.590152000077069, 585534.599997999961488 ], [ 390655.390152000123635, 585535.599997999961488 ], [ 390656.990152000100352, 585535.799998000031337 ], [ 390657.590152000077069, 585534.399998 ], [ 390658.590152000077069, 585533.399998 ], [ 390658.590152000077069, 585532.599997999961488 ], [ 390658.990152000100352, 585532.399998 ], [ 390659.590152000077069, 585532.999997999984771 ], [ 390661.190152000111993, 585533.399998 ], [ 390662.990152000100352, 585535.399998 ], [ 390664.190152000111993, 585535.799998000031337 ], [ 390664.79015200008871, 585535.799998000031337 ], [ 390665.190152000111993, 585535.399998 ], [ 390665.590152000077069, 585534.199997999938205 ], [ 390666.190152000111993, 585533.999997999984771 ], [ 390666.390152000123635, 585533.599997999961488 ], [ 390668.590152000077069, 585533.799998000031337 ], [ 390670.590152000077069, 585535.199997999938205 ], [ 390670.390152000123635, 585536.799998000031337 ], [ 390672.990152000100352, 585536.399998 ], [ 390673.390152000123635, 585535.999997999984771 ], [ 390673.590152000077069, 585534.799998000031337 ], [ 390674.390152000123635, 585533.999997999984771 ], [ 390674.79015200008871, 585533.999997999984771 ], [ 390676.390152000123635, 585534.199997999938205 ], [ 390677.390152000123635, 585535.199997999938205 ], [ 390677.590152000077069, 585536.799998000031337 ], [ 390678.190152000111993, 585537.199997999938205 ], [ 390682.590152000077069, 585536.799998000031337 ], [ 390681.79015200008871, 585535.999997999984771 ], [ 390681.79015200008871, 585534.799998000031337 ], [ 390682.590152000077069, 585534.399998 ], [ 390684.79015200008871, 585534.999997999984771 ], [ 390684.79015200008871, 585536.399998 ], [ 390685.190152000111993, 585536.999997999984771 ], [ 390685.990152000100352, 585537.399998 ], [ 390690.390152000123635, 585537.399998 ], [ 390692.190152000111993, 585536.999997999984771 ], [ 390693.590152000077069, 585537.799998000031337 ], [ 390700.79015200008871, 585538.199997999938205 ], [ 390699.990152000100352, 585538.999997999984771 ], [ 390698.79015200008871, 585539.399998 ], [ 390698.590152000077069, 585539.999997999984771 ], [ 390699.990152000100352, 585540.199997999938205 ], [ 390701.190152000111993, 585540.999997999984771 ], [ 390701.190152000111993, 585541.999997999984771 ], [ 390700.79015200008871, 585542.399998 ], [ 390700.79015200008871, 585542.999997999984771 ], [ 390701.190152000111993, 585543.399998 ], [ 390707.590152000077069, 585544.399998 ], [ 390707.190152000111993, 585544.999997999984771 ], [ 390706.390152000123635, 585545.199997999938205 ], [ 390705.390152000123635, 585546.199997999938205 ], [ 390707.79015200008871, 585546.799998000031337 ], [ 390708.390152000123635, 585547.399998 ], [ 390708.190152000111993, 585549.799998000031337 ], [ 390708.590152000077069, 585549.999997999984771 ], [ 390708.590152000077069, 585550.399998 ], [ 390709.390152000123635, 585550.599997999961488 ], [ 390709.390152000123635, 585550.999997999984771 ], [ 390708.190152000111993, 585551.599997999961488 ], [ 390707.79015200008871, 585552.399998 ], [ 390709.590152000077069, 585553.799998000031337 ], [ 390708.590152000077069, 585555.599997999961488 ], [ 390710.590152000077069, 585556.999997999984771 ], [ 390709.190152000111993, 585558.399998 ], [ 390709.190152000111993, 585558.799998000031337 ], [ 390709.990152000100352, 585559.399998 ], [ 390710.190152000111993, 585560.399998 ], [ 390708.990152000100352, 585561.599997999961488 ], [ 390709.190152000111993, 585562.199997999938205 ], [ 390710.590152000077069, 585563.399998 ], [ 390709.590152000077069, 585564.399998 ], [ 390708.590152000077069, 585564.799998000031337 ], [ 390710.590152000077069, 585566.199997999938205 ], [ 390710.590152000077069, 585566.599997999961488 ], [ 390710.190152000111993, 585566.599997999961488 ], [ 390708.990152000100352, 585567.799998000031337 ], [ 390709.190152000111993, 585568.799998000031337 ], [ 390709.79015200008871, 585569.199997999938205 ], [ 390709.79015200008871, 585569.799998000031337 ], [ 390707.79015200008871, 585570.199997999938205 ], [ 390706.79015200008871, 585570.999997999984771 ], [ 390707.79015200008871, 585571.799998000031337 ], [ 390709.590152000077069, 585572.399998 ], [ 390709.590152000077069, 585572.799998000031337 ], [ 390708.190152000111993, 585573.599997999961488 ], [ 390707.990152000100352, 585574.399998 ], [ 390708.390152000123635, 585574.999997999984771 ], [ 390709.590152000077069, 585575.199997999938205 ], [ 390709.990152000100352, 585575.599997999961488 ], [ 390709.990152000100352, 585576.199997999938205 ], [ 390707.390152000123635, 585576.399998 ], [ 390706.990152000100352, 585576.999997999984771 ], [ 390706.390152000123635, 585577.199997999938205 ], [ 390707.590152000077069, 585578.599997999961488 ], [ 390709.590152000077069, 585578.199997999938205 ], [ 390710.190152000111993, 585578.999997999984771 ], [ 390709.590152000077069, 585579.399998 ], [ 390707.590152000077069, 585579.399998 ], [ 390706.79015200008871, 585580.399998 ], [ 390706.79015200008871, 585581.999997999984771 ], [ 390705.79015200008871, 585582.799998000031337 ], [ 390704.590152000077069, 585581.999997999984771 ], [ 390704.590152000077069, 585581.399998 ], [ 390703.990152000100352, 585580.799998000031337 ], [ 390703.590152000077069, 585580.799998000031337 ], [ 390702.990152000100352, 585581.399998 ], [ 390702.190152000111993, 585583.199997999938205 ], [ 390701.79015200008871, 585583.399998 ], [ 390701.79015200008871, 585583.799998000031337 ], [ 390702.390152000123635, 585583.999997999984771 ], [ 390703.390152000123635, 585584.999997999984771 ], [ 390705.79015200008871, 585584.799998000031337 ], [ 390705.990152000100352, 585584.999997999984771 ], [ 390705.79015200008871, 585585.799998000031337 ], [ 390703.590152000077069, 585585.199997999938205 ], [ 390703.390152000123635, 585585.599997999961488 ], [ 390701.390152000123635, 585586.599997999961488 ], [ 390700.990152000100352, 585587.199997999938205 ], [ 390699.190152000111993, 585587.599997999961488 ], [ 390697.990152000100352, 585588.799998000031337 ], [ 390695.79015200008871, 585586.399998 ], [ 390694.79015200008871, 585587.199997999938205 ], [ 390693.990152000100352, 585588.799998000031337 ], [ 390691.990152000100352, 585588.199997999938205 ], [ 390690.79015200008871, 585589.199997999938205 ], [ 390689.990152000100352, 585589.399998 ], [ 390687.990152000100352, 585587.399998 ], [ 390686.190152000111993, 585589.399998 ], [ 390683.990152000100352, 585589.199997999938205 ], [ 390683.190152000111993, 585589.799998000031337 ], [ 390683.990152000100352, 585590.399998 ], [ 390686.190152000111993, 585589.999997999984771 ], [ 390686.390152000123635, 585590.399998 ], [ 390687.390152000123635, 585590.599997999961488 ], [ 390687.79015200008871, 585590.999997999984771 ], [ 390690.190152000111993, 585590.199997999938205 ], [ 390691.79015200008871, 585591.399998 ], [ 390691.79015200008871, 585591.999997999984771 ], [ 390692.190152000111993, 585591.999997999984771 ], [ 390692.190152000111993, 585591.399998 ], [ 390692.79015200008871, 585590.799998000031337 ], [ 390693.79015200008871, 585590.399998 ], [ 390695.79015200008871, 585591.399998 ], [ 390697.990152000100352, 585590.799998000031337 ], [ 390698.390152000123635, 585591.199997999938205 ], [ 390698.390152000123635, 585591.999997999984771 ], [ 390697.990152000100352, 585592.199997999938205 ], [ 390697.990152000100352, 585592.599997999961488 ], [ 390696.990152000100352, 585591.799998000031337 ], [ 390695.590152000077069, 585591.599997999961488 ], [ 390694.79015200008871, 585592.199997999938205 ], [ 390692.990152000100352, 585592.399998 ], [ 390692.390152000123635, 585592.599997999961488 ], [ 390692.390152000123635, 585592.999997999984771 ], [ 390690.590152000077069, 585593.399998 ], [ 390689.79015200008871, 585593.399998 ], [ 390688.79015200008871, 585592.399998 ], [ 390687.79015200008871, 585592.199997999938205 ], [ 390684.79015200008871, 585593.399998 ], [ 390683.590152000077069, 585593.399998 ], [ 390682.590152000077069, 585593.799998000031337 ], [ 390681.990152000100352, 585593.799998000031337 ], [ 390681.79015200008871, 585593.399998 ], [ 390680.590152000077069, 585592.799998000031337 ], [ 390679.79015200008871, 585592.799998000031337 ], [ 390678.590152000077069, 585593.399998 ], [ 390675.990152000100352, 585593.599997999961488 ], [ 390675.190152000111993, 585593.999997999984771 ], [ 390674.190152000111993, 585593.999997999984771 ], [ 390673.590152000077069, 585593.199997999938205 ], [ 390673.190152000111993, 585593.199997999938205 ], [ 390672.590152000077069, 585592.599997999961488 ], [ 390670.190152000111993, 585592.799998000031337 ], [ 390669.190152000111993, 585593.399998 ], [ 390667.990152000100352, 585593.399998 ], [ 390666.990152000100352, 585593.799998000031337 ], [ 390666.390152000123635, 585593.799998000031337 ], [ 390664.79015200008871, 585592.799998000031337 ], [ 390663.990152000100352, 585592.799998000031337 ], [ 390662.390152000123635, 585593.599997999961488 ], [ 390660.990152000100352, 585593.599997999961488 ], [ 390658.79015200008871, 585594.199997999938205 ] ] ] } },
{ "type": "Feature", "properties": { "pred_id": "REG_CAD_039", "raw_pred_id": "RAW_SAM2_039", "sam2_score": 0.78135740756988525, "mean_height_m": 3.7274177074432373, "max_height_m": 4.4244694709777832, "reg_area_m2": 46.62405713528571, "vertex_count_raw": 84, "vertex_count_reg": 14, "ortho_ratio_raw": 1.0, "ortho_ratio_reg": 1.0, "is_canonical_rect": false }, "geometry": { "type": "Polygon", "coordinates": [ [ [ 390754.989497245114762, 585573.035018307738937 ], [ 390755.189985888195224, 585567.293774745543487 ], [ 390753.46796524367528, 585567.235368544585072 ], [ 390753.527355177502614, 585565.534663357073441 ], [ 390751.67087568732677, 585565.469832947710529 ], [ 390751.63375138893025, 585566.532933759386651 ], [ 390749.746522348781582, 585566.467030269326642 ], [ 390749.724797196220607, 585567.089157242095098 ], [ 390748.106454628286883, 585567.032644341816194 ], [ 390748.012051873840392, 585569.735652503673919 ], [ 390746.816536238184199, 585569.693904177751392 ], [ 390746.757624561549164, 585571.381402466795407 ], [ 390748.316831042757258, 585571.43585115717724 ], [ 390748.26918096706504, 585572.800370792625472 ], [ 390754.989497245114762, 585573.035018307738937 ] ] ] } },
{ "type": "Feature", "properties": { "pred_id": "REG_CAD_040", "raw_pred_id": "RAW_SAM2_040", "sam2_score": 0.89837568998336792, "mean_height_m": 7.8563799858093262, "max_height_m": 11.753644943237305, "reg_area_m2": 119.67154572297713, "vertex_count_raw": 100, "vertex_count_reg": 16, "ortho_ratio_raw": 1.0, "ortho_ratio_reg": 1.0, "is_canonical_rect": false }, "geometry": { "type": "Polygon", "coordinates": [ [ [ 391101.415083086467348, 585562.1510771518806 ], [ 391095.565194128663279, 585561.848887801985256 ], [ 391095.546689877519384, 585562.201969949877821 ], [ 391093.863001572724897, 585562.113733849022537 ], [ 391093.798886169213802, 585563.337128627113998 ], [ 391092.381395731004886, 585563.262841100920923 ], [ 391092.202556049916893, 585566.675000529154204 ], [ 391091.146769439917989, 585566.619673214969225 ], [ 391090.910874268040061, 585571.120717913494445 ], [ 391103.757330420135986, 585571.793932061525993 ], [ 391103.811198870884255, 585570.766060789814219 ], [ 391104.569337257591542, 585570.805793139035814 ], [ 391104.955349348834716, 585563.434925614274107 ], [ 391103.056819538993295, 585563.335426788777113 ], [ 391103.150258591980673, 585561.552503443905152 ], [ 391101.451119594683405, 585561.463459610939026 ], [ 391101.415083086467348, 585562.1510771518806 ] ] ] } },
{ "type": "Feature", "properties": { "pred_id": "REG_CAD_041", "raw_pred_id": "RAW_SAM2_041", "sam2_score": 0.97176939249038696, "mean_height_m": 12.825920104980469, "max_height_m": 16.318552017211914, "reg_area_m2": 1192.2435750780687, "vertex_count_raw": 486, "vertex_count_reg": 4, "ortho_ratio_raw": 1.0, "ortho_ratio_reg": 1.0, "is_canonical_rect": true }, "geometry": { "type": "Polygon", "coordinates": [ [ [ 390948.182147899700794, 585549.653618713258766 ], [ 391002.94681647059042, 585571.176850902382284 ], [ 391010.358091475151014, 585552.319273393251933 ], [ 390955.593422904319596, 585530.796041204128414 ], [ 390948.182147899700794, 585549.653618713258766 ] ] ] } },
{ "type": "Feature", "properties": { "pred_id": "REG_CAD_042", "raw_pred_id": "RAW_SAM2_042", "sam2_score": 0.77111536264419556, "mean_height_m": 3.6461963653564453, "max_height_m": 4.1867027282714844, "reg_area_m2": 55.511629920261306, "vertex_count_raw": 96, "vertex_count_reg": 18, "ortho_ratio_raw": 1.0, "ortho_ratio_reg": 1.0, "is_canonical_rect": false }, "geometry": { "type": "Polygon", "coordinates": [ [ [ 390740.530252252239734, 585568.781651745783165 ], [ 390741.027800779731479, 585567.250354833551683 ], [ 390742.626077241438907, 585567.771592454868369 ], [ 390742.954206717433408, 585566.761713767773472 ], [ 390744.239453580172267, 585567.179326661047526 ], [ 390745.051539244130254, 585564.679797256365418 ], [ 390743.050533567147795, 585564.029638400650583 ], [ 390743.231302146916278, 585563.47328991885297 ], [ 390741.548985411413014, 585562.926672076224349 ], [ 390741.631313107791357, 585562.673293480300345 ], [ 390739.94896361627616, 585562.126664994517341 ], [ 390740.252351244969759, 585561.192933884100057 ], [ 390738.445639639860019, 585560.60590263211634 ], [ 390737.955719876044895, 585562.11372062319424 ], [ 390736.024574198701885, 585561.486253356211819 ], [ 390735.652377426391467, 585562.63175723538734 ], [ 390734.648292110941838, 585562.305511168786325 ], [ 390733.306663215742446, 585566.43460171262268 ], [ 390740.530252252239734, 585568.781651745783165 ] ] ] } },
{ "type": "Feature", "properties": { "pred_id": "REG_CAD_043", "raw_pred_id": "RAW_SAM2_043", "sam2_score": 0.81320095062255859, "mean_height_m": 4.7899618148803711, "max_height_m": 6.0152263641357422, "reg_area_m2": 45.930046640650723, "vertex_count_raw": 90, "vertex_count_reg": 10, "ortho_ratio_raw": 1.0, "ortho_ratio_reg": 1.0, "is_canonical_rect": false }, "geometry": { "type": "Polygon", "coordinates": [ [ [ 390946.115239593549632, 585567.132935271481983 ], [ 390948.319036607514136, 585561.67807907005772 ], [ 390946.630227136658505, 585560.995754105853848 ], [ 390946.816799290012568, 585560.533971821540035 ], [ 390945.163474795932416, 585559.865985366282985 ], [ 390945.475714509782847, 585559.09316495526582 ], [ 390943.755513864511158, 585558.398163469973952 ], [ 390943.083684363868088, 585560.060999834910035 ], [ 390941.296609728015028, 585559.338974814512767 ], [ 390939.265672922017984, 585564.365545133245178 ], [ 390946.115239593549632, 585567.132935271481983 ] ] ] } },
{ "type": "Feature", "properties": { "pred_id": "REG_CAD_044", "raw_pred_id": "RAW_SAM2_044", "sam2_score": 0.83194601535797119, "mean_height_m": 5.2424468994140625, "max_height_m": 10.342747688293457, "reg_area_m2": 148.47999999976483, "vertex_count_raw": 182, "vertex_count_reg": 29, "ortho_ratio_raw": 1.0, "ortho_ratio_reg": 0.034482758620689655, "is_canonical_rect": false }, "geometry": { "type": "Polygon", "coordinates": [ [ [ 391045.190152000111993, 585562.999997999984771 ], [ 391044.79015200008871, 585562.599997999961488 ], [ 391043.390152000123635, 585562.199997999938205 ], [ 391041.990152000100352, 585560.199997999938205 ], [ 391037.590152000077069, 585559.399998 ], [ 391036.590152000077069, 585558.599997999961488 ], [ 391035.79015200008871, 585555.399998 ], [ 391036.190152000111993, 585554.599997999961488 ], [ 391036.190152000111993, 585552.399998 ], [ 391037.590152000077069, 585550.399998 ], [ 391041.990152000100352, 585549.999997999984771 ], [ 391043.990152000100352, 585550.599997999961488 ], [ 391045.590152000077069, 585551.399998 ], [ 391046.990152000100352, 585552.799998000031337 ], [ 391048.79015200008871, 585553.399998 ], [ 391050.390152000123635, 585555.199997999938205 ], [ 391050.79015200008871, 585555.199997999938205 ], [ 391051.590152000077069, 585556.199997999938205 ], [ 391052.990152000100352, 585556.999997999984771 ], [ 391052.990152000100352, 585557.799998000031337 ], [ 391053.390152000123635, 585558.399998 ], [ 391053.190152000111993, 585558.999997999984771 ], [ 391052.590152000077069, 585559.199997999938205 ], [ 391052.390152000123635, 585559.599997999961488 ], [ 391050.990152000100352, 585559.999997999984771 ], [ 391050.990152000100352, 585560.399998 ], [ 391049.990152000100352, 585561.599997999961488 ], [ 391049.79015200008871, 585562.599997999961488 ], [ 391047.390152000123635, 585562.399998 ], [ 391045.190152000111993, 585562.999997999984771 ] ] ] } },
{ "type": "Feature", "properties": { "pred_id": "REG_CAD_045", "raw_pred_id": "RAW_SAM2_045", "sam2_score": 0.77547430992126465, "mean_height_m": 5.8591504096984863, "max_height_m": 14.662200927734375, "reg_area_m2": 74.576507435684832, "vertex_count_raw": 104, "vertex_count_reg": 18, "ortho_ratio_raw": 1.0, "ortho_ratio_reg": 1.0, "is_canonical_rect": false }, "geometry": { "type": "Polygon", "coordinates": [ [ [ 391012.406382498331368, 585559.497677187551744 ], [ 391017.769746985868551, 585559.591227150755003 ], [ 391017.78750676184427, 585558.573770267772488 ], [ 391018.981051224225666, 585558.594603664008901 ], [ 391018.999659372435417, 585557.521245623356663 ], [ 391020.393594731227495, 585557.545595537754707 ], [ 391020.542070810683072, 585549.036847696523182 ], [ 391019.275922414788511, 585549.014770798385143 ], [ 391019.306004242796917, 585547.291384024079889 ], [ 391017.908159985032398, 585547.266977376420982 ], [ 391017.881557550746948, 585548.791029820102267 ], [ 391016.549428277765401, 585548.76777916168794 ], [ 391016.534644855244551, 585549.614720870740712 ], [ 391014.845646382134873, 585549.5852392927045 ], [ 391014.830060813692398, 585550.478135905927047 ], [ 391013.65136265673209, 585550.457563944743015 ], [ 391013.592228636727668, 585553.845349676674232 ], [ 391012.505380039743613, 585553.826376535114832 ], [ 391012.406382498331368, 585559.497677187551744 ] ] ] } },
{ "type": "Feature", "properties": { "pred_id": "REG_CAD_046", "raw_pred_id": "RAW_SAM2_046", "sam2_score": 0.74763530492782593, "mean_height_m": 7.3777351379394531, "max_height_m": 20.559051513671875, "reg_area_m2": 198.95999999995462, "vertex_count_raw": 178, "vertex_count_reg": 40, "ortho_ratio_raw": 1.0, "ortho_ratio_reg": 0.05, "is_canonical_rect": false }, "geometry": { "type": "Polygon", "coordinates": [ [ [ 390722.79015200008871, 585551.999997999984771 ], [ 390721.190152000111993, 585551.599997999961488 ], [ 390720.390152000123635, 585551.199997999938205 ], [ 390719.990152000100352, 585550.599997999961488 ], [ 390719.190152000111993, 585550.399998 ], [ 390717.590152000077069, 585547.799998000031337 ], [ 390717.990152000100352, 585546.399998 ], [ 390717.79015200008871, 585541.999997999984771 ], [ 390717.390152000123635, 585541.199997999938205 ], [ 390717.990152000100352, 585539.999997999984771 ], [ 390717.79015200008871, 585537.999997999984771 ], [ 390718.190152000111993, 585537.599997999961488 ], [ 390718.79015200008871, 585535.399998 ], [ 390719.390152000123635, 585535.199997999938205 ], [ 390719.190152000111993, 585533.399998 ], [ 390721.590152000077069, 585533.799998000031337 ], [ 390722.190152000111993, 585532.999997999984771 ], [ 390723.590152000077069, 585532.799998000031337 ], [ 390725.190152000111993, 585534.199997999938205 ], [ 390726.590152000077069, 585534.199997999938205 ], [ 390726.990152000100352, 585535.399998 ], [ 390727.390152000123635, 585535.399998 ], [ 390727.79015200008871, 585534.799998000031337 ], [ 390728.79015200008871, 585534.599997999961488 ], [ 390729.190152000111993, 585534.599997999961488 ], [ 390729.590152000077069, 585535.199997999938205 ], [ 390729.390152000123635, 585536.999997999984771 ], [ 390729.79015200008871, 585537.599997999961488 ], [ 390729.79015200008871, 585538.999997999984771 ], [ 390729.390152000123635, 585539.399998 ], [ 390729.390152000123635, 585539.999997999984771 ], [ 390729.990152000100352, 585540.799998000031337 ], [ 390729.990152000100352, 585545.199997999938205 ], [ 390729.390152000123635, 585546.199997999938205 ], [ 390729.990152000100352, 585547.199997999938205 ], [ 390729.990152000100352, 585548.599997999961488 ], [ 390729.190152000111993, 585550.999997999984771 ], [ 390728.190152000111993, 585550.399998 ], [ 390726.990152000100352, 585550.199997999938205 ], [ 390725.390152000123635, 585551.399998 ], [ 390722.79015200008871, 585551.999997999984771 ] ] ] } },
{ "type": "Feature", "properties": { "pred_id": "REG_CAD_047", "raw_pred_id": "RAW_SAM2_047", "sam2_score": 0.79924678802490234, "mean_height_m": 4.9853963851928711, "max_height_m": 8.6433506011962891, "reg_area_m2": 44.780000000265424, "vertex_count_raw": 104, "vertex_count_reg": 16, "ortho_ratio_raw": 1.0, "ortho_ratio_reg": 0.0, "is_canonical_rect": false }, "geometry": { "type": "Polygon", "coordinates": [ [ [ 391016.390152000123635, 585548.799998000031337 ], [ 391013.79015200008871, 585548.399998 ], [ 391011.79015200008871, 585545.999997999984771 ], [ 391011.590152000077069, 585544.399998 ], [ 391011.990152000100352, 585543.999997999984771 ], [ 391011.990152000100352, 585542.999997999984771 ], [ 391012.590152000077069, 585542.199997999938205 ], [ 391013.990152000100352, 585541.399998 ], [ 391016.190152000111993, 585541.599997999961488 ], [ 391017.390152000123635, 585542.199997999938205 ], [ 391019.990152000100352, 585544.399998 ], [ 391019.79015200008871, 585546.199997999938205 ], [ 391019.190152000111993, 585546.999997999984771 ], [ 391018.79015200008871, 585546.999997999984771 ], [ 391018.390152000123635, 585547.599997999961488 ], [ 391016.990152000100352, 585548.199997999938205 ], [ 391016.390152000123635, 585548.799998000031337 ] ] ] } },
{ "type": "Feature", "properties": { "pred_id": "REG_CAD_048", "raw_pred_id": "RAW_SAM2_048", "sam2_score": 0.89960163831710815, "mean_height_m": 4.8455972671508789, "max_height_m": 7.1787123680114746, "reg_area_m2": 61.500000000116415, "vertex_count_raw": 106, "vertex_count_reg": 19, "ortho_ratio_raw": 1.0, "ortho_ratio_reg": 0.0, "is_canonical_rect": false }, "geometry": { "type": "Polygon", "coordinates": [ [ [ 391006.190152000111993, 585546.799998000031337 ], [ 391005.79015200008871, 585546.199997999938205 ], [ 391004.390152000123635, 585545.599997999961488 ], [ 391003.590152000077069, 585544.799998000031337 ], [ 391002.990152000100352, 585543.199997999938205 ], [ 391002.590152000077069, 585542.999997999984771 ], [ 391002.590152000077069, 585540.799998000031337 ], [ 391002.990152000100352, 585539.999997999984771 ], [ 391002.79015200008871, 585537.799998000031337 ], [ 391003.590152000077069, 585536.999997999984771 ], [ 391007.990152000100352, 585536.999997999984771 ], [ 391008.79015200008871, 585537.999997999984771 ], [ 391009.190152000111993, 585539.999997999984771 ], [ 391010.79015200008871, 585541.399998 ], [ 391010.990152000100352, 585541.999997999984771 ], [ 391010.79015200008871, 585543.599997999961488 ], [ 391009.79015200008871, 585544.799998000031337 ], [ 391009.390152000123635, 585544.799998000031337 ], [ 391008.590152000077069, 585546.399998 ], [ 391006.190152000111993, 585546.799998000031337 ] ] ] } },
{ "type": "Feature", "properties": { "pred_id": "REG_CAD_049", "raw_pred_id": "RAW_SAM2_049", "sam2_score": 0.7899785041809082, "mean_height_m": 8.6147384643554688, "max_height_m": 21.73655891418457, "reg_area_m2": 40169.88, "vertex_count_raw": 3952, "vertex_count_reg": 1058, "ortho_ratio_raw": 1.0, "ortho_ratio_reg": 0.14933837429111532, "is_canonical_rect": false }, "geometry": { "type": "Polygon", "coordinates": [ [ [ 390877.190152000111993, 585535.799998000031337 ], [ 390875.990152000100352, 585535.199997999938205 ], [ 390874.590152000077069, 585535.399998 ], [ 390872.990152000100352, 585535.199997999938205 ], [ 390872.990152000100352, 585533.399998 ], [ 390872.390152000123635, 585532.999997999984771 ], [ 390871.990152000100352, 585531.799998000031337 ], [ 390873.190152000111993, 585530.399998 ], [ 390872.590152000077069, 585530.199997999938205 ], [ 390872.590152000077069, 585529.799998000031337 ], [ 390872.190152000111993, 585529.599997999961488 ], [ 390871.79015200008871, 585528.199997999938205 ], [ 390870.990152000100352, 585527.999997999984771 ], [ 390870.79015200008871, 585526.999997999984771 ], [ 390869.79015200008871, 585526.399998 ], [ 390868.590152000077069, 585527.199997999938205 ], [ 390868.590152000077069, 585527.599997999961488 ], [ 390870.390152000123635, 585528.999997999984771 ], [ 390869.590152000077069, 585528.999997999984771 ], [ 390868.990152000100352, 585529.599997999961488 ], [ 390868.590152000077069, 585529.599997999961488 ], [ 390868.590152000077069, 585529.999997999984771 ], [ 390868.190152000111993, 585530.199997999938205 ], [ 390867.990152000100352, 585531.599997999961488 ], [ 390866.390152000123635, 585532.399998 ], [ 390865.190152000111993, 585532.199997999938205 ], [ 390865.390152000123635, 585531.199997999938205 ], [ 390866.190152000111993, 585531.199997999938205 ], [ 390866.590152000077069, 585530.799998000031337 ], [ 390866.590152000077069, 585530.399998 ], [ 390866.190152000111993, 585530.199997999938205 ], [ 390865.190152000111993, 585530.199997999938205 ], [ 390864.79015200008871, 585530.399998 ], [ 390864.79015200008871, 585530.799998000031337 ], [ 390863.590152000077069, 585530.999997999984771 ], [ 390863.190152000111993, 585530.799998000031337 ], [ 390862.990152000100352, 585530.199997999938205 ], [ 390860.590152000077069, 585529.599997999961488 ], [ 390860.190152000111993, 585529.199997999938205 ], [ 390857.390152000123635, 585528.999997999984771 ], [ 390857.79015200008871, 585528.199997999938205 ], [ 390858.390152000123635, 585528.199997999938205 ], [ 390858.79015200008871, 585527.799998000031337 ], [ 390858.79015200008871, 585527.199997999938205 ], [ 390858.390152000123635, 585526.999997999984771 ], [ 390857.390152000123635, 585526.999997999984771 ], [ 390856.590152000077069, 585527.799998000031337 ], [ 390855.190152000111993, 585527.799998000031337 ], [ 390855.190152000111993, 585527.399998 ], [ 390854.590152000077069, 585526.999997999984771 ], [ 390852.79015200008871, 585527.199997999938205 ], [ 390852.990152000100352, 585527.799998000031337 ], [ 390854.590152000077069, 585527.999997999984771 ], [ 390854.79015200008871, 585528.999997999984771 ], [ 390852.590152000077069, 585529.399998 ], [ 390849.390152000123635, 585528.999997999984771 ], [ 390849.79015200008871, 585528.399998 ], [ 390850.990152000100352, 585528.199997999938205 ], [ 390851.79015200008871, 585527.599997999961488 ], [ 390851.590152000077069, 585526.999997999984771 ], [ 390850.190152000111993, 585526.599997999961488 ], [ 390848.390152000123635, 585526.999997999984771 ], [ 390845.990152000100352, 585526.599997999961488 ], [ 390844.990152000100352, 585526.999997999984771 ], [ 390844.79015200008871, 585527.199997999938205 ], [ 390844.990152000100352, 585527.999997999984771 ], [ 390846.990152000100352, 585528.599997999961488 ], [ 390846.79015200008871, 585529.199997999938205 ], [ 390842.390152000123635, 585528.999997999984771 ], [ 390842.990152000100352, 585528.799998000031337 ], [ 390843.79015200008871, 585527.799998000031337 ], [ 390843.79015200008871, 585527.199997999938205 ], [ 390843.190152000111993, 585526.799998000031337 ], [ 390841.79015200008871, 585526.799998000031337 ], [ 390841.190152000111993, 585527.199997999938205 ], [ 390840.990152000100352, 585527.799998000031337 ], [ 390839.390152000123635, 585527.999997999984771 ], [ 390839.390152000123635, 585528.799998000031337 ], [ 390838.590152000077069, 585529.399998 ], [ 390836.590152000077069, 585528.999997999984771 ], [ 390834.390152000123635, 585528.999997999984771 ], [ 390835.79015200008871, 585528.399998 ], [ 390836.390152000123635, 585527.799998000031337 ], [ 390836.390152000123635, 585527.199997999938205 ], [ 390833.990152000100352, 585526.999997999984771 ], [ 390833.390152000123635, 585527.999997999984771 ], [ 390832.190152000111993, 585528.399998 ], [ 390831.79015200008871, 585529.599997999961488 ], [ 390830.590152000077069, 585529.799998000031337 ], [ 390828.190152000111993, 585528.799998000031337 ], [ 390828.590152000077069, 585527.599997999961488 ], [ 390830.990152000100352, 585527.599997999961488 ], [ 390830.990152000100352, 585527.199997999938205 ], [ 390828.590152000077069, 585527.199997999938205 ], [ 390827.79015200008871, 585526.599997999961488 ], [ 390826.590152000077069, 585526.399998 ], [ 390825.590152000077069, 585526.799998000031337 ], [ 390825.190152000111993, 585527.599997999961488 ], [ 390824.390152000123635, 585527.799998000031337 ], [ 390823.79015200008871, 585527.199997999938205 ], [ 390821.590152000077069, 585526.799998000031337 ], [ 390821.190152000111993, 585526.399998 ], [ 390818.79015200008871, 585526.199997999938205 ], [ 390817.79015200008871, 585526.599997999961488 ], [ 390817.390152000123635, 585527.399998 ], [ 390816.79015200008871, 585527.599997999961488 ], [ 390815.79015200008871, 585526.799998000031337 ], [ 390813.79015200008871, 585526.399998 ], [ 390813.390152000123635, 585525.599997999961488 ], [ 390816.190152000111993, 585524.399998 ], [ 390816.190152000111993, 585523.999997999984771 ], [ 390814.990152000100352, 585523.799998000031337 ], [ 390812.990152000100352, 585522.799998000031337 ], [ 390812.79015200008871, 585520.999997999984771 ], [ 390811.79015200008871, 585520.199997999938205 ], [ 390810.390152000123635, 585520.399998 ], [ 390809.590152000077069, 585521.599997999961488 ], [ 390808.79015200008871, 585521.799998000031337 ], [ 390807.79015200008871, 585521.599997999961488 ], [ 390807.79015200008871, 585521.199997999938205 ], [ 390807.190152000111993, 585520.799998000031337 ], [ 390805.390152000123635, 585520.799998000031337 ], [ 390804.79015200008871, 585520.199997999938205 ], [ 390802.990152000100352, 585519.999997999984771 ], [ 390801.990152000100352, 585520.799998000031337 ], [ 390801.79015200008871, 585521.399998 ], [ 390800.990152000100352, 585521.599997999961488 ], [ 390799.590152000077069, 585520.599997999961488 ], [ 390798.590152000077069, 585520.399998 ], [ 390797.79015200008871, 585519.599997999961488 ], [ 390797.79015200008871, 585518.599997999961488 ], [ 390797.390152000123635, 585517.799998000031337 ], [ 390796.590152000077069, 585516.999997999984771 ], [ 390795.190152000111993, 585516.399998 ], [ 390796.590152000077069, 585514.999997999984771 ], [ 390795.79015200008871, 585513.999997999984771 ], [ 390795.190152000111993, 585513.999997999984771 ], [ 390794.79015200008871, 585514.399998 ], [ 390794.390152000123635, 585515.799998000031337 ], [ 390792.990152000100352, 585516.199997999938205 ], [ 390792.990152000100352, 585516.999997999984771 ], [ 390793.990152000100352, 585517.799998000031337 ], [ 390793.990152000100352, 585519.599997999961488 ], [ 390793.590152000077069, 585519.799998000031337 ], [ 390793.590152000077069, 585520.199997999938205 ], [ 390793.190152000111993, 585520.199997999938205 ], [ 390790.79015200008871, 585519.599997999961488 ], [ 390791.390152000123635, 585518.799998000031337 ], [ 390792.590152000077069, 585518.199997999938205 ], [ 390792.390152000123635, 585517.599997999961488 ], [ 390789.590152000077069, 585517.399998 ], [ 390789.390152000123635, 585516.999997999984771 ], [ 390787.190152000111993, 585516.399998 ], [ 390788.590152000077069, 585515.799998000031337 ], [ 390788.590152000077069, 585515.399998 ], [ 390788.990152000100352, 585515.199997999938205 ], [ 390788.990152000100352, 585514.599997999961488 ], [ 390787.79015200008871, 585513.799998000031337 ], [ 390786.79015200008871, 585514.399998 ], [ 390786.390152000123635, 585515.599997999961488 ], [ 390784.990152000100352, 585515.999997999984771 ], [ 390784.79015200008871, 585517.399998 ], [ 390783.190152000111993, 585517.399998 ], [ 390781.590152000077069, 585516.399998 ], [ 390781.590152000077069, 585514.199997999938205 ], [ 390780.79015200008871, 585513.399998 ], [ 390778.390152000123635, 585513.399998 ], [ 390778.190152000111993, 585514.999997999984771 ], [ 390777.590152000077069, 585514.999997999984771 ], [ 390777.190152000111993, 585513.799998000031337 ], [ 390776.79015200008871, 585513.599997999961488 ], [ 390774.79015200008871, 585513.799998000031337 ], [ 390774.390152000123635, 585514.199997999938205 ], [ 390774.390152000123635, 585515.399998 ], [ 390774.79015200008871, 585515.799998000031337 ], [ 390776.190152000111993, 585516.199997999938205 ], [ 390776.190152000111993, 585516.599997999961488 ], [ 390775.190152000111993, 585516.799998000031337 ], [ 390773.79015200008871, 585516.799998000031337 ], [ 390772.79015200008871, 585516.399998 ], [ 390773.79015200008871, 585515.599997999961488 ], [ 390773.590152000077069, 585513.799998000031337 ], [ 390772.990152000100352, 585513.599997999961488 ], [ 390770.79015200008871, 585513.799998000031337 ], [ 390770.390152000123635, 585514.999997999984771 ], [ 390769.990152000100352, 585515.199997999938205 ], [ 390769.590152000077069, 585514.999997999984771 ], [ 390769.190152000111993, 585513.799998000031337 ], [ 390766.79015200008871, 585513.399998 ], [ 390767.79015200008871, 585512.799998000031337 ], [ 390769.590152000077069, 585512.599997999961488 ], [ 390769.990152000100352, 585511.599997999961488 ], [ 390770.590152000077069, 585512.799998000031337 ], [ 390772.390152000123635, 585512.999997999984771 ], [ 390774.190152000111993, 585512.599997999961488 ], [ 390774.390152000123635, 585512.999997999984771 ], [ 390776.79015200008871, 585513.199997999938205 ], [ 390780.990152000100352, 585513.199997999938205 ], [ 390782.990152000100352, 585512.199997999938205 ], [ 390784.190152000111993, 585511.999997999984771 ], [ 390784.390152000123635, 585511.599997999961488 ], [ 390781.990152000100352, 585510.999997999984771 ], [ 390781.390152000123635, 585510.399998 ], [ 390780.590152000077069, 585510.199997999938205 ], [ 390781.190152000111993, 585509.399998 ], [ 390781.190152000111993, 585508.199997999938205 ], [ 390780.190152000111993, 585507.399998 ], [ 390778.990152000100352, 585507.599997999961488 ], [ 390778.190152000111993, 585508.999997999984771 ], [ 390777.390152000123635, 585508.999997999984771 ], [ 390776.190152000111993, 585507.799998000031337 ], [ 390775.390152000123635, 585507.999997999984771 ], [ 390775.190152000111993, 585508.999997999984771 ], [ 390775.590152000077069, 585509.599997999961488 ], [ 390776.190152000111993, 585509.799998000031337 ], [ 390776.190152000111993, 585510.399998 ], [ 390774.79015200008871, 585510.799998000031337 ], [ 390774.190152000111993, 585511.599997999961488 ], [ 390772.990152000100352, 585510.799998000031337 ], [ 390771.390152000123635, 585510.399998 ], [ 390771.590152000077069, 585509.599997999961488 ], [ 390772.190152000111993, 585509.599997999961488 ], [ 390772.990152000100352, 585508.999997999984771 ], [ 390772.990152000100352, 585508.399998 ], [ 390772.590152000077069, 585507.999997999984771 ], [ 390771.590152000077069, 585507.999997999984771 ], [ 390770.990152000100352, 585508.599997999961488 ], [ 390770.990152000100352, 585509.199997999938205 ], [ 390770.590152000077069, 585509.399998 ], [ 390769.190152000111993, 585509.399998 ], [ 390768.79015200008871, 585510.799998000031337 ], [ 390767.390152000123635, 585510.999997999984771 ], [ 390764.990152000100352, 585510.199997999938205 ], [ 390765.79015200008871, 585509.199997999938205 ], [ 390765.79015200008871, 585508.199997999938205 ], [ 390765.390152000123635, 585507.599997999961488 ], [ 390762.990152000100352, 585507.199997999938205 ], [ 390762.79015200008871, 585506.599997999961488 ], [ 390761.990152000100352, 585506.599997999961488 ], [ 390761.390152000123635, 585506.199997999938205 ], [ 390761.390152000123635, 585505.399998 ], [ 390760.990152000100352, 585504.999997999984771 ], [ 390760.190152000111993, 585504.999997999984771 ], [ 390760.390152000123635, 585507.199997999938205 ], [ 390759.990152000100352, 585507.399998 ], [ 390759.590152000077069, 585508.399998 ], [ 390760.190152000111993, 585510.399998 ], [ 390759.79015200008871, 585510.599997999961488 ], [ 390759.390152000123635, 585511.599997999961488 ], [ 390759.590152000077069, 585512.599997999961488 ], [ 390759.990152000100352, 585512.999997999984771 ], [ 390759.590152000077069, 585514.199997999938205 ], [ 390759.990152000100352, 585516.799998000031337 ], [ 390759.390152000123635, 585517.599997999961488 ], [ 390759.190152000111993, 585519.199997999938205 ], [ 390758.79015200008871, 585519.399998 ], [ 390758.390152000123635, 585521.199997999938205 ], [ 390757.79015200008871, 585520.199997999938205 ], [ 390755.390152000123635, 585519.799998000031337 ], [ 390754.990152000100352, 585519.199997999938205 ], [ 390753.390152000123635, 585519.199997999938205 ], [ 390753.190152000111993, 585519.599997999961488 ], [ 390751.990152000100352, 585519.599997999961488 ], [ 390751.590152000077069, 585518.799998000031337 ], [ 390750.590152000077069, 585518.799998000031337 ], [ 390750.190152000111993, 585518.399998 ], [ 390750.190152000111993, 585517.799998000031337 ], [ 390749.390152000123635, 585516.999997999984771 ], [ 390748.190152000111993, 585516.599997999961488 ], [ 390748.190152000111993, 585516.199997999938205 ], [ 390749.190152000111993, 585515.799998000031337 ], [ 390749.79015200008871, 585514.999997999984771 ], [ 390749.590152000077069, 585514.399998 ], [ 390748.990152000100352, 585513.999997999984771 ], [ 390747.390152000123635, 585513.999997999984771 ], [ 390746.990152000100352, 585515.199997999938205 ], [ 390745.990152000100352, 585514.999997999984771 ], [ 390745.79015200008871, 585513.799998000031337 ], [ 390743.990152000100352, 585513.999997999984771 ], [ 390743.590152000077069, 585514.999997999984771 ], [ 390744.390152000123635, 585515.599997999961488 ], [ 390744.990152000100352, 585515.599997999961488 ], [ 390745.390152000123635, 585515.999997999984771 ], [ 390745.390152000123635, 585516.599997999961488 ], [ 390744.590152000077069, 585517.199997999938205 ], [ 390743.190152000111993, 585517.599997999961488 ], [ 390742.990152000100352, 585518.199997999938205 ], [ 390742.590152000077069, 585518.199997999938205 ], [ 390742.390152000123635, 585517.399998 ], [ 390741.990152000100352, 585517.399998 ], [ 390741.79015200008871, 585516.999997999984771 ], [ 390740.990152000100352, 585516.999997999984771 ], [ 390740.390152000123635, 585516.599997999961488 ], [ 390740.590152000077069, 585515.999997999984771 ], [ 390741.590152000077069, 585515.799998000031337 ], [ 390742.190152000111993, 585515.199997999938205 ], [ 390742.190152000111993, 585514.399998 ], [ 390741.79015200008871, 585513.999997999984771 ], [ 390739.990152000100352, 585513.399998 ], [ 390739.990152000100352, 585512.999997999984771 ], [ 390741.79015200008871, 585512.599997999961488 ], [ 390742.190152000111993, 585512.199997999938205 ], [ 390742.190152000111993, 585511.399998 ], [ 390739.990152000100352, 585510.399998 ], [ 390739.990152000100352, 585509.799998000031337 ], [ 390741.390152000123635, 585509.199997999938205 ], [ 390741.79015200008871, 585508.399998 ], [ 390740.990152000100352, 585507.799998000031337 ], [ 390739.990152000100352, 585507.799998000031337 ], [ 390739.390152000123635, 585508.199997999938205 ], [ 390739.390152000123635, 585508.799998000031337 ], [ 390738.79015200008871, 585508.999997999984771 ], [ 390738.390152000123635, 585508.799998000031337 ], [ 390738.390152000123635, 585507.999997999984771 ], [ 390738.590152000077069, 585507.599997999961488 ], [ 390739.190152000111993, 585507.399998 ], [ 390738.990152000100352, 585506.799998000031337 ], [ 390737.79015200008871, 585506.799998000031337 ], [ 390737.590152000077069, 585507.199997999938205 ], [ 390734.390152000123635, 585506.799998000031337 ], [ 390733.990152000100352, 585506.199997999938205 ], [ 390733.990152000100352, 585505.199997999938205 ], [ 390732.190152000111993, 585503.999997999984771 ], [ 390732.79015200008871, 585503.199997999938205 ], [ 390733.990152000100352, 585502.599997999961488 ], [ 390733.79015200008871, 585501.599997999961488 ], [ 390732.590152000077069, 585501.199997999938205 ], [ 390732.390152000123635, 585500.599997999961488 ], [ 390733.590152000077069, 585500.199997999938205 ], [ 390734.390152000123635, 585499.399998 ], [ 390734.390152000123635, 585498.999997999984771 ], [ 390733.79015200008871, 585498.399998 ], [ 390732.79015200008871, 585498.199997999938205 ], [ 390732.390152000123635, 585497.799998000031337 ], [ 390732.79015200008871, 585497.199997999938205 ], [ 390733.990152000100352, 585496.799998000031337 ], [ 390734.390152000123635, 585496.199997999938205 ], [ 390733.79015200008871, 585494.999997999984771 ], [ 390732.590152000077069, 585494.599997999961488 ], [ 390732.590152000077069, 585494.199997999938205 ], [ 390733.190152000111993, 585493.999997999984771 ], [ 390733.590152000077069, 585492.999997999984771 ], [ 390731.990152000100352, 585491.999997999984771 ], [ 390731.990152000100352, 585490.599997999961488 ], [ 390732.990152000100352, 585490.399998 ], [ 390733.590152000077069, 585489.799998000031337 ], [ 390732.990152000100352, 585489.199997999938205 ], [ 390731.990152000100352, 585489.199997999938205 ], [ 390731.590152000077069, 585487.799998000031337 ], [ 390730.190152000111993, 585486.999997999984771 ], [ 390730.190152000111993, 585486.199997999938205 ], [ 390728.990152000100352, 585485.799998000031337 ], [ 390728.190152000111993, 585486.599997999961488 ], [ 390727.79015200008871, 585489.999997999984771 ], [ 390728.79015200008871, 585491.199997999938205 ], [ 390729.190152000111993, 585491.199997999938205 ], [ 390729.190152000111993, 585491.599997999961488 ], [ 390728.190152000111993, 585491.999997999984771 ], [ 390727.390152000123635, 585493.999997999984771 ], [ 390726.79015200008871, 585493.999997999984771 ], [ 390726.390152000123635, 585493.599997999961488 ], [ 390726.390152000123635, 585492.799998000031337 ], [ 390724.79015200008871, 585491.799998000031337 ], [ 390724.79015200008871, 585490.999997999984771 ], [ 390726.390152000123635, 585489.999997999984771 ], [ 390726.190152000111993, 585489.199997999938205 ], [ 390724.79015200008871, 585488.399998 ], [ 390724.79015200008871, 585487.799998000031337 ], [ 390725.590152000077069, 585487.399998 ], [ 390725.79015200008871, 585486.599997999961488 ], [ 390724.190152000111993, 585485.799998000031337 ], [ 390724.190152000111993, 585484.399998 ], [ 390725.590152000077069, 585483.999997999984771 ], [ 390725.79015200008871, 585483.199997999938205 ], [ 390724.590152000077069, 585482.799998000031337 ], [ 390723.990152000100352, 585481.599997999961488 ], [ 390722.990152000100352, 585481.399998 ], [ 390722.390152000123635, 585480.799998000031337 ], [ 390722.190152000111993, 585479.599997999961488 ], [ 390720.990152000100352, 585479.599997999961488 ], [ 390719.79015200008871, 585481.199997999938205 ], [ 390718.990152000100352, 585481.199997999938205 ], [ 390718.390152000123635, 585480.599997999961488 ], [ 390718.390152000123635, 585479.999997999984771 ], [ 390717.190152000111993, 585479.199997999938205 ], [ 390717.190152000111993, 585478.599997999961488 ], [ 390717.990152000100352, 585478.399998 ], [ 390718.390152000123635, 585477.799998000031337 ], [ 390718.390152000123635, 585475.799998000031337 ], [ 390718.190152000111993, 585474.199997999938205 ], [ 390716.79015200008871, 585472.999997999984771 ], [ 390716.79015200008871, 585472.399998 ], [ 390717.590152000077069, 585471.999997999984771 ], [ 390718.390152000123635, 585470.999997999984771 ], [ 390718.190152000111993, 585470.199997999938205 ], [ 390717.190152000111993, 585469.599997999961488 ], [ 390717.590152000077069, 585468.799998000031337 ], [ 390717.590152000077069, 585467.599997999961488 ], [ 390716.79015200008871, 585467.399998 ], [ 390716.590152000077069, 585466.999997999984771 ], [ 390716.590152000077069, 585465.799998000031337 ], [ 390717.79015200008871, 585464.999997999984771 ], [ 390717.79015200008871, 585464.399998 ], [ 390716.79015200008871, 585463.799998000031337 ], [ 390716.79015200008871, 585462.799998000031337 ], [ 390717.590152000077069, 585462.199997999938205 ], [ 390717.79015200008871, 585461.599997999961488 ], [ 390716.79015200008871, 585461.199997999938205 ], [ 390716.390152000123635, 585459.999997999984771 ], [ 390716.990152000100352, 585459.199997999938205 ], [ 390717.79015200008871, 585458.999997999984771 ], [ 390717.990152000100352, 585458.399998 ], [ 390717.590152000077069, 585457.799998000031337 ], [ 390716.79015200008871, 585457.399998 ], [ 390716.79015200008871, 585456.399998 ], [ 390717.590152000077069, 585455.799998000031337 ], [ 390717.590152000077069, 585455.399998 ], [ 390716.590152000077069, 585454.799998000031337 ], [ 390716.390152000123635, 585453.199997999938205 ], [ 390717.79015200008871, 585452.399998 ], [ 390717.590152000077069, 585451.799998000031337 ], [ 390716.590152000077069, 585451.399998 ], [ 390716.590152000077069, 585450.399998 ], [ 390717.79015200008871, 585449.399998 ], [ 390717.190152000111993, 585448.599997999961488 ], [ 390716.79015200008871, 585448.599997999961488 ], [ 390716.590152000077069, 585447.199997999938205 ], [ 390717.390152000123635, 585446.799998000031337 ], [ 390717.990152000100352, 585446.199997999938205 ], [ 390717.990152000100352, 585445.799998000031337 ], [ 390717.590152000077069, 585445.199997999938205 ], [ 390716.79015200008871, 585444.799998000031337 ], [ 390716.79015200008871, 585443.999997999984771 ], [ 390717.590152000077069, 585443.199997999938205 ], [ 390717.590152000077069, 585442.799998000031337 ], [ 390716.590152000077069, 585442.399998 ], [ 390716.390152000123635, 585440.799998000031337 ], [ 390716.79015200008871, 585440.399998 ], [ 390717.390152000123635, 585440.399998 ], [ 390717.79015200008871, 585439.599997999961488 ], [ 390716.590152000077069, 585438.799998000031337 ], [ 390716.590152000077069, 585437.599997999961488 ], [ 390717.590152000077069, 585436.599997999961488 ], [ 390716.590152000077069, 585436.199997999938205 ], [ 390716.390152000123635, 585434.799998000031337 ], [ 390716.79015200008871, 585434.199997999938205 ], [ 390717.390152000123635, 585434.199997999938205 ], [ 390717.79015200008871, 585433.799998000031337 ], [ 390717.79015200008871, 585433.199997999938205 ], [ 390716.590152000077069, 585432.399998 ], [ 390716.390152000123635, 585430.799998000031337 ], [ 390715.390152000123635, 585430.599997999961488 ], [ 390716.190152000111993, 585430.199997999938205 ], [ 390716.190152000111993, 585427.999997999984771 ], [ 390715.390152000123635, 585427.799998000031337 ], [ 390715.190152000111993, 585426.999997999984771 ], [ 390716.190152000111993, 585426.799998000031337 ], [ 390716.390152000123635, 585425.999997999984771 ], [ 390716.390152000123635, 585421.599997999961488 ], [ 390717.190152000111993, 585421.599997999961488 ], [ 390717.79015200008871, 585420.999997999984771 ], [ 390717.590152000077069, 585420.599997999961488 ], [ 390716.590152000077069, 585420.399998 ], [ 390716.190152000111993, 585418.599997999961488 ], [ 390715.190152000111993, 585418.199997999938205 ], [ 390715.190152000111993, 585417.799998000031337 ], [ 390715.79015200008871, 585417.599997999961488 ], [ 390716.190152000111993, 585416.999997999984771 ], [ 390716.190152000111993, 585415.999997999984771 ], [ 390715.990152000100352, 585415.599997999961488 ], [ 390714.990152000100352, 585415.199997999938205 ], [ 390714.990152000100352, 585414.399998 ], [ 390715.590152000077069, 585414.199997999938205 ], [ 390716.190152000111993, 585413.399998 ], [ 390716.190152000111993, 585412.399998 ], [ 390715.79015200008871, 585411.599997999961488 ], [ 390716.190152000111993, 585411.599997999961488 ], [ 390716.390152000123635, 585410.399998 ], [ 390716.190152000111993, 585408.999997999984771 ], [ 390715.390152000123635, 585408.999997999984771 ], [ 390715.190152000111993, 585408.199997999938205 ], [ 390716.390152000123635, 585407.799998000031337 ], [ 390716.390152000123635, 585406.399998 ], [ 390715.990152000100352, 585405.799998000031337 ], [ 390715.190152000111993, 585405.599997999961488 ], [ 390715.390152000123635, 585405.199997999938205 ], [ 390716.190152000111993, 585404.999997999984771 ], [ 390716.190152000111993, 585403.199997999938205 ], [ 390715.190152000111993, 585402.799998000031337 ], [ 390714.990152000100352, 585401.999997999984771 ], [ 390715.990152000100352, 585401.199997999938205 ], [ 390716.190152000111993, 585399.799998000031337 ], [ 390716.390152000123635, 585399.399998 ], [ 390716.79015200008871, 585399.399998 ], [ 390716.390152000123635, 585398.999997999984771 ], [ 390716.390152000123635, 585396.799998000031337 ], [ 390717.79015200008871, 585396.199997999938205 ], [ 390717.390152000123635, 585395.599997999961488 ], [ 390716.590152000077069, 585395.199997999938205 ], [ 390716.390152000123635, 585393.599997999961488 ], [ 390715.390152000123635, 585392.999997999984771 ], [ 390716.190152000111993, 585392.199997999938205 ], [ 390716.190152000111993, 585390.799998000031337 ], [ 390715.79015200008871, 585390.199997999938205 ], [ 390715.190152000111993, 585389.999997999984771 ], [ 390715.190152000111993, 585389.599997999961488 ], [ 390716.190152000111993, 585388.999997999984771 ], [ 390716.190152000111993, 585383.799998000031337 ], [ 390717.590152000077069, 585383.799998000031337 ], [ 390717.590152000077069, 585383.399998 ], [ 390716.390152000123635, 585383.199997999938205 ], [ 390716.390152000123635, 585381.399998 ], [ 390715.990152000100352, 585380.599997999961488 ], [ 390716.190152000111993, 585377.799998000031337 ], [ 390715.190152000111993, 585377.399998 ], [ 390715.390152000123635, 585376.999997999984771 ], [ 390716.190152000111993, 585376.799998000031337 ], [ 390716.190152000111993, 585371.399998 ], [ 390715.390152000123635, 585371.399998 ], [ 390715.190152000111993, 585370.999997999984771 ], [ 390715.390152000123635, 585370.799998000031337 ], [ 390716.190152000111993, 585370.799998000031337 ], [ 390716.390152000123635, 585371.199997999938205 ], [ 390717.590152000077069, 585370.999997999984771 ], [ 390716.390152000123635, 585370.799998000031337 ], [ 390716.390152000123635, 585368.799998000031337 ], [ 390715.990152000100352, 585368.199997999938205 ], [ 390715.390152000123635, 585368.199997999938205 ], [ 390715.390152000123635, 585367.799998000031337 ], [ 390716.190152000111993, 585366.999997999984771 ], [ 390716.190152000111993, 585365.399998 ], [ 390715.390152000123635, 585365.199997999938205 ], [ 390715.190152000111993, 585364.799998000031337 ], [ 390716.190152000111993, 585364.599997999961488 ], [ 390716.390152000123635, 585364.999997999984771 ], [ 390717.390152000123635, 585364.999997999984771 ], [ 390717.390152000123635, 585364.599997999961488 ], [ 390716.590152000077069, 585364.399998 ], [ 390716.390152000123635, 585363.199997999938205 ], [ 390716.79015200008871, 585362.399998 ], [ 390717.590152000077069, 585361.799998000031337 ], [ 390716.79015200008871, 585360.799998000031337 ], [ 390716.79015200008871, 585359.799998000031337 ], [ 390717.990152000100352, 585358.999997999984771 ], [ 390718.190152000111993, 585356.999997999984771 ], [ 390717.390152000123635, 585356.399998 ], [ 390717.390152000123635, 585355.999997999984771 ], [ 390714.590152000077069, 585355.599997999961488 ], [ 390714.990152000100352, 585354.999997999984771 ], [ 390716.190152000111993, 585354.399998 ], [ 390716.190152000111993, 585353.799998000031337 ], [ 390716.79015200008871, 585353.199997999938205 ], [ 390717.190152000111993, 585353.199997999938205 ], [ 390718.79015200008871, 585351.599997999961488 ], [ 390725.79015200008871, 585351.199997999938205 ], [ 390733.590152000077069, 585351.399998 ], [ 390736.190152000111993, 585350.999997999984771 ], [ 390736.590152000077069, 585350.799998000031337 ], [ 390736.590152000077069, 585349.999997999984771 ], [ 390738.990152000100352, 585349.999997999984771 ], [ 390738.990152000100352, 585350.799998000031337 ], [ 390739.79015200008871, 585350.999997999984771 ], [ 390743.79015200008871, 585350.999997999984771 ], [ 390744.590152000077069, 585350.799998000031337 ], [ 390744.590152000077069, 585349.999997999984771 ], [ 390745.190152000111993, 585349.999997999984771 ], [ 390745.190152000111993, 585350.799998000031337 ], [ 390746.79015200008871, 585350.799998000031337 ], [ 390747.590152000077069, 585351.199997999938205 ], [ 390751.190152000111993, 585350.999997999984771 ], [ 390751.79015200008871, 585350.799998000031337 ], [ 390751.79015200008871, 585349.999997999984771 ], [ 390755.590152000077069, 585349.999997999984771 ], [ 390755.590152000077069, 585350.799998000031337 ], [ 390755.990152000100352, 585350.999997999984771 ], [ 390759.190152000111993, 585350.799998000031337 ], [ 390759.190152000111993, 585349.999997999984771 ], [ 390762.79015200008871, 585349.999997999984771 ], [ 390762.79015200008871, 585350.799998000031337 ], [ 390763.79015200008871, 585351.199997999938205 ], [ 390766.590152000077069, 585350.799998000031337 ], [ 390766.590152000077069, 585349.999997999984771 ], [ 390771.79015200008871, 585349.999997999984771 ], [ 390771.79015200008871, 585350.799998000031337 ], [ 390772.990152000100352, 585350.799998000031337 ], [ 390772.990152000100352, 585349.999997999984771 ], [ 390778.590152000077069, 585349.999997999984771 ], [ 390778.590152000077069, 585350.799998000031337 ], [ 390779.390152000123635, 585351.199997999938205 ], [ 390781.79015200008871, 585350.999997999984771 ], [ 390782.190152000111993, 585350.799998000031337 ], [ 390782.190152000111993, 585349.999997999984771 ], [ 390787.390152000123635, 585349.999997999984771 ], [ 390787.390152000123635, 585350.799998000031337 ], [ 390788.590152000077069, 585350.799998000031337 ], [ 390788.590152000077069, 585349.999997999984771 ], [ 390794.390152000123635, 585349.999997999984771 ], [ 390794.390152000123635, 585350.799998000031337 ], [ 390795.190152000111993, 585351.199997999938205 ], [ 390797.590152000077069, 585350.999997999984771 ], [ 390797.990152000100352, 585350.799998000031337 ], [ 390797.990152000100352, 585349.999997999984771 ], [ 390802.990152000100352, 585349.999997999984771 ], [ 390802.990152000100352, 585350.799998000031337 ], [ 390805.79015200008871, 585350.799998000031337 ], [ 390805.79015200008871, 585349.999997999984771 ], [ 390809.79015200008871, 585349.999997999984771 ], [ 390809.79015200008871, 585350.799998000031337 ], [ 390810.990152000100352, 585351.199997999938205 ], [ 390813.590152000077069, 585350.999997999984771 ], [ 390813.990152000100352, 585350.799998000031337 ], [ 390813.990152000100352, 585349.999997999984771 ], [ 390818.190152000111993, 585349.999997999984771 ], [ 390818.190152000111993, 585350.799998000031337 ], [ 390818.79015200008871, 585350.999997999984771 ], [ 390821.590152000077069, 585350.999997999984771 ], [ 390821.990152000100352, 585350.799998000031337 ], [ 390821.990152000100352, 585349.999997999984771 ], [ 390824.590152000077069, 585349.999997999984771 ], [ 390824.590152000077069, 585350.799998000031337 ], [ 390826.590152000077069, 585351.199997999938205 ], [ 390829.190152000111993, 585351.199997999938205 ], [ 390829.990152000100352, 585350.799998000031337 ], [ 390829.990152000100352, 585349.999997999984771 ], [ 390832.990152000100352, 585349.999997999984771 ], [ 390832.990152000100352, 585350.799998000031337 ], [ 390836.990152000100352, 585351.199997999938205 ], [ 390838.190152000111993, 585350.799998000031337 ], [ 390838.190152000111993, 585349.999997999984771 ], [ 390838.990152000100352, 585349.999997999984771 ], [ 390838.990152000100352, 585350.799998000031337 ], [ 390842.990152000100352, 585351.399998 ], [ 390844.590152000077069, 585351.399998 ], [ 390845.79015200008871, 585350.999997999984771 ], [ 390846.190152000111993, 585350.799998000031337 ], [ 390846.190152000111993, 585349.999997999984771 ], [ 390846.79015200008871, 585349.999997999984771 ], [ 390846.79015200008871, 585350.799998000031337 ], [ 390847.390152000123635, 585350.999997999984771 ], [ 390852.79015200008871, 585351.399998 ], [ 390854.190152000111993, 585350.799998000031337 ], [ 390858.990152000100352, 585351.599997999961488 ], [ 390860.190152000111993, 585351.599997999961488 ], [ 390861.390152000123635, 585350.999997999984771 ], [ 390865.190152000111993, 585351.199997999938205 ], [ 390866.590152000077069, 585351.599997999961488 ], [ 390868.390152000123635, 585351.599997999961488 ], [ 390869.390152000123635, 585350.999997999984771 ], [ 390870.190152000111993, 585350.999997999984771 ], [ 390873.390152000123635, 585351.799998000031337 ], [ 390875.990152000100352, 585351.799998000031337 ], [ 390877.190152000111993, 585351.199997999938205 ], [ 390883.79015200008871, 585351.799998000031337 ], [ 390885.590152000077069, 585351.199997999938205 ], [ 390889.390152000123635, 585351.999997999984771 ], [ 390891.590152000077069, 585351.999997999984771 ], [ 390892.590152000077069, 585351.399998 ], [ 390894.79015200008871, 585351.399998 ], [ 390898.390152000123635, 585351.999997999984771 ], [ 390900.79015200008871, 585351.399998 ], [ 390904.390152000123635, 585351.999997999984771 ], [ 390907.590152000077069, 585351.999997999984771 ], [ 390908.190152000111993, 585351.599997999961488 ], [ 390915.590152000077069, 585351.999997999984771 ], [ 390916.190152000111993, 585351.599997999961488 ], [ 390917.390152000123635, 585351.599997999961488 ], [ 390919.990152000100352, 585352.199997999938205 ], [ 390926.79015200008871, 585351.799998000031337 ], [ 390928.190152000111993, 585352.399998 ], [ 390929.990152000100352, 585352.599997999961488 ], [ 390931.990152000100352, 585351.799998000031337 ], [ 390933.190152000111993, 585351.799998000031337 ], [ 390935.190152000111993, 585352.199997999938205 ], [ 390935.990152000100352, 585352.799998000031337 ], [ 390937.390152000123635, 585352.999997999984771 ], [ 390937.79015200008871, 585353.399998 ], [ 390938.190152000111993, 585353.399998 ], [ 390938.990152000100352, 585352.399998 ], [ 390939.79015200008871, 585351.999997999984771 ], [ 390941.590152000077069, 585351.999997999984771 ], [ 390943.190152000111993, 585352.599997999961488 ], [ 390943.79015200008871, 585353.399998 ], [ 390944.390152000123635, 585353.599997999961488 ], [ 390944.79015200008871, 585355.199997999938205 ], [ 390945.990152000100352, 585355.199997999938205 ], [ 390946.79015200008871, 585352.999997999984771 ], [ 390947.79015200008871, 585352.199997999938205 ], [ 390949.79015200008871, 585352.399998 ], [ 390950.590152000077069, 585353.199997999938205 ], [ 390950.590152000077069, 585353.599997999961488 ], [ 390950.990152000100352, 585353.799998000031337 ], [ 390950.990152000100352, 585355.799998000031337 ], [ 390950.390152000123635, 585356.599997999961488 ], [ 390949.390152000123635, 585356.799998000031337 ], [ 390948.990152000100352, 585357.199997999938205 ], [ 390949.590152000077069, 585357.799998000031337 ], [ 390949.990152000100352, 585357.799998000031337 ], [ 390950.390152000123635, 585359.399998 ], [ 390950.990152000100352, 585360.199997999938205 ], [ 390950.990152000100352, 585362.799998000031337 ], [ 390951.590152000077069, 585363.199997999938205 ], [ 390950.990152000100352, 585363.599997999961488 ], [ 390950.590152000077069, 585364.799998000031337 ], [ 390951.390152000123635, 585366.199997999938205 ], [ 390950.990152000100352, 585368.199997999938205 ], [ 390951.590152000077069, 585368.999997999984771 ], [ 390952.190152000111993, 585369.199997999938205 ], [ 390951.990152000100352, 585370.199997999938205 ], [ 390951.190152000111993, 585370.799998000031337 ], [ 390951.390152000123635, 585371.999997999984771 ], [ 390951.79015200008871, 585372.399998 ], [ 390951.190152000111993, 585374.399998 ], [ 390952.390152000123635, 585375.599997999961488 ], [ 390952.190152000111993, 585376.199997999938205 ], [ 390951.190152000111993, 585376.999997999984771 ], [ 390951.190152000111993, 585377.799998000031337 ], [ 390951.79015200008871, 585378.599997999961488 ], [ 390951.79015200008871, 585379.199997999938205 ], [ 390951.190152000111993, 585379.999997999984771 ], [ 390951.190152000111993, 585380.799998000031337 ], [ 390952.590152000077069, 585381.799998000031337 ], [ 390952.390152000123635, 585382.799998000031337 ], [ 390951.390152000123635, 585383.599997999961488 ], [ 390952.190152000111993, 585384.999997999984771 ], [ 390951.590152000077069, 585385.799998000031337 ], [ 390951.390152000123635, 585386.999997999984771 ], [ 390952.390152000123635, 585387.999997999984771 ], [ 390952.390152000123635, 585388.599997999961488 ], [ 390951.190152000111993, 585389.599997999961488 ], [ 390951.590152000077069, 585390.799998000031337 ], [ 390951.990152000100352, 585390.999997999984771 ], [ 390951.990152000100352, 585391.599997999961488 ], [ 390951.390152000123635, 585392.199997999938205 ], [ 390951.190152000111993, 585392.999997999984771 ], [ 390951.590152000077069, 585393.599997999961488 ], [ 390952.79015200008871, 585394.199997999938205 ], [ 390952.990152000100352, 585394.799998000031337 ], [ 390952.390152000123635, 585395.999997999984771 ], [ 390951.79015200008871, 585395.999997999984771 ], [ 390952.390152000123635, 585396.599997999961488 ], [ 390952.590152000077069, 585397.799998000031337 ], [ 390952.190152000111993, 585398.599997999961488 ], [ 390951.590152000077069, 585398.999997999984771 ], [ 390951.590152000077069, 585399.599997999961488 ], [ 390952.190152000111993, 585399.999997999984771 ], [ 390952.390152000123635, 585400.999997999984771 ], [ 390951.390152000123635, 585401.999997999984771 ], [ 390951.390152000123635, 585402.599997999961488 ], [ 390952.390152000123635, 585403.799998000031337 ], [ 390951.590152000077069, 585404.999997999984771 ], [ 390951.590152000077069, 585405.799998000031337 ], [ 390952.590152000077069, 585406.199997999938205 ], [ 390952.990152000100352, 585406.799998000031337 ], [ 390952.990152000100352, 585407.999997999984771 ], [ 390952.590152000077069, 585408.399998 ], [ 390952.79015200008871, 585410.599997999961488 ], [ 390952.590152000077069, 585411.199997999938205 ], [ 390951.990152000100352, 585411.599997999961488 ], [ 390952.79015200008871, 585412.599997999961488 ], [ 390952.79015200008871, 585413.799998000031337 ], [ 390951.79015200008871, 585414.999997999984771 ], [ 390952.390152000123635, 585415.199997999938205 ], [ 390952.79015200008871, 585415.999997999984771 ], [ 390952.79015200008871, 585416.999997999984771 ], [ 390952.190152000111993, 585417.999997999984771 ], [ 390952.990152000100352, 585418.399998 ], [ 390953.390152000123635, 585420.799998000031337 ], [ 390952.990152000100352, 585426.799998000031337 ], [ 390952.590152000077069, 585427.399998 ], [ 390952.990152000100352, 585427.799998000031337 ], [ 390953.190152000111993, 585429.999997999984771 ], [ 390953.590152000077069, 585430.399998 ], [ 390953.590152000077069, 585433.399998 ], [ 390953.990152000100352, 585432.999997999984771 ], [ 390953.79015200008871, 585430.199997999938205 ], [ 390954.390152000123635, 585427.599997999961488 ], [ 390954.390152000123635, 585425.599997999961488 ], [ 390953.990152000100352, 585424.599997999961488 ], [ 390954.190152000111993, 585422.799998000031337 ], [ 390953.990152000100352, 585420.399998 ], [ 390954.190152000111993, 585418.599997999961488 ], [ 390954.590152000077069, 585418.199997999938205 ], [ 390954.390152000123635, 585415.799998000031337 ], [ 390955.190152000111993, 585414.999997999984771 ], [ 390954.390152000123635, 585413.399998 ], [ 390954.390152000123635, 585409.199997999938205 ], [ 390954.79015200008871, 585408.799998000031337 ], [ 390954.390152000123635, 585407.999997999984771 ], [ 390954.390152000123635, 585406.799998000031337 ], [ 390954.990152000100352, 585405.799998000031337 ], [ 390956.190152000111993, 585405.599997999961488 ], [ 390954.79015200008871, 585404.599997999961488 ], [ 390954.590152000077069, 585403.999997999984771 ], [ 390954.79015200008871, 585403.399998 ], [ 390955.390152000123635, 585402.799998000031337 ], [ 390956.190152000111993, 585402.799998000031337 ], [ 390956.590152000077069, 585403.199997999938205 ], [ 390956.79015200008871, 585404.999997999984771 ], [ 390957.79015200008871, 585405.399998 ], [ 390956.990152000100352, 585406.199997999938205 ], [ 390956.990152000100352, 585407.599997999961488 ], [ 390957.79015200008871, 585408.199997999938205 ], [ 390957.79015200008871, 585408.999997999984771 ], [ 390956.990152000100352, 585409.599997999961488 ], [ 390956.990152000100352, 585410.599997999961488 ], [ 390957.79015200008871, 585411.199997999938205 ], [ 390957.990152000100352, 585411.799998000031337 ], [ 390956.79015200008871, 585413.399998 ], [ 390956.990152000100352, 585413.999997999984771 ], [ 390957.79015200008871, 585414.399998 ], [ 390957.79015200008871, 585415.199997999938205 ], [ 390957.190152000111993, 585415.599997999961488 ], [ 390956.990152000100352, 585416.599997999961488 ], [ 390957.990152000100352, 585417.799998000031337 ], [ 390957.79015200008871, 585418.799998000031337 ], [ 390957.190152000111993, 585419.599997999961488 ], [ 390957.990152000100352, 585420.599997999961488 ], [ 390957.990152000100352, 585421.799998000031337 ], [ 390957.390152000123635, 585422.399998 ], [ 390957.390152000123635, 585422.799998000031337 ], [ 390957.990152000100352, 585423.199997999938205 ], [ 390958.190152000111993, 585423.799998000031337 ], [ 390957.990152000100352, 585424.999997999984771 ], [ 390957.190152000111993, 585425.599997999961488 ], [ 390957.190152000111993, 585426.199997999938205 ], [ 390957.990152000100352, 585426.999997999984771 ], [ 390957.990152000100352, 585427.799998000031337 ], [ 390957.390152000123635, 585428.599997999961488 ], [ 390957.390152000123635, 585429.199997999938205 ], [ 390957.990152000100352, 585429.599997999961488 ], [ 390958.190152000111993, 585430.199997999938205 ], [ 390957.990152000100352, 585431.399998 ], [ 390957.390152000123635, 585431.799998000031337 ], [ 390957.390152000123635, 585432.399998 ], [ 390957.990152000100352, 585432.799998000031337 ], [ 390957.990152000100352, 585434.599997999961488 ], [ 390957.590152000077069, 585435.199997999938205 ], [ 390958.190152000111993, 585435.799998000031337 ], [ 390958.190152000111993, 585437.399998 ], [ 390957.590152000077069, 585437.999997999984771 ], [ 390957.190152000111993, 585437.999997999984771 ], [ 390957.190152000111993, 585438.599997999961488 ], [ 390957.990152000100352, 585439.599997999961488 ], [ 390957.590152000077069, 585441.599997999961488 ], [ 390958.190152000111993, 585442.399998 ], [ 390958.190152000111993, 585443.599997999961488 ], [ 390957.990152000100352, 585443.999997999984771 ], [ 390957.390152000123635, 585444.199997999938205 ], [ 390957.390152000123635, 585444.799998000031337 ], [ 390957.990152000100352, 585445.399998 ], [ 390957.990152000100352, 585447.199997999938205 ], [ 390957.590152000077069, 585447.799998000031337 ], [ 390957.990152000100352, 585447.799998000031337 ], [ 390958.190152000111993, 585448.199997999938205 ], [ 390958.190152000111993, 585449.799998000031337 ], [ 390957.190152000111993, 585450.599997999961488 ], [ 390957.190152000111993, 585451.199997999938205 ], [ 390957.990152000100352, 585451.999997999984771 ], [ 390957.590152000077069, 585453.999997999984771 ], [ 390957.990152000100352, 585454.199997999938205 ], [ 390958.190152000111993, 585454.799998000031337 ], [ 390958.190152000111993, 585455.999997999984771 ], [ 390957.990152000100352, 585456.399998 ], [ 390957.390152000123635, 585456.599997999961488 ], [ 390957.190152000111993, 585457.199997999938205 ], [ 390957.990152000100352, 585458.199997999938205 ], [ 390957.79015200008871, 585460.399998 ], [ 390958.190152000111993, 585460.599997999961488 ], [ 390958.190152000111993, 585462.199997999938205 ], [ 390956.990152000100352, 585462.999997999984771 ], [ 390956.990152000100352, 585463.799998000031337 ], [ 390957.79015200008871, 585464.399998 ], [ 390957.590152000077069, 585466.599997999961488 ], [ 390957.990152000100352, 585466.799998000031337 ], [ 390958.190152000111993, 585468.199997999938205 ], [ 390957.590152000077069, 585468.999997999984771 ], [ 390957.190152000111993, 585468.999997999984771 ], [ 390956.990152000100352, 585469.999997999984771 ], [ 390957.79015200008871, 585470.599997999961488 ], [ 390957.590152000077069, 585472.799998000031337 ], [ 390958.190152000111993, 585473.399998 ], [ 390958.190152000111993, 585474.599997999961488 ], [ 390956.79015200008871, 585475.599997999961488 ], [ 390956.79015200008871, 585476.399998 ], [ 390957.79015200008871, 585477.199997999938205 ], [ 390957.390152000123635, 585479.199997999938205 ], [ 390957.990152000100352, 585479.599997999961488 ], [ 390958.190152000111993, 585480.199997999938205 ], [ 390957.990152000100352, 585480.999997999984771 ], [ 390956.990152000100352, 585481.799998000031337 ], [ 390957.190152000111993, 585482.799998000031337 ], [ 390957.990152000100352, 585483.599997999961488 ], [ 390957.390152000123635, 585485.399998 ], [ 390958.190152000111993, 585486.199997999938205 ], [ 390958.190152000111993, 585486.999997999984771 ], [ 390956.79015200008871, 585487.799998000031337 ], [ 390956.390152000123635, 585489.599997999961488 ], [ 390955.190152000111993, 585489.599997999961488 ], [ 390954.590152000077069, 585488.799998000031337 ], [ 390954.190152000111993, 585487.199997999938205 ], [ 390953.390152000123635, 585486.999997999984771 ], [ 390952.990152000100352, 585487.599997999961488 ], [ 390952.79015200008871, 585489.399998 ], [ 390952.390152000123635, 585489.599997999961488 ], [ 390952.390152000123635, 585490.199997999938205 ], [ 390952.79015200008871, 585490.599997999961488 ], [ 390952.79015200008871, 585491.999997999984771 ], [ 390951.990152000100352, 585492.999997999984771 ], [ 390952.79015200008871, 585493.599997999961488 ], [ 390952.990152000100352, 585494.999997999984771 ], [ 390952.79015200008871, 585495.599997999961488 ], [ 390951.990152000100352, 585496.199997999938205 ], [ 390952.390152000123635, 585496.199997999938205 ], [ 390952.79015200008871, 585496.999997999984771 ], [ 390952.79015200008871, 585497.999997999984771 ], [ 390952.190152000111993, 585498.799998000031337 ], [ 390951.590152000077069, 585498.999997999984771 ], [ 390951.590152000077069, 585499.399998 ], [ 390952.390152000123635, 585499.599997999961488 ], [ 390952.990152000100352, 585500.799998000031337 ], [ 390952.79015200008871, 585501.599997999961488 ], [ 390951.590152000077069, 585502.399998 ], [ 390952.590152000077069, 585502.999997999984771 ], [ 390952.79015200008871, 585504.199997999938205 ], [ 390951.390152000123635, 585505.199997999938205 ], [ 390951.390152000123635, 585505.599997999961488 ], [ 390952.390152000123635, 585505.999997999984771 ], [ 390952.990152000100352, 585507.199997999938205 ], [ 390952.390152000123635, 585508.199997999938205 ], [ 390951.390152000123635, 585508.399998 ], [ 390951.390152000123635, 585508.799998000031337 ], [ 390952.590152000077069, 585509.799998000031337 ], [ 390952.590152000077069, 585510.399998 ], [ 390951.590152000077069, 585510.799998000031337 ], [ 390950.990152000100352, 585511.799998000031337 ], [ 390951.390152000123635, 585512.399998 ], [ 390952.190152000111993, 585512.599997999961488 ], [ 390952.590152000077069, 585513.399998 ], [ 390952.390152000123635, 585513.799998000031337 ], [ 390950.590152000077069, 585514.399998 ], [ 390950.79015200008871, 585515.599997999961488 ], [ 390951.190152000111993, 585515.999997999984771 ], [ 390951.79015200008871, 585515.999997999984771 ], [ 390951.990152000100352, 585516.599997999961488 ], [ 390951.390152000123635, 585516.599997999961488 ], [ 390950.590152000077069, 585517.199997999938205 ], [ 390950.390152000123635, 585518.399998 ], [ 390949.190152000111993, 585518.999997999984771 ], [ 390948.990152000100352, 585520.199997999938205 ], [ 390948.590152000077069, 585520.599997999961488 ], [ 390946.390152000123635, 585520.799998000031337 ], [ 390946.390152000123635, 585521.399998 ], [ 390948.190152000111993, 585521.399998 ], [ 390949.390152000123635, 585521.799998000031337 ], [ 390949.590152000077069, 585522.799998000031337 ], [ 390949.990152000100352, 585523.199997999938205 ], [ 390949.990152000100352, 585524.399998 ], [ 390948.390152000123635, 585523.599997999961488 ], [ 390947.190152000111993, 585523.599997999961488 ], [ 390946.390152000123635, 585523.199997999938205 ], [ 390946.190152000111993, 585521.999997999984771 ], [ 390945.590152000077069, 585521.799998000031337 ], [ 390945.190152000111993, 585522.999997999984771 ], [ 390943.390152000123635, 585523.399998 ], [ 390942.590152000077069, 585524.599997999961488 ], [ 390940.79015200008871, 585524.599997999961488 ], [ 390940.590152000077069, 585524.199997999938205 ], [ 390939.79015200008871, 585523.999997999984771 ], [ 390938.990152000100352, 585524.799998000031337 ], [ 390937.190152000111993, 585524.999997999984771 ], [ 390936.590152000077069, 585526.199997999938205 ], [ 390935.990152000100352, 585526.199997999938205 ], [ 390935.590152000077069, 585525.799998000031337 ], [ 390935.590152000077069, 585525.199997999938205 ], [ 390935.190152000111993, 585524.999997999984771 ], [ 390933.190152000111993, 585524.999997999984771 ], [ 390932.590152000077069, 585525.199997999938205 ], [ 390932.390152000123635, 585525.599997999961488 ], [ 390931.190152000111993, 585524.999997999984771 ], [ 390929.590152000077069, 585524.999997999984771 ], [ 390928.79015200008871, 585526.199997999938205 ], [ 390927.990152000100352, 585526.199997999938205 ], [ 390927.79015200008871, 585525.399998 ], [ 390927.190152000111993, 585524.999997999984771 ], [ 390925.390152000123635, 585524.999997999984771 ], [ 390924.79015200008871, 585525.199997999938205 ], [ 390924.590152000077069, 585525.599997999961488 ], [ 390921.79015200008871, 585525.399998 ], [ 390921.190152000111993, 585526.199997999938205 ], [ 390920.190152000111993, 585526.199997999938205 ], [ 390919.390152000123635, 585525.199997999938205 ], [ 390917.390152000123635, 585525.199997999938205 ], [ 390916.79015200008871, 585525.799998000031337 ], [ 390914.590152000077069, 585525.399998 ], [ 390914.190152000111993, 585525.999997999984771 ], [ 390914.390152000123635, 585526.399998 ], [ 390914.990152000100352, 585526.599997999961488 ], [ 390914.990152000100352, 585527.799998000031337 ], [ 390914.590152000077069, 585527.999997999984771 ], [ 390913.990152000100352, 585527.599997999961488 ], [ 390913.990152000100352, 585526.999997999984771 ], [ 390913.590152000077069, 585526.599997999961488 ], [ 390911.990152000100352, 585526.399998 ], [ 390911.390152000123635, 585525.199997999938205 ], [ 390909.79015200008871, 585525.199997999938205 ], [ 390908.990152000100352, 585525.999997999984771 ], [ 390908.190152000111993, 585525.999997999984771 ], [ 390907.590152000077069, 585525.599997999961488 ], [ 390906.390152000123635, 585525.799998000031337 ], [ 390906.590152000077069, 585526.399998 ], [ 390907.190152000111993, 585526.599997999961488 ], [ 390907.190152000111993, 585528.199997999938205 ], [ 390906.190152000111993, 585528.199997999938205 ], [ 390906.190152000111993, 585526.599997999961488 ], [ 390904.390152000123635, 585526.399998 ], [ 390904.190152000111993, 585525.799998000031337 ], [ 390903.390152000123635, 585525.199997999938205 ], [ 390901.990152000100352, 585525.199997999938205 ], [ 390900.990152000100352, 585525.999997999984771 ], [ 390899.990152000100352, 585525.399998 ], [ 390898.79015200008871, 585525.199997999938205 ], [ 390897.990152000100352, 585525.799998000031337 ], [ 390897.990152000100352, 585526.199997999938205 ], [ 390896.990152000100352, 585526.399998 ], [ 390896.390152000123635, 585525.999997999984771 ], [ 390896.190152000111993, 585525.399998 ], [ 390894.79015200008871, 585524.999997999984771 ], [ 390893.79015200008871, 585525.199997999938205 ], [ 390893.390152000123635, 585525.799998000031337 ], [ 390891.79015200008871, 585525.999997999984771 ], [ 390891.990152000100352, 585528.199997999938205 ], [ 390893.79015200008871, 585528.599997999961488 ], [ 390893.990152000100352, 585529.199997999938205 ], [ 390891.990152000100352, 585529.599997999961488 ], [ 390891.390152000123635, 585530.399998 ], [ 390891.390152000123635, 585530.999997999984771 ], [ 390890.79015200008871, 585530.799998000031337 ], [ 390890.590152000077069, 585529.999997999984771 ], [ 390887.990152000100352, 585529.799998000031337 ], [ 390887.79015200008871, 585531.199997999938205 ], [ 390886.990152000100352, 585531.199997999938205 ], [ 390886.390152000123635, 585529.999997999984771 ], [ 390884.190152000111993, 585529.799998000031337 ], [ 390883.590152000077069, 585529.199997999938205 ], [ 390883.590152000077069, 585528.799998000031337 ], [ 390883.190152000111993, 585528.799998000031337 ], [ 390882.79015200008871, 585529.599997999961488 ], [ 390880.590152000077069, 585529.999997999984771 ], [ 390880.190152000111993, 585530.399998 ], [ 390880.390152000123635, 585530.799998000031337 ], [ 390881.79015200008871, 585531.199997999938205 ], [ 390882.590152000077069, 585531.799998000031337 ], [ 390882.590152000077069, 585532.399998 ], [ 390882.190152000111993, 585532.799998000031337 ], [ 390879.590152000077069, 585533.399998 ], [ 390879.590152000077069, 585533.799998000031337 ], [ 390881.390152000123635, 585534.399998 ], [ 390881.79015200008871, 585535.199997999938205 ], [ 390877.190152000111993, 585535.799998000031337 ] ] ] } },
{ "type": "Feature", "properties": { "pred_id": "REG_CAD_050", "raw_pred_id": "RAW_SAM2_050", "sam2_score": 0.72345757484436035, "mean_height_m": 5.1569056510925293, "max_height_m": 7.9315142631530762, "reg_area_m2": 34.320000000147843, "vertex_count_raw": 86, "vertex_count_reg": 20, "ortho_ratio_raw": 1.0, "ortho_ratio_reg": 0.1, "is_canonical_rect": false }, "geometry": { "type": "Polygon", "coordinates": [ [ [ 390986.190152000111993, 585539.999997999984771 ], [ 390984.79015200008871, 585539.599997999961488 ], [ 390984.190152000111993, 585538.799998000031337 ], [ 390983.390152000123635, 585538.399998 ], [ 390982.590152000077069, 585538.399998 ], [ 390981.79015200008871, 585537.599997999961488 ], [ 390980.990152000100352, 585537.599997999961488 ], [ 390979.990152000100352, 585536.599997999961488 ], [ 390980.990152000100352, 585535.399998 ], [ 390982.190152000111993, 585534.799998000031337 ], [ 390984.390152000123635, 585534.599997999961488 ], [ 390984.79015200008871, 585534.199997999938205 ], [ 390985.79015200008871, 585534.599997999961488 ], [ 390986.990152000100352, 585534.599997999961488 ], [ 390987.190152000111993, 585534.999997999984771 ], [ 390987.79015200008871, 585535.199997999938205 ], [ 390987.990152000100352, 585536.199997999938205 ], [ 390989.190152000111993, 585536.599997999961488 ], [ 390988.990152000100352, 585538.999997999984771 ], [ 390988.190152000111993, 585539.799998000031337 ], [ 390986.190152000111993, 585539.999997999984771 ] ] ] } },
{ "type": "Feature", "properties": { "pred_id": "REG_CAD_051", "raw_pred_id": "RAW_SAM2_051", "sam2_score": 0.7977331280708313, "mean_height_m": 8.5685100555419922, "max_height_m": 16.237443923950195, "reg_area_m2": 44.131552136993101, "vertex_count_raw": 80, "vertex_count_reg": 12, "ortho_ratio_raw": 1.0, "ortho_ratio_reg": 1.0, "is_canonical_rect": false }, "geometry": { "type": "Polygon", "coordinates": [ [ [ 390721.890157294692472, 585536.900000019697472 ], [ 390721.890126356622204, 585528.244232661207207 ], [ 390720.390138395829126, 585528.244237841106951 ], [ 390720.390138395829126, 585528.899983398267068 ], [ 390718.390149638697039, 585528.899983398267068 ], [ 390718.390149638697039, 585529.404972397373058 ], [ 390716.840147736424115, 585529.404975760611705 ], [ 390716.840147736424115, 585530.999986761366017 ], [ 390715.740144872863311, 585530.999986761366017 ], [ 390715.740126891469117, 585535.99998890038114 ], [ 390719.028269440808799, 585535.999939106404781 ], [ 390719.028279825404752, 585536.899990452104248 ], [ 390721.890157294692472, 585536.900000019697472 ] ] ] } },
{ "type": "Feature", "properties": { "pred_id": "REG_CAD_052", "raw_pred_id": "RAW_SAM2_052", "sam2_score": 0.66034621000289917, "mean_height_m": 5.0744214057922363, "max_height_m": 8.3232583999633789, "reg_area_m2": 103.71999999983353, "vertex_count_raw": 114, "vertex_count_reg": 26, "ortho_ratio_raw": 1.0, "ortho_ratio_reg": 0.0, "is_canonical_rect": false }, "geometry": { "type": "Polygon", "coordinates": [ [ [ 390970.190152000111993, 585531.799998000031337 ], [ 390964.190152000111993, 585531.399998 ], [ 390962.390152000123635, 585530.599997999961488 ], [ 390962.190152000111993, 585527.199997999938205 ], [ 390962.590152000077069, 585525.399998 ], [ 390962.990152000100352, 585524.999997999984771 ], [ 390964.390152000123635, 585524.599997999961488 ], [ 390965.390152000123635, 585523.599997999961488 ], [ 390967.590152000077069, 585524.199997999938205 ], [ 390967.590152000077069, 585523.799998000031337 ], [ 390967.990152000100352, 585523.599997999961488 ], [ 390969.390152000123635, 585523.399998 ], [ 390970.79015200008871, 585523.799998000031337 ], [ 390971.190152000111993, 585524.399998 ], [ 390973.390152000123635, 585523.799998000031337 ], [ 390974.190152000111993, 585524.799998000031337 ], [ 390975.590152000077069, 585524.999997999984771 ], [ 390976.79015200008871, 585525.799998000031337 ], [ 390977.390152000123635, 585526.999997999984771 ], [ 390977.390152000123635, 585527.999997999984771 ], [ 390976.990152000100352, 585528.599997999961488 ], [ 390976.990152000100352, 585529.999997999984771 ], [ 390976.590152000077069, 585530.599997999961488 ], [ 390975.990152000100352, 585530.599997999961488 ], [ 390975.190152000111993, 585531.199997999938205 ], [ 390972.590152000077069, 585531.199997999938205 ], [ 390970.190152000111993, 585531.799998000031337 ] ] ] } },
{ "type": "Feature", "properties": { "pred_id": "REG_CAD_053", "raw_pred_id": "RAW_SAM2_053", "sam2_score": 0.63374906778335571, "mean_height_m": 4.1911182403564453, "max_height_m": 6.1341800689697266, "reg_area_m2": 156.37999999992778, "vertex_count_raw": 200, "vertex_count_reg": 48, "ortho_ratio_raw": 1.0, "ortho_ratio_reg": 0.14583333333333334, "is_canonical_rect": false }, "geometry": { "type": "Polygon", "coordinates": [ [ [ 391105.79015200008871, 585530.999997999984771 ], [ 391104.79015200008871, 585530.599997999961488 ], [ 391104.590152000077069, 585529.999997999984771 ], [ 391103.190152000111993, 585528.999997999984771 ], [ 391103.590152000077069, 585528.399998 ], [ 391104.590152000077069, 585527.999997999984771 ], [ 391104.79015200008871, 585527.599997999961488 ], [ 391104.590152000077069, 585526.599997999961488 ], [ 391103.390152000123635, 585525.999997999984771 ], [ 391103.190152000111993, 585525.599997999961488 ], [ 391101.990152000100352, 585525.399998 ], [ 391101.190152000111993, 585524.399998 ], [ 391101.190152000111993, 585519.399998 ], [ 391101.590152000077069, 585518.999997999984771 ], [ 391101.590152000077069, 585517.999997999984771 ], [ 391101.990152000100352, 585517.199997999938205 ], [ 391102.79015200008871, 585517.199997999938205 ], [ 391103.390152000123635, 585518.399998 ], [ 391104.390152000123635, 585518.399998 ], [ 391104.590152000077069, 585517.599997999961488 ], [ 391104.190152000111993, 585516.199997999938205 ], [ 391104.79015200008871, 585514.799998000031337 ], [ 391103.990152000100352, 585513.199997999938205 ], [ 391105.190152000111993, 585512.799998000031337 ], [ 391106.190152000111993, 585511.399998 ], [ 391106.390152000123635, 585511.999997999984771 ], [ 391107.390152000123635, 585512.399998 ], [ 391110.990152000100352, 585512.399998 ], [ 391111.990152000100352, 585512.799998000031337 ], [ 391112.190152000111993, 585513.199997999938205 ], [ 391111.390152000123635, 585514.999997999984771 ], [ 391112.190152000111993, 585516.199997999938205 ], [ 391111.990152000100352, 585517.999997999984771 ], [ 391112.590152000077069, 585518.999997999984771 ], [ 391112.390152000123635, 585520.599997999961488 ], [ 391111.79015200008871, 585520.999997999984771 ], [ 391112.590152000077069, 585522.199997999938205 ], [ 391112.590152000077069, 585524.199997999938205 ], [ 391112.190152000111993, 585524.599997999961488 ], [ 391111.990152000100352, 585525.799998000031337 ], [ 391111.190152000111993, 585525.999997999984771 ], [ 391110.590152000077069, 585526.599997999961488 ], [ 391110.390152000123635, 585528.999997999984771 ], [ 391109.990152000100352, 585528.999997999984771 ], [ 391109.79015200008871, 585529.799998000031337 ], [ 391107.990152000100352, 585529.799998000031337 ], [ 391107.190152000111993, 585530.199997999938205 ], [ 391107.190152000111993, 585530.599997999961488 ], [ 391105.79015200008871, 585530.999997999984771 ] ] ] } },
{ "type": "Feature", "properties": { "pred_id": "REG_CAD_054", "raw_pred_id": "RAW_SAM2_054", "sam2_score": 0.68031370639801025, "mean_height_m": 6.7359786033630371, "max_height_m": 13.148876190185547, "reg_area_m2": 693.59999999987213, "vertex_count_raw": 430, "vertex_count_reg": 98, "ortho_ratio_raw": 1.0, "ortho_ratio_reg": 0.11224489795918367, "is_canonical_rect": false }, "geometry": { "type": "Polygon", "coordinates": [ [ [ 390681.990152000100352, 585526.399998 ], [ 390680.390152000123635, 585525.199997999938205 ], [ 390678.990152000100352, 585525.399998 ], [ 390678.590152000077069, 585525.799998000031337 ], [ 390675.590152000077069, 585525.599997999961488 ], [ 390674.390152000123635, 585525.999997999984771 ], [ 390673.190152000111993, 585523.999997999984771 ], [ 390672.79015200008871, 585523.999997999984771 ], [ 390672.390152000123635, 585523.399998 ], [ 390669.79015200008871, 585522.799998000031337 ], [ 390669.590152000077069, 585521.599997999961488 ], [ 390667.990152000100352, 585521.599997999961488 ], [ 390667.590152000077069, 585521.199997999938205 ], [ 390667.590152000077069, 585520.599997999961488 ], [ 390666.390152000123635, 585519.999997999984771 ], [ 390665.79015200008871, 585518.999997999984771 ], [ 390664.190152000111993, 585518.599997999961488 ], [ 390663.590152000077069, 585517.999997999984771 ], [ 390663.390152000123635, 585517.199997999938205 ], [ 390662.590152000077069, 585516.999997999984771 ], [ 390662.390152000123635, 585515.999997999984771 ], [ 390663.190152000111993, 585515.599997999961488 ], [ 390663.590152000077069, 585513.999997999984771 ], [ 390664.990152000100352, 585513.599997999961488 ], [ 390664.990152000100352, 585512.799998000031337 ], [ 390663.990152000100352, 585512.199997999938205 ], [ 390663.990152000100352, 585510.999997999984771 ], [ 390664.990152000100352, 585510.399998 ], [ 390664.990152000100352, 585509.799998000031337 ], [ 390664.190152000111993, 585509.199997999938205 ], [ 390664.390152000123635, 585508.199997999938205 ], [ 390666.190152000111993, 585508.199997999938205 ], [ 390666.390152000123635, 585506.799998000031337 ], [ 390667.590152000077069, 585506.799998000031337 ], [ 390668.190152000111993, 585507.199997999938205 ], [ 390672.190152000111993, 585506.799998000031337 ], [ 390672.79015200008871, 585505.999997999984771 ], [ 390675.190152000111993, 585505.599997999961488 ], [ 390675.190152000111993, 585505.199997999938205 ], [ 390675.990152000100352, 585504.599997999961488 ], [ 390676.79015200008871, 585504.799998000031337 ], [ 390677.590152000077069, 585505.799998000031337 ], [ 390678.190152000111993, 585505.999997999984771 ], [ 390680.190152000111993, 585504.999997999984771 ], [ 390681.390152000123635, 585505.199997999938205 ], [ 390681.590152000077069, 585505.599997999961488 ], [ 390682.590152000077069, 585505.599997999961488 ], [ 390682.79015200008871, 585504.399998 ], [ 390684.390152000123635, 585504.399998 ], [ 390684.990152000100352, 585505.599997999961488 ], [ 390685.590152000077069, 585505.999997999984771 ], [ 390687.390152000123635, 585505.999997999984771 ], [ 390688.190152000111993, 585505.599997999961488 ], [ 390688.590152000077069, 585505.999997999984771 ], [ 390690.590152000077069, 585506.199997999938205 ], [ 390691.990152000100352, 585505.599997999961488 ], [ 390693.590152000077069, 585506.399998 ], [ 390698.390152000123635, 585506.399998 ], [ 390700.390152000123635, 585506.999997999984771 ], [ 390701.79015200008871, 585506.999997999984771 ], [ 390700.590152000077069, 585507.399998 ], [ 390699.990152000100352, 585507.999997999984771 ], [ 390699.990152000100352, 585508.599997999961488 ], [ 390702.190152000111993, 585509.999997999984771 ], [ 390702.190152000111993, 585510.399998 ], [ 390701.390152000123635, 585511.199997999938205 ], [ 390701.390152000123635, 585511.799998000031337 ], [ 390703.390152000123635, 585513.199997999938205 ], [ 390702.990152000100352, 585514.199997999938205 ], [ 390702.190152000111993, 585514.799998000031337 ], [ 390703.590152000077069, 585515.999997999984771 ], [ 390703.390152000123635, 585516.999997999984771 ], [ 390702.390152000123635, 585517.799998000031337 ], [ 390702.79015200008871, 585519.599997999961488 ], [ 390702.390152000123635, 585519.799998000031337 ], [ 390701.79015200008871, 585520.999997999984771 ], [ 390701.190152000111993, 585520.999997999984771 ], [ 390701.79015200008871, 585521.199997999938205 ], [ 390701.990152000100352, 585521.799998000031337 ], [ 390702.79015200008871, 585522.399998 ], [ 390702.590152000077069, 585522.999997999984771 ], [ 390702.190152000111993, 585522.999997999984771 ], [ 390701.990152000100352, 585523.399998 ], [ 390699.79015200008871, 585523.599997999961488 ], [ 390699.390152000123635, 585524.199997999938205 ], [ 390698.590152000077069, 585524.399998 ], [ 390697.990152000100352, 585524.999997999984771 ], [ 390696.990152000100352, 585524.599997999961488 ], [ 390695.390152000123635, 585524.599997999961488 ], [ 390694.390152000123635, 585524.999997999984771 ], [ 390694.190152000111993, 585525.399998 ], [ 390691.390152000123635, 585525.199997999938205 ], [ 390690.390152000123635, 585525.799998000031337 ], [ 390687.990152000100352, 585525.199997999938205 ], [ 390686.79015200008871, 585525.599997999961488 ], [ 390686.190152000111993, 585526.199997999938205 ], [ 390683.990152000100352, 585525.799998000031337 ], [ 390683.590152000077069, 585526.199997999938205 ], [ 390681.990152000100352, 585526.399998 ] ] ] } },
{ "type": "Feature", "properties": { "pred_id": "REG_CAD_055", "raw_pred_id": "RAW_SAM2_055", "sam2_score": 0.83613568544387817, "mean_height_m": 3.8131415843963623, "max_height_m": 6.3776741027832031, "reg_area_m2": 76.640000000156022, "vertex_count_raw": 82, "vertex_count_reg": 24, "ortho_ratio_raw": 1.0, "ortho_ratio_reg": 0.125, "is_canonical_rect": false }, "geometry": { "type": "Polygon", "coordinates": [ [ [ 390652.390152000123635, 585524.399998 ], [ 390652.190152000111993, 585523.799998000031337 ], [ 390651.79015200008871, 585523.799998000031337 ], [ 390651.190152000111993, 585523.199997999938205 ], [ 390649.990152000100352, 585523.199997999938205 ], [ 390649.990152000100352, 585509.199997999938205 ], [ 390652.990152000100352, 585508.999997999984771 ], [ 390653.190152000111993, 585509.399998 ], [ 390654.990152000100352, 585510.199997999938205 ], [ 390654.990152000100352, 585511.599997999961488 ], [ 390655.79015200008871, 585513.199997999938205 ], [ 390655.390152000123635, 585514.999997999984771 ], [ 390655.990152000100352, 585515.999997999984771 ], [ 390655.990152000100352, 585516.999997999984771 ], [ 390655.390152000123635, 585519.799998000031337 ], [ 390654.990152000100352, 585520.599997999961488 ], [ 390654.390152000123635, 585520.999997999984771 ], [ 390655.190152000111993, 585522.199997999938205 ], [ 390655.190152000111993, 585522.799998000031337 ], [ 390654.990152000100352, 585523.199997999938205 ], [ 390654.190152000111993, 585523.199997999938205 ], [ 390653.990152000100352, 585523.599997999961488 ], [ 390653.590152000077069, 585523.599997999961488 ], [ 390653.190152000111993, 585524.399998 ], [ 390652.390152000123635, 585524.399998 ] ] ] } },
{ "type": "Feature", "properties": { "pred_id": "REG_CAD_056", "raw_pred_id": "RAW_SAM2_056", "sam2_score": 0.80469268560409546, "mean_height_m": 7.9505133628845215, "max_height_m": 15.562616348266602, "reg_area_m2": 51.862423925076889, "vertex_count_raw": 86, "vertex_count_reg": 18, "ortho_ratio_raw": 1.0, "ortho_ratio_reg": 1.0, "is_canonical_rect": false }, "geometry": { "type": "Polygon", "coordinates": [ [ [ 390879.637354767823126, 585517.199972750735469 ], [ 390883.339175638218876, 585517.199956688913517 ], [ 390883.33916347293416, 585516.849961761501618 ], [ 390885.990157315274701, 585516.849975530989468 ], [ 390885.990095421031583, 585509.836904993513599 ], [ 390884.690126278554089, 585509.836896212771535 ], [ 390884.690126278554089, 585510.499969438416883 ], [ 390883.290132470196113, 585510.499969438416883 ], [ 390883.290132470196113, 585511.313703620340675 ], [ 390881.890142625838052, 585511.313706944347359 ], [ 390881.890142625838052, 585509.630667626392096 ], [ 390880.19015425053658, 585509.630680245347321 ], [ 390880.19015425053658, 585511.252161260694265 ], [ 390878.740128134493716, 585511.252141530741937 ], [ 390878.74010545091005, 585513.079723165486939 ], [ 390877.540138776006643, 585513.07973586616572 ], [ 390877.540134214330465, 585516.799991299747489 ], [ 390879.637353380559944, 585516.799973002402112 ], [ 390879.637354767823126, 585517.199972750735469 ] ] ] } },
{ "type": "Feature", "properties": { "pred_id": "REG_CAD_057", "raw_pred_id": "RAW_SAM2_057", "sam2_score": 0.77306783199310303, "mean_height_m": 4.5964460372924805, "max_height_m": 6.3318309783935547, "reg_area_m2": 107.57538121063158, "vertex_count_raw": 108, "vertex_count_reg": 14, "ortho_ratio_raw": 1.0, "ortho_ratio_reg": 1.0, "is_canonical_rect": false }, "geometry": { "type": "Polygon", "coordinates": [ [ [ 390703.076601761102211, 585505.476201687357388 ], [ 390710.176767239754554, 585505.600100036943331 ], [ 390710.394530114950612, 585493.124473276664503 ], [ 390708.279015234787948, 585493.087564389454201 ], [ 390708.31178947846638, 585491.209929225035012 ], [ 390706.602714542124886, 585491.180098741431721 ], [ 390706.588099343469366, 585492.017402912257239 ], [ 390704.592179857136216, 585491.982564007979818 ], [ 390704.581410651095212, 585492.599531406187452 ], [ 390703.193174951768015, 585492.575282705831341 ], [ 390703.159923164639622, 585494.478966062422842 ], [ 390701.900468278094195, 585494.456980025861412 ], [ 390701.735470734070987, 585503.907984976889566 ], [ 390703.103544876503292, 585503.93185566586908 ], [ 390703.076601761102211, 585505.476201687357388 ] ] ] } },
{ "type": "Feature", "properties": { "pred_id": "REG_CAD_058", "raw_pred_id": "RAW_SAM2_058", "sam2_score": 0.76416373252868652, "mean_height_m": 4.6243729591369629, "max_height_m": 10.369933128356934, "reg_area_m2": 46.334024330772394, "vertex_count_raw": 90, "vertex_count_reg": 14, "ortho_ratio_raw": 1.0, "ortho_ratio_reg": 1.0, "is_canonical_rect": false }, "geometry": { "type": "Polygon", "coordinates": [ [ [ 390878.659896701981779, 585503.482760575483553 ], [ 390883.890414013585541, 585502.370955219608732 ], [ 390883.49536432698369, 585500.512392568984069 ], [ 390883.89192754146643, 585500.428334200172685 ], [ 390883.573034030210692, 585498.928025057073683 ], [ 390884.085504950839095, 585498.81909600016661 ], [ 390883.694782037811819, 585496.98088921897579 ], [ 390884.49272763740737, 585496.81128064612858 ], [ 390884.194393543177284, 585495.407770889112726 ], [ 390881.984407036972698, 585495.877477829460986 ], [ 390881.677939296409022, 585494.435654459055513 ], [ 390878.07775188528467, 585495.200824942323379 ], [ 390878.392696196096949, 585496.68252142961137 ], [ 390877.265410845633596, 585496.922163042472675 ], [ 390878.659896701981779, 585503.482760575483553 ] ] ] } },
{ "type": "Feature", "properties": { "pred_id": "REG_CAD_059", "raw_pred_id": "RAW_SAM2_059", "sam2_score": 0.73850643634796143, "mean_height_m": 4.5350766181945801, "max_height_m": 6.2117047309875488, "reg_area_m2": 293.23999999982419, "vertex_count_raw": 186, "vertex_count_reg": 46, "ortho_ratio_raw": 1.0, "ortho_ratio_reg": 0.065217391304347824, "is_canonical_rect": false }, "geometry": { "type": "Polygon", "coordinates": [ [ [ 390703.190152000111993, 585498.999997999984771 ], [ 390702.590152000077069, 585498.599997999961488 ], [ 390700.79015200008871, 585498.399998 ], [ 390699.79015200008871, 585497.399998 ], [ 390699.190152000111993, 585497.399998 ], [ 390698.590152000077069, 585496.799998000031337 ], [ 390698.190152000111993, 585495.599997999961488 ], [ 390697.190152000111993, 585495.199997999938205 ], [ 390696.990152000100352, 585494.399998 ], [ 390695.79015200008871, 585493.999997999984771 ], [ 390694.990152000100352, 585492.999997999984771 ], [ 390694.590152000077069, 585490.799998000031337 ], [ 390695.190152000111993, 585488.799998000031337 ], [ 390695.190152000111993, 585486.199997999938205 ], [ 390695.590152000077069, 585485.399998 ], [ 390696.190152000111993, 585485.199997999938205 ], [ 390695.590152000077069, 585483.599997999961488 ], [ 390696.590152000077069, 585483.399998 ], [ 390696.990152000100352, 585483.799998000031337 ], [ 390698.190152000111993, 585483.799998000031337 ], [ 390698.190152000111993, 585482.999997999984771 ], [ 390698.590152000077069, 585482.399998 ], [ 390699.990152000100352, 585482.399998 ], [ 390700.190152000111993, 585481.999997999984771 ], [ 390700.79015200008871, 585481.799998000031337 ], [ 390703.190152000111993, 585481.399998 ], [ 390707.79015200008871, 585481.399998 ], [ 390710.390152000123635, 585481.799998000031337 ], [ 390710.990152000100352, 585482.199997999938205 ], [ 390711.190152000111993, 585482.799998000031337 ], [ 390711.990152000100352, 585482.999997999984771 ], [ 390712.590152000077069, 585484.199997999938205 ], [ 390713.590152000077069, 585484.199997999938205 ], [ 390714.990152000100352, 585485.199997999938205 ], [ 390714.990152000100352, 585488.399998 ], [ 390714.390152000123635, 585489.999997999984771 ], [ 390714.79015200008871, 585490.399998 ], [ 390715.190152000111993, 585492.999997999984771 ], [ 390714.590152000077069, 585493.399998 ], [ 390714.390152000123635, 585494.399998 ], [ 390713.590152000077069, 585495.399998 ], [ 390712.390152000123635, 585495.399998 ], [ 390711.590152000077069, 585495.999997999984771 ], [ 390711.390152000123635, 585497.799998000031337 ], [ 390710.390152000123635, 585498.599997999961488 ], [ 390707.79015200008871, 585498.999997999984771 ], [ 390703.190152000111993, 585498.999997999984771 ] ] ] } },
{ "type": "Feature", "properties": { "pred_id": "REG_CAD_060", "raw_pred_id": "RAW_SAM2_060", "sam2_score": 0.68230742216110229, "mean_height_m": 3.7666056156158447, "max_height_m": 5.8998813629150391, "reg_area_m2": 431.98000000043419, "vertex_count_raw": 424, "vertex_count_reg": 104, "ortho_ratio_raw": 1.0, "ortho_ratio_reg": 0.096153846153846159, "is_canonical_rect": false }, "geometry": { "type": "Polygon", "coordinates": [ [ [ 391105.990152000100352, 585494.999997999984771 ], [ 391105.590152000077069, 585494.599997999961488 ], [ 391105.190152000111993, 585489.799998000031337 ], [ 391104.79015200008871, 585488.799998000031337 ], [ 391104.390152000123635, 585488.599997999961488 ], [ 391104.190152000111993, 585485.799998000031337 ], [ 391103.390152000123635, 585486.599997999961488 ], [ 391103.590152000077069, 585488.399998 ], [ 391103.190152000111993, 585488.399998 ], [ 391103.190152000111993, 585488.799998000031337 ], [ 391102.390152000123635, 585489.599997999961488 ], [ 391102.990152000100352, 585491.599997999961488 ], [ 391102.390152000123635, 585492.199997999938205 ], [ 391101.990152000100352, 585492.199997999938205 ], [ 391101.390152000123635, 585491.399998 ], [ 391101.990152000100352, 585490.199997999938205 ], [ 391101.990152000100352, 585489.399998 ], [ 391101.590152000077069, 585488.799998000031337 ], [ 391101.390152000123635, 585485.999997999984771 ], [ 391100.79015200008871, 585485.199997999938205 ], [ 391101.190152000111993, 585483.799998000031337 ], [ 391101.190152000111993, 585481.799998000031337 ], [ 391100.79015200008871, 585479.399998 ], [ 391100.390152000123635, 585478.999997999984771 ], [ 391100.79015200008871, 585477.599997999961488 ], [ 391100.590152000077069, 585475.199997999938205 ], [ 391100.990152000100352, 585474.599997999961488 ], [ 391100.990152000100352, 585473.599997999961488 ], [ 391100.590152000077069, 585472.799998000031337 ], [ 391100.79015200008871, 585472.399998 ], [ 391100.590152000077069, 585469.399998 ], [ 391100.990152000100352, 585469.199997999938205 ], [ 391101.390152000123635, 585466.999997999984771 ], [ 391101.79015200008871, 585466.599997999961488 ], [ 391101.79015200008871, 585466.199997999938205 ], [ 391101.190152000111993, 585465.599997999961488 ], [ 391101.190152000111993, 585463.199997999938205 ], [ 391101.79015200008871, 585462.399998 ], [ 391101.990152000100352, 585461.399998 ], [ 391102.590152000077069, 585461.799998000031337 ], [ 391102.990152000100352, 585462.799998000031337 ], [ 391103.79015200008871, 585463.199997999938205 ], [ 391104.590152000077069, 585462.999997999984771 ], [ 391105.390152000123635, 585462.199997999938205 ], [ 391105.79015200008871, 585459.999997999984771 ], [ 391107.390152000123635, 585459.999997999984771 ], [ 391106.990152000100352, 585460.799998000031337 ], [ 391106.990152000100352, 585461.799998000031337 ], [ 391107.590152000077069, 585462.199997999938205 ], [ 391108.590152000077069, 585462.199997999938205 ], [ 391109.990152000100352, 585461.599997999961488 ], [ 391110.79015200008871, 585461.599997999961488 ], [ 391111.79015200008871, 585459.599997999961488 ], [ 391113.190152000111993, 585459.799998000031337 ], [ 391113.990152000100352, 585459.999997999984771 ], [ 391114.190152000111993, 585461.999997999984771 ], [ 391114.590152000077069, 585462.799998000031337 ], [ 391115.190152000111993, 585463.199997999938205 ], [ 391114.390152000123635, 585464.399998 ], [ 391114.390152000123635, 585465.199997999938205 ], [ 391115.190152000111993, 585466.399998 ], [ 391114.79015200008871, 585467.199997999938205 ], [ 391114.79015200008871, 585468.199997999938205 ], [ 391115.990152000100352, 585469.399998 ], [ 391115.990152000100352, 585469.799998000031337 ], [ 391114.79015200008871, 585470.999997999984771 ], [ 391115.79015200008871, 585472.599997999961488 ], [ 391115.190152000111993, 585473.599997999961488 ], [ 391115.190152000111993, 585474.599997999961488 ], [ 391116.190152000111993, 585475.599997999961488 ], [ 391116.190152000111993, 585475.999997999984771 ], [ 391114.990152000100352, 585476.999997999984771 ], [ 391115.190152000111993, 585477.999997999984771 ], [ 391116.190152000111993, 585478.999997999984771 ], [ 391115.190152000111993, 585480.199997999938205 ], [ 391115.390152000123635, 585481.199997999938205 ], [ 391115.990152000100352, 585481.599997999961488 ], [ 391115.990152000100352, 585482.399998 ], [ 391115.590152000077069, 585482.399998 ], [ 391114.79015200008871, 585483.199997999938205 ], [ 391114.79015200008871, 585483.999997999984771 ], [ 391115.990152000100352, 585484.999997999984771 ], [ 391115.990152000100352, 585485.399998 ], [ 391115.590152000077069, 585485.399998 ], [ 391114.990152000100352, 585485.999997999984771 ], [ 391114.79015200008871, 585487.399998 ], [ 391115.990152000100352, 585487.999997999984771 ], [ 391115.990152000100352, 585488.399998 ], [ 391114.79015200008871, 585488.599997999961488 ], [ 391113.79015200008871, 585489.199997999938205 ], [ 391113.390152000123635, 585490.199997999938205 ], [ 391113.390152000123635, 585491.599997999961488 ], [ 391112.79015200008871, 585492.599997999961488 ], [ 391112.590152000077069, 585494.799998000031337 ], [ 391111.590152000077069, 585494.999997999984771 ], [ 391110.590152000077069, 585494.599997999961488 ], [ 391109.990152000100352, 585492.799998000031337 ], [ 391107.990152000100352, 585492.399998 ], [ 391106.990152000100352, 585492.799998000031337 ], [ 391106.990152000100352, 585493.199997999938205 ], [ 391107.79015200008871, 585493.799998000031337 ], [ 391109.190152000111993, 585493.999997999984771 ], [ 391109.390152000123635, 585494.599997999961488 ], [ 391108.390152000123635, 585494.999997999984771 ], [ 391105.990152000100352, 585494.999997999984771 ] ] ] } },
{ "type": "Feature", "properties": { "pred_id": "REG_CAD_061", "raw_pred_id": "RAW_SAM2_061", "sam2_score": 0.81292760372161865, "mean_height_m": 6.4844884872436523, "max_height_m": 10.318620681762695, "reg_area_m2": 45.034402646765734, "vertex_count_raw": 72, "vertex_count_reg": 62, "ortho_ratio_raw": 1.0, "ortho_ratio_reg": 0.0, "is_canonical_rect": false }, "geometry": { "type": "Polygon", "coordinates": [ [ [ 390888.273688014654908, 585486.859927077894099 ], [ 390888.249858914525248, 585486.435610636253841 ], [ 390888.207619451102801, 585486.155370107619092 ], [ 390888.105320424598176, 585485.742881105514243 ], [ 390887.95748051739065, 585485.344439602340572 ], [ 390887.834515291790012, 585485.089099679957144 ], [ 390887.615177855594084, 585484.725089572253637 ], [ 390887.44688568986021, 585484.497061784961261 ], [ 390887.163698371616192, 585484.180175029556267 ], [ 390886.846811620693188, 585483.896987715619616 ], [ 390886.618783833575435, 585483.728695549769327 ], [ 390886.254773727210704, 585483.509358114330098 ], [ 390885.868494440044742, 585483.332156027201563 ], [ 390885.600992301013321, 585483.238552980241366 ], [ 390885.188503293960821, 585483.13625395251438 ], [ 390884.767154077475425, 585483.080782275879756 ], [ 390884.200738575134892, 585483.080782275879756 ], [ 390883.779389358649496, 585483.13625395251438 ], [ 390883.366900351596996, 585483.238552980241366 ], [ 390883.099398212565575, 585483.332156027201563 ], [ 390882.713118925399613, 585483.509358114330098 ], [ 390882.349108819034882, 585483.728695549769327 ], [ 390882.121081031917129, 585483.896987715619616 ], [ 390881.804194280994125, 585484.180175029556267 ], [ 390881.521006962750107, 585484.497061784961261 ], [ 390881.352714797016233, 585484.725089572253637 ], [ 390881.133377360820305, 585485.089099679957144 ], [ 390881.010412135219667, 585485.344439602340572 ], [ 390880.862572228012141, 585485.742881105514243 ], [ 390880.760273201507516, 585486.155370107619092 ], [ 390880.718033738085069, 585486.435610636253841 ], [ 390880.694204637955409, 585486.859927077894099 ], [ 390880.718033738085069, 585487.284243519534357 ], [ 390880.760273201507516, 585487.564484048169106 ], [ 390880.862572228012141, 585487.976973050273955 ], [ 390881.010412135219667, 585488.375414553447627 ], [ 390881.133377360820305, 585488.630754475831054 ], [ 390881.352714797016233, 585488.994764583534561 ], [ 390881.521006962750107, 585489.222792370826937 ], [ 390881.804194280994125, 585489.539679126231931 ], [ 390882.121081031917129, 585489.822866440168582 ], [ 390882.349108819034882, 585489.991158606018871 ], [ 390882.713118925399613, 585490.2104960414581 ], [ 390883.099398212565575, 585490.387698128586635 ], [ 390883.366900351596996, 585490.481301175546832 ], [ 390883.779389358649496, 585490.583600203273818 ], [ 390884.200738575134892, 585490.639071879908442 ], [ 390884.767154077475425, 585490.639071879908442 ], [ 390885.188503293960821, 585490.583600203273818 ], [ 390885.600992301013321, 585490.481301175546832 ], [ 390885.868494440044742, 585490.387698128586635 ], [ 390886.254773727210704, 585490.2104960414581 ], [ 390886.618783833575435, 585489.991158606018871 ], [ 390886.846811620693188, 585489.822866440168582 ], [ 390887.163698371616192, 585489.539679126231931 ], [ 390887.44688568986021, 585489.222792370826937 ], [ 390887.615177855594084, 585488.994764583534561 ], [ 390887.834515291790012, 585488.630754475831054 ], [ 390887.95748051739065, 585488.375414553447627 ], [ 390888.105320424598176, 585487.976973050273955 ], [ 390888.207619451102801, 585487.564484048169106 ], [ 390888.249858914525248, 585487.284243519534357 ], [ 390888.273688014654908, 585486.859927077894099 ] ] ] } },
{ "type": "Feature", "properties": { "pred_id": "REG_CAD_062", "raw_pred_id": "RAW_SAM2_062", "sam2_score": 0.73139923810958862, "mean_height_m": 9.9264898300170898, "max_height_m": 20.815771102905273, "reg_area_m2": 868.27999999991039, "vertex_count_raw": 506, "vertex_count_reg": 108, "ortho_ratio_raw": 1.0, "ortho_ratio_reg": 0.055555555555555552, "is_canonical_rect": false }, "geometry": { "type": "Polygon", "coordinates": [ [ [ 390807.190152000111993, 585476.999997999984771 ], [ 390805.590152000077069, 585474.999997999984771 ], [ 390804.390152000123635, 585475.199997999938205 ], [ 390803.390152000123635, 585476.199997999938205 ], [ 390803.390152000123635, 585476.599997999961488 ], [ 390802.190152000111993, 585476.199997999938205 ], [ 390799.190152000111993, 585476.599997999961488 ], [ 390798.390152000123635, 585474.999997999984771 ], [ 390797.390152000123635, 585474.199997999938205 ], [ 390795.590152000077069, 585473.599997999961488 ], [ 390793.79015200008871, 585473.599997999961488 ], [ 390793.190152000111993, 585472.799998000031337 ], [ 390792.990152000100352, 585470.599997999961488 ], [ 390792.590152000077069, 585470.399998 ], [ 390792.590152000077069, 585469.999997999984771 ], [ 390790.590152000077069, 585468.599997999961488 ], [ 390789.590152000077069, 585468.599997999961488 ], [ 390788.590152000077069, 585467.399998 ], [ 390788.590152000077069, 585466.999997999984771 ], [ 390787.79015200008871, 585466.599997999961488 ], [ 390788.590152000077069, 585465.199997999938205 ], [ 390788.79015200008871, 585463.799998000031337 ], [ 390789.190152000111993, 585463.599997999961488 ], [ 390789.190152000111993, 585463.199997999938205 ], [ 390788.590152000077069, 585462.599997999961488 ], [ 390788.190152000111993, 585460.999997999984771 ], [ 390787.390152000123635, 585460.199997999938205 ], [ 390787.990152000100352, 585458.999997999984771 ], [ 390787.990152000100352, 585457.599997999961488 ], [ 390788.390152000123635, 585456.399998 ], [ 390788.390152000123635, 585455.199997999938205 ], [ 390787.590152000077069, 585453.599997999961488 ], [ 390787.990152000100352, 585453.199997999938205 ], [ 390788.190152000111993, 585450.799998000031337 ], [ 390788.79015200008871, 585449.999997999984771 ], [ 390788.990152000100352, 585448.199997999938205 ], [ 390789.390152000123635, 585447.799998000031337 ], [ 390788.590152000077069, 585446.599997999961488 ], [ 390788.590152000077069, 585445.799998000031337 ], [ 390789.590152000077069, 585444.599997999961488 ], [ 390790.390152000123635, 585444.199997999938205 ], [ 390791.590152000077069, 585444.199997999938205 ], [ 390792.79015200008871, 585443.599997999961488 ], [ 390793.390152000123635, 585442.199997999938205 ], [ 390793.79015200008871, 585442.199997999938205 ], [ 390794.390152000123635, 585443.399998 ], [ 390795.990152000100352, 585443.599997999961488 ], [ 390797.190152000111993, 585442.999997999984771 ], [ 390797.390152000123635, 585442.599997999961488 ], [ 390798.79015200008871, 585442.399998 ], [ 390798.79015200008871, 585441.399998 ], [ 390799.190152000111993, 585440.799998000031337 ], [ 390801.590152000077069, 585440.799998000031337 ], [ 390802.390152000123635, 585441.399998 ], [ 390802.590152000077069, 585442.799998000031337 ], [ 390802.990152000100352, 585443.199997999938205 ], [ 390803.990152000100352, 585443.199997999938205 ], [ 390804.990152000100352, 585442.599997999961488 ], [ 390806.390152000123635, 585442.399998 ], [ 390806.590152000077069, 585441.399998 ], [ 390806.990152000100352, 585440.999997999984771 ], [ 390807.990152000100352, 585440.999997999984771 ], [ 390809.190152000111993, 585441.199997999938205 ], [ 390809.590152000077069, 585441.799998000031337 ], [ 390809.79015200008871, 585443.199997999938205 ], [ 390810.190152000111993, 585443.199997999938205 ], [ 390810.79015200008871, 585443.799998000031337 ], [ 390812.990152000100352, 585444.199997999938205 ], [ 390815.190152000111993, 585443.999997999984771 ], [ 390815.990152000100352, 585444.399998 ], [ 390815.79015200008871, 585445.199997999938205 ], [ 390814.79015200008871, 585446.199997999938205 ], [ 390815.190152000111993, 585446.199997999938205 ], [ 390816.390152000123635, 585447.399998 ], [ 390815.990152000100352, 585449.399998 ], [ 390816.590152000077069, 585449.599997999961488 ], [ 390816.590152000077069, 585449.999997999984771 ], [ 390817.190152000111993, 585450.599997999961488 ], [ 390816.79015200008871, 585452.599997999961488 ], [ 390817.390152000123635, 585453.799998000031337 ], [ 390816.990152000100352, 585454.999997999984771 ], [ 390816.990152000100352, 585455.999997999984771 ], [ 390817.390152000123635, 585456.599997999961488 ], [ 390816.990152000100352, 585458.199997999938205 ], [ 390817.390152000123635, 585460.599997999961488 ], [ 390816.990152000100352, 585461.599997999961488 ], [ 390817.190152000111993, 585463.599997999961488 ], [ 390816.590152000077069, 585464.999997999984771 ], [ 390817.390152000123635, 585466.399998 ], [ 390816.590152000077069, 585467.599997999961488 ], [ 390816.190152000111993, 585469.599997999961488 ], [ 390815.190152000111993, 585470.799998000031337 ], [ 390814.590152000077069, 585470.799998000031337 ], [ 390813.590152000077069, 585469.799998000031337 ], [ 390813.390152000123635, 585469.199997999938205 ], [ 390812.79015200008871, 585469.199997999938205 ], [ 390811.79015200008871, 585470.999997999984771 ], [ 390812.79015200008871, 585471.999997999984771 ], [ 390815.190152000111993, 585471.399998 ], [ 390815.990152000100352, 585472.799998000031337 ], [ 390815.190152000111993, 585473.799998000031337 ], [ 390813.190152000111993, 585473.199997999938205 ], [ 390811.390152000123635, 585473.799998000031337 ], [ 390810.590152000077069, 585474.199997999938205 ], [ 390810.590152000077069, 585474.799998000031337 ], [ 390809.990152000100352, 585475.399998 ], [ 390808.990152000100352, 585475.599997999961488 ], [ 390808.190152000111993, 585476.599997999961488 ], [ 390807.190152000111993, 585476.999997999984771 ] ] ] } },
{ "type": "Feature", "properties": { "pred_id": "REG_CAD_063", "raw_pred_id": "RAW_SAM2_063", "sam2_score": 0.7543756365776062, "mean_height_m": 6.09271240234375, "max_height_m": 8.9981765747070312, "reg_area_m2": 70.503802139084343, "vertex_count_raw": 72, "vertex_count_reg": 12, "ortho_ratio_raw": 1.0, "ortho_ratio_reg": 1.0, "is_canonical_rect": false }, "geometry": { "type": "Polygon", "coordinates": [ [ [ 391146.605619395850226, 585473.549976898124442 ], [ 391149.990143918374088, 585473.549983349279501 ], [ 391149.990105339151341, 585462.299978054361418 ], [ 391146.990136053587776, 585462.299978054361418 ], [ 391146.990136053587776, 585462.911035651573911 ], [ 391145.390124800149351, 585462.911030735587701 ], [ 391145.390124800149351, 585463.866645436151884 ], [ 391144.190136179502588, 585463.866645436151884 ], [ 391144.190136179502588, 585465.133312102640048 ], [ 391142.990147558797617, 585465.133312102640048 ], [ 391142.990089351544157, 585473.000011408701539 ], [ 391146.605608436919283, 585472.999932195059955 ], [ 391146.605619395850226, 585473.549976898124442 ] ] ] } },
{ "type": "Feature", "properties": { "pred_id": "REG_CAD_064", "raw_pred_id": "RAW_SAM2_064", "sam2_score": 0.7840811014175415, "mean_height_m": 6.965449333190918, "max_height_m": 13.185014724731445, "reg_area_m2": 74.036490782079483, "vertex_count_raw": 102, "vertex_count_reg": 14, "ortho_ratio_raw": 1.0, "ortho_ratio_reg": 1.0, "is_canonical_rect": false }, "geometry": { "type": "Polygon", "coordinates": [ [ [ 390760.851486248371657, 585460.270162358530797 ], [ 390769.296036443207413, 585459.827589176828042 ], [ 390769.263935506460257, 585459.215066814911552 ], [ 390769.891246639192104, 585459.18219083128497 ], [ 390769.82859429938253, 585457.987334565841593 ], [ 390770.300266653706785, 585457.962615265510976 ], [ 390770.213342427799944, 585456.304002229473554 ], [ 390770.366933543642517, 585456.295952860149555 ], [ 390770.280008807079867, 585454.637330079916865 ], [ 390770.843210024409927, 585454.607813954586163 ], [ 390770.781470793823246, 585453.429685369832441 ], [ 390757.874753914191388, 585454.106023442815058 ], [ 390758.148414020310156, 585459.328388718655333 ], [ 390760.794859453104436, 585459.189658736693673 ], [ 390760.851486248371657, 585460.270162358530797 ] ] ] } },
{ "type": "Feature", "properties": { "pred_id": "REG_CAD_065", "raw_pred_id": "RAW_SAM2_065", "sam2_score": 0.77357512712478638, "mean_height_m": 7.2484564781188965, "max_height_m": 13.894917488098145, "reg_area_m2": 126.60000000013969, "vertex_count_raw": 140, "vertex_count_reg": 30, "ortho_ratio_raw": 1.0, "ortho_ratio_reg": 0.0, "is_canonical_rect": false }, "geometry": { "type": "Polygon", "coordinates": [ [ [ 390724.79015200008871, 585447.799998000031337 ], [ 390723.990152000100352, 585446.999997999984771 ], [ 390722.190152000111993, 585446.799998000031337 ], [ 390721.590152000077069, 585446.599997999961488 ], [ 390721.390152000123635, 585446.199997999938205 ], [ 390719.79015200008871, 585445.799998000031337 ], [ 390719.590152000077069, 585444.599997999961488 ], [ 390718.390152000123635, 585443.799998000031337 ], [ 390717.79015200008871, 585441.799998000031337 ], [ 390717.390152000123635, 585441.599997999961488 ], [ 390717.990152000100352, 585440.999997999984771 ], [ 390718.390152000123635, 585439.599997999961488 ], [ 390719.190152000111993, 585438.799998000031337 ], [ 390719.79015200008871, 585438.799998000031337 ], [ 390720.79015200008871, 585437.999997999984771 ], [ 390723.990152000100352, 585437.999997999984771 ], [ 390725.590152000077069, 585437.599997999961488 ], [ 390729.590152000077069, 585437.799998000031337 ], [ 390731.190152000111993, 585438.599997999961488 ], [ 390731.79015200008871, 585438.599997999961488 ], [ 390732.190152000111993, 585439.199997999938205 ], [ 390732.190152000111993, 585439.999997999984771 ], [ 390733.390152000123635, 585440.399998 ], [ 390734.190152000111993, 585441.199997999938205 ], [ 390733.390152000123635, 585444.999997999984771 ], [ 390731.390152000123635, 585446.399998 ], [ 390729.390152000123635, 585446.599997999961488 ], [ 390728.79015200008871, 585446.999997999984771 ], [ 390726.79015200008871, 585447.199997999938205 ], [ 390725.79015200008871, 585447.799998000031337 ], [ 390724.79015200008871, 585447.799998000031337 ] ] ] } },
{ "type": "Feature", "properties": { "pred_id": "REG_CAD_066", "raw_pred_id": "RAW_SAM2_066", "sam2_score": 0.69700741767883301, "mean_height_m": 3.7057223320007324, "max_height_m": 5.27276611328125, "reg_area_m2": 274.53941353353241, "vertex_count_raw": 196, "vertex_count_reg": 42, "ortho_ratio_raw": 1.0, "ortho_ratio_reg": 1.0, "is_canonical_rect": false }, "geometry": { "type": "Polygon", "coordinates": [ [ [ 391101.947866057220381, 585437.808474543737248 ], [ 391103.178117381583434, 585437.765419720672071 ], [ 391103.092385181167629, 585435.310370712424628 ], [ 391103.687872892071027, 585435.289575823349878 ], [ 391103.625741963158362, 585433.510378808248788 ], [ 391104.220797481772024, 585433.489616009988822 ], [ 391104.45947417197749, 585440.325491730938666 ], [ 391105.556518497352954, 585440.287182098953053 ], [ 391105.70501482184045, 585444.539641721057706 ], [ 391111.528118016663939, 585444.336242835503072 ], [ 391111.557108402834274, 585445.166418878012337 ], [ 391113.130497568286955, 585445.111474917619489 ], [ 391113.03611944563454, 585442.408839092589915 ], [ 391113.55108966951957, 585442.390864881919697 ], [ 391113.495852802181616, 585440.809087955160066 ], [ 391113.880876616458409, 585440.795642627286725 ], [ 391113.819377701205667, 585439.0344382324256 ], [ 391114.224026311072521, 585439.020307591650635 ], [ 391114.156256851099897, 585437.079644168959931 ], [ 391114.424025818007067, 585437.070293470635079 ], [ 391114.356257028062828, 585435.129649236332625 ], [ 391114.624025994969998, 585435.120298537891358 ], [ 391114.556257331860252, 585433.179657932603732 ], [ 391115.778373720240779, 585433.13698068796657 ], [ 391115.706935951136984, 585431.091223531635478 ], [ 391114.727698536356911, 585431.125419255695306 ], [ 391114.652588573750108, 585428.974551341729239 ], [ 391114.627698580501601, 585428.975420519360341 ], [ 391114.552588246355299, 585426.824541967594996 ], [ 391114.527698253223207, 585426.825411145342514 ], [ 391114.452588426473085, 585424.674547125236131 ], [ 391114.35418503137771, 585424.677983447560109 ], [ 391114.277960142178927, 585422.495167620363645 ], [ 391113.928814652666915, 585422.507360049523413 ], [ 391113.851473649905529, 585420.292603502050042 ], [ 391113.070156907779165, 585420.319887683959678 ], [ 391113.013308578869328, 585418.692191025707871 ], [ 391105.076226800680161, 585418.969328742590733 ], [ 391105.288215285167098, 585425.040702814469114 ], [ 391103.251595552777871, 585425.111789859831333 ], [ 391103.212141187279485, 585423.981738474452868 ], [ 391101.467190247843973, 585424.042677029035985 ], [ 391101.947866057220381, 585437.808474543737248 ] ] ] } },
{ "type": "Feature", "properties": { "pred_id": "REG_CAD_067", "raw_pred_id": "RAW_SAM2_067", "sam2_score": 0.45169809460639954, "mean_height_m": 12.680731773376465, "max_height_m": 18.252302169799805, "reg_area_m2": 1076.22, "vertex_count_raw": 536, "vertex_count_reg": 130, "ortho_ratio_raw": 1.0, "ortho_ratio_reg": 0.13846153846153847, "is_canonical_rect": false }, "geometry": { "type": "Polygon", "coordinates": [ [ [ 390689.79015200008871, 585438.399998 ], [ 390689.590152000077069, 585436.599997999961488 ], [ 390688.590152000077069, 585436.599997999961488 ], [ 390687.390152000123635, 585435.999997999984771 ], [ 390684.390152000123635, 585435.999997999984771 ], [ 390684.390152000123635, 585436.799998000031337 ], [ 390683.990152000100352, 585436.799998000031337 ], [ 390684.390152000123635, 585434.999997999984771 ], [ 390683.990152000100352, 585434.999997999984771 ], [ 390683.79015200008871, 585435.799998000031337 ], [ 390681.590152000077069, 585435.599997999961488 ], [ 390681.190152000111993, 585434.799998000031337 ], [ 390681.590152000077069, 585433.999997999984771 ], [ 390682.390152000123635, 585433.599997999961488 ], [ 390680.990152000100352, 585432.999997999984771 ], [ 390680.79015200008871, 585431.999997999984771 ], [ 390680.390152000123635, 585431.599997999961488 ], [ 390679.190152000111993, 585431.599997999961488 ], [ 390678.390152000123635, 585430.199997999938205 ], [ 390677.990152000100352, 585430.199997999938205 ], [ 390677.390152000123635, 585431.199997999938205 ], [ 390676.190152000111993, 585431.399998 ], [ 390675.590152000077069, 585430.799998000031337 ], [ 390675.190152000111993, 585429.599997999961488 ], [ 390674.390152000123635, 585429.599997999961488 ], [ 390673.79015200008871, 585428.999997999984771 ], [ 390673.990152000100352, 585427.999997999984771 ], [ 390674.590152000077069, 585427.799998000031337 ], [ 390674.79015200008871, 585427.199997999938205 ], [ 390674.590152000077069, 585426.799998000031337 ], [ 390673.79015200008871, 585426.599997999961488 ], [ 390673.590152000077069, 585425.399998 ], [ 390673.79015200008871, 585424.799998000031337 ], [ 390674.390152000123635, 585424.599997999961488 ], [ 390674.590152000077069, 585424.199997999938205 ], [ 390673.590152000077069, 585423.599997999961488 ], [ 390673.390152000123635, 585422.199997999938205 ], [ 390672.990152000100352, 585421.799998000031337 ], [ 390672.390152000123635, 585421.799998000031337 ], [ 390671.990152000100352, 585421.399998 ], [ 390671.990152000100352, 585420.799998000031337 ], [ 390673.190152000111993, 585420.199997999938205 ], [ 390673.590152000077069, 585418.399998 ], [ 390674.390152000123635, 585418.199997999938205 ], [ 390674.590152000077069, 585417.799998000031337 ], [ 390673.79015200008871, 585417.399998 ], [ 390673.590152000077069, 585415.799998000031337 ], [ 390673.190152000111993, 585415.399998 ], [ 390672.190152000111993, 585415.199997999938205 ], [ 390672.190152000111993, 585414.599997999961488 ], [ 390673.590152000077069, 585414.199997999938205 ], [ 390673.79015200008871, 585413.199997999938205 ], [ 390675.79015200008871, 585412.599997999961488 ], [ 390676.190152000111993, 585411.599997999961488 ], [ 390678.390152000123635, 585411.799998000031337 ], [ 390678.990152000100352, 585410.799998000031337 ], [ 390680.590152000077069, 585410.399998 ], [ 390680.79015200008871, 585409.599997999961488 ], [ 390679.590152000077069, 585408.799998000031337 ], [ 390680.190152000111993, 585408.199997999938205 ], [ 390681.79015200008871, 585408.599997999961488 ], [ 390686.190152000111993, 585408.599997999961488 ], [ 390687.190152000111993, 585407.799998000031337 ], [ 390688.590152000077069, 585407.599997999961488 ], [ 390689.590152000077069, 585406.999997999984771 ], [ 390698.190152000111993, 585407.199997999938205 ], [ 390698.990152000100352, 585407.799998000031337 ], [ 390700.79015200008871, 585408.399998 ], [ 390701.79015200008871, 585409.399998 ], [ 390702.390152000123635, 585409.399998 ], [ 390702.590152000077069, 585410.199997999938205 ], [ 390702.990152000100352, 585410.399998 ], [ 390704.190152000111993, 585410.199997999938205 ], [ 390704.190152000111993, 585409.199997999938205 ], [ 390703.190152000111993, 585408.799998000031337 ], [ 390703.390152000123635, 585408.399998 ], [ 390704.190152000111993, 585408.399998 ], [ 390704.79015200008871, 585408.799998000031337 ], [ 390705.990152000100352, 585408.799998000031337 ], [ 390707.390152000123635, 585409.399998 ], [ 390707.590152000077069, 585409.999997999984771 ], [ 390708.390152000123635, 585410.399998 ], [ 390709.79015200008871, 585411.999997999984771 ], [ 390711.390152000123635, 585412.399998 ], [ 390713.590152000077069, 585411.999997999984771 ], [ 390714.990152000100352, 585412.599997999961488 ], [ 390715.590152000077069, 585413.199997999938205 ], [ 390715.79015200008871, 585413.999997999984771 ], [ 390716.190152000111993, 585418.399998 ], [ 390716.990152000100352, 585419.599997999961488 ], [ 390716.190152000111993, 585420.599997999961488 ], [ 390716.190152000111993, 585421.799998000031337 ], [ 390716.590152000077069, 585422.399998 ], [ 390716.190152000111993, 585424.599997999961488 ], [ 390716.79015200008871, 585425.999997999984771 ], [ 390716.390152000123635, 585425.999997999984771 ], [ 390716.390152000123635, 585426.399998 ], [ 390715.990152000100352, 585426.599997999961488 ], [ 390715.79015200008871, 585428.399998 ], [ 390715.390152000123635, 585428.799998000031337 ], [ 390715.390152000123635, 585430.599997999961488 ], [ 390714.390152000123635, 585432.799998000031337 ], [ 390713.190152000111993, 585433.199997999938205 ], [ 390711.390152000123635, 585431.399998 ], [ 390710.190152000111993, 585432.999997999984771 ], [ 390708.590152000077069, 585433.599997999961488 ], [ 390708.590152000077069, 585433.999997999984771 ], [ 390709.590152000077069, 585433.999997999984771 ], [ 390710.190152000111993, 585434.599997999961488 ], [ 390710.390152000123635, 585435.199997999938205 ], [ 390709.990152000100352, 585435.599997999961488 ], [ 390708.590152000077069, 585435.399998 ], [ 390708.190152000111993, 585434.199997999938205 ], [ 390707.390152000123635, 585434.199997999938205 ], [ 390706.990152000100352, 585434.599997999961488 ], [ 390706.79015200008871, 585435.599997999961488 ], [ 390705.79015200008871, 585436.199997999938205 ], [ 390703.990152000100352, 585435.799998000031337 ], [ 390702.79015200008871, 585436.199997999938205 ], [ 390701.390152000123635, 585436.199997999938205 ], [ 390699.79015200008871, 585437.399998 ], [ 390698.590152000077069, 585437.599997999961488 ], [ 390698.190152000111993, 585438.399998 ], [ 390697.590152000077069, 585438.399998 ], [ 390697.190152000111993, 585437.199997999938205 ], [ 390694.79015200008871, 585436.599997999961488 ], [ 390693.590152000077069, 585436.599997999961488 ], [ 390693.190152000111993, 585437.399998 ], [ 390691.190152000111993, 585437.599997999961488 ], [ 390690.590152000077069, 585438.399998 ], [ 390689.79015200008871, 585438.399998 ] ] ] } },
{ "type": "Feature", "properties": { "pred_id": "REG_CAD_068", "raw_pred_id": "RAW_SAM2_068", "sam2_score": 0.759449303150177, "mean_height_m": 3.2842495441436768, "max_height_m": 4.7120747566223145, "reg_area_m2": 84.15999999999535, "vertex_count_raw": 90, "vertex_count_reg": 22, "ortho_ratio_raw": 1.0, "ortho_ratio_reg": 0.090909090909090912, "is_canonical_rect": false }, "geometry": { "type": "Polygon", "coordinates": [ [ [ 391123.390152000123635, 585431.599997999961488 ], [ 391121.590152000077069, 585430.999997999984771 ], [ 391121.190152000111993, 585429.199997999938205 ], [ 391120.79015200008871, 585428.799998000031337 ], [ 391120.79015200008871, 585427.399998 ], [ 391120.390152000123635, 585426.199997999938205 ], [ 391120.79015200008871, 585424.799998000031337 ], [ 391120.590152000077069, 585422.599997999961488 ], [ 391120.990152000100352, 585422.399998 ], [ 391121.590152000077069, 585420.999997999984771 ], [ 391123.79015200008871, 585421.199997999938205 ], [ 391123.990152000100352, 585420.199997999938205 ], [ 391124.390152000123635, 585419.799998000031337 ], [ 391126.390152000123635, 585419.799998000031337 ], [ 391127.390152000123635, 585420.599997999961488 ], [ 391127.390152000123635, 585421.199997999938205 ], [ 391128.190152000111993, 585421.399998 ], [ 391128.990152000100352, 585422.399998 ], [ 391129.190152000111993, 585424.799998000031337 ], [ 391128.79015200008871, 585425.999997999984771 ], [ 391128.79015200008871, 585429.199997999938205 ], [ 391127.390152000123635, 585431.399998 ], [ 391123.390152000123635, 585431.599997999961488 ] ] ] } },
{ "type": "Feature", "properties": { "pred_id": "REG_CAD_069", "raw_pred_id": "RAW_SAM2_069", "sam2_score": 0.78175944089889526, "mean_height_m": 4.9259219169616699, "max_height_m": 6.7754378318786621, "reg_area_m2": 293.16000000004772, "vertex_count_raw": 188, "vertex_count_reg": 51, "ortho_ratio_raw": 1.0, "ortho_ratio_reg": 0.21568627450980393, "is_canonical_rect": false }, "geometry": { "type": "Polygon", "coordinates": [ [ [ 390652.79015200008871, 585430.999997999984771 ], [ 390652.190152000111993, 585430.599997999961488 ], [ 390651.79015200008871, 585429.399998 ], [ 390649.990152000100352, 585429.199997999938205 ], [ 390649.990152000100352, 585428.399998 ], [ 390651.190152000111993, 585428.399998 ], [ 390651.590152000077069, 585427.599997999961488 ], [ 390650.990152000100352, 585426.399998 ], [ 390649.990152000100352, 585426.399998 ], [ 390649.990152000100352, 585405.599997999961488 ], [ 390650.990152000100352, 585405.599997999961488 ], [ 390649.990152000100352, 585405.399998 ], [ 390649.990152000100352, 585402.799998000031337 ], [ 390651.390152000123635, 585402.599997999961488 ], [ 390651.390152000123635, 585401.599997999961488 ], [ 390650.990152000100352, 585401.199997999938205 ], [ 390649.990152000100352, 585401.199997999938205 ], [ 390649.990152000100352, 585400.399998 ], [ 390651.590152000077069, 585400.199997999938205 ], [ 390651.990152000100352, 585398.199997999938205 ], [ 390654.390152000123635, 585397.999997999984771 ], [ 390654.79015200008871, 585398.199997999938205 ], [ 390654.79015200008871, 585398.999997999984771 ], [ 390656.990152000100352, 585398.799998000031337 ], [ 390657.79015200008871, 585400.199997999938205 ], [ 390658.79015200008871, 585400.199997999938205 ], [ 390659.390152000123635, 585400.799998000031337 ], [ 390658.590152000077069, 585402.399998 ], [ 390659.79015200008871, 585403.199997999938205 ], [ 390659.990152000100352, 585404.999997999984771 ], [ 390660.390152000123635, 585405.799998000031337 ], [ 390660.190152000111993, 585408.799998000031337 ], [ 390660.79015200008871, 585410.999997999984771 ], [ 390660.990152000100352, 585417.999997999984771 ], [ 390660.390152000123635, 585418.999997999984771 ], [ 390660.390152000123635, 585419.999997999984771 ], [ 390659.990152000100352, 585420.799998000031337 ], [ 390660.390152000123635, 585424.199997999938205 ], [ 390659.590152000077069, 585424.799998000031337 ], [ 390658.79015200008871, 585426.199997999938205 ], [ 390658.190152000111993, 585426.199997999938205 ], [ 390657.390152000123635, 585425.599997999961488 ], [ 390656.590152000077069, 585425.599997999961488 ], [ 390656.190152000111993, 585426.599997999961488 ], [ 390655.590152000077069, 585427.199997999938205 ], [ 390655.190152000111993, 585427.199997999938205 ], [ 390656.190152000111993, 585427.999997999984771 ], [ 390656.390152000123635, 585428.999997999984771 ], [ 390655.390152000123635, 585429.799998000031337 ], [ 390653.990152000100352, 585430.199997999938205 ], [ 390653.990152000100352, 585430.599997999961488 ], [ 390652.79015200008871, 585430.999997999984771 ] ] ] } },
{ "type": "Feature", "properties": { "pred_id": "REG_CAD_070", "raw_pred_id": "RAW_SAM2_070", "sam2_score": 0.75074374675750732, "mean_height_m": 4.6530280113220215, "max_height_m": 6.8583989143371582, "reg_area_m2": 36.220000000200237, "vertex_count_raw": 60, "vertex_count_reg": 17, "ortho_ratio_raw": 1.0, "ortho_ratio_reg": 0.11764705882352941, "is_canonical_rect": false }, "geometry": { "type": "Polygon", "coordinates": [ [ [ 391143.990152000100352, 585427.799998000031337 ], [ 391143.390152000123635, 585427.399998 ], [ 391140.990152000100352, 585427.199997999938205 ], [ 391140.990152000100352, 585425.999997999984771 ], [ 391140.390152000123635, 585424.799998000031337 ], [ 391140.590152000077069, 585422.799998000031337 ], [ 391141.590152000077069, 585421.999997999984771 ], [ 391144.190152000111993, 585421.599997999961488 ], [ 391145.590152000077069, 585421.599997999961488 ], [ 391147.390152000123635, 585422.199997999938205 ], [ 391147.590152000077069, 585423.599997999961488 ], [ 391147.190152000111993, 585424.199997999938205 ], [ 391147.390152000123635, 585424.399998 ], [ 391147.190152000111993, 585426.199997999938205 ], [ 391145.990152000100352, 585426.799998000031337 ], [ 391145.990152000100352, 585427.199997999938205 ], [ 391145.390152000123635, 585427.799998000031337 ], [ 391143.990152000100352, 585427.799998000031337 ] ] ] } },
{ "type": "Feature", "properties": { "pred_id": "REG_CAD_071", "raw_pred_id": "RAW_SAM2_071", "sam2_score": 0.78027361631393433, "mean_height_m": 4.2275514602661133, "max_height_m": 5.7309279441833496, "reg_area_m2": 95.437363153340755, "vertex_count_raw": 116, "vertex_count_reg": 20, "ortho_ratio_raw": 1.0, "ortho_ratio_reg": 1.0, "is_canonical_rect": false }, "geometry": { "type": "Polygon", "coordinates": [ [ [ 391139.967017524410039, 585422.480801722151227 ], [ 391140.144453082932159, 585419.942956253071316 ], [ 391143.596835320815444, 585420.184370336588472 ], [ 391143.989140306133777, 585414.573792479699478 ], [ 391141.661397696647327, 585414.411020859959535 ], [ 391141.718883632158395, 585413.588933681487106 ], [ 391140.128048369835597, 585413.477691643172875 ], [ 391140.230582083982881, 585412.011391217005439 ], [ 391138.449332617863547, 585411.886837731930427 ], [ 391138.375996858754661, 585412.935587947140448 ], [ 391136.404284753021784, 585412.797712405445054 ], [ 391136.375996408285573, 585413.202254582196474 ], [ 391134.404284302494489, 585413.064379040617496 ], [ 391134.352312753966544, 585413.807606812217273 ], [ 391132.917606168659404, 585413.707277208799496 ], [ 391132.733601889398415, 585416.338502184371464 ], [ 391131.648687098233495, 585416.262639991706237 ], [ 391131.40515617193887, 585419.745081123430282 ], [ 391132.451799867907539, 585419.818269580369815 ], [ 391132.303098691743799, 585421.944977206527255 ], [ 391139.967017524410039, 585422.480801722151227 ] ] ] } },
{ "type": "Feature", "properties": { "pred_id": "REG_CAD_072", "raw_pred_id": "RAW_SAM2_072", "sam2_score": 0.73372149467468262, "mean_height_m": 3.2682225704193115, "max_height_m": 4.4861550331115723, "reg_area_m2": 38.960000000012805, "vertex_count_raw": 68, "vertex_count_reg": 15, "ortho_ratio_raw": 1.0, "ortho_ratio_reg": 0.13333333333333333, "is_canonical_rect": false }, "geometry": { "type": "Polygon", "coordinates": [ [ [ 391111.190152000111993, 585419.599997999961488 ], [ 391109.590152000077069, 585418.999997999984771 ], [ 391108.190152000111993, 585416.599997999961488 ], [ 391108.79015200008871, 585414.799998000031337 ], [ 391108.79015200008871, 585413.799998000031337 ], [ 391109.390152000123635, 585412.999997999984771 ], [ 391109.590152000077069, 585411.599997999961488 ], [ 391113.390152000123635, 585411.599997999961488 ], [ 391113.590152000077069, 585413.399998 ], [ 391113.990152000100352, 585413.599997999961488 ], [ 391114.190152000111993, 585414.199997999938205 ], [ 391114.590152000077069, 585416.599997999961488 ], [ 391113.79015200008871, 585418.599997999961488 ], [ 391112.990152000100352, 585418.799998000031337 ], [ 391112.190152000111993, 585419.599997999961488 ], [ 391111.190152000111993, 585419.599997999961488 ] ] ] } },
{ "type": "Feature", "properties": { "pred_id": "REG_CAD_073", "raw_pred_id": "RAW_SAM2_073", "sam2_score": 0.76212078332901001, "mean_height_m": 3.8495948314666748, "max_height_m": 5.2412309646606445, "reg_area_m2": 52.948206487441418, "vertex_count_raw": 84, "vertex_count_reg": 10, "ortho_ratio_raw": 1.0, "ortho_ratio_reg": 1.0, "is_canonical_rect": false }, "geometry": { "type": "Polygon", "coordinates": [ [ [ 391101.839279847219586, 585417.899988330784254 ], [ 391106.190143967338372, 585417.899989889119752 ], [ 391106.190066746552475, 585408.799979891860858 ], [ 391103.390136423346121, 585408.799979891860858 ], [ 391103.390136423346121, 585407.501438415958546 ], [ 391101.740135040367022, 585407.501429270138033 ], [ 391101.740135040367022, 585408.999976237537339 ], [ 391100.440136206510942, 585408.999976237653755 ], [ 391100.440113145683426, 585416.999987744726241 ], [ 391101.839264198788442, 585416.999928218079731 ], [ 391101.839279847219586, 585417.899988330784254 ] ] ] } },
{ "type": "Feature", "properties": { "pred_id": "REG_CAD_074", "raw_pred_id": "RAW_SAM2_074", "sam2_score": 0.76472961902618408, "mean_height_m": 3.996891975402832, "max_height_m": 5.3896284103393555, "reg_area_m2": 37.340000000115253, "vertex_count_raw": 62, "vertex_count_reg": 15, "ortho_ratio_raw": 1.0, "ortho_ratio_reg": 0.066666666666666666, "is_canonical_rect": false }, "geometry": { "type": "Polygon", "coordinates": [ [ [ 390730.990152000100352, 585414.999997999984771 ], [ 390730.590152000077069, 585413.599997999961488 ], [ 390730.190152000111993, 585413.399998 ], [ 390729.990152000100352, 585409.999997999984771 ], [ 390730.390152000123635, 585409.999997999984771 ], [ 390730.990152000100352, 585409.199997999938205 ], [ 390733.79015200008871, 585408.999997999984771 ], [ 390734.390152000123635, 585408.599997999961488 ], [ 390735.190152000111993, 585408.599997999961488 ], [ 390735.79015200008871, 585409.399998 ], [ 390736.990152000100352, 585409.799998000031337 ], [ 390737.190152000111993, 585410.199997999938205 ], [ 390736.990152000100352, 585413.399998 ], [ 390735.79015200008871, 585413.799998000031337 ], [ 390734.990152000100352, 585414.999997999984771 ], [ 390730.990152000100352, 585414.999997999984771 ] ] ] } },
{ "type": "Feature", "properties": { "pred_id": "REG_CAD_075", "raw_pred_id": "RAW_SAM2_075", "sam2_score": 0.72655206918716431, "mean_height_m": 8.6523456573486328, "max_height_m": 20.387279510498047, "reg_area_m2": 1634.43999999937, "vertex_count_raw": 576, "vertex_count_reg": 145, "ortho_ratio_raw": 1.0, "ortho_ratio_reg": 0.15172413793103448, "is_canonical_rect": false }, "geometry": { "type": "Polygon", "coordinates": [ [ [ 391146.79015200008871, 585413.799998000031337 ], [ 391146.190152000111993, 585413.199997999938205 ], [ 391146.190152000111993, 585412.799998000031337 ], [ 391145.390152000123635, 585412.199997999938205 ], [ 391144.79015200008871, 585412.199997999938205 ], [ 391143.590152000077069, 585413.399998 ], [ 391142.990152000100352, 585413.399998 ], [ 391142.190152000111993, 585412.199997999938205 ], [ 391140.990152000100352, 585411.599997999961488 ], [ 391136.79015200008871, 585411.799998000031337 ], [ 391135.590152000077069, 585412.399998 ], [ 391133.390152000123635, 585411.999997999984771 ], [ 391132.390152000123635, 585412.399998 ], [ 391131.79015200008871, 585413.599997999961488 ], [ 391130.79015200008871, 585413.599997999961488 ], [ 391130.390152000123635, 585413.399998 ], [ 391130.190152000111993, 585412.399998 ], [ 391129.190152000111993, 585411.799998000031337 ], [ 391127.190152000111993, 585411.599997999961488 ], [ 391126.990152000100352, 585411.999997999984771 ], [ 391124.590152000077069, 585411.999997999984771 ], [ 391124.390152000123635, 585411.599997999961488 ], [ 391122.79015200008871, 585411.399998 ], [ 391122.190152000111993, 585410.799998000031337 ], [ 391121.79015200008871, 585409.599997999961488 ], [ 391120.79015200008871, 585409.399998 ], [ 391120.390152000123635, 585408.199997999938205 ], [ 391118.390152000123635, 585407.799998000031337 ], [ 391118.190152000111993, 585406.999997999984771 ], [ 391117.390152000123635, 585406.999997999984771 ], [ 391117.590152000077069, 585407.999997999984771 ], [ 391120.190152000111993, 585410.199997999938205 ], [ 391117.990152000100352, 585411.399998 ], [ 391115.390152000123635, 585410.999997999984771 ], [ 391114.590152000077069, 585410.199997999938205 ], [ 391114.590152000077069, 585409.199997999938205 ], [ 391114.190152000111993, 585408.599997999961488 ], [ 391113.79015200008871, 585408.599997999961488 ], [ 391113.79015200008871, 585407.799998000031337 ], [ 391113.390152000123635, 585407.399998 ], [ 391111.79015200008871, 585407.199997999938205 ], [ 391111.79015200008871, 585406.199997999938205 ], [ 391111.390152000123635, 585405.399998 ], [ 391110.79015200008871, 585405.399998 ], [ 391109.190152000111993, 585404.199997999938205 ], [ 391108.190152000111993, 585403.999997999984771 ], [ 391109.990152000100352, 585401.799998000031337 ], [ 391110.190152000111993, 585400.599997999961488 ], [ 391108.390152000123635, 585400.199997999938205 ], [ 391108.190152000111993, 585399.199997999938205 ], [ 391107.590152000077069, 585399.199997999938205 ], [ 391107.190152000111993, 585399.599997999961488 ], [ 391105.590152000077069, 585399.599997999961488 ], [ 391105.190152000111993, 585398.799998000031337 ], [ 391106.190152000111993, 585398.399998 ], [ 391106.590152000077069, 585397.599997999961488 ], [ 391106.190152000111993, 585397.199997999938205 ], [ 391105.190152000111993, 585396.999997999984771 ], [ 391104.990152000100352, 585394.999997999984771 ], [ 391104.190152000111993, 585393.999997999984771 ], [ 391104.190152000111993, 585393.199997999938205 ], [ 391103.990152000100352, 585393.599997999961488 ], [ 391101.990152000100352, 585393.799998000031337 ], [ 391101.190152000111993, 585393.199997999938205 ], [ 391100.79015200008871, 585392.199997999938205 ], [ 391099.990152000100352, 585391.799998000031337 ], [ 391099.79015200008871, 585391.199997999938205 ], [ 391100.79015200008871, 585389.799998000031337 ], [ 391100.79015200008871, 585388.999997999984771 ], [ 391101.190152000111993, 585388.599997999961488 ], [ 391102.590152000077069, 585388.399998 ], [ 391102.590152000077069, 585387.999997999984771 ], [ 391101.590152000077069, 585387.799998000031337 ], [ 391101.190152000111993, 585385.599997999961488 ], [ 391100.590152000077069, 585385.199997999938205 ], [ 391100.990152000100352, 585382.999997999984771 ], [ 391101.990152000100352, 585382.399998 ], [ 391102.990152000100352, 585382.599997999961488 ], [ 391103.590152000077069, 585384.399998 ], [ 391104.390152000123635, 585384.799998000031337 ], [ 391104.79015200008871, 585384.199997999938205 ], [ 391104.79015200008871, 585381.999997999984771 ], [ 391105.390152000123635, 585381.799998000031337 ], [ 391105.990152000100352, 585380.799998000031337 ], [ 391106.990152000100352, 585381.599997999961488 ], [ 391109.190152000111993, 585381.399998 ], [ 391109.79015200008871, 585380.599997999961488 ], [ 391109.79015200008871, 585379.999997999984771 ], [ 391110.390152000123635, 585379.799998000031337 ], [ 391110.590152000077069, 585378.599997999961488 ], [ 391109.390152000123635, 585377.999997999984771 ], [ 391108.990152000100352, 585377.199997999938205 ], [ 391109.79015200008871, 585376.199997999938205 ], [ 391111.190152000111993, 585375.399998 ], [ 391112.390152000123635, 585375.399998 ], [ 391113.590152000077069, 585374.799998000031337 ], [ 391116.590152000077069, 585374.999997999984771 ], [ 391117.190152000111993, 585374.799998000031337 ], [ 391117.390152000123635, 585374.399998 ], [ 391117.990152000100352, 585374.399998 ], [ 391119.190152000111993, 585375.199997999938205 ], [ 391120.190152000111993, 585375.199997999938205 ], [ 391120.990152000100352, 585374.999997999984771 ], [ 391121.590152000077069, 585374.399998 ], [ 391122.390152000123635, 585374.799998000031337 ], [ 391124.190152000111993, 585374.799998000031337 ], [ 391125.190152000111993, 585374.399998 ], [ 391125.390152000123635, 585373.999997999984771 ], [ 391127.590152000077069, 585374.799998000031337 ], [ 391128.590152000077069, 585374.199997999938205 ], [ 391128.990152000100352, 585372.999997999984771 ], [ 391130.390152000123635, 585372.799998000031337 ], [ 391130.990152000100352, 585372.399998 ], [ 391131.990152000100352, 585372.399998 ], [ 391132.590152000077069, 585372.999997999984771 ], [ 391133.79015200008871, 585372.999997999984771 ], [ 391134.79015200008871, 585372.399998 ], [ 391139.79015200008871, 585372.399998 ], [ 391140.190152000111993, 585372.599997999961488 ], [ 391140.190152000111993, 585372.999997999984771 ], [ 391141.390152000123635, 585372.999997999984771 ], [ 391141.590152000077069, 585372.199997999938205 ], [ 391141.990152000100352, 585371.999997999984771 ], [ 391143.590152000077069, 585371.999997999984771 ], [ 391144.79015200008871, 585371.599997999961488 ], [ 391144.990152000100352, 585371.199997999938205 ], [ 391147.390152000123635, 585370.999997999984771 ], [ 391148.390152000123635, 585372.199997999938205 ], [ 391148.390152000123635, 585372.999997999984771 ], [ 391147.590152000077069, 585374.199997999938205 ], [ 391148.79015200008871, 585374.799998000031337 ], [ 391149.990152000100352, 585374.799998000031337 ], [ 391149.990152000100352, 585380.199997999938205 ], [ 391148.79015200008871, 585380.399998 ], [ 391149.990152000100352, 585380.599997999961488 ], [ 391149.990152000100352, 585407.599997999961488 ], [ 391148.990152000100352, 585407.599997999961488 ], [ 391148.79015200008871, 585407.999997999984771 ], [ 391148.990152000100352, 585408.999997999984771 ], [ 391149.990152000100352, 585408.999997999984771 ], [ 391149.990152000100352, 585410.799998000031337 ], [ 391148.990152000100352, 585410.799998000031337 ], [ 391148.390152000123635, 585411.399998 ], [ 391147.990152000100352, 585411.399998 ], [ 391147.390152000123635, 585413.599997999961488 ], [ 391146.79015200008871, 585413.799998000031337 ] ] ] } },
{ "type": "Feature", "properties": { "pred_id": "REG_CAD_076", "raw_pred_id": "RAW_SAM2_076", "sam2_score": 0.749267578125, "mean_height_m": 5.3466558456420898, "max_height_m": 7.4181551933288574, "reg_area_m2": 50.144243596793018, "vertex_count_raw": 98, "vertex_count_reg": 16, "ortho_ratio_raw": 1.0, "ortho_ratio_reg": 1.0, "is_canonical_rect": false }, "geometry": { "type": "Polygon", "coordinates": [ [ [ 391136.098917310882825, 585412.860955387935974 ], [ 391141.128698267391883, 585411.030177617445588 ], [ 391140.616319491935428, 585409.622428501374088 ], [ 391141.316271317075007, 585409.367666871636175 ], [ 391140.888234372774605, 585408.191643305122852 ], [ 391141.144350462243892, 585408.098424672032706 ], [ 391140.63591697398806, 585406.701515143970028 ], [ 391141.198760144296102, 585406.496656983508728 ], [ 391140.646429920394439, 585404.979130481835455 ], [ 391138.706486581999343, 585405.68521211319603 ], [ 391138.303089269029442, 585404.576891751028597 ], [ 391133.298737588804215, 585406.398312712553889 ], [ 391133.816397757211234, 585407.820664811879396 ], [ 391132.491071597032715, 585408.30303634586744 ], [ 391133.863427812641021, 585412.073657543631271 ], [ 391135.584378508559894, 585411.447282715700567 ], [ 391136.098917310882825, 585412.860955387935974 ] ] ] } },
{ "type": "Feature", "properties": { "pred_id": "REG_CAD_077", "raw_pred_id": "RAW_SAM2_077", "sam2_score": 0.72750461101531982, "mean_height_m": 5.6636204719543457, "max_height_m": 9.8830747604370117, "reg_area_m2": 114.49318582254838, "vertex_count_raw": 164, "vertex_count_reg": 22, "ortho_ratio_raw": 1.0, "ortho_ratio_reg": 1.0, "is_canonical_rect": false }, "geometry": { "type": "Polygon", "coordinates": [ [ [ 390674.075474411132745, 585409.788969780900516 ], [ 390674.649496960395481, 585408.557974451687187 ], [ 390676.325602050463203, 585409.339577841456048 ], [ 390679.222340458014514, 585403.127437214949168 ], [ 390677.625178106536623, 585402.382668999023736 ], [ 390678.810339968185872, 585399.841022106353194 ], [ 390677.212284110544715, 585399.095840653870255 ], [ 390677.773386359913275, 585397.89255299710203 ], [ 390676.717086063348688, 585397.399996308493428 ], [ 390677.279216628230643, 585396.194503421778791 ], [ 390675.51643575693015, 585395.37250465049874 ], [ 390676.016678785788827, 585394.299730013008229 ], [ 390674.445181866176426, 585393.566924739163369 ], [ 390673.69257337419549, 585395.180898858816363 ], [ 390672.487708852859214, 585394.619061305536889 ], [ 390671.46663135336712, 585396.808676026877947 ], [ 390670.453081412881147, 585396.336049927980639 ], [ 390667.682771918480285, 585402.276879756944254 ], [ 390669.400038222316653, 585403.077654185355641 ], [ 390668.240651026950218, 585405.563968049129471 ], [ 390671.678530165809207, 585407.167052724747919 ], [ 390671.102386762038805, 585408.402596241794527 ], [ 390674.075474411132745, 585409.788969780900516 ] ] ] } },
{ "type": "Feature", "properties": { "pred_id": "REG_CAD_078", "raw_pred_id": "RAW_SAM2_078", "sam2_score": 0.73054909706115723, "mean_height_m": 7.5149660110473633, "max_height_m": 14.026893615722656, "reg_area_m2": 212.56672566564777, "vertex_count_raw": 116, "vertex_count_reg": 4, "ortho_ratio_raw": 1.0, "ortho_ratio_reg": 1.0, "is_canonical_rect": true }, "geometry": { "type": "Polygon", "coordinates": [ [ [ 390731.989267044176813, 585406.386723663890734 ], [ 390730.950328991340939, 585390.802652867161669 ], [ 390717.37068297364749, 585391.707962601562031 ], [ 390718.409621026541572, 585407.292033398174681 ], [ 390731.989267044176813, 585406.386723663890734 ] ] ] } },
{ "type": "Feature", "properties": { "pred_id": "REG_CAD_079", "raw_pred_id": "RAW_SAM2_079", "sam2_score": 0.76238059997558594, "mean_height_m": 4.5259294509887695, "max_height_m": 8.3570880889892578, "reg_area_m2": 108.75999999971594, "vertex_count_raw": 150, "vertex_count_reg": 29, "ortho_ratio_raw": 1.0, "ortho_ratio_reg": 0.0, "is_canonical_rect": false }, "geometry": { "type": "Polygon", "coordinates": [ [ [ 391099.590152000077069, 585407.199997999938205 ], [ 391097.390152000123635, 585406.399998 ], [ 391096.590152000077069, 585404.999997999984771 ], [ 391095.390152000123635, 585404.599997999961488 ], [ 391094.190152000111993, 585403.399998 ], [ 391093.990152000100352, 585402.599997999961488 ], [ 391094.190152000111993, 585401.599997999961488 ], [ 391094.990152000100352, 585401.399998 ], [ 391095.590152000077069, 585400.399998 ], [ 391096.79015200008871, 585399.999997999984771 ], [ 391097.390152000123635, 585398.399998 ], [ 391097.990152000100352, 585397.999997999984771 ], [ 391099.190152000111993, 585397.599997999961488 ], [ 391100.990152000100352, 585397.599997999961488 ], [ 391101.990152000100352, 585397.999997999984771 ], [ 391103.190152000111993, 585397.399998 ], [ 391105.990152000100352, 585397.599997999961488 ], [ 391106.590152000077069, 585398.199997999938205 ], [ 391107.190152000111993, 585399.799998000031337 ], [ 391108.390152000123635, 585400.599997999961488 ], [ 391108.390152000123635, 585401.199997999938205 ], [ 391107.79015200008871, 585401.999997999984771 ], [ 391107.79015200008871, 585402.599997999961488 ], [ 391108.590152000077069, 585403.399998 ], [ 391108.390152000123635, 585404.599997999961488 ], [ 391107.590152000077069, 585404.999997999984771 ], [ 391106.590152000077069, 585406.399998 ], [ 391105.190152000111993, 585406.799998000031337 ], [ 391104.79015200008871, 585407.199997999938205 ], [ 391099.590152000077069, 585407.199997999938205 ] ] ] } },
{ "type": "Feature", "properties": { "pred_id": "REG_CAD_080", "raw_pred_id": "RAW_SAM2_080", "sam2_score": 0.77331072092056274, "mean_height_m": 5.4202613830566406, "max_height_m": 8.6910181045532227, "reg_area_m2": 55.033342181864072, "vertex_count_raw": 86, "vertex_count_reg": 56, "ortho_ratio_raw": 1.0, "ortho_ratio_reg": 0.0, "is_canonical_rect": false }, "geometry": { "type": "Polygon", "coordinates": [ [ [ 390671.865178043022752, 585402.241539504961111 ], [ 390671.803844383102842, 585401.775664107175544 ], [ 390671.734116353618447, 585401.470165648963302 ], [ 390671.587240312073845, 585401.023814741405658 ], [ 390671.391312353021931, 585400.596715298481286 ], [ 390671.148796381137799, 585400.194238336291164 ], [ 390670.962719900941011, 585399.942113658413291 ], [ 390670.64960669586435, 585399.591739820200019 ], [ 390670.299232862191275, 585399.278626619605348 ], [ 390669.781782988051418, 585398.925835268571973 ], [ 390669.362308188457973, 585398.714074559742585 ], [ 390668.921761290403083, 585398.55061163729988 ], [ 390668.465682409470901, 585398.437502135522664 ], [ 390667.999807014421094, 585398.376168476301245 ], [ 390667.37353541952325, 585398.376168476301245 ], [ 390666.907660024473444, 585398.437502135522664 ], [ 390666.451581143541262, 585398.55061163729988 ], [ 390666.011034245486371, 585398.714074559742585 ], [ 390665.591559445892926, 585398.925835268571973 ], [ 390665.07410957175307, 585399.278626619605348 ], [ 390664.723735738079995, 585399.591739820200019 ], [ 390664.410622533003334, 585399.942113658413291 ], [ 390664.224546052806545, 585400.194238336291164 ], [ 390663.982030080922414, 585400.596715298481286 ], [ 390663.786102121870499, 585401.023814741405658 ], [ 390663.639226080325898, 585401.470165648963302 ], [ 390663.569498050841503, 585401.775664107175544 ], [ 390663.508164390921593, 585402.241539504961111 ], [ 390663.508164390921593, 585402.867811099509709 ], [ 390663.569498050841503, 585403.333686497295275 ], [ 390663.639226080325898, 585403.639184955507517 ], [ 390663.786102121870499, 585404.085535863065161 ], [ 390663.982030080922414, 585404.512635305989534 ], [ 390664.224546052806545, 585404.915112268179655 ], [ 390664.410622533003334, 585405.167236946057528 ], [ 390664.723735738079995, 585405.517610784270801 ], [ 390665.07410957175307, 585405.830723984865472 ], [ 390665.591559445892926, 585406.183515335898846 ], [ 390666.011034245486371, 585406.395276044728234 ], [ 390666.451581143541262, 585406.558738967170939 ], [ 390666.907660024473444, 585406.671848468948156 ], [ 390667.37353541952325, 585406.733182128169574 ], [ 390667.999807014421094, 585406.733182128169574 ], [ 390668.465682409470901, 585406.671848468948156 ], [ 390668.921761290403083, 585406.558738967170939 ], [ 390669.362308188457973, 585406.395276044728234 ], [ 390669.781782988051418, 585406.183515335898846 ], [ 390670.299232862191275, 585405.830723984865472 ], [ 390670.64960669586435, 585405.517610784270801 ], [ 390670.962719900941011, 585405.167236946057528 ], [ 390671.148796381137799, 585404.915112268179655 ], [ 390671.391312353021931, 585404.512635305989534 ], [ 390671.587240312073845, 585404.085535863065161 ], [ 390671.734116353618447, 585403.639184955507517 ], [ 390671.803844383102842, 585403.333686497295275 ], [ 390671.865178043022752, 585402.867811099509709 ], [ 390671.865178043022752, 585402.241539504961111 ] ] ] } },
{ "type": "Feature", "properties": { "pred_id": "REG_CAD_081", "raw_pred_id": "RAW_SAM2_081", "sam2_score": 0.76572877168655396, "mean_height_m": 7.6510381698608398, "max_height_m": 10.531851768493652, "reg_area_m2": 248.50000000028518, "vertex_count_raw": 204, "vertex_count_reg": 42, "ortho_ratio_raw": 1.0, "ortho_ratio_reg": 0.11904761904761904, "is_canonical_rect": false }, "geometry": { "type": "Polygon", "coordinates": [ [ [ 390689.390152000123635, 585396.799998000031337 ], [ 390687.79015200008871, 585396.599997999961488 ], [ 390686.390152000123635, 585395.399998 ], [ 390684.190152000111993, 585395.399998 ], [ 390683.79015200008871, 585394.599997999961488 ], [ 390682.590152000077069, 585393.799998000031337 ], [ 390682.390152000123635, 585392.799998000031337 ], [ 390680.79015200008871, 585392.399998 ], [ 390680.590152000077069, 585391.399998 ], [ 390679.990152000100352, 585390.999997999984771 ], [ 390679.590152000077069, 585389.999997999984771 ], [ 390679.990152000100352, 585388.599997999961488 ], [ 390679.79015200008871, 585386.199997999938205 ], [ 390680.79015200008871, 585385.199997999938205 ], [ 390679.990152000100352, 585384.199997999938205 ], [ 390679.990152000100352, 585383.399998 ], [ 390680.990152000100352, 585383.199997999938205 ], [ 390681.79015200008871, 585383.999997999984771 ], [ 390682.390152000123635, 585383.999997999984771 ], [ 390682.590152000077069, 585382.999997999984771 ], [ 390683.190152000111993, 585382.399998 ], [ 390684.190152000111993, 585382.399998 ], [ 390685.190152000111993, 585381.599997999961488 ], [ 390686.190152000111993, 585381.399998 ], [ 390687.79015200008871, 585380.399998 ], [ 390690.590152000077069, 585380.199997999938205 ], [ 390692.190152000111993, 585380.399998 ], [ 390692.79015200008871, 585380.999997999984771 ], [ 390694.390152000123635, 585381.399998 ], [ 390695.990152000100352, 585382.799998000031337 ], [ 390697.590152000077069, 585382.999997999984771 ], [ 390697.590152000077069, 585383.599997999961488 ], [ 390698.190152000111993, 585383.799998000031337 ], [ 390698.590152000077069, 585384.599997999961488 ], [ 390698.990152000100352, 585389.999997999984771 ], [ 390697.990152000100352, 585394.799998000031337 ], [ 390697.190152000111993, 585394.799998000031337 ], [ 390695.79015200008871, 585393.799998000031337 ], [ 390695.590152000077069, 585394.599997999961488 ], [ 390694.79015200008871, 585395.399998 ], [ 390693.390152000123635, 585395.799998000031337 ], [ 390692.390152000123635, 585396.599997999961488 ], [ 390689.390152000123635, 585396.799998000031337 ] ] ] } },
{ "type": "Feature", "properties": { "pred_id": "REG_CAD_082", "raw_pred_id": "RAW_SAM2_082", "sam2_score": 0.73544371128082275, "mean_height_m": 5.7893290519714355, "max_height_m": 12.964815139770508, "reg_area_m2": 134.58000000016068, "vertex_count_raw": 164, "vertex_count_reg": 31, "ortho_ratio_raw": 1.0, "ortho_ratio_reg": 0.032258064516129031, "is_canonical_rect": false }, "geometry": { "type": "Polygon", "coordinates": [ [ [ 390736.590152000077069, 585388.599997999961488 ], [ 390735.390152000123635, 585387.799998000031337 ], [ 390733.990152000100352, 585387.399998 ], [ 390732.390152000123635, 585385.399998 ], [ 390732.590152000077069, 585384.199997999938205 ], [ 390733.190152000111993, 585383.799998000031337 ], [ 390732.79015200008871, 585381.799998000031337 ], [ 390733.190152000111993, 585381.599997999961488 ], [ 390733.990152000100352, 585379.599997999961488 ], [ 390735.390152000123635, 585379.199997999938205 ], [ 390736.190152000111993, 585378.599997999961488 ], [ 390741.190152000111993, 585378.599997999961488 ], [ 390742.390152000123635, 585379.199997999938205 ], [ 390743.190152000111993, 585379.199997999938205 ], [ 390744.190152000111993, 585378.599997999961488 ], [ 390745.390152000123635, 585378.599997999961488 ], [ 390746.990152000100352, 585379.599997999961488 ], [ 390747.190152000111993, 585380.599997999961488 ], [ 390747.990152000100352, 585381.599997999961488 ], [ 390748.79015200008871, 585381.799998000031337 ], [ 390748.79015200008871, 585382.199997999938205 ], [ 390747.79015200008871, 585382.999997999984771 ], [ 390747.590152000077069, 585383.799998000031337 ], [ 390748.990152000100352, 585385.199997999938205 ], [ 390748.79015200008871, 585385.599997999961488 ], [ 390747.590152000077069, 585386.199997999938205 ], [ 390747.190152000111993, 585386.999997999984771 ], [ 390745.390152000123635, 585387.599997999961488 ], [ 390744.79015200008871, 585388.199997999938205 ], [ 390742.390152000123635, 585387.999997999984771 ], [ 390741.190152000111993, 585388.599997999961488 ], [ 390736.590152000077069, 585388.599997999961488 ] ] ] } },
{ "type": "Feature", "properties": { "pred_id": "REG_CAD_083", "raw_pred_id": "RAW_SAM2_083", "sam2_score": 0.82320833206176758, "mean_height_m": 4.8503313064575195, "max_height_m": 8.6504440307617188, "reg_area_m2": 86.859999999977873, "vertex_count_raw": 100, "vertex_count_reg": 20, "ortho_ratio_raw": 1.0, "ortho_ratio_reg": 0.15, "is_canonical_rect": false }, "geometry": { "type": "Polygon", "coordinates": [ [ [ 390652.79015200008871, 585387.199997999938205 ], [ 390651.990152000100352, 585386.799998000031337 ], [ 390651.990152000100352, 585386.399998 ], [ 390651.590152000077069, 585386.399998 ], [ 390651.390152000123635, 585385.999997999984771 ], [ 390649.990152000100352, 585385.999997999984771 ], [ 390649.990152000100352, 585375.599997999961488 ], [ 390651.190152000111993, 585375.599997999961488 ], [ 390651.590152000077069, 585375.999997999984771 ], [ 390653.590152000077069, 585375.999997999984771 ], [ 390654.190152000111993, 585375.199997999938205 ], [ 390655.190152000111993, 585375.199997999938205 ], [ 390655.79015200008871, 585375.999997999984771 ], [ 390657.390152000123635, 585376.599997999961488 ], [ 390657.79015200008871, 585377.399998 ], [ 390659.190152000111993, 585378.599997999961488 ], [ 390658.990152000100352, 585379.999997999984771 ], [ 390659.190152000111993, 585382.199997999938205 ], [ 390657.990152000100352, 585383.399998 ], [ 390657.390152000123635, 585385.199997999938205 ], [ 390652.79015200008871, 585387.199997999938205 ] ] ] } },
{ "type": "Feature", "properties": { "pred_id": "REG_CAD_084", "raw_pred_id": "RAW_SAM2_084", "sam2_score": 0.7669709324836731, "mean_height_m": 5.068885326385498, "max_height_m": 8.4011011123657227, "reg_area_m2": 89.202728023183184, "vertex_count_raw": 90, "vertex_count_reg": 18, "ortho_ratio_raw": 1.0, "ortho_ratio_reg": 1.0, "is_canonical_rect": false }, "geometry": { "type": "Polygon", "coordinates": [ [ [ 391116.533023352676537, 585378.424598481971771 ], [ 391128.105298816517461, 585379.437021213234402 ], [ 391128.176054038398433, 585378.628285326762125 ], [ 391130.135141052072868, 585378.800174444913864 ], [ 391130.675456347176805, 585372.62366705830209 ], [ 391127.641604208562057, 585372.358239389257506 ], [ 391127.638675082882401, 585372.391719448845834 ], [ 391125.541605816513766, 585372.20824966148939 ], [ 391125.538677570526488, 585372.241719666635618 ], [ 391123.441600969235878, 585372.058249237481505 ], [ 391123.422600611462258, 585372.275424320716411 ], [ 391121.555750705185346, 585372.112088991911151 ], [ 391121.541797793470323, 585372.2715715036029 ], [ 391119.905148633813951, 585372.128383256029338 ], [ 391119.875123610254377, 585372.471570846042596 ], [ 391118.238474450539798, 585372.328382598469034 ], [ 391118.183238255907781, 585372.959735191077925 ], [ 391117.02005115931388, 585372.857962568639778 ], [ 391116.533023352676537, 585378.424598481971771 ] ] ] } },
{ "type": "Feature", "properties": { "pred_id": "REG_CAD_085", "raw_pred_id": "RAW_SAM2_085", "sam2_score": 0.70482730865478516, "mean_height_m": 7.5655636787414551, "max_height_m": 18.054286956787109, "reg_area_m2": 625.04000000007454, "vertex_count_raw": 402, "vertex_count_reg": 103, "ortho_ratio_raw": 1.0, "ortho_ratio_reg": 0.077669902912621352, "is_canonical_rect": false }, "geometry": { "type": "Polygon", "coordinates": [ [ [ 391084.79015200008871, 585375.399998 ], [ 391082.990152000100352, 585374.799998000031337 ], [ 391081.590152000077069, 585374.599997999961488 ], [ 391080.990152000100352, 585373.999997999984771 ], [ 391079.190152000111993, 585373.799998000031337 ], [ 391077.79015200008871, 585372.999997999984771 ], [ 391076.590152000077069, 585372.799998000031337 ], [ 391076.79015200008871, 585372.199997999938205 ], [ 391077.79015200008871, 585371.599997999961488 ], [ 391077.990152000100352, 585370.799998000031337 ], [ 391078.79015200008871, 585370.399998 ], [ 391078.990152000100352, 585369.399998 ], [ 391077.190152000111993, 585369.399998 ], [ 391075.79015200008871, 585368.199997999938205 ], [ 391074.79015200008871, 585368.199997999938205 ], [ 391074.79015200008871, 585367.599997999961488 ], [ 391075.390152000123635, 585366.999997999984771 ], [ 391075.390152000123635, 585366.199997999938205 ], [ 391074.390152000123635, 585365.199997999938205 ], [ 391074.390152000123635, 585363.999997999984771 ], [ 391074.990152000100352, 585363.399998 ], [ 391074.79015200008871, 585361.599997999961488 ], [ 391075.190152000111993, 585361.599997999961488 ], [ 391075.590152000077069, 585360.799998000031337 ], [ 391075.590152000077069, 585359.599997999961488 ], [ 391074.590152000077069, 585358.799998000031337 ], [ 391074.590152000077069, 585358.199997999938205 ], [ 391075.590152000077069, 585357.799998000031337 ], [ 391076.190152000111993, 585356.199997999938205 ], [ 391076.79015200008871, 585355.799998000031337 ], [ 391076.79015200008871, 585354.999997999984771 ], [ 391076.390152000123635, 585354.599997999961488 ], [ 391076.590152000077069, 585352.399998 ], [ 391077.990152000100352, 585351.399998 ], [ 391079.990152000100352, 585351.599997999961488 ], [ 391080.390152000123635, 585352.399998 ], [ 391080.990152000100352, 585352.399998 ], [ 391081.390152000123635, 585351.799998000031337 ], [ 391083.190152000111993, 585351.599997999961488 ], [ 391084.390152000123635, 585350.999997999984771 ], [ 391086.79015200008871, 585350.999997999984771 ], [ 391087.79015200008871, 585351.199997999938205 ], [ 391088.190152000111993, 585351.599997999961488 ], [ 391091.590152000077069, 585351.399998 ], [ 391092.79015200008871, 585350.999997999984771 ], [ 391095.190152000111993, 585351.199997999938205 ], [ 391096.190152000111993, 585351.799998000031337 ], [ 391099.590152000077069, 585351.599997999961488 ], [ 391099.990152000100352, 585351.799998000031337 ], [ 391099.990152000100352, 585352.199997999938205 ], [ 391100.990152000100352, 585351.799998000031337 ], [ 391102.390152000123635, 585351.799998000031337 ], [ 391103.79015200008871, 585352.799998000031337 ], [ 391105.990152000100352, 585352.599997999961488 ], [ 391106.590152000077069, 585355.199997999938205 ], [ 391106.390152000123635, 585356.399998 ], [ 391106.190152000111993, 585356.799998000031337 ], [ 391105.79015200008871, 585356.799998000031337 ], [ 391105.79015200008871, 585357.799998000031337 ], [ 391106.190152000111993, 585358.199997999938205 ], [ 391105.990152000100352, 585358.999997999984771 ], [ 391106.190152000111993, 585362.599997999961488 ], [ 391105.79015200008871, 585362.999997999984771 ], [ 391105.390152000123635, 585364.399998 ], [ 391104.590152000077069, 585364.799998000031337 ], [ 391105.390152000123635, 585365.399998 ], [ 391105.590152000077069, 585366.599997999961488 ], [ 391104.390152000123635, 585368.399998 ], [ 391104.390152000123635, 585369.599997999961488 ], [ 391104.190152000111993, 585369.799998000031337 ], [ 391103.79015200008871, 585369.599997999961488 ], [ 391103.79015200008871, 585367.999997999984771 ], [ 391102.590152000077069, 585366.799998000031337 ], [ 391102.590152000077069, 585365.799998000031337 ], [ 391103.79015200008871, 585364.799998000031337 ], [ 391102.79015200008871, 585364.199997999938205 ], [ 391102.390152000123635, 585362.599997999961488 ], [ 391101.990152000100352, 585362.199997999938205 ], [ 391101.79015200008871, 585363.799998000031337 ], [ 391100.990152000100352, 585364.599997999961488 ], [ 391100.990152000100352, 585364.999997999984771 ], [ 391101.79015200008871, 585365.799998000031337 ], [ 391101.79015200008871, 585366.599997999961488 ], [ 391100.590152000077069, 585367.999997999984771 ], [ 391100.190152000111993, 585369.799998000031337 ], [ 391098.990152000100352, 585369.199997999938205 ], [ 391097.79015200008871, 585369.399998 ], [ 391097.79015200008871, 585370.399998 ], [ 391098.390152000123635, 585370.999997999984771 ], [ 391098.390152000123635, 585371.399998 ], [ 391097.990152000100352, 585371.799998000031337 ], [ 391097.990152000100352, 585372.799998000031337 ], [ 391096.590152000077069, 585374.199997999938205 ], [ 391094.190152000111993, 585373.599997999961488 ], [ 391093.390152000123635, 585374.199997999938205 ], [ 391092.79015200008871, 585374.199997999938205 ], [ 391092.590152000077069, 585374.599997999961488 ], [ 391089.990152000100352, 585374.799998000031337 ], [ 391088.79015200008871, 585375.399998 ], [ 391088.190152000111993, 585375.399998 ], [ 391087.990152000100352, 585374.999997999984771 ], [ 391087.390152000123635, 585374.799998000031337 ], [ 391085.79015200008871, 585374.799998000031337 ], [ 391084.79015200008871, 585375.399998 ] ] ] } },
{ "type": "Feature", "properties": { "pred_id": "REG_CAD_086", "raw_pred_id": "RAW_SAM2_086", "sam2_score": 0.82033222913742065, "mean_height_m": 6.2122440338134766, "max_height_m": 10.000296592712402, "reg_area_m2": 69.109305644583856, "vertex_count_raw": 108, "vertex_count_reg": 18, "ortho_ratio_raw": 1.0, "ortho_ratio_reg": 1.0, "is_canonical_rect": false }, "geometry": { "type": "Polygon", "coordinates": [ [ [ 390656.697412590845488, 585375.538901405059732 ], [ 390661.064132824423723, 585375.310051294974983 ], [ 390660.980697641614825, 585373.752897337544709 ], [ 390663.193283154687379, 585373.636940644355491 ], [ 390663.110202931042295, 585372.051759140216745 ], [ 390661.02304468274815, 585372.161142469150946 ], [ 390660.937777702871244, 585370.534161548363045 ], [ 390661.637177372700535, 585370.497507564956322 ], [ 390661.54310227651149, 585368.702447797521017 ], [ 390662.13437784119742, 585368.671460358193144 ], [ 390662.064784218207933, 585367.343653155723587 ], [ 390659.186458406213205, 585367.494481098838151 ], [ 390659.118286201613955, 585366.193477312801406 ], [ 390653.956822305335663, 585366.463976330123842 ], [ 390654.124744286760688, 585369.668369940249249 ], [ 390653.054737285478041, 585369.724436797550879 ], [ 390653.312670416082256, 585374.645977843669243 ], [ 390656.641471364244353, 585374.471479214611463 ], [ 390656.697412590845488, 585375.538901405059732 ] ] ] } },
{ "type": "Feature", "properties": { "pred_id": "REG_CAD_087", "raw_pred_id": "RAW_SAM2_087", "sam2_score": 0.77177947759628296, "mean_height_m": 5.188389778137207, "max_height_m": 7.4811797142028809, "reg_area_m2": 53.0000000001397, "vertex_count_raw": 102, "vertex_count_reg": 25, "ortho_ratio_raw": 1.0, "ortho_ratio_reg": 0.04, "is_canonical_rect": false }, "geometry": { "type": "Polygon", "coordinates": [ [ [ 390771.590152000077069, 585371.999997999984771 ], [ 390770.990152000100352, 585371.599997999961488 ], [ 390769.990152000100352, 585371.599997999961488 ], [ 390769.590152000077069, 585371.199997999938205 ], [ 390769.390152000123635, 585370.199997999938205 ], [ 390768.79015200008871, 585369.399998 ], [ 390768.590152000077069, 585367.399998 ], [ 390767.590152000077069, 585366.399998 ], [ 390768.990152000100352, 585365.799998000031337 ], [ 390769.990152000100352, 585364.599997999961488 ], [ 390772.190152000111993, 585364.999997999984771 ], [ 390772.79015200008871, 585364.399998 ], [ 390773.590152000077069, 585364.199997999938205 ], [ 390774.79015200008871, 585364.399998 ], [ 390775.190152000111993, 585364.999997999984771 ], [ 390776.590152000077069, 585365.599997999961488 ], [ 390776.990152000100352, 585366.199997999938205 ], [ 390776.990152000100352, 585368.399998 ], [ 390776.590152000077069, 585368.999997999984771 ], [ 390776.590152000077069, 585369.799998000031337 ], [ 390776.190152000111993, 585369.999997999984771 ], [ 390776.190152000111993, 585370.399998 ], [ 390775.79015200008871, 585370.399998 ], [ 390774.990152000100352, 585371.399998 ], [ 390774.190152000111993, 585371.799998000031337 ], [ 390771.590152000077069, 585371.999997999984771 ] ] ] } },
{ "type": "Feature", "properties": { "pred_id": "REG_CAD_088", "raw_pred_id": "RAW_SAM2_088", "sam2_score": 0.78012287616729736, "mean_height_m": 3.7975215911865234, "max_height_m": 7.8724708557128906, "reg_area_m2": 62.031378619764197, "vertex_count_raw": 118, "vertex_count_reg": 20, "ortho_ratio_raw": 1.0, "ortho_ratio_reg": 1.0, "is_canonical_rect": false }, "geometry": { "type": "Polygon", "coordinates": [ [ [ 390665.323164198547602, 585366.872214965173043 ], [ 390666.257113502826542, 585367.327732476987876 ], [ 390667.667058972641826, 585364.436900179483928 ], [ 390668.60114576126216, 585364.892472716979682 ], [ 390669.746496925305109, 585362.54408050829079 ], [ 390668.705405863234773, 585362.036312961718068 ], [ 390669.346229967661202, 585360.722428838605992 ], [ 390668.434060737723485, 585360.277534178923815 ], [ 390668.912517845921684, 585359.296551731880754 ], [ 390667.753044870798476, 585358.731036110315472 ], [ 390667.893512920942158, 585358.443033927469514 ], [ 390666.486749388335738, 585357.756909508258104 ], [ 390666.767858205363154, 585357.1805510208942 ], [ 390665.296053476748057, 585356.462710233172402 ], [ 390664.486485647328664, 585358.122570264153183 ], [ 390663.227412294538226, 585357.508480495074764 ], [ 390660.889376418781467, 585362.302079764660448 ], [ 390661.921527687867638, 585362.805493574822322 ], [ 390660.658780773752369, 585365.394508423632942 ], [ 390665.009078028146178, 585367.516249777865596 ], [ 390665.323164198547602, 585366.872214965173043 ] ] ] } },
{ "type": "Feature", "properties": { "pred_id": "REG_CAD_089", "raw_pred_id": "RAW_SAM2_089", "sam2_score": 0.81738221645355225, "mean_height_m": 4.6060113906860352, "max_height_m": 5.9441428184509277, "reg_area_m2": 40.640000000138535, "vertex_count_raw": 70, "vertex_count_reg": 14, "ortho_ratio_raw": 1.0, "ortho_ratio_reg": 0.071428571428571425, "is_canonical_rect": false }, "geometry": { "type": "Polygon", "coordinates": [ [ [ 390654.79015200008871, 585366.999997999984771 ], [ 390653.990152000100352, 585366.399998 ], [ 390653.590152000077069, 585365.199997999938205 ], [ 390652.990152000100352, 585364.999997999984771 ], [ 390653.590152000077069, 585363.799998000031337 ], [ 390653.590152000077069, 585362.799998000031337 ], [ 390652.990152000100352, 585361.599997999961488 ], [ 390653.79015200008871, 585360.799998000031337 ], [ 390653.79015200008871, 585360.199997999938205 ], [ 390654.79015200008871, 585359.599997999961488 ], [ 390659.190152000111993, 585359.999997999984771 ], [ 390659.79015200008871, 585362.399998 ], [ 390658.79015200008871, 585366.399998 ], [ 390657.190152000111993, 585366.999997999984771 ], [ 390654.79015200008871, 585366.999997999984771 ] ] ] } },
{ "type": "Feature", "properties": { "pred_id": "REG_CAD_090", "raw_pred_id": "RAW_SAM2_090", "sam2_score": 0.7355383038520813, "mean_height_m": 4.426546573638916, "max_height_m": 9.6227970123291016, "reg_area_m2": 347.3200000001537, "vertex_count_raw": 268, "vertex_count_reg": 70, "ortho_ratio_raw": 1.0, "ortho_ratio_reg": 0.2, "is_canonical_rect": false }, "geometry": { "type": "Polygon", "coordinates": [ [ [ 390863.390152000123635, 585364.999997999984771 ], [ 390862.590152000077069, 585364.599997999961488 ], [ 390860.590152000077069, 585364.399998 ], [ 390859.990152000100352, 585363.799998000031337 ], [ 390859.390152000123635, 585364.199997999938205 ], [ 390855.990152000100352, 585364.399998 ], [ 390855.390152000123635, 585363.799998000031337 ], [ 390853.990152000100352, 585363.599997999961488 ], [ 390852.590152000077069, 585362.799998000031337 ], [ 390850.590152000077069, 585362.599997999961488 ], [ 390849.79015200008871, 585361.799998000031337 ], [ 390849.390152000123635, 585361.799998000031337 ], [ 390848.990152000100352, 585359.799998000031337 ], [ 390847.79015200008871, 585358.599997999961488 ], [ 390848.990152000100352, 585357.399998 ], [ 390848.990152000100352, 585356.599997999961488 ], [ 390847.990152000100352, 585355.399998 ], [ 390849.190152000111993, 585354.199997999938205 ], [ 390849.390152000123635, 585352.399998 ], [ 390850.190152000111993, 585351.999997999984771 ], [ 390850.590152000077069, 585351.399998 ], [ 390851.390152000123635, 585351.199997999938205 ], [ 390853.390152000123635, 585351.199997999938205 ], [ 390853.990152000100352, 585351.599997999961488 ], [ 390857.190152000111993, 585351.199997999938205 ], [ 390857.79015200008871, 585350.799998000031337 ], [ 390857.79015200008871, 585349.999997999984771 ], [ 390858.990152000100352, 585349.999997999984771 ], [ 390858.990152000100352, 585350.799998000031337 ], [ 390860.79015200008871, 585350.799998000031337 ], [ 390860.79015200008871, 585349.999997999984771 ], [ 390862.390152000123635, 585349.999997999984771 ], [ 390862.390152000123635, 585350.799998000031337 ], [ 390862.79015200008871, 585350.999997999984771 ], [ 390864.590152000077069, 585350.999997999984771 ], [ 390864.990152000100352, 585350.799998000031337 ], [ 390864.990152000100352, 585349.999997999984771 ], [ 390866.990152000100352, 585349.999997999984771 ], [ 390866.990152000100352, 585350.799998000031337 ], [ 390867.390152000123635, 585350.999997999984771 ], [ 390869.79015200008871, 585350.799998000031337 ], [ 390870.390152000123635, 585351.199997999938205 ], [ 390872.990152000100352, 585351.399998 ], [ 390873.190152000111993, 585352.399998 ], [ 390873.590152000077069, 585352.599997999961488 ], [ 390875.590152000077069, 585352.199997999938205 ], [ 390876.190152000111993, 585353.199997999938205 ], [ 390877.79015200008871, 585353.399998 ], [ 390878.190152000111993, 585353.799998000031337 ], [ 390877.79015200008871, 585354.799998000031337 ], [ 390876.79015200008871, 585355.199997999938205 ], [ 390876.79015200008871, 585355.799998000031337 ], [ 390877.79015200008871, 585356.599997999961488 ], [ 390877.79015200008871, 585357.199997999938205 ], [ 390876.390152000123635, 585357.799998000031337 ], [ 390876.190152000111993, 585358.199997999938205 ], [ 390876.390152000123635, 585359.199997999938205 ], [ 390877.590152000077069, 585359.799998000031337 ], [ 390877.79015200008871, 585360.199997999938205 ], [ 390876.79015200008871, 585360.599997999961488 ], [ 390875.990152000100352, 585361.799998000031337 ], [ 390874.390152000123635, 585362.199997999938205 ], [ 390873.79015200008871, 585362.999997999984771 ], [ 390870.390152000123635, 585363.199997999938205 ], [ 390869.990152000100352, 585363.799998000031337 ], [ 390869.390152000123635, 585363.799998000031337 ], [ 390868.79015200008871, 585363.199997999938205 ], [ 390867.190152000111993, 585363.199997999938205 ], [ 390867.190152000111993, 585363.599997999961488 ], [ 390865.990152000100352, 585364.599997999961488 ], [ 390863.390152000123635, 585364.999997999984771 ] ] ] } },
{ "type": "Feature", "properties": { "pred_id": "REG_CAD_091", "raw_pred_id": "RAW_SAM2_091", "sam2_score": 0.76484584808349609, "mean_height_m": 3.9898154735565186, "max_height_m": 7.7941207885742188, "reg_area_m2": 111.24279341920695, "vertex_count_raw": 130, "vertex_count_reg": 22, "ortho_ratio_raw": 1.0, "ortho_ratio_reg": 1.0, "is_canonical_rect": false }, "geometry": { "type": "Polygon", "coordinates": [ [ [ 390836.228662227455061, 585361.799978427123278 ], [ 390841.154907624295447, 585361.799967642058618 ], [ 390841.154906745592598, 585361.399990954902023 ], [ 390845.490157805208582, 585361.399993156082928 ], [ 390845.49015780526679, 585357.799999392940663 ], [ 390846.840150405885652, 585357.799999392940663 ], [ 390846.8401015404379, 585353.559974034316838 ], [ 390843.930131621134933, 585353.559974034316838 ], [ 390843.930131621134933, 585353.3199841263704 ], [ 390841.890150565421209, 585353.3199841263704 ], [ 390841.890150565421209, 585353.079984126379713 ], [ 390839.850140064547304, 585353.079984126496129 ], [ 390839.850140064547304, 585352.839984126505442 ], [ 390837.810129294288345, 585352.839984126505442 ], [ 390837.810129294288345, 585351.876182135776617 ], [ 390836.040132492373232, 585351.876172595308162 ], [ 390836.040132492373232, 585353.09997458581347 ], [ 390834.540154414135031, 585353.09997458581347 ], [ 390834.540154414135031, 585353.75017158081755 ], [ 390833.090137429186143, 585353.750183738186024 ], [ 390833.090124016394839, 585361.399999357294291 ], [ 390836.228660057589877, 585361.399986741715111 ], [ 390836.228662227455061, 585361.799978427123278 ] ] ] } },
{ "type": "Feature", "properties": { "pred_id": "REG_CAD_092", "raw_pred_id": "RAW_SAM2_092", "sam2_score": 0.78857171535491943, "mean_height_m": 2.9608767032623291, "max_height_m": 4.7789807319641113, "reg_area_m2": 108.92000000003723, "vertex_count_raw": 104, "vertex_count_reg": 29, "ortho_ratio_raw": 1.0, "ortho_ratio_reg": 0.10344827586206896, "is_canonical_rect": false }, "geometry": { "type": "Polygon", "coordinates": [ [ [ 390756.190152000111993, 585360.199997999938205 ], [ 390755.590152000077069, 585359.399998 ], [ 390754.390152000123635, 585359.199997999938205 ], [ 390753.590152000077069, 585357.599997999961488 ], [ 390752.79015200008871, 585357.199997999938205 ], [ 390752.990152000100352, 585355.599997999961488 ], [ 390752.79015200008871, 585354.799998000031337 ], [ 390752.590152000077069, 585354.399998 ], [ 390751.990152000100352, 585354.399998 ], [ 390751.590152000077069, 585353.999997999984771 ], [ 390751.79015200008871, 585353.599997999961488 ], [ 390752.590152000077069, 585353.599997999961488 ], [ 390752.990152000100352, 585353.199997999938205 ], [ 390753.590152000077069, 585351.199997999938205 ], [ 390754.590152000077069, 585350.799998000031337 ], [ 390754.590152000077069, 585349.999997999984771 ], [ 390764.79015200008871, 585349.999997999984771 ], [ 390764.79015200008871, 585351.399998 ], [ 390764.390152000123635, 585352.399998 ], [ 390764.990152000100352, 585352.599997999961488 ], [ 390765.190152000111993, 585353.199997999938205 ], [ 390765.190152000111993, 585355.399998 ], [ 390764.79015200008871, 585356.199997999938205 ], [ 390764.79015200008871, 585357.199997999938205 ], [ 390764.190152000111993, 585357.799998000031337 ], [ 390763.390152000123635, 585357.999997999984771 ], [ 390762.590152000077069, 585358.999997999984771 ], [ 390761.390152000123635, 585359.199997999938205 ], [ 390760.390152000123635, 585359.999997999984771 ], [ 390756.190152000111993, 585360.199997999938205 ] ] ] } },
{ "type": "Feature", "properties": { "pred_id": "REG_CAD_093", "raw_pred_id": "RAW_SAM2_093", "sam2_score": 0.70206236839294434, "mean_height_m": 3.8329930305480957, "max_height_m": 5.5836429595947266, "reg_area_m2": 66.559999999937133, "vertex_count_raw": 104, "vertex_count_reg": 24, "ortho_ratio_raw": 1.0, "ortho_ratio_reg": 0.25, "is_canonical_rect": false }, "geometry": { "type": "Polygon", "coordinates": [ [ [ 391129.390152000123635, 585358.599997999961488 ], [ 391128.190152000111993, 585357.399998 ], [ 391125.590152000077069, 585356.599997999961488 ], [ 391125.190152000111993, 585356.199997999938205 ], [ 391124.79015200008871, 585354.799998000031337 ], [ 391125.190152000111993, 585351.799998000031337 ], [ 391126.390152000123635, 585351.599997999961488 ], [ 391126.990152000100352, 585351.999997999984771 ], [ 391126.990152000100352, 585352.399998 ], [ 391127.590152000077069, 585352.599997999961488 ], [ 391128.190152000111993, 585351.199997999938205 ], [ 391129.990152000100352, 585350.799998000031337 ], [ 391129.990152000100352, 585349.999997999984771 ], [ 391132.79015200008871, 585349.999997999984771 ], [ 391132.79015200008871, 585350.799998000031337 ], [ 391134.990152000100352, 585351.199997999938205 ], [ 391135.190152000111993, 585352.199997999938205 ], [ 391135.590152000077069, 585352.399998 ], [ 391135.990152000100352, 585353.399998 ], [ 391135.990152000100352, 585354.599997999961488 ], [ 391135.390152000123635, 585355.599997999961488 ], [ 391135.390152000123635, 585356.399998 ], [ 391133.190152000111993, 585356.599997999961488 ], [ 391131.79015200008871, 585357.999997999984771 ], [ 391129.390152000123635, 585358.599997999961488 ] ] ] } },
{ "type": "Feature", "properties": { "pred_id": "REG_CAD_094", "raw_pred_id": "RAW_SAM2_094", "sam2_score": 0.77697622776031494, "mean_height_m": 5.5026750564575195, "max_height_m": 9.2559804916381836, "reg_area_m2": 52.87999999991036, "vertex_count_raw": 54, "vertex_count_reg": 17, "ortho_ratio_raw": 1.0, "ortho_ratio_reg": 0.29411764705882354, "is_canonical_rect": false }, "geometry": { "type": "Polygon", "coordinates": [ [ [ 390665.390152000123635, 585354.999997999984771 ], [ 390661.590152000077069, 585354.599997999961488 ], [ 390660.990152000100352, 585354.199997999938205 ], [ 390660.990152000100352, 585353.799998000031337 ], [ 390658.590152000077069, 585353.999997999984771 ], [ 390658.590152000077069, 585353.599997999961488 ], [ 390659.390152000123635, 585353.199997999938205 ], [ 390659.390152000123635, 585351.799998000031337 ], [ 390658.190152000111993, 585350.799998000031337 ], [ 390658.190152000111993, 585349.999997999984771 ], [ 390670.990152000100352, 585349.999997999984771 ], [ 390670.990152000100352, 585351.199997999938205 ], [ 390670.390152000123635, 585351.999997999984771 ], [ 390670.79015200008871, 585353.999997999984771 ], [ 390669.190152000111993, 585354.199997999938205 ], [ 390668.590152000077069, 585354.599997999961488 ], [ 390665.990152000100352, 585354.599997999961488 ], [ 390665.390152000123635, 585354.999997999984771 ] ] ] } }
]
}
