{
"type": "FeatureCollection",
"name": "EXP_001_candidate_gen_reg",
"crs": { "type": "name", "properties": { "name": "urn:ogc:def:crs:EPSG::3844" } },
"features": [
{ "type": "Feature", "properties": { "pred_id": "E1_REG_001", "raw_pred_id": "E1_RAW_001" }, "geometry": { "type": "Polygon", "coordinates": [ [ [ 390657.754186359525193, 585748.064054507878609 ], [ 390667.026980015623849, 585748.549953271402046 ], [ 390667.053812204918358, 585748.037964600021951 ], [ 390667.833880477002822, 585748.078846246004105 ], [ 390668.092397253087256, 585743.139740832848474 ], [ 390666.589773127518129, 585743.061000931542367 ], [ 390666.68566919141449, 585741.231195030617528 ], [ 390665.494603847968392, 585741.168773940997198 ], [ 390665.620354803162627, 585738.769302775152028 ], [ 390663.875365394924302, 585738.677853792672977 ], [ 390663.839603701897431, 585739.360227545839734 ], [ 390661.540683823055588, 585739.239746260340326 ], [ 390661.519251464575063, 585739.648700022837147 ], [ 390659.64796943042893, 585739.550623559509404 ], [ 390659.611955581698567, 585740.237808729871176 ], [ 390658.168327222112566, 585740.162151373457164 ], [ 390657.754186359525193, 585748.064054507878609 ] ] ] } },
{ "type": "Feature", "properties": { "pred_id": "E1_REG_002", "raw_pred_id": "E1_RAW_002" }, "geometry": { "type": "Polygon", "coordinates": [ [ [ 390737.79015200008871, 585748.399998 ], [ 390732.990152000100352, 585748.399998 ], [ 390731.79015200008871, 585747.799998000031337 ], [ 390732.190152000111993, 585746.599997999961488 ], [ 390732.79015200008871, 585746.399998 ], [ 390732.990152000100352, 585745.799998000031337 ], [ 390732.390152000123635, 585744.999997999984771 ], [ 390732.390152000123635, 585744.399998 ], [ 390731.390152000123635, 585743.399998 ], [ 390730.990152000100352, 585743.399998 ], [ 390730.79015200008871, 585742.599997999961488 ], [ 390731.390152000123635, 585741.599997999961488 ], [ 390730.990152000100352, 585739.399998 ], [ 390731.390152000123635, 585739.399998 ], [ 390731.990152000100352, 585738.599997999961488 ], [ 390731.990152000100352, 585734.399998 ], [ 390732.190152000111993, 585733.999997999984771 ], [ 390733.190152000111993, 585733.799998000031337 ], [ 390732.990152000100352, 585731.999997999984771 ], [ 390734.190152000111993, 585731.599997999961488 ], [ 390734.990152000100352, 585730.799998000031337 ], [ 390736.390152000123635, 585732.199997999938205 ], [ 390736.590152000077069, 585733.799998000031337 ], [ 390737.190152000111993, 585734.599997999961488 ], [ 390737.590152000077069, 585736.199997999938205 ], [ 390737.590152000077069, 585738.399998 ], [ 390737.190152000111993, 585739.999997999984771 ], [ 390737.990152000100352, 585742.399998 ], [ 390738.390152000123635, 585742.599997999961488 ], [ 390737.590152000077069, 585746.199997999938205 ], [ 390738.190152000111993, 585746.799998000031337 ], [ 390738.590152000077069, 585746.799998000031337 ], [ 390739.390152000123635, 585747.799998000031337 ], [ 390738.990152000100352, 585748.199997999938205 ], [ 390737.79015200008871, 585748.399998 ] ] ] } },
{ "type": "Feature", "properties": { "pred_id": "E1_REG_003", "raw_pred_id": "E1_RAW_003" }, "geometry": { "type": "Polygon", "coordinates": [ [ [ 390753.990152000100352, 585748.599997999961488 ], [ 390748.990152000100352, 585748.199997999938205 ], [ 390748.390152000123635, 585748.399998 ], [ 390736.590152000077069, 585748.199997999938205 ], [ 390735.390152000123635, 585747.799998000031337 ], [ 390735.990152000100352, 585747.199997999938205 ], [ 390735.990152000100352, 585746.799998000031337 ], [ 390736.79015200008871, 585746.199997999938205 ], [ 390735.590152000077069, 585741.599997999961488 ], [ 390735.990152000100352, 585740.599997999961488 ], [ 390736.79015200008871, 585739.999997999984771 ], [ 390736.79015200008871, 585739.599997999961488 ], [ 390736.190152000111993, 585737.399998 ], [ 390735.190152000111993, 585735.799998000031337 ], [ 390734.990152000100352, 585734.399998 ], [ 390735.190152000111993, 585731.799998000031337 ], [ 390734.79015200008871, 585731.799998000031337 ], [ 390734.190152000111993, 585731.199997999938205 ], [ 390733.990152000100352, 585729.799998000031337 ], [ 390733.390152000123635, 585728.999997999984771 ], [ 390733.990152000100352, 585727.799998000031337 ], [ 390734.190152000111993, 585725.599997999961488 ], [ 390733.79015200008871, 585724.799998000031337 ], [ 390733.79015200008871, 585723.799998000031337 ], [ 390733.390152000123635, 585722.999997999984771 ], [ 390732.990152000100352, 585722.999997999984771 ], [ 390732.990152000100352, 585722.199997999938205 ], [ 390733.590152000077069, 585721.599997999961488 ], [ 390733.79015200008871, 585719.399998 ], [ 390733.390152000123635, 585717.199997999938205 ], [ 390732.79015200008871, 585716.599997999961488 ], [ 390733.390152000123635, 585715.199997999938205 ], [ 390733.590152000077069, 585712.199997999938205 ], [ 390733.390152000123635, 585710.799998000031337 ], [ 390732.79015200008871, 585709.999997999984771 ], [ 390733.390152000123635, 585709.199997999938205 ], [ 390733.390152000123635, 585707.199997999938205 ], [ 390733.79015200008871, 585706.399998 ], [ 390733.590152000077069, 585701.199997999938205 ], [ 390733.990152000100352, 585700.399998 ], [ 390734.190152000111993, 585698.399998 ], [ 390734.590152000077069, 585697.799998000031337 ], [ 390734.990152000100352, 585697.799998000031337 ], [ 390733.79015200008871, 585696.599997999961488 ], [ 390733.79015200008871, 585695.199997999938205 ], [ 390734.390152000123635, 585693.799998000031337 ], [ 390734.390152000123635, 585692.599997999961488 ], [ 390734.79015200008871, 585691.799998000031337 ], [ 390735.390152000123635, 585691.599997999961488 ], [ 390735.390152000123635, 585691.199997999938205 ], [ 390734.990152000100352, 585691.199997999938205 ], [ 390733.990152000100352, 585690.199997999938205 ], [ 390733.990152000100352, 585689.399998 ], [ 390734.79015200008871, 585687.599997999961488 ], [ 390737.590152000077069, 585687.399998 ], [ 390738.79015200008871, 585685.599997999961488 ], [ 390739.990152000100352, 585685.999997999984771 ], [ 390740.590152000077069, 585686.799998000031337 ], [ 390740.990152000100352, 585686.799998000031337 ], [ 390741.190152000111993, 585686.199997999938205 ], [ 390742.190152000111993, 585685.399998 ], [ 390742.990152000100352, 585685.199997999938205 ], [ 390744.79015200008871, 585685.799998000031337 ], [ 390745.390152000123635, 585684.999997999984771 ], [ 390746.79015200008871, 585684.599997999961488 ], [ 390747.990152000100352, 585685.399998 ], [ 390748.390152000123635, 585686.799998000031337 ], [ 390749.79015200008871, 585686.799998000031337 ], [ 390750.590152000077069, 585686.399998 ], [ 390752.390152000123635, 585686.199997999938205 ], [ 390754.590152000077069, 585686.199997999938205 ], [ 390754.990152000100352, 585687.599997999961488 ], [ 390755.590152000077069, 585688.199997999938205 ], [ 390755.79015200008871, 585690.199997999938205 ], [ 390756.190152000111993, 585690.799998000031337 ], [ 390755.990152000100352, 585693.399998 ], [ 390756.590152000077069, 585693.999997999984771 ], [ 390759.190152000111993, 585694.399998 ], [ 390758.390152000123635, 585695.599997999961488 ], [ 390757.590152000077069, 585695.999997999984771 ], [ 390757.390152000123635, 585697.399998 ], [ 390756.79015200008871, 585698.599997999961488 ], [ 390756.390152000123635, 585698.799998000031337 ], [ 390756.390152000123635, 585699.399998 ], [ 390756.79015200008871, 585699.799998000031337 ], [ 390758.990152000100352, 585700.599997999961488 ], [ 390758.590152000077069, 585701.999997999984771 ], [ 390758.390152000123635, 585702.399998 ], [ 390757.79015200008871, 585702.599997999961488 ], [ 390757.590152000077069, 585703.999997999984771 ], [ 390757.190152000111993, 585704.799998000031337 ], [ 390756.590152000077069, 585705.199997999938205 ], [ 390756.590152000077069, 585705.599997999961488 ], [ 390758.190152000111993, 585706.599997999961488 ], [ 390760.390152000123635, 585706.799998000031337 ], [ 390760.390152000123635, 585707.399998 ], [ 390759.79015200008871, 585707.399998 ], [ 390758.590152000077069, 585708.199997999938205 ], [ 390757.79015200008871, 585709.599997999961488 ], [ 390757.590152000077069, 585710.999997999984771 ], [ 390757.190152000111993, 585711.399998 ], [ 390757.390152000123635, 585712.199997999938205 ], [ 390759.390152000123635, 585713.199997999938205 ], [ 390758.79015200008871, 585713.999997999984771 ], [ 390758.590152000077069, 585715.199997999938205 ], [ 390757.79015200008871, 585715.999997999984771 ], [ 390757.190152000111993, 585717.999997999984771 ], [ 390758.590152000077069, 585718.999997999984771 ], [ 390760.390152000123635, 585719.199997999938205 ], [ 390760.390152000123635, 585719.799998000031337 ], [ 390758.79015200008871, 585720.799998000031337 ], [ 390757.590152000077069, 585723.799998000031337 ], [ 390757.590152000077069, 585724.399998 ], [ 390758.390152000123635, 585725.199997999938205 ], [ 390759.390152000123635, 585725.399998 ], [ 390759.590152000077069, 585725.999997999984771 ], [ 390758.79015200008871, 585726.599997999961488 ], [ 390758.190152000111993, 585727.999997999984771 ], [ 390758.190152000111993, 585728.999997999984771 ], [ 390757.190152000111993, 585730.599997999961488 ], [ 390758.190152000111993, 585730.999997999984771 ], [ 390758.390152000123635, 585731.399998 ], [ 390760.190152000111993, 585731.799998000031337 ], [ 390760.390152000123635, 585732.199997999938205 ], [ 390759.590152000077069, 585732.399998 ], [ 390758.390152000123635, 585733.399998 ], [ 390758.390152000123635, 585735.199997999938205 ], [ 390757.190152000111993, 585736.599997999961488 ], [ 390757.390152000123635, 585737.399998 ], [ 390758.590152000077069, 585738.399998 ], [ 390757.990152000100352, 585738.599997999961488 ], [ 390756.990152000100352, 585739.799998000031337 ], [ 390757.79015200008871, 585740.799998000031337 ], [ 390757.79015200008871, 585741.799998000031337 ], [ 390756.79015200008871, 585742.799998000031337 ], [ 390756.79015200008871, 585744.799998000031337 ], [ 390756.390152000123635, 585745.399998 ], [ 390754.390152000123635, 585745.599997999961488 ], [ 390754.390152000123635, 585746.199997999938205 ], [ 390756.390152000123635, 585746.199997999938205 ], [ 390756.990152000100352, 585746.799998000031337 ], [ 390758.390152000123635, 585747.199997999938205 ], [ 390758.79015200008871, 585747.799998000031337 ], [ 390753.990152000100352, 585748.599997999961488 ] ] ] } },
{ "type": "Feature", "properties": { "pred_id": "E1_REG_004", "raw_pred_id": "E1_RAW_004" }, "geometry": { "type": "Polygon", "coordinates": [ [ [ 390847.79015200008871, 585748.999997999984771 ], [ 390843.390152000123635, 585748.599997999961488 ], [ 390841.990152000100352, 585748.799998000031337 ], [ 390814.79015200008871, 585748.799998000031337 ], [ 390811.590152000077069, 585748.399998 ], [ 390799.390152000123635, 585748.599997999961488 ], [ 390797.990152000100352, 585747.999997999984771 ], [ 390786.390152000123635, 585747.799998000031337 ], [ 390786.390152000123635, 585747.399998 ], [ 390787.190152000111993, 585746.999997999984771 ], [ 390788.390152000123635, 585746.999997999984771 ], [ 390789.79015200008871, 585747.599997999961488 ], [ 390791.390152000123635, 585746.199997999938205 ], [ 390791.990152000100352, 585746.199997999938205 ], [ 390792.990152000100352, 585746.799998000031337 ], [ 390795.190152000111993, 585746.599997999961488 ], [ 390797.590152000077069, 585746.799998000031337 ], [ 390797.990152000100352, 585746.399998 ], [ 390797.990152000100352, 585742.799998000031337 ], [ 390797.590152000077069, 585740.999997999984771 ], [ 390798.190152000111993, 585739.799998000031337 ], [ 390798.390152000123635, 585736.399998 ], [ 390797.990152000100352, 585735.199997999938205 ], [ 390798.190152000111993, 585731.799998000031337 ], [ 390797.390152000123635, 585730.599997999961488 ], [ 390797.79015200008871, 585728.599997999961488 ], [ 390797.190152000111993, 585727.199997999938205 ], [ 390797.590152000077069, 585726.999997999984771 ], [ 390797.990152000100352, 585725.999997999984771 ], [ 390797.79015200008871, 585723.999997999984771 ], [ 390798.190152000111993, 585723.199997999938205 ], [ 390798.190152000111993, 585722.399998 ], [ 390797.590152000077069, 585720.999997999984771 ], [ 390798.190152000111993, 585719.999997999984771 ], [ 390798.190152000111993, 585717.799998000031337 ], [ 390798.590152000077069, 585716.199997999938205 ], [ 390797.990152000100352, 585714.799998000031337 ], [ 390798.590152000077069, 585713.599997999961488 ], [ 390798.590152000077069, 585712.799998000031337 ], [ 390799.190152000111993, 585711.999997999984771 ], [ 390799.79015200008871, 585711.799998000031337 ], [ 390799.390152000123635, 585709.599997999961488 ], [ 390798.990152000100352, 585708.999997999984771 ], [ 390799.390152000123635, 585707.399998 ], [ 390801.390152000123635, 585706.799998000031337 ], [ 390803.190152000111993, 585708.399998 ], [ 390802.390152000123635, 585710.399998 ], [ 390802.590152000077069, 585711.799998000031337 ], [ 390802.990152000100352, 585711.999997999984771 ], [ 390803.190152000111993, 585712.599997999961488 ], [ 390803.590152000077069, 585712.599997999961488 ], [ 390804.190152000111993, 585711.199997999938205 ], [ 390804.79015200008871, 585710.599997999961488 ], [ 390805.590152000077069, 585710.399998 ], [ 390805.79015200008871, 585709.999997999984771 ], [ 390803.390152000123635, 585708.799998000031337 ], [ 390803.390152000123635, 585708.399998 ], [ 390804.590152000077069, 585707.999997999984771 ], [ 390804.79015200008871, 585707.599997999961488 ], [ 390806.390152000123635, 585706.799998000031337 ], [ 390808.390152000123635, 585706.399998 ], [ 390808.990152000100352, 585705.399998 ], [ 390809.390152000123635, 585705.399998 ], [ 390809.590152000077069, 585705.999997999984771 ], [ 390810.590152000077069, 585706.799998000031337 ], [ 390811.590152000077069, 585706.799998000031337 ], [ 390812.79015200008871, 585705.799998000031337 ], [ 390812.79015200008871, 585705.399998 ], [ 390815.190152000111993, 585705.999997999984771 ], [ 390816.590152000077069, 585704.599997999961488 ], [ 390817.79015200008871, 585704.799998000031337 ], [ 390818.590152000077069, 585705.799998000031337 ], [ 390819.190152000111993, 585705.799998000031337 ], [ 390819.79015200008871, 585705.199997999938205 ], [ 390820.990152000100352, 585704.799998000031337 ], [ 390821.590152000077069, 585704.999997999984771 ], [ 390822.590152000077069, 585705.999997999984771 ], [ 390823.190152000111993, 585705.999997999984771 ], [ 390824.590152000077069, 585704.599997999961488 ], [ 390825.390152000123635, 585704.799998000031337 ], [ 390826.590152000077069, 585705.999997999984771 ], [ 390828.590152000077069, 585704.999997999984771 ], [ 390830.79015200008871, 585705.999997999984771 ], [ 390832.190152000111993, 585704.599997999961488 ], [ 390833.590152000077069, 585704.999997999984771 ], [ 390834.390152000123635, 585705.999997999984771 ], [ 390835.390152000123635, 585705.799998000031337 ], [ 390835.79015200008871, 585705.399998 ], [ 390837.190152000111993, 585705.399998 ], [ 390838.190152000111993, 585705.999997999984771 ], [ 390838.79015200008871, 585705.999997999984771 ], [ 390839.390152000123635, 585705.199997999938205 ], [ 390840.590152000077069, 585704.799998000031337 ], [ 390842.190152000111993, 585706.399998 ], [ 390845.190152000111993, 585706.199997999938205 ], [ 390845.990152000100352, 585706.599997999961488 ], [ 390846.190152000111993, 585707.199997999938205 ], [ 390847.990152000100352, 585707.599997999961488 ], [ 390850.390152000123635, 585707.199997999938205 ], [ 390850.990152000100352, 585707.799998000031337 ], [ 390851.190152000111993, 585708.799998000031337 ], [ 390852.190152000111993, 585709.599997999961488 ], [ 390852.190152000111993, 585711.799998000031337 ], [ 390852.79015200008871, 585712.999997999984771 ], [ 390852.590152000077069, 585715.399998 ], [ 390853.190152000111993, 585716.199997999938205 ], [ 390852.990152000100352, 585721.199997999938205 ], [ 390853.390152000123635, 585721.999997999984771 ], [ 390854.190152000111993, 585722.599997999961488 ], [ 390853.590152000077069, 585723.799998000031337 ], [ 390853.590152000077069, 585725.999997999984771 ], [ 390853.190152000111993, 585726.799998000031337 ], [ 390853.590152000077069, 585728.399998 ], [ 390854.190152000111993, 585728.799998000031337 ], [ 390853.390152000123635, 585730.399998 ], [ 390853.79015200008871, 585732.199997999938205 ], [ 390853.190152000111993, 585733.399998 ], [ 390853.390152000123635, 585734.199997999938205 ], [ 390854.190152000111993, 585734.799998000031337 ], [ 390854.190152000111993, 585735.599997999961488 ], [ 390853.390152000123635, 585736.399998 ], [ 390853.590152000077069, 585738.399998 ], [ 390852.990152000100352, 585739.599997999961488 ], [ 390853.390152000123635, 585740.999997999984771 ], [ 390852.990152000100352, 585743.399998 ], [ 390853.79015200008871, 585744.399998 ], [ 390853.190152000111993, 585746.399998 ], [ 390853.79015200008871, 585747.199997999938205 ], [ 390853.79015200008871, 585747.799998000031337 ], [ 390852.390152000123635, 585748.599997999961488 ], [ 390849.990152000100352, 585748.599997999961488 ], [ 390847.79015200008871, 585748.999997999984771 ] ] ] } },
{ "type": "Feature", "properties": { "pred_id": "E1_REG_005", "raw_pred_id": "E1_RAW_005" }, "geometry": { "type": "Polygon", "coordinates": [ [ [ 390879.190152000111993, 585749.999997999984771 ], [ 390879.190152000111993, 585749.199997999938205 ], [ 390878.590152000077069, 585748.199997999938205 ], [ 390878.590152000077069, 585744.999997999984771 ], [ 390877.990152000100352, 585742.999997999984771 ], [ 390878.390152000123635, 585741.199997999938205 ], [ 390878.390152000123635, 585737.599997999961488 ], [ 390877.79015200008871, 585736.599997999961488 ], [ 390878.190152000111993, 585735.799998000031337 ], [ 390878.190152000111993, 585733.599997999961488 ], [ 390878.990152000100352, 585731.999997999984771 ], [ 390879.190152000111993, 585730.799998000031337 ], [ 390879.79015200008871, 585730.399998 ], [ 390879.990152000100352, 585729.799998000031337 ], [ 390880.990152000100352, 585729.399998 ], [ 390881.590152000077069, 585729.399998 ], [ 390881.79015200008871, 585729.799998000031337 ], [ 390883.190152000111993, 585730.599997999961488 ], [ 390885.990152000100352, 585731.199997999938205 ], [ 390888.79015200008871, 585732.999997999984771 ], [ 390889.590152000077069, 585732.999997999984771 ], [ 390892.190152000111993, 585733.999997999984771 ], [ 390893.190152000111993, 585733.999997999984771 ], [ 390894.990152000100352, 585734.999997999984771 ], [ 390896.190152000111993, 585735.199997999938205 ], [ 390897.79015200008871, 585736.999997999984771 ], [ 390898.79015200008871, 585737.199997999938205 ], [ 390899.79015200008871, 585737.999997999984771 ], [ 390900.590152000077069, 585738.199997999938205 ], [ 390900.79015200008871, 585739.599997999961488 ], [ 390900.390152000123635, 585740.799998000031337 ], [ 390900.590152000077069, 585741.799998000031337 ], [ 390903.79015200008871, 585741.599997999961488 ], [ 390903.390152000123635, 585740.799998000031337 ], [ 390901.79015200008871, 585740.399998 ], [ 390901.390152000123635, 585739.799998000031337 ], [ 390904.190152000111993, 585739.199997999938205 ], [ 390905.590152000077069, 585739.199997999938205 ], [ 390906.79015200008871, 585739.799998000031337 ], [ 390906.390152000123635, 585741.599997999961488 ], [ 390908.79015200008871, 585741.799998000031337 ], [ 390909.190152000111993, 585740.999997999984771 ], [ 390909.79015200008871, 585740.599997999961488 ], [ 390912.79015200008871, 585740.599997999961488 ], [ 390913.190152000111993, 585740.999997999984771 ], [ 390915.590152000077069, 585741.599997999961488 ], [ 390917.190152000111993, 585742.799998000031337 ], [ 390917.990152000100352, 585742.799998000031337 ], [ 390919.390152000123635, 585743.399998 ], [ 390920.990152000100352, 585743.399998 ], [ 390923.79015200008871, 585744.399998 ], [ 390925.590152000077069, 585744.599997999961488 ], [ 390926.590152000077069, 585744.999997999984771 ], [ 390926.990152000100352, 585745.599997999961488 ], [ 390928.190152000111993, 585745.999997999984771 ], [ 390930.190152000111993, 585746.199997999938205 ], [ 390931.990152000100352, 585747.199997999938205 ], [ 390934.390152000123635, 585747.399998 ], [ 390935.590152000077069, 585748.799998000031337 ], [ 390936.190152000111993, 585748.799998000031337 ], [ 390936.590152000077069, 585749.199997999938205 ], [ 390936.590152000077069, 585749.999997999984771 ], [ 390879.190152000111993, 585749.999997999984771 ] ] ] } },
{ "type": "Feature", "properties": { "pred_id": "E1_REG_006", "raw_pred_id": "E1_RAW_006" }, "geometry": { "type": "Polygon", "coordinates": [ [ [ 390698.79015200008871, 585747.799998000031337 ], [ 390693.390152000123635, 585747.799998000031337 ], [ 390693.190152000111993, 585745.999997999984771 ], [ 390692.590152000077069, 585745.799998000031337 ], [ 390691.990152000100352, 585745.199997999938205 ], [ 390691.990152000100352, 585744.799998000031337 ], [ 390689.990152000100352, 585744.599997999961488 ], [ 390691.190152000111993, 585743.999997999984771 ], [ 390691.190152000111993, 585741.799998000031337 ], [ 390690.390152000123635, 585741.399998 ], [ 390691.990152000100352, 585741.199997999938205 ], [ 390692.190152000111993, 585740.399998 ], [ 390694.190152000111993, 585739.999997999984771 ], [ 390694.390152000123635, 585739.599997999961488 ], [ 390695.79015200008871, 585738.999997999984771 ], [ 390697.590152000077069, 585739.399998 ], [ 390697.990152000100352, 585739.799998000031337 ], [ 390699.590152000077069, 585739.999997999984771 ], [ 390700.590152000077069, 585741.199997999938205 ], [ 390700.990152000100352, 585741.199997999938205 ], [ 390700.990152000100352, 585743.999997999984771 ], [ 390700.390152000123635, 585744.799998000031337 ], [ 390699.990152000100352, 585746.999997999984771 ], [ 390698.79015200008871, 585747.799998000031337 ] ] ] } },
{ "type": "Feature", "properties": { "pred_id": "E1_REG_007", "raw_pred_id": "E1_RAW_007" }, "geometry": { "type": "Polygon", "coordinates": [ [ [ 390724.140091794542968, 585745.928016235586256 ], [ 390724.239389569615014, 585744.793037473456934 ], [ 390725.67478959588334, 585744.918649113271385 ], [ 390726.039831610803958, 585740.745740295969881 ], [ 390724.304001389245968, 585740.59387631714344 ], [ 390724.255505217937753, 585741.148190092062578 ], [ 390722.391444748966023, 585740.985105932923034 ], [ 390722.388841863605194, 585741.01485704863444 ], [ 390720.524765149515588, 585740.851771468180232 ], [ 390720.506936410500202, 585741.055554886697792 ], [ 390718.707792769011576, 585740.898150641587563 ], [ 390718.31232540064957, 585745.418198881787248 ], [ 390724.140091794542968, 585745.928016235586256 ] ] ] } },
{ "type": "Feature", "properties": { "pred_id": "E1_REG_008", "raw_pred_id": "E1_RAW_008" }, "geometry": { "type": "Polygon", "coordinates": [ [ [ 390678.590152000077069, 585741.999997999984771 ], [ 390677.190152000111993, 585741.599997999961488 ], [ 390676.79015200008871, 585740.999997999984771 ], [ 390675.590152000077069, 585740.999997999984771 ], [ 390674.990152000100352, 585741.599997999961488 ], [ 390673.990152000100352, 585741.399998 ], [ 390674.390152000123635, 585739.599997999961488 ], [ 390673.590152000077069, 585739.199997999938205 ], [ 390672.990152000100352, 585737.599997999961488 ], [ 390672.390152000123635, 585737.199997999938205 ], [ 390671.79015200008871, 585735.599997999961488 ], [ 390671.190152000111993, 585735.199997999938205 ], [ 390671.590152000077069, 585733.999997999984771 ], [ 390671.79015200008871, 585729.599997999961488 ], [ 390672.190152000111993, 585728.999997999984771 ], [ 390672.590152000077069, 585728.999997999984771 ], [ 390672.990152000100352, 585728.199997999938205 ], [ 390674.79015200008871, 585727.999997999984771 ], [ 390675.990152000100352, 585727.199997999938205 ], [ 390676.79015200008871, 585727.199997999938205 ], [ 390677.990152000100352, 585727.999997999984771 ], [ 390679.390152000123635, 585727.799998000031337 ], [ 390679.79015200008871, 585727.199997999938205 ], [ 390680.590152000077069, 585727.199997999938205 ], [ 390681.590152000077069, 585727.999997999984771 ], [ 390684.190152000111993, 585727.999997999984771 ], [ 390684.390152000123635, 585728.399998 ], [ 390685.590152000077069, 585728.799998000031337 ], [ 390685.590152000077069, 585730.599997999961488 ], [ 390687.190152000111993, 585731.999997999984771 ], [ 390686.590152000077069, 585733.599997999961488 ], [ 390687.190152000111993, 585733.999997999984771 ], [ 390687.590152000077069, 585735.599997999961488 ], [ 390686.990152000100352, 585736.599997999961488 ], [ 390686.990152000100352, 585738.399998 ], [ 390685.590152000077069, 585739.799998000031337 ], [ 390686.190152000111993, 585740.599997999961488 ], [ 390686.590152000077069, 585740.599997999961488 ], [ 390686.990152000100352, 585741.399998 ], [ 390685.79015200008871, 585741.799998000031337 ], [ 390683.990152000100352, 585740.999997999984771 ], [ 390683.390152000123635, 585741.599997999961488 ], [ 390682.590152000077069, 585741.799998000031337 ], [ 390678.590152000077069, 585741.999997999984771 ] ] ] } },
{ "type": "Feature", "properties": { "pred_id": "E1_REG_009", "raw_pred_id": "E1_RAW_009" }, "geometry": { "type": "Polygon", "coordinates": [ [ [ 390852.849416951648891, 585730.198669772944413 ], [ 390852.830865052994341, 585730.201277072308585 ], [ 390852.549417727743275, 585728.198675295803696 ], [ 390852.039890037616715, 585728.270284742466174 ], [ 390851.878830363973975, 585727.124281722353771 ], [ 390847.854415517183952, 585727.689868991728872 ], [ 390848.385534520202782, 585731.469067912665196 ], [ 390847.183055921574123, 585731.638053204282187 ], [ 390847.88305412675254, 585736.618834752240218 ], [ 390854.318245737871621, 585735.71438890020363 ], [ 390854.092522255319636, 585734.108282866654918 ], [ 390853.430865600821562, 585734.201280970475636 ], [ 390852.849416951648891, 585730.198669772944413 ] ] ] } },
{ "type": "Feature", "properties": { "pred_id": "E1_REG_010", "raw_pred_id": "E1_RAW_010" }, "geometry": { "type": "Polygon", "coordinates": [ [ [ 390703.18489076779224, 585734.917024009046145 ], [ 390703.995397453021724, 585735.882948263082653 ], [ 390705.961508059233893, 585734.233145695645362 ], [ 390705.151604469341692, 585733.267940403777175 ], [ 390707.114546918659471, 585731.620818862691522 ], [ 390705.626318712544162, 585729.847217551316135 ], [ 390706.235431679757312, 585729.3361110847909 ], [ 390705.027344260015525, 585727.896370120579377 ], [ 390705.634416634740774, 585727.386975915054791 ], [ 390704.145874082227238, 585725.612999980337918 ], [ 390705.037722779088654, 585724.864650067640468 ], [ 390703.781792622699868, 585723.367890042020008 ], [ 390702.301798941742163, 585724.609752193675376 ], [ 390701.278486056369729, 585723.390215386170894 ], [ 390698.389541896933224, 585725.814319697674364 ], [ 390697.746267802431248, 585725.047695484478027 ], [ 390694.731837483064737, 585727.57709465699736 ], [ 390696.04122962593101, 585729.13756744726561 ], [ 390694.946483364503365, 585730.056191244511865 ], [ 390699.64586704748217, 585735.656636769883335 ], [ 390700.44374658621382, 585734.987136343377642 ], [ 390701.541803267493378, 585736.295756845152937 ], [ 390703.18489076779224, 585734.917024009046145 ] ] ] } },
{ "type": "Feature", "properties": { "pred_id": "E1_REG_011", "raw_pred_id": "E1_RAW_011" }, "geometry": { "type": "Polygon", "coordinates": [ [ [ 390658.190152000111993, 585735.399998 ], [ 390655.79015200008871, 585734.599997999961488 ], [ 390655.590152000077069, 585733.599997999961488 ], [ 390654.990152000100352, 585733.199997999938205 ], [ 390652.79015200008871, 585733.799998000031337 ], [ 390652.390152000123635, 585732.399998 ], [ 390651.79015200008871, 585732.199997999938205 ], [ 390651.390152000123635, 585729.799998000031337 ], [ 390649.990152000100352, 585729.599997999961488 ], [ 390649.990152000100352, 585727.599997999961488 ], [ 390650.990152000100352, 585727.599997999961488 ], [ 390650.990152000100352, 585726.999997999984771 ], [ 390649.990152000100352, 585726.999997999984771 ], [ 390649.990152000100352, 585724.399998 ], [ 390650.990152000100352, 585724.399998 ], [ 390650.990152000100352, 585723.999997999984771 ], [ 390649.990152000100352, 585723.999997999984771 ], [ 390649.990152000100352, 585721.199997999938205 ], [ 390650.990152000100352, 585721.199997999938205 ], [ 390649.990152000100352, 585720.999997999984771 ], [ 390649.990152000100352, 585718.999997999984771 ], [ 390651.990152000100352, 585718.799998000031337 ], [ 390652.79015200008871, 585717.599997999961488 ], [ 390654.190152000111993, 585718.199997999938205 ], [ 390655.190152000111993, 585718.199997999938205 ], [ 390655.390152000123635, 585717.599997999961488 ], [ 390656.390152000123635, 585717.199997999938205 ], [ 390657.990152000100352, 585717.399998 ], [ 390660.990152000100352, 585717.199997999938205 ], [ 390662.590152000077069, 585718.999997999984771 ], [ 390665.79015200008871, 585720.399998 ], [ 390666.190152000111993, 585721.199997999938205 ], [ 390667.990152000100352, 585721.999997999984771 ], [ 390668.79015200008871, 585722.999997999984771 ], [ 390668.79015200008871, 585724.599997999961488 ], [ 390667.990152000100352, 585725.599997999961488 ], [ 390667.990152000100352, 585726.799998000031337 ], [ 390668.590152000077069, 585727.599997999961488 ], [ 390668.590152000077069, 585728.199997999938205 ], [ 390669.190152000111993, 585728.799998000031337 ], [ 390668.990152000100352, 585730.799998000031337 ], [ 390668.390152000123635, 585731.399998 ], [ 390667.990152000100352, 585731.399998 ], [ 390667.190152000111993, 585732.799998000031337 ], [ 390664.990152000100352, 585733.399998 ], [ 390664.190152000111993, 585734.199997999938205 ], [ 390663.990152000100352, 585735.199997999938205 ], [ 390661.390152000123635, 585735.399998 ], [ 390660.590152000077069, 585734.999997999984771 ], [ 390659.590152000077069, 585735.399998 ], [ 390658.190152000111993, 585735.399998 ] ] ] } },
{ "type": "Feature", "properties": { "pred_id": "E1_REG_012", "raw_pred_id": "E1_RAW_012" }, "geometry": { "type": "Polygon", "coordinates": [ [ [ 390777.755109229707159, 585732.403377788490616 ], [ 390784.639931147859897, 585732.64377024571877 ], [ 390785.002293051453307, 585722.26708299620077 ], [ 390782.772993218852207, 585722.191027954919264 ], [ 390782.792410719557665, 585721.63498348579742 ], [ 390780.787874089495745, 585721.564983524149284 ], [ 390780.814924161939416, 585720.790370800998062 ], [ 390779.223835060605779, 585720.734791123657487 ], [ 390779.17893617390655, 585722.020527014625259 ], [ 390778.001319130242337, 585721.979403721285053 ], [ 390777.926614059309941, 585724.118155269999988 ], [ 390776.818788831820711, 585724.079474681289867 ], [ 390776.592040914692916, 585730.572099706507288 ], [ 390777.817551557091065, 585730.614895481150597 ], [ 390777.755109229707159, 585732.403377788490616 ] ] ] } },
{ "type": "Feature", "properties": { "pred_id": "E1_REG_013", "raw_pred_id": "E1_RAW_013" }, "geometry": { "type": "Polygon", "coordinates": [ [ [ 390705.590152000077069, 585725.599997999961488 ], [ 390704.990152000100352, 585724.199997999938205 ], [ 390704.590152000077069, 585724.199997999938205 ], [ 390703.990152000100352, 585723.599997999961488 ], [ 390701.390152000123635, 585723.799998000031337 ], [ 390700.190152000111993, 585724.799998000031337 ], [ 390697.79015200008871, 585724.999997999984771 ], [ 390696.990152000100352, 585723.999997999984771 ], [ 390695.990152000100352, 585723.599997999961488 ], [ 390692.990152000100352, 585723.599997999961488 ], [ 390692.390152000123635, 585723.999997999984771 ], [ 390691.590152000077069, 585723.999997999984771 ], [ 390690.990152000100352, 585723.399998 ], [ 390690.190152000111993, 585723.399998 ], [ 390689.590152000077069, 585722.799998000031337 ], [ 390689.590152000077069, 585722.399998 ], [ 390690.390152000123635, 585721.799998000031337 ], [ 390691.390152000123635, 585721.799998000031337 ], [ 390692.79015200008871, 585721.199997999938205 ], [ 390694.190152000111993, 585721.199997999938205 ], [ 390694.79015200008871, 585721.599997999961488 ], [ 390696.190152000111993, 585721.799998000031337 ], [ 390697.590152000077069, 585720.999997999984771 ], [ 390696.390152000123635, 585719.999997999984771 ], [ 390696.190152000111993, 585719.399998 ], [ 390694.990152000100352, 585719.599997999961488 ], [ 390693.990152000100352, 585720.999997999984771 ], [ 390691.390152000123635, 585720.199997999938205 ], [ 390689.990152000100352, 585720.199997999938205 ], [ 390689.590152000077069, 585718.999997999984771 ], [ 390688.390152000123635, 585717.799998000031337 ], [ 390688.190152000111993, 585716.999997999984771 ], [ 390686.79015200008871, 585716.599997999961488 ], [ 390686.79015200008871, 585716.199997999938205 ], [ 390688.190152000111993, 585715.999997999984771 ], [ 390688.990152000100352, 585715.199997999938205 ], [ 390688.79015200008871, 585712.999997999984771 ], [ 390687.990152000100352, 585712.199997999938205 ], [ 390687.590152000077069, 585712.199997999938205 ], [ 390686.79015200008871, 585711.199997999938205 ], [ 390685.190152000111993, 585710.599997999961488 ], [ 390684.990152000100352, 585710.199997999938205 ], [ 390685.390152000123635, 585709.199997999938205 ], [ 390686.190152000111993, 585709.199997999938205 ], [ 390686.990152000100352, 585708.599997999961488 ], [ 390687.590152000077069, 585706.999997999984771 ], [ 390686.390152000123635, 585706.799998000031337 ], [ 390686.190152000111993, 585706.399998 ], [ 390683.79015200008871, 585706.599997999961488 ], [ 390682.79015200008871, 585705.599997999961488 ], [ 390682.590152000077069, 585704.599997999961488 ], [ 390681.990152000100352, 585704.399998 ], [ 390681.79015200008871, 585703.999997999984771 ], [ 390682.390152000123635, 585702.799998000031337 ], [ 390681.990152000100352, 585700.599997999961488 ], [ 390682.990152000100352, 585699.599997999961488 ], [ 390682.590152000077069, 585697.999997999984771 ], [ 390681.990152000100352, 585697.799998000031337 ], [ 390682.390152000123635, 585696.799998000031337 ], [ 390682.390152000123635, 585695.399998 ], [ 390681.990152000100352, 585694.399998 ], [ 390682.590152000077069, 585693.999997999984771 ], [ 390682.990152000100352, 585693.199997999938205 ], [ 390682.79015200008871, 585692.199997999938205 ], [ 390681.990152000100352, 585691.599997999961488 ], [ 390682.190152000111993, 585690.199997999938205 ], [ 390681.990152000100352, 585688.199997999938205 ], [ 390683.590152000077069, 585687.399998 ], [ 390683.990152000100352, 585685.799998000031337 ], [ 390684.590152000077069, 585685.999997999984771 ], [ 390684.79015200008871, 585686.999997999984771 ], [ 390685.390152000123635, 585687.599997999961488 ], [ 390685.79015200008871, 585687.799998000031337 ], [ 390686.590152000077069, 585687.599997999961488 ], [ 390686.990152000100352, 585686.799998000031337 ], [ 390686.79015200008871, 585685.599997999961488 ], [ 390686.390152000123635, 585685.199997999938205 ], [ 390686.590152000077069, 585683.199997999938205 ], [ 390686.990152000100352, 585682.399998 ], [ 390687.79015200008871, 585681.799998000031337 ], [ 390687.990152000100352, 585680.999997999984771 ], [ 390690.190152000111993, 585680.599997999961488 ], [ 390690.190152000111993, 585679.999997999984771 ], [ 390689.390152000123635, 585679.199997999938205 ], [ 390689.590152000077069, 585677.999997999984771 ], [ 390690.990152000100352, 585676.399998 ], [ 390691.79015200008871, 585675.999997999984771 ], [ 390692.390152000123635, 585676.199997999938205 ], [ 390693.590152000077069, 585677.599997999961488 ], [ 390693.79015200008871, 585679.199997999938205 ], [ 390693.390152000123635, 585680.599997999961488 ], [ 390693.79015200008871, 585680.799998000031337 ], [ 390694.79015200008871, 585680.399998 ], [ 390694.390152000123635, 585677.199997999938205 ], [ 390694.990152000100352, 585676.599997999961488 ], [ 390695.190152000111993, 585675.799998000031337 ], [ 390695.990152000100352, 585675.599997999961488 ], [ 390696.390152000123635, 585675.799998000031337 ], [ 390696.79015200008871, 585677.199997999938205 ], [ 390697.190152000111993, 585677.599997999961488 ], [ 390700.190152000111993, 585677.799998000031337 ], [ 390700.390152000123635, 585678.199997999938205 ], [ 390700.79015200008871, 585678.199997999938205 ], [ 390700.79015200008871, 585678.599997999961488 ], [ 390701.190152000111993, 585678.799998000031337 ], [ 390700.990152000100352, 585680.599997999961488 ], [ 390701.390152000123635, 585680.999997999984771 ], [ 390703.79015200008871, 585680.799998000031337 ], [ 390705.990152000100352, 585681.399998 ], [ 390706.990152000100352, 585680.999997999984771 ], [ 390707.590152000077069, 585680.199997999938205 ], [ 390707.990152000100352, 585681.199997999938205 ], [ 390708.79015200008871, 585681.799998000031337 ], [ 390712.190152000111993, 585681.999997999984771 ], [ 390711.590152000077069, 585682.999997999984771 ], [ 390710.990152000100352, 585682.999997999984771 ], [ 390710.590152000077069, 585683.399998 ], [ 390710.590152000077069, 585684.599997999961488 ], [ 390711.190152000111993, 585685.199997999938205 ], [ 390709.79015200008871, 585685.399998 ], [ 390709.390152000123635, 585685.799998000031337 ], [ 390709.190152000111993, 585686.799998000031337 ], [ 390709.590152000077069, 585687.199997999938205 ], [ 390711.990152000100352, 585687.199997999938205 ], [ 390712.990152000100352, 585687.599997999961488 ], [ 390713.190152000111993, 585688.999997999984771 ], [ 390712.79015200008871, 585689.399998 ], [ 390712.79015200008871, 585689.999997999984771 ], [ 390714.390152000123635, 585690.599997999961488 ], [ 390714.990152000100352, 585691.199997999938205 ], [ 390715.190152000111993, 585692.999997999984771 ], [ 390714.79015200008871, 585693.399998 ], [ 390714.590152000077069, 585696.199997999938205 ], [ 390715.390152000123635, 585696.399998 ], [ 390715.390152000123635, 585696.799998000031337 ], [ 390715.990152000100352, 585697.399998 ], [ 390715.79015200008871, 585699.599997999961488 ], [ 390714.990152000100352, 585700.799998000031337 ], [ 390714.990152000100352, 585702.399998 ], [ 390715.590152000077069, 585702.799998000031337 ], [ 390715.590152000077069, 585703.399998 ], [ 390715.990152000100352, 585703.599997999961488 ], [ 390715.990152000100352, 585704.399998 ], [ 390715.590152000077069, 585705.199997999938205 ], [ 390715.390152000123635, 585707.399998 ], [ 390714.79015200008871, 585708.599997999961488 ], [ 390716.390152000123635, 585709.999997999984771 ], [ 390716.390152000123635, 585710.399998 ], [ 390715.990152000100352, 585710.599997999961488 ], [ 390715.590152000077069, 585711.999997999984771 ], [ 390714.79015200008871, 585712.999997999984771 ], [ 390714.590152000077069, 585714.199997999938205 ], [ 390714.190152000111993, 585714.399998 ], [ 390714.190152000111993, 585714.999997999984771 ], [ 390714.79015200008871, 585715.399998 ], [ 390715.190152000111993, 585716.199997999938205 ], [ 390714.990152000100352, 585717.199997999938205 ], [ 390714.390152000123635, 585717.799998000031337 ], [ 390714.190152000111993, 585719.999997999984771 ], [ 390713.390152000123635, 585720.799998000031337 ], [ 390711.990152000100352, 585719.599997999961488 ], [ 390711.590152000077069, 585719.599997999961488 ], [ 390711.390152000123635, 585718.999997999984771 ], [ 390711.390152000123635, 585719.399998 ], [ 390710.79015200008871, 585719.999997999984771 ], [ 390710.390152000123635, 585719.999997999984771 ], [ 390710.390152000123635, 585720.399998 ], [ 390709.79015200008871, 585720.999997999984771 ], [ 390710.990152000100352, 585722.199997999938205 ], [ 390711.990152000100352, 585722.199997999938205 ], [ 390713.590152000077069, 585721.399998 ], [ 390714.590152000077069, 585722.799998000031337 ], [ 390713.79015200008871, 585723.799998000031337 ], [ 390713.190152000111993, 585723.799998000031337 ], [ 390711.79015200008871, 585722.999997999984771 ], [ 390710.390152000123635, 585723.199997999938205 ], [ 390708.190152000111993, 585723.999997999984771 ], [ 390707.590152000077069, 585724.599997999961488 ], [ 390706.79015200008871, 585724.599997999961488 ], [ 390705.990152000100352, 585724.999997999984771 ], [ 390705.590152000077069, 585725.599997999961488 ] ] ] } },
{ "type": "Feature", "properties": { "pred_id": "E1_REG_014", "raw_pred_id": "E1_RAW_014" }, "geometry": { "type": "Polygon", "coordinates": [ [ [ 390723.590152000077069, 585723.199997999938205 ], [ 390721.990152000100352, 585721.799998000031337 ], [ 390721.190152000111993, 585720.199997999938205 ], [ 390721.390152000123635, 585717.799998000031337 ], [ 390720.79015200008871, 585717.199997999938205 ], [ 390720.590152000077069, 585715.799998000031337 ], [ 390719.990152000100352, 585714.999997999984771 ], [ 390720.390152000123635, 585713.199997999938205 ], [ 390718.990152000100352, 585711.799998000031337 ], [ 390719.390152000123635, 585710.599997999961488 ], [ 390718.79015200008871, 585708.799998000031337 ], [ 390719.190152000111993, 585706.799998000031337 ], [ 390718.590152000077069, 585705.599997999961488 ], [ 390718.79015200008871, 585704.999997999984771 ], [ 390718.590152000077069, 585699.199997999938205 ], [ 390718.990152000100352, 585697.999997999984771 ], [ 390718.590152000077069, 585696.799998000031337 ], [ 390718.590152000077069, 585694.599997999961488 ], [ 390718.990152000100352, 585691.999997999984771 ], [ 390719.190152000111993, 585691.599997999961488 ], [ 390719.590152000077069, 585691.599997999961488 ], [ 390718.79015200008871, 585690.399998 ], [ 390718.79015200008871, 585688.799998000031337 ], [ 390719.190152000111993, 585688.199997999938205 ], [ 390719.390152000123635, 585686.799998000031337 ], [ 390721.590152000077069, 585686.799998000031337 ], [ 390721.590152000077069, 585684.999997999984771 ], [ 390723.190152000111993, 585682.799998000031337 ], [ 390724.590152000077069, 585683.199997999938205 ], [ 390725.590152000077069, 585683.999997999984771 ], [ 390725.79015200008871, 585686.799998000031337 ], [ 390728.190152000111993, 585687.199997999938205 ], [ 390729.190152000111993, 585688.199997999938205 ], [ 390728.79015200008871, 585689.799998000031337 ], [ 390729.390152000123635, 585690.799998000031337 ], [ 390729.590152000077069, 585695.199997999938205 ], [ 390729.190152000111993, 585696.199997999938205 ], [ 390729.590152000077069, 585696.599997999961488 ], [ 390729.990152000100352, 585698.999997999984771 ], [ 390729.390152000123635, 585700.599997999961488 ], [ 390729.390152000123635, 585701.599997999961488 ], [ 390728.990152000100352, 585702.199997999938205 ], [ 390729.590152000077069, 585703.399998 ], [ 390729.590152000077069, 585707.399998 ], [ 390729.190152000111993, 585708.199997999938205 ], [ 390729.590152000077069, 585709.399998 ], [ 390729.590152000077069, 585712.199997999938205 ], [ 390729.190152000111993, 585713.999997999984771 ], [ 390728.390152000123635, 585714.799998000031337 ], [ 390729.390152000123635, 585715.799998000031337 ], [ 390729.390152000123635, 585716.999997999984771 ], [ 390729.190152000111993, 585717.599997999961488 ], [ 390728.390152000123635, 585717.599997999961488 ], [ 390727.390152000123635, 585716.799998000031337 ], [ 390727.390152000123635, 585716.399998 ], [ 390726.990152000100352, 585716.399998 ], [ 390726.990152000100352, 585717.399998 ], [ 390726.590152000077069, 585717.799998000031337 ], [ 390726.990152000100352, 585718.999997999984771 ], [ 390729.190152000111993, 585718.599997999961488 ], [ 390729.390152000123635, 585719.599997999961488 ], [ 390728.990152000100352, 585720.199997999938205 ], [ 390728.190152000111993, 585720.199997999938205 ], [ 390727.390152000123635, 585721.399998 ], [ 390726.590152000077069, 585721.599997999961488 ], [ 390726.190152000111993, 585721.999997999984771 ], [ 390726.190152000111993, 585722.799998000031337 ], [ 390725.390152000123635, 585723.199997999938205 ], [ 390723.590152000077069, 585723.199997999938205 ] ] ] } },
{ "type": "Feature", "properties": { "pred_id": "E1_REG_015", "raw_pred_id": "E1_RAW_015" }, "geometry": { "type": "Polygon", "coordinates": [ [ [ 390920.390152000123635, 585717.199997999938205 ], [ 390918.79015200008871, 585716.599997999961488 ], [ 390915.990152000100352, 585716.399998 ], [ 390914.590152000077069, 585715.799998000031337 ], [ 390912.990152000100352, 585715.599997999961488 ], [ 390911.79015200008871, 585714.399998 ], [ 390910.390152000123635, 585714.199997999938205 ], [ 390910.190152000111993, 585713.799998000031337 ], [ 390909.79015200008871, 585713.799998000031337 ], [ 390909.390152000123635, 585712.599997999961488 ], [ 390907.990152000100352, 585712.399998 ], [ 390907.390152000123635, 585711.999997999984771 ], [ 390907.390152000123635, 585711.599997999961488 ], [ 390903.390152000123635, 585712.399998 ], [ 390900.990152000100352, 585712.199997999938205 ], [ 390897.190152000111993, 585709.999997999984771 ], [ 390895.79015200008871, 585709.999997999984771 ], [ 390893.590152000077069, 585709.399998 ], [ 390892.79015200008871, 585709.399998 ], [ 390892.590152000077069, 585709.999997999984771 ], [ 390891.79015200008871, 585710.399998 ], [ 390890.390152000123635, 585710.399998 ], [ 390889.590152000077069, 585709.999997999984771 ], [ 390890.590152000077069, 585709.799998000031337 ], [ 390891.590152000077069, 585708.599997999961488 ], [ 390889.590152000077069, 585707.599997999961488 ], [ 390886.990152000100352, 585707.399998 ], [ 390886.590152000077069, 585706.599997999961488 ], [ 390885.79015200008871, 585706.199997999938205 ], [ 390883.190152000111993, 585706.799998000031337 ], [ 390882.190152000111993, 585706.399998 ], [ 390881.590152000077069, 585705.599997999961488 ], [ 390881.190152000111993, 585705.599997999961488 ], [ 390879.390152000123635, 585706.799998000031337 ], [ 390879.390152000123635, 585705.399998 ], [ 390878.79015200008871, 585703.199997999938205 ], [ 390878.990152000100352, 585700.399998 ], [ 390878.79015200008871, 585691.399998 ], [ 390879.390152000123635, 585687.799998000031337 ], [ 390880.390152000123635, 585688.199997999938205 ], [ 390880.590152000077069, 585689.799998000031337 ], [ 390881.390152000123635, 585690.599997999961488 ], [ 390883.990152000100352, 585691.799998000031337 ], [ 390885.390152000123635, 585692.999997999984771 ], [ 390884.990152000100352, 585695.999997999984771 ], [ 390885.190152000111993, 585696.599997999961488 ], [ 390885.79015200008871, 585696.199997999938205 ], [ 390885.990152000100352, 585694.599997999961488 ], [ 390886.390152000123635, 585694.199997999938205 ], [ 390887.590152000077069, 585694.199997999938205 ], [ 390887.990152000100352, 585694.399998 ], [ 390888.190152000111993, 585696.199997999938205 ], [ 390888.79015200008871, 585696.799998000031337 ], [ 390890.390152000123635, 585697.199997999938205 ], [ 390890.590152000077069, 585697.599997999961488 ], [ 390891.990152000100352, 585698.199997999938205 ], [ 390895.990152000100352, 585698.399998 ], [ 390897.190152000111993, 585697.799998000031337 ], [ 390896.590152000077069, 585696.599997999961488 ], [ 390896.590152000077069, 585694.399998 ], [ 390897.390152000123635, 585693.599997999961488 ], [ 390897.590152000077069, 585692.399998 ], [ 390898.390152000123635, 585691.399998 ], [ 390898.79015200008871, 585690.199997999938205 ], [ 390899.190152000111993, 585689.999997999984771 ], [ 390899.190152000111993, 585688.199997999938205 ], [ 390900.390152000123635, 585686.799998000031337 ], [ 390899.990152000100352, 585685.999997999984771 ], [ 390899.990152000100352, 585684.599997999961488 ], [ 390900.79015200008871, 585683.999997999984771 ], [ 390901.79015200008871, 585683.799998000031337 ], [ 390901.990152000100352, 585683.199997999938205 ], [ 390902.79015200008871, 585682.599997999961488 ], [ 390903.590152000077069, 585682.799998000031337 ], [ 390904.79015200008871, 585684.399998 ], [ 390908.990152000100352, 585683.599997999961488 ], [ 390908.79015200008871, 585683.199997999938205 ], [ 390908.390152000123635, 585683.199997999938205 ], [ 390908.190152000111993, 585681.599997999961488 ], [ 390907.590152000077069, 585680.399998 ], [ 390907.590152000077069, 585678.799998000031337 ], [ 390908.390152000123635, 585678.199997999938205 ], [ 390910.79015200008871, 585678.799998000031337 ], [ 390911.190152000111993, 585679.399998 ], [ 390912.590152000077069, 585679.999997999984771 ], [ 390914.79015200008871, 585679.199997999938205 ], [ 390915.990152000100352, 585677.799998000031337 ], [ 390916.79015200008871, 585677.399998 ], [ 390916.990152000100352, 585676.399998 ], [ 390917.390152000123635, 585676.199997999938205 ], [ 390917.390152000123635, 585674.199997999938205 ], [ 390916.390152000123635, 585671.599997999961488 ], [ 390916.590152000077069, 585670.799998000031337 ], [ 390918.79015200008871, 585670.999997999984771 ], [ 390919.190152000111993, 585671.599997999961488 ], [ 390921.190152000111993, 585672.399998 ], [ 390921.590152000077069, 585672.999997999984771 ], [ 390923.79015200008871, 585673.799998000031337 ], [ 390927.190152000111993, 585673.799998000031337 ], [ 390928.590152000077069, 585673.399998 ], [ 390930.79015200008871, 585674.199997999938205 ], [ 390929.79015200008871, 585675.399998 ], [ 390928.990152000100352, 585675.799998000031337 ], [ 390930.190152000111993, 585676.399998 ], [ 390932.190152000111993, 585676.599997999961488 ], [ 390932.390152000123635, 585677.599997999961488 ], [ 390929.390152000123635, 585678.999997999984771 ], [ 390930.190152000111993, 585678.999997999984771 ], [ 390931.390152000123635, 585679.599997999961488 ], [ 390933.190152000111993, 585679.599997999961488 ], [ 390933.990152000100352, 585678.799998000031337 ], [ 390934.390152000123635, 585678.799998000031337 ], [ 390935.190152000111993, 585681.799998000031337 ], [ 390938.190152000111993, 585682.799998000031337 ], [ 390938.190152000111993, 585683.199997999938205 ], [ 390938.79015200008871, 585683.599997999961488 ], [ 390938.390152000123635, 585684.599997999961488 ], [ 390935.79015200008871, 585684.399998 ], [ 390935.190152000111993, 585683.599997999961488 ], [ 390934.990152000100352, 585682.399998 ], [ 390934.190152000111993, 585682.399998 ], [ 390932.990152000100352, 585681.199997999938205 ], [ 390931.79015200008871, 585681.199997999938205 ], [ 390930.990152000100352, 585681.799998000031337 ], [ 390930.990152000100352, 585682.199997999938205 ], [ 390932.390152000123635, 585683.599997999961488 ], [ 390931.390152000123635, 585684.599997999961488 ], [ 390931.390152000123635, 585686.199997999938205 ], [ 390931.79015200008871, 585686.599997999961488 ], [ 390932.590152000077069, 585686.599997999961488 ], [ 390933.990152000100352, 585685.399998 ], [ 390934.590152000077069, 585685.399998 ], [ 390935.79015200008871, 585687.199997999938205 ], [ 390937.590152000077069, 585686.799998000031337 ], [ 390937.990152000100352, 585685.799998000031337 ], [ 390938.390152000123635, 585685.999997999984771 ], [ 390938.390152000123635, 585686.799998000031337 ], [ 390939.79015200008871, 585687.399998 ], [ 390940.79015200008871, 585687.399998 ], [ 390940.990152000100352, 585686.399998 ], [ 390941.590152000077069, 585685.799998000031337 ], [ 390942.390152000123635, 585686.199997999938205 ], [ 390942.590152000077069, 585686.799998000031337 ], [ 390941.990152000100352, 585687.399998 ], [ 390940.990152000100352, 585687.399998 ], [ 390940.79015200008871, 585689.199997999938205 ], [ 390939.590152000077069, 585690.399998 ], [ 390937.79015200008871, 585690.599997999961488 ], [ 390936.390152000123635, 585689.599997999961488 ], [ 390935.79015200008871, 585689.599997999961488 ], [ 390934.79015200008871, 585689.999997999984771 ], [ 390934.390152000123635, 585690.599997999961488 ], [ 390931.990152000100352, 585690.799998000031337 ], [ 390930.79015200008871, 585691.399998 ], [ 390931.390152000123635, 585692.199997999938205 ], [ 390933.190152000111993, 585692.799998000031337 ], [ 390933.190152000111993, 585693.199997999938205 ], [ 390932.590152000077069, 585693.999997999984771 ], [ 390932.590152000077069, 585696.199997999938205 ], [ 390931.190152000111993, 585696.599997999961488 ], [ 390930.390152000123635, 585699.799998000031337 ], [ 390929.590152000077069, 585700.599997999961488 ], [ 390928.79015200008871, 585702.199997999938205 ], [ 390928.79015200008871, 585702.799998000031337 ], [ 390929.390152000123635, 585704.799998000031337 ], [ 390930.390152000123635, 585705.599997999961488 ], [ 390930.79015200008871, 585706.399998 ], [ 390932.190152000111993, 585706.599997999961488 ], [ 390932.390152000123635, 585707.399998 ], [ 390926.190152000111993, 585707.599997999961488 ], [ 390925.190152000111993, 585708.999997999984771 ], [ 390923.79015200008871, 585709.399998 ], [ 390923.390152000123635, 585709.799998000031337 ], [ 390923.390152000123635, 585710.599997999961488 ], [ 390923.990152000100352, 585711.399998 ], [ 390923.990152000100352, 585711.999997999984771 ], [ 390923.190152000111993, 585713.399998 ], [ 390923.190152000111993, 585714.999997999984771 ], [ 390922.590152000077069, 585715.799998000031337 ], [ 390922.590152000077069, 585716.599997999961488 ], [ 390920.390152000123635, 585717.199997999938205 ] ] ] } },
{ "type": "Feature", "properties": { "pred_id": "E1_REG_016", "raw_pred_id": "E1_RAW_016" }, "geometry": { "type": "Polygon", "coordinates": [ [ [ 390658.79015200008871, 585719.799998000031337 ], [ 390658.390152000123635, 585719.599997999961488 ], [ 390658.190152000111993, 585718.399998 ], [ 390657.390152000123635, 585717.999997999984771 ], [ 390656.990152000100352, 585717.399998 ], [ 390653.79015200008871, 585716.999997999984771 ], [ 390653.190152000111993, 585715.799998000031337 ], [ 390652.190152000111993, 585715.599997999961488 ], [ 390651.990152000100352, 585714.199997999938205 ], [ 390651.390152000123635, 585713.599997999961488 ], [ 390649.990152000100352, 585713.599997999961488 ], [ 390649.990152000100352, 585712.999997999984771 ], [ 390650.990152000100352, 585712.999997999984771 ], [ 390651.590152000077069, 585711.999997999984771 ], [ 390651.590152000077069, 585711.599997999961488 ], [ 390650.990152000100352, 585710.999997999984771 ], [ 390649.990152000100352, 585710.999997999984771 ], [ 390649.990152000100352, 585708.999997999984771 ], [ 390651.190152000111993, 585708.799998000031337 ], [ 390650.990152000100352, 585708.199997999938205 ], [ 390649.990152000100352, 585708.199997999938205 ], [ 390649.990152000100352, 585664.999997999984771 ], [ 390652.990152000100352, 585664.999997999984771 ], [ 390655.990152000100352, 585666.599997999961488 ], [ 390657.190152000111993, 585666.599997999961488 ], [ 390658.190152000111993, 585665.799998000031337 ], [ 390659.390152000123635, 585665.799998000031337 ], [ 390660.190152000111993, 585666.599997999961488 ], [ 390662.190152000111993, 585666.999997999984771 ], [ 390662.590152000077069, 585667.599997999961488 ], [ 390666.990152000100352, 585667.799998000031337 ], [ 390668.590152000077069, 585667.399998 ], [ 390670.590152000077069, 585668.799998000031337 ], [ 390674.990152000100352, 585669.399998 ], [ 390675.390152000123635, 585670.599997999961488 ], [ 390676.390152000123635, 585671.599997999961488 ], [ 390676.590152000077069, 585672.799998000031337 ], [ 390677.190152000111993, 585673.399998 ], [ 390677.590152000077069, 585674.999997999984771 ], [ 390678.590152000077069, 585675.599997999961488 ], [ 390678.590152000077069, 585676.199997999938205 ], [ 390678.190152000111993, 585676.199997999938205 ], [ 390677.590152000077069, 585676.999997999984771 ], [ 390677.990152000100352, 585678.399998 ], [ 390678.390152000123635, 585678.599997999961488 ], [ 390678.390152000123635, 585679.199997999938205 ], [ 390677.990152000100352, 585679.599997999961488 ], [ 390677.990152000100352, 585680.799998000031337 ], [ 390678.590152000077069, 585680.999997999984771 ], [ 390679.190152000111993, 585681.799998000031337 ], [ 390679.590152000077069, 585681.799998000031337 ], [ 390679.390152000123635, 585682.999997999984771 ], [ 390678.79015200008871, 585683.399998 ], [ 390678.990152000100352, 585685.599997999961488 ], [ 390678.590152000077069, 585686.399998 ], [ 390678.590152000077069, 585686.799998000031337 ], [ 390679.990152000100352, 585687.999997999984771 ], [ 390679.990152000100352, 585689.799998000031337 ], [ 390679.390152000123635, 585690.399998 ], [ 390679.390152000123635, 585691.599997999961488 ], [ 390678.990152000100352, 585692.399998 ], [ 390678.990152000100352, 585693.199997999938205 ], [ 390679.990152000100352, 585694.199997999938205 ], [ 390679.990152000100352, 585695.399998 ], [ 390679.390152000123635, 585696.599997999961488 ], [ 390679.390152000123635, 585698.199997999938205 ], [ 390678.990152000100352, 585698.799998000031337 ], [ 390678.990152000100352, 585699.599997999961488 ], [ 390679.79015200008871, 585700.599997999961488 ], [ 390679.590152000077069, 585701.599997999961488 ], [ 390679.190152000111993, 585701.999997999984771 ], [ 390679.390152000123635, 585704.199997999938205 ], [ 390678.590152000077069, 585705.399998 ], [ 390679.390152000123635, 585707.199997999938205 ], [ 390678.390152000123635, 585708.399998 ], [ 390678.990152000100352, 585709.599997999961488 ], [ 390678.990152000100352, 585710.399998 ], [ 390678.390152000123635, 585711.199997999938205 ], [ 390677.590152000077069, 585711.599997999961488 ], [ 390677.79015200008871, 585712.799998000031337 ], [ 390678.390152000123635, 585712.799998000031337 ], [ 390678.590152000077069, 585713.399998 ], [ 390677.590152000077069, 585713.399998 ], [ 390677.390152000123635, 585712.799998000031337 ], [ 390676.190152000111993, 585712.799998000031337 ], [ 390675.79015200008871, 585713.199997999938205 ], [ 390675.79015200008871, 585713.999997999984771 ], [ 390674.990152000100352, 585714.799998000031337 ], [ 390675.590152000077069, 585715.799998000031337 ], [ 390675.590152000077069, 585716.999997999984771 ], [ 390674.990152000100352, 585717.799998000031337 ], [ 390674.190152000111993, 585717.799998000031337 ], [ 390673.190152000111993, 585716.599997999961488 ], [ 390673.390152000123635, 585715.599997999961488 ], [ 390674.190152000111993, 585714.799998000031337 ], [ 390672.79015200008871, 585713.799998000031337 ], [ 390672.390152000123635, 585711.599997999961488 ], [ 390672.390152000123635, 585713.399998 ], [ 390671.590152000077069, 585714.399998 ], [ 390670.79015200008871, 585714.799998000031337 ], [ 390671.79015200008871, 585716.399998 ], [ 390671.190152000111993, 585716.999997999984771 ], [ 390669.590152000077069, 585717.599997999961488 ], [ 390669.590152000077069, 585717.999997999984771 ], [ 390668.990152000100352, 585718.599997999961488 ], [ 390667.590152000077069, 585718.799998000031337 ], [ 390666.990152000100352, 585719.199997999938205 ], [ 390666.990152000100352, 585719.599997999961488 ], [ 390666.190152000111993, 585719.599997999961488 ], [ 390665.79015200008871, 585718.199997999938205 ], [ 390665.190152000111993, 585717.599997999961488 ], [ 390664.190152000111993, 585717.399998 ], [ 390662.390152000123635, 585717.799998000031337 ], [ 390662.190152000111993, 585718.799998000031337 ], [ 390659.990152000100352, 585718.999997999984771 ], [ 390658.79015200008871, 585719.799998000031337 ] ] ] } },
{ "type": "Feature", "properties": { "pred_id": "E1_REG_017", "raw_pred_id": "E1_RAW_017" }, "geometry": { "type": "Polygon", "coordinates": [ [ [ 390822.390152000123635, 585708.399998 ], [ 390821.190152000111993, 585707.799998000031337 ], [ 390817.390152000123635, 585707.799998000031337 ], [ 390815.990152000100352, 585708.199997999938205 ], [ 390814.390152000123635, 585708.199997999938205 ], [ 390813.190152000111993, 585707.599997999961488 ], [ 390809.990152000100352, 585707.599997999961488 ], [ 390808.590152000077069, 585707.999997999984771 ], [ 390806.79015200008871, 585707.999997999984771 ], [ 390805.390152000123635, 585707.199997999938205 ], [ 390806.990152000100352, 585705.599997999961488 ], [ 390806.590152000077069, 585704.999997999984771 ], [ 390805.390152000123635, 585704.399998 ], [ 390802.590152000077069, 585704.399998 ], [ 390801.390152000123635, 585703.999997999984771 ], [ 390801.990152000100352, 585703.399998 ], [ 390805.190152000111993, 585703.199997999938205 ], [ 390805.79015200008871, 585702.599997999961488 ], [ 390806.190152000111993, 585702.599997999961488 ], [ 390806.190152000111993, 585702.199997999938205 ], [ 390803.990152000100352, 585701.599997999961488 ], [ 390799.190152000111993, 585701.999997999984771 ], [ 390797.79015200008871, 585700.999997999984771 ], [ 390797.990152000100352, 585699.199997999938205 ], [ 390797.590152000077069, 585698.799998000031337 ], [ 390792.590152000077069, 585698.999997999984771 ], [ 390792.190152000111993, 585699.199997999938205 ], [ 390791.990152000100352, 585700.799998000031337 ], [ 390791.590152000077069, 585700.799998000031337 ], [ 390791.390152000123635, 585698.999997999984771 ], [ 390790.190152000111993, 585697.799998000031337 ], [ 390790.990152000100352, 585695.999997999984771 ], [ 390789.79015200008871, 585694.999997999984771 ], [ 390789.79015200008871, 585694.599997999961488 ], [ 390786.79015200008871, 585694.799998000031337 ], [ 390785.590152000077069, 585695.999997999984771 ], [ 390782.990152000100352, 585693.599997999961488 ], [ 390781.590152000077069, 585692.999997999984771 ], [ 390781.190152000111993, 585688.999997999984771 ], [ 390781.990152000100352, 585688.199997999938205 ], [ 390780.590152000077069, 585687.599997999961488 ], [ 390780.190152000111993, 585686.999997999984771 ], [ 390780.79015200008871, 585685.599997999961488 ], [ 390780.390152000123635, 585682.799998000031337 ], [ 390779.79015200008871, 585682.399998 ], [ 390779.390152000123635, 585682.799998000031337 ], [ 390778.990152000100352, 585684.399998 ], [ 390777.990152000100352, 585684.999997999984771 ], [ 390777.390152000123635, 585684.399998 ], [ 390775.79015200008871, 585683.799998000031337 ], [ 390775.590152000077069, 585683.199997999938205 ], [ 390776.190152000111993, 585681.999997999984771 ], [ 390775.190152000111993, 585680.399998 ], [ 390776.990152000100352, 585679.799998000031337 ], [ 390777.590152000077069, 585679.199997999938205 ], [ 390777.590152000077069, 585678.799998000031337 ], [ 390776.590152000077069, 585678.399998 ], [ 390776.390152000123635, 585677.999997999984771 ], [ 390774.190152000111993, 585677.399998 ], [ 390775.590152000077069, 585675.999997999984771 ], [ 390775.390152000123635, 585674.199997999938205 ], [ 390777.190152000111993, 585673.599997999961488 ], [ 390777.79015200008871, 585672.599997999961488 ], [ 390776.190152000111993, 585671.599997999961488 ], [ 390773.990152000100352, 585671.199997999938205 ], [ 390774.190152000111993, 585670.799998000031337 ], [ 390775.190152000111993, 585670.399998 ], [ 390775.590152000077069, 585669.399998 ], [ 390774.79015200008871, 585668.599997999961488 ], [ 390773.390152000123635, 585668.199997999938205 ], [ 390773.190152000111993, 585667.799998000031337 ], [ 390774.390152000123635, 585667.199997999938205 ], [ 390776.190152000111993, 585666.999997999984771 ], [ 390776.79015200008871, 585666.599997999961488 ], [ 390776.79015200008871, 585666.199997999938205 ], [ 390775.990152000100352, 585665.799998000031337 ], [ 390773.990152000100352, 585665.799998000031337 ], [ 390772.990152000100352, 585664.999997999984771 ], [ 390772.990152000100352, 585664.599997999961488 ], [ 390773.590152000077069, 585663.999997999984771 ], [ 390774.190152000111993, 585663.999997999984771 ], [ 390774.390152000123635, 585663.599997999961488 ], [ 390774.990152000100352, 585663.399998 ], [ 390774.990152000100352, 585662.199997999938205 ], [ 390775.390152000123635, 585661.599997999961488 ], [ 390776.990152000100352, 585661.399998 ], [ 390777.79015200008871, 585660.599997999961488 ], [ 390777.590152000077069, 585659.799998000031337 ], [ 390775.990152000100352, 585658.999997999984771 ], [ 390773.79015200008871, 585658.799998000031337 ], [ 390773.990152000100352, 585658.199997999938205 ], [ 390774.990152000100352, 585657.999997999984771 ], [ 390775.590152000077069, 585657.199997999938205 ], [ 390775.190152000111993, 585656.199997999938205 ], [ 390773.79015200008871, 585655.399998 ], [ 390776.190152000111993, 585654.999997999984771 ], [ 390776.990152000100352, 585654.599997999961488 ], [ 390777.590152000077069, 585653.799998000031337 ], [ 390776.190152000111993, 585652.999997999984771 ], [ 390774.390152000123635, 585652.999997999984771 ], [ 390773.390152000123635, 585652.399998 ], [ 390773.79015200008871, 585651.799998000031337 ], [ 390774.79015200008871, 585651.599997999961488 ], [ 390775.590152000077069, 585650.799998000031337 ], [ 390775.190152000111993, 585649.199997999938205 ], [ 390776.990152000100352, 585648.799998000031337 ], [ 390777.79015200008871, 585647.799998000031337 ], [ 390776.190152000111993, 585646.599997999961488 ], [ 390773.79015200008871, 585646.199997999938205 ], [ 390773.990152000100352, 585645.799998000031337 ], [ 390775.190152000111993, 585645.399998 ], [ 390775.590152000077069, 585644.799998000031337 ], [ 390775.190152000111993, 585642.799998000031337 ], [ 390777.190152000111993, 585642.399998 ], [ 390777.79015200008871, 585641.799998000031337 ], [ 390777.79015200008871, 585641.199997999938205 ], [ 390775.990152000100352, 585640.199997999938205 ], [ 390774.590152000077069, 585640.199997999938205 ], [ 390773.79015200008871, 585639.799998000031337 ], [ 390775.190152000111993, 585639.399998 ], [ 390776.190152000111993, 585637.999997999984771 ], [ 390777.390152000123635, 585637.399998 ], [ 390779.79015200008871, 585637.399998 ], [ 390779.990152000100352, 585636.599997999961488 ], [ 390780.590152000077069, 585635.999997999984771 ], [ 390782.590152000077069, 585635.199997999938205 ], [ 390781.390152000123635, 585634.799998000031337 ], [ 390780.79015200008871, 585634.199997999938205 ], [ 390780.590152000077069, 585633.399998 ], [ 390780.79015200008871, 585632.999997999984771 ], [ 390781.990152000100352, 585632.599997999961488 ], [ 390782.590152000077069, 585631.999997999984771 ], [ 390782.79015200008871, 585630.599997999961488 ], [ 390783.990152000100352, 585630.399998 ], [ 390785.190152000111993, 585629.799998000031337 ], [ 390785.390152000123635, 585629.399998 ], [ 390787.79015200008871, 585629.799998000031337 ], [ 390788.990152000100352, 585628.999997999984771 ], [ 390789.590152000077069, 585628.999997999984771 ], [ 390787.990152000100352, 585627.999997999984771 ], [ 390787.79015200008871, 585626.399998 ], [ 390789.590152000077069, 585626.199997999938205 ], [ 390790.390152000123635, 585625.399998 ], [ 390791.390152000123635, 585624.999997999984771 ], [ 390796.190152000111993, 585624.999997999984771 ], [ 390797.390152000123635, 585624.199997999938205 ], [ 390799.990152000100352, 585624.399998 ], [ 390800.990152000100352, 585623.599997999961488 ], [ 390802.590152000077069, 585623.399998 ], [ 390803.190152000111993, 585622.799998000031337 ], [ 390804.990152000100352, 585623.399998 ], [ 390806.390152000123635, 585622.799998000031337 ], [ 390805.590152000077069, 585621.999997999984771 ], [ 390803.990152000100352, 585621.999997999984771 ], [ 390803.590152000077069, 585621.599997999961488 ], [ 390803.590152000077069, 585620.999997999984771 ], [ 390802.990152000100352, 585620.999997999984771 ], [ 390802.590152000077069, 585621.799998000031337 ], [ 390800.190152000111993, 585621.599997999961488 ], [ 390799.390152000123635, 585620.599997999961488 ], [ 390798.79015200008871, 585620.399998 ], [ 390798.79015200008871, 585619.399998 ], [ 390799.190152000111993, 585619.199997999938205 ], [ 390800.190152000111993, 585619.199997999938205 ], [ 390800.990152000100352, 585619.799998000031337 ], [ 390801.590152000077069, 585619.799998000031337 ], [ 390801.79015200008871, 585619.199997999938205 ], [ 390802.590152000077069, 585618.799998000031337 ], [ 390804.590152000077069, 585618.799998000031337 ], [ 390805.390152000123635, 585619.599997999961488 ], [ 390805.390152000123635, 585619.199997999938205 ], [ 390806.390152000123635, 585618.599997999961488 ], [ 390807.990152000100352, 585618.599997999961488 ], [ 390808.79015200008871, 585618.399998 ], [ 390808.990152000100352, 585617.999997999984771 ], [ 390811.79015200008871, 585618.199997999938205 ], [ 390812.990152000100352, 585617.399998 ], [ 390813.79015200008871, 585617.599997999961488 ], [ 390814.190152000111993, 585618.199997999938205 ], [ 390815.190152000111993, 585618.399998 ], [ 390815.79015200008871, 585618.199997999938205 ], [ 390816.390152000123635, 585617.399998 ], [ 390817.990152000100352, 585617.199997999938205 ], [ 390818.590152000077069, 585615.999997999984771 ], [ 390819.390152000123635, 585615.999997999984771 ], [ 390819.79015200008871, 585616.999997999984771 ], [ 390820.190152000111993, 585617.199997999938205 ], [ 390821.990152000100352, 585616.999997999984771 ], [ 390821.990152000100352, 585615.799998000031337 ], [ 390820.190152000111993, 585615.599997999961488 ], [ 390819.990152000100352, 585614.799998000031337 ], [ 390819.190152000111993, 585614.199997999938205 ], [ 390817.990152000100352, 585614.399998 ], [ 390817.390152000123635, 585615.399998 ], [ 390816.190152000111993, 585615.199997999938205 ], [ 390816.190152000111993, 585614.799998000031337 ], [ 390815.390152000123635, 585614.199997999938205 ], [ 390814.190152000111993, 585614.399998 ], [ 390813.990152000100352, 585615.199997999938205 ], [ 390813.590152000077069, 585615.399998 ], [ 390812.79015200008871, 585615.399998 ], [ 390811.990152000100352, 585613.999997999984771 ], [ 390809.990152000100352, 585613.799998000031337 ], [ 390809.79015200008871, 585613.199997999938205 ], [ 390810.190152000111993, 585612.799998000031337 ], [ 390811.590152000077069, 585612.599997999961488 ], [ 390812.590152000077069, 585613.199997999938205 ], [ 390812.79015200008871, 585613.799998000031337 ], [ 390813.390152000123635, 585613.799998000031337 ], [ 390813.590152000077069, 585613.199997999938205 ], [ 390814.590152000077069, 585612.599997999961488 ], [ 390815.990152000100352, 585612.599997999961488 ], [ 390816.990152000100352, 585613.599997999961488 ], [ 390817.190152000111993, 585612.799998000031337 ], [ 390817.79015200008871, 585612.399998 ], [ 390820.390152000123635, 585612.399998 ], [ 390820.990152000100352, 585613.399998 ], [ 390821.390152000123635, 585612.599997999961488 ], [ 390824.390152000123635, 585612.399998 ], [ 390824.590152000077069, 585611.599997999961488 ], [ 390824.990152000100352, 585611.599997999961488 ], [ 390825.390152000123635, 585612.399998 ], [ 390828.390152000123635, 585612.599997999961488 ], [ 390828.590152000077069, 585613.399998 ], [ 390828.990152000100352, 585613.399998 ], [ 390829.190152000111993, 585612.799998000031337 ], [ 390831.590152000077069, 585612.799998000031337 ], [ 390832.390152000123635, 585613.999997999984771 ], [ 390833.190152000111993, 585613.999997999984771 ], [ 390833.190152000111993, 585614.799998000031337 ], [ 390832.79015200008871, 585615.199997999938205 ], [ 390832.190152000111993, 585615.199997999938205 ], [ 390831.590152000077069, 585614.199997999938205 ], [ 390830.390152000123635, 585614.199997999938205 ], [ 390829.990152000100352, 585614.399998 ], [ 390829.390152000123635, 585615.599997999961488 ], [ 390828.590152000077069, 585615.799998000031337 ], [ 390827.79015200008871, 585615.399998 ], [ 390827.79015200008871, 585614.799998000031337 ], [ 390827.390152000123635, 585614.399998 ], [ 390826.390152000123635, 585614.199997999938205 ], [ 390825.590152000077069, 585614.799998000031337 ], [ 390825.590152000077069, 585615.599997999961488 ], [ 390823.990152000100352, 585615.999997999984771 ], [ 390823.990152000100352, 585616.799998000031337 ], [ 390825.390152000123635, 585616.999997999984771 ], [ 390826.190152000111993, 585615.999997999984771 ], [ 390827.190152000111993, 585615.999997999984771 ], [ 390827.79015200008871, 585617.199997999938205 ], [ 390828.990152000100352, 585617.199997999938205 ], [ 390829.990152000100352, 585618.399998 ], [ 390830.590152000077069, 585618.599997999961488 ], [ 390832.990152000100352, 585617.799998000031337 ], [ 390833.79015200008871, 585618.399998 ], [ 390835.79015200008871, 585618.399998 ], [ 390836.590152000077069, 585617.999997999984771 ], [ 390836.590152000077069, 585618.399998 ], [ 390837.190152000111993, 585618.799998000031337 ], [ 390839.79015200008871, 585618.999997999984771 ], [ 390840.190152000111993, 585619.599997999961488 ], [ 390840.590152000077069, 585619.599997999961488 ], [ 390841.390152000123635, 585618.799998000031337 ], [ 390843.79015200008871, 585618.799998000031337 ], [ 390844.390152000123635, 585619.399998 ], [ 390846.79015200008871, 585619.399998 ], [ 390846.590152000077069, 585619.799998000031337 ], [ 390845.590152000077069, 585620.199997999938205 ], [ 390844.990152000100352, 585621.999997999984771 ], [ 390843.390152000123635, 585622.599997999961488 ], [ 390843.79015200008871, 585623.199997999938205 ], [ 390844.390152000123635, 585623.199997999938205 ], [ 390844.79015200008871, 585623.599997999961488 ], [ 390845.390152000123635, 585624.799998000031337 ], [ 390847.190152000111993, 585624.999997999984771 ], [ 390847.990152000100352, 585625.399998 ], [ 390849.390152000123635, 585624.799998000031337 ], [ 390852.190152000111993, 585624.799998000031337 ], [ 390852.590152000077069, 585625.399998 ], [ 390854.390152000123635, 585625.599997999961488 ], [ 390854.590152000077069, 585626.199997999938205 ], [ 390854.190152000111993, 585626.199997999938205 ], [ 390853.590152000077069, 585626.999997999984771 ], [ 390853.390152000123635, 585630.599997999961488 ], [ 390853.79015200008871, 585630.999997999984771 ], [ 390855.390152000123635, 585630.999997999984771 ], [ 390855.990152000100352, 585631.399998 ], [ 390855.990152000100352, 585631.799998000031337 ], [ 390856.590152000077069, 585631.199997999938205 ], [ 390859.990152000100352, 585631.199997999938205 ], [ 390860.390152000123635, 585631.999997999984771 ], [ 390861.190152000111993, 585632.199997999938205 ], [ 390861.190152000111993, 585633.999997999984771 ], [ 390860.590152000077069, 585634.799998000031337 ], [ 390859.590152000077069, 585634.999997999984771 ], [ 390859.590152000077069, 585635.399998 ], [ 390860.590152000077069, 585635.999997999984771 ], [ 390860.990152000100352, 585637.399998 ], [ 390861.390152000123635, 585637.799998000031337 ], [ 390861.990152000100352, 585637.799998000031337 ], [ 390862.390152000123635, 585638.599997999961488 ], [ 390861.590152000077069, 585639.199997999938205 ], [ 390861.390152000123635, 585640.999997999984771 ], [ 390860.390152000123635, 585641.599997999961488 ], [ 390861.190152000111993, 585641.799998000031337 ], [ 390861.390152000123635, 585643.199997999938205 ], [ 390861.990152000100352, 585643.799998000031337 ], [ 390862.590152000077069, 585643.799998000031337 ], [ 390863.190152000111993, 585644.999997999984771 ], [ 390864.990152000100352, 585645.399998 ], [ 390864.990152000100352, 585646.399998 ], [ 390864.390152000123635, 585646.799998000031337 ], [ 390862.590152000077069, 585646.799998000031337 ], [ 390862.190152000111993, 585646.399998 ], [ 390862.190152000111993, 585645.799998000031337 ], [ 390861.79015200008871, 585645.799998000031337 ], [ 390861.990152000100352, 585647.999997999984771 ], [ 390861.590152000077069, 585648.399998 ], [ 390861.590152000077069, 585649.399998 ], [ 390862.79015200008871, 585649.599997999961488 ], [ 390862.990152000100352, 585650.799998000031337 ], [ 390863.390152000123635, 585651.199997999938205 ], [ 390864.990152000100352, 585651.599997999961488 ], [ 390864.990152000100352, 585652.799998000031337 ], [ 390864.190152000111993, 585653.199997999938205 ], [ 390862.390152000123635, 585653.399998 ], [ 390862.390152000123635, 585654.399998 ], [ 390861.590152000077069, 585655.599997999961488 ], [ 390861.990152000100352, 585655.799998000031337 ], [ 390863.190152000111993, 585655.199997999938205 ], [ 390864.190152000111993, 585655.199997999938205 ], [ 390864.390152000123635, 585655.599997999961488 ], [ 390863.390152000123635, 585656.199997999938205 ], [ 390863.190152000111993, 585657.199997999938205 ], [ 390864.590152000077069, 585657.399998 ], [ 390865.190152000111993, 585656.399998 ], [ 390866.190152000111993, 585656.399998 ], [ 390866.79015200008871, 585656.999997999984771 ], [ 390866.79015200008871, 585657.599997999961488 ], [ 390867.79015200008871, 585657.599997999961488 ], [ 390868.190152000111993, 585658.199997999938205 ], [ 390867.79015200008871, 585659.399998 ], [ 390866.590152000077069, 585658.799998000031337 ], [ 390866.590152000077069, 585657.799998000031337 ], [ 390865.390152000123635, 585657.799998000031337 ], [ 390864.79015200008871, 585659.399998 ], [ 390862.590152000077069, 585659.599997999961488 ], [ 390862.390152000123635, 585661.399998 ], [ 390864.390152000123635, 585661.599997999961488 ], [ 390864.390152000123635, 585662.199997999938205 ], [ 390863.590152000077069, 585662.599997999961488 ], [ 390863.390152000123635, 585663.399998 ], [ 390864.190152000111993, 585663.599997999961488 ], [ 390864.590152000077069, 585663.399998 ], [ 390864.79015200008871, 585662.599997999961488 ], [ 390866.190152000111993, 585662.599997999961488 ], [ 390866.590152000077069, 585662.799998000031337 ], [ 390866.990152000100352, 585663.799998000031337 ], [ 390867.79015200008871, 585663.799998000031337 ], [ 390868.190152000111993, 585664.399998 ], [ 390868.190152000111993, 585665.199997999938205 ], [ 390867.79015200008871, 585665.599997999961488 ], [ 390866.590152000077069, 585665.399998 ], [ 390866.390152000123635, 585663.999997999984771 ], [ 390865.590152000077069, 585663.999997999984771 ], [ 390865.190152000111993, 585664.399998 ], [ 390865.190152000111993, 585665.599997999961488 ], [ 390866.590152000077069, 585665.799998000031337 ], [ 390866.590152000077069, 585666.599997999961488 ], [ 390866.190152000111993, 585667.199997999938205 ], [ 390865.190152000111993, 585666.999997999984771 ], [ 390864.990152000100352, 585665.799998000031337 ], [ 390863.190152000111993, 585665.799998000031337 ], [ 390862.79015200008871, 585666.199997999938205 ], [ 390862.79015200008871, 585666.999997999984771 ], [ 390863.190152000111993, 585667.399998 ], [ 390864.590152000077069, 585667.599997999961488 ], [ 390864.990152000100352, 585668.599997999961488 ], [ 390866.390152000123635, 585668.799998000031337 ], [ 390866.79015200008871, 585669.199997999938205 ], [ 390866.79015200008871, 585669.799998000031337 ], [ 390867.590152000077069, 585669.999997999984771 ], [ 390868.190152000111993, 585670.599997999961488 ], [ 390868.190152000111993, 585671.399998 ], [ 390867.79015200008871, 585671.799998000031337 ], [ 390866.990152000100352, 585671.799998000031337 ], [ 390866.590152000077069, 585671.199997999938205 ], [ 390866.590152000077069, 585670.399998 ], [ 390865.590152000077069, 585670.199997999938205 ], [ 390865.190152000111993, 585670.599997999961488 ], [ 390864.990152000100352, 585671.799998000031337 ], [ 390862.990152000100352, 585671.999997999984771 ], [ 390862.590152000077069, 585672.399998 ], [ 390862.590152000077069, 585673.799998000031337 ], [ 390864.190152000111993, 585674.199997999938205 ], [ 390863.390152000123635, 585674.799998000031337 ], [ 390863.390152000123635, 585675.999997999984771 ], [ 390864.390152000123635, 585676.199997999938205 ], [ 390865.190152000111993, 585675.199997999938205 ], [ 390866.190152000111993, 585675.199997999938205 ], [ 390866.590152000077069, 585675.599997999961488 ], [ 390866.390152000123635, 585676.199997999938205 ], [ 390865.190152000111993, 585676.399998 ], [ 390864.79015200008871, 585677.999997999984771 ], [ 390862.990152000100352, 585678.199997999938205 ], [ 390862.390152000123635, 585678.799998000031337 ], [ 390862.390152000123635, 585679.399998 ], [ 390861.590152000077069, 585679.999997999984771 ], [ 390861.79015200008871, 585680.799998000031337 ], [ 390863.190152000111993, 585681.199997999938205 ], [ 390863.190152000111993, 585681.999997999984771 ], [ 390863.79015200008871, 585682.599997999961488 ], [ 390864.79015200008871, 585682.599997999961488 ], [ 390864.990152000100352, 585682.999997999984771 ], [ 390864.79015200008871, 585683.999997999984771 ], [ 390862.590152000077069, 585684.399998 ], [ 390862.190152000111993, 585685.599997999961488 ], [ 390861.190152000111993, 585686.599997999961488 ], [ 390861.590152000077069, 585687.199997999938205 ], [ 390862.79015200008871, 585687.799998000031337 ], [ 390863.190152000111993, 585688.999997999984771 ], [ 390863.990152000100352, 585688.999997999984771 ], [ 390864.590152000077069, 585689.599997999961488 ], [ 390864.390152000123635, 585690.199997999938205 ], [ 390863.190152000111993, 585690.399998 ], [ 390861.79015200008871, 585689.399998 ], [ 390861.390152000123635, 585690.999997999984771 ], [ 390859.990152000100352, 585691.399998 ], [ 390860.590152000077069, 585692.199997999938205 ], [ 390860.590152000077069, 585693.199997999938205 ], [ 390858.390152000123635, 585693.599997999961488 ], [ 390858.190152000111993, 585694.599997999961488 ], [ 390857.590152000077069, 585694.599997999961488 ], [ 390857.390152000123635, 585693.999997999984771 ], [ 390855.990152000100352, 585693.799998000031337 ], [ 390855.590152000077069, 585694.199997999938205 ], [ 390855.590152000077069, 585695.199997999938205 ], [ 390856.190152000111993, 585695.399998 ], [ 390856.390152000123635, 585696.199997999938205 ], [ 390855.190152000111993, 585696.399998 ], [ 390853.990152000100352, 585695.799998000031337 ], [ 390853.79015200008871, 585697.799998000031337 ], [ 390852.990152000100352, 585697.999997999984771 ], [ 390852.190152000111993, 585699.199997999938205 ], [ 390847.990152000100352, 585699.399998 ], [ 390846.990152000100352, 585700.599997999961488 ], [ 390846.990152000100352, 585700.999997999984771 ], [ 390846.390152000123635, 585701.399998 ], [ 390844.990152000100352, 585701.399998 ], [ 390844.190152000111993, 585700.799998000031337 ], [ 390843.990152000100352, 585701.399998 ], [ 390841.190152000111993, 585701.799998000031337 ], [ 390840.390152000123635, 585702.399998 ], [ 390839.990152000100352, 585703.799998000031337 ], [ 390838.590152000077069, 585704.799998000031337 ], [ 390835.990152000100352, 585704.799998000031337 ], [ 390834.390152000123635, 585705.199997999938205 ], [ 390832.990152000100352, 585704.599997999961488 ], [ 390832.190152000111993, 585704.599997999961488 ], [ 390830.79015200008871, 585705.399998 ], [ 390832.190152000111993, 585706.399998 ], [ 390834.590152000077069, 585706.199997999938205 ], [ 390835.190152000111993, 585706.799998000031337 ], [ 390835.190152000111993, 585707.199997999938205 ], [ 390832.390152000123635, 585707.399998 ], [ 390830.990152000100352, 585707.999997999984771 ], [ 390829.990152000100352, 585707.999997999984771 ], [ 390829.190152000111993, 585707.599997999961488 ], [ 390826.590152000077069, 585707.599997999961488 ], [ 390823.79015200008871, 585708.399998 ], [ 390822.390152000123635, 585708.399998 ] ] ] } },
{ "type": "Feature", "properties": { "pred_id": "E1_REG_018", "raw_pred_id": "E1_RAW_018" }, "geometry": { "type": "Polygon", "coordinates": [ [ [ 390882.990152000100352, 585683.999997999984771 ], [ 390881.990152000100352, 585683.199997999938205 ], [ 390879.590152000077069, 585682.599997999961488 ], [ 390879.190152000111993, 585682.199997999938205 ], [ 390879.190152000111993, 585681.399998 ], [ 390878.79015200008871, 585680.799998000031337 ], [ 390878.990152000100352, 585679.999997999984771 ], [ 390879.390152000123635, 585634.799998000031337 ], [ 390882.990152000100352, 585636.599997999961488 ], [ 390884.390152000123635, 585636.799998000031337 ], [ 390887.590152000077069, 585636.599997999961488 ], [ 390888.590152000077069, 585637.199997999938205 ], [ 390890.990152000100352, 585637.199997999938205 ], [ 390891.390152000123635, 585637.999997999984771 ], [ 390891.190152000111993, 585641.599997999961488 ], [ 390893.390152000123635, 585641.399998 ], [ 390893.990152000100352, 585641.999997999984771 ], [ 390894.990152000100352, 585641.999997999984771 ], [ 390896.590152000077069, 585642.799998000031337 ], [ 390898.190152000111993, 585642.999997999984771 ], [ 390899.190152000111993, 585643.799998000031337 ], [ 390899.190152000111993, 585645.999997999984771 ], [ 390898.990152000100352, 585646.399998 ], [ 390898.390152000123635, 585646.599997999961488 ], [ 390897.590152000077069, 585648.799998000031337 ], [ 390897.590152000077069, 585650.599997999961488 ], [ 390899.190152000111993, 585650.599997999961488 ], [ 390899.190152000111993, 585655.999997999984771 ], [ 390898.590152000077069, 585656.599997999961488 ], [ 390898.190152000111993, 585658.399998 ], [ 390897.590152000077069, 585659.199997999938205 ], [ 390896.590152000077069, 585663.399998 ], [ 390895.990152000100352, 585663.799998000031337 ], [ 390895.79015200008871, 585664.999997999984771 ], [ 390895.390152000123635, 585665.399998 ], [ 390895.190152000111993, 585668.199997999938205 ], [ 390894.390152000123635, 585668.199997999938205 ], [ 390893.390152000123635, 585668.999997999984771 ], [ 390892.990152000100352, 585671.799998000031337 ], [ 390891.390152000123635, 585672.399998 ], [ 390888.990152000100352, 585672.599997999961488 ], [ 390887.79015200008871, 585675.599997999961488 ], [ 390887.79015200008871, 585677.599997999961488 ], [ 390886.990152000100352, 585678.799998000031337 ], [ 390886.79015200008871, 585680.199997999938205 ], [ 390885.79015200008871, 585681.799998000031337 ], [ 390885.390152000123635, 585683.799998000031337 ], [ 390882.990152000100352, 585683.999997999984771 ] ] ] } },
{ "type": "Feature", "properties": { "pred_id": "E1_REG_019", "raw_pred_id": "E1_RAW_019" }, "geometry": { "type": "Polygon", "coordinates": [ [ [ 390713.390152000123635, 585682.399998 ], [ 390711.990152000100352, 585680.799998000031337 ], [ 390710.190152000111993, 585680.799998000031337 ], [ 390709.79015200008871, 585680.399998 ], [ 390709.390152000123635, 585680.399998 ], [ 390709.79015200008871, 585680.799998000031337 ], [ 390709.590152000077069, 585682.199997999938205 ], [ 390709.190152000111993, 585681.999997999984771 ], [ 390709.190152000111993, 585681.399998 ], [ 390708.590152000077069, 585681.199997999938205 ], [ 390707.390152000123635, 585681.199997999938205 ], [ 390706.590152000077069, 585681.599997999961488 ], [ 390706.190152000111993, 585682.199997999938205 ], [ 390705.190152000111993, 585682.199997999938205 ], [ 390704.390152000123635, 585680.999997999984771 ], [ 390702.590152000077069, 585680.399998 ], [ 390701.390152000123635, 585680.399998 ], [ 390701.190152000111993, 585681.199997999938205 ], [ 390699.390152000123635, 585681.199997999938205 ], [ 390698.590152000077069, 585681.599997999961488 ], [ 390698.190152000111993, 585682.199997999938205 ], [ 390697.590152000077069, 585682.199997999938205 ], [ 390696.79015200008871, 585680.999997999984771 ], [ 390694.390152000123635, 585680.199997999938205 ], [ 390693.390152000123635, 585680.399998 ], [ 390693.390152000123635, 585680.799998000031337 ], [ 390692.79015200008871, 585681.199997999938205 ], [ 390691.390152000123635, 585681.199997999938205 ], [ 390690.390152000123635, 585682.199997999938205 ], [ 390689.79015200008871, 585682.199997999938205 ], [ 390688.79015200008871, 585680.799998000031337 ], [ 390687.590152000077069, 585680.199997999938205 ], [ 390685.79015200008871, 585679.999997999984771 ], [ 390684.990152000100352, 585680.999997999984771 ], [ 390683.390152000123635, 585681.199997999938205 ], [ 390682.190152000111993, 585682.199997999938205 ], [ 390681.590152000077069, 585680.999997999984771 ], [ 390680.390152000123635, 585680.399998 ], [ 390680.190152000111993, 585679.999997999984771 ], [ 390677.79015200008871, 585679.999997999984771 ], [ 390677.190152000111993, 585680.799998000031337 ], [ 390675.190152000111993, 585681.199997999938205 ], [ 390674.590152000077069, 585681.999997999984771 ], [ 390674.190152000111993, 585681.999997999984771 ], [ 390673.990152000100352, 585680.999997999984771 ], [ 390672.590152000077069, 585679.599997999961488 ], [ 390669.590152000077069, 585679.799998000031337 ], [ 390668.990152000100352, 585680.799998000031337 ], [ 390667.190152000111993, 585680.999997999984771 ], [ 390666.79015200008871, 585681.199997999938205 ], [ 390666.79015200008871, 585681.599997999961488 ], [ 390666.390152000123635, 585681.399998 ], [ 390666.190152000111993, 585680.599997999961488 ], [ 390665.590152000077069, 585680.399998 ], [ 390664.79015200008871, 585679.399998 ], [ 390663.590152000077069, 585679.799998000031337 ], [ 390661.990152000100352, 585679.799998000031337 ], [ 390660.990152000100352, 585680.799998000031337 ], [ 390658.590152000077069, 585680.799998000031337 ], [ 390658.590152000077069, 585680.399998 ], [ 390657.79015200008871, 585680.199997999938205 ], [ 390656.990152000100352, 585679.199997999938205 ], [ 390655.190152000111993, 585679.799998000031337 ], [ 390653.79015200008871, 585679.799998000031337 ], [ 390653.190152000111993, 585680.599997999961488 ], [ 390652.590152000077069, 585680.599997999961488 ], [ 390652.190152000111993, 585679.799998000031337 ], [ 390649.990152000100352, 585679.799998000031337 ], [ 390649.990152000100352, 585677.999997999984771 ], [ 390651.590152000077069, 585677.999997999984771 ], [ 390651.990152000100352, 585677.599997999961488 ], [ 390651.990152000100352, 585676.999997999984771 ], [ 390651.590152000077069, 585676.599997999961488 ], [ 390649.990152000100352, 585676.399998 ], [ 390649.990152000100352, 585671.199997999938205 ], [ 390651.190152000111993, 585671.199997999938205 ], [ 390649.990152000100352, 585670.999997999984771 ], [ 390649.990152000100352, 585579.999997999984771 ], [ 390653.190152000111993, 585579.799998000031337 ], [ 390654.79015200008871, 585580.599997999961488 ], [ 390656.79015200008871, 585579.999997999984771 ], [ 390657.990152000100352, 585580.199997999938205 ], [ 390658.390152000123635, 585580.599997999961488 ], [ 390658.990152000100352, 585580.599997999961488 ], [ 390659.79015200008871, 585579.999997999984771 ], [ 390661.190152000111993, 585579.999997999984771 ], [ 390662.190152000111993, 585580.599997999961488 ], [ 390663.190152000111993, 585580.599997999961488 ], [ 390663.79015200008871, 585580.199997999938205 ], [ 390666.79015200008871, 585580.399998 ], [ 390667.390152000123635, 585579.999997999984771 ], [ 390668.990152000100352, 585579.999997999984771 ], [ 390670.190152000111993, 585580.799998000031337 ], [ 390670.79015200008871, 585580.799998000031337 ], [ 390672.190152000111993, 585580.199997999938205 ], [ 390673.79015200008871, 585580.199997999938205 ], [ 390674.190152000111993, 585579.799998000031337 ], [ 390676.390152000123635, 585579.799998000031337 ], [ 390677.79015200008871, 585580.199997999938205 ], [ 390677.990152000100352, 585580.599997999961488 ], [ 390678.79015200008871, 585580.599997999961488 ], [ 390679.190152000111993, 585580.199997999938205 ], [ 390681.590152000077069, 585579.999997999984771 ], [ 390682.390152000123635, 585579.199997999938205 ], [ 390682.990152000100352, 585579.799998000031337 ], [ 390684.590152000077069, 585579.799998000031337 ], [ 390685.79015200008871, 585580.599997999961488 ], [ 390686.990152000100352, 585580.599997999961488 ], [ 390687.990152000100352, 585580.199997999938205 ], [ 390690.390152000123635, 585580.399998 ], [ 390690.990152000100352, 585579.999997999984771 ], [ 390692.390152000123635, 585579.999997999984771 ], [ 390693.390152000123635, 585580.599997999961488 ], [ 390698.190152000111993, 585580.599997999961488 ], [ 390698.79015200008871, 585580.199997999938205 ], [ 390700.190152000111993, 585580.199997999938205 ], [ 390701.190152000111993, 585580.799998000031337 ], [ 390706.590152000077069, 585580.799998000031337 ], [ 390707.79015200008871, 585580.399998 ], [ 390709.190152000111993, 585580.999997999984771 ], [ 390715.590152000077069, 585580.799998000031337 ], [ 390716.390152000123635, 585581.199997999938205 ], [ 390718.390152000123635, 585581.399998 ], [ 390720.590152000077069, 585581.199997999938205 ], [ 390723.990152000100352, 585581.199997999938205 ], [ 390726.590152000077069, 585581.599997999961488 ], [ 390730.190152000111993, 585581.399998 ], [ 390733.590152000077069, 585581.599997999961488 ], [ 390734.590152000077069, 585581.999997999984771 ], [ 390736.590152000077069, 585581.599997999961488 ], [ 390738.390152000123635, 585581.999997999984771 ], [ 390741.390152000123635, 585581.799998000031337 ], [ 390742.390152000123635, 585582.399998 ], [ 390742.990152000100352, 585582.399998 ], [ 390743.990152000100352, 585581.799998000031337 ], [ 390745.390152000123635, 585581.799998000031337 ], [ 390745.990152000100352, 585581.999997999984771 ], [ 390746.190152000111993, 585582.399998 ], [ 390748.390152000123635, 585582.599997999961488 ], [ 390748.590152000077069, 585584.199997999938205 ], [ 390748.990152000100352, 585584.199997999938205 ], [ 390748.990152000100352, 585583.399998 ], [ 390749.390152000123635, 585582.999997999984771 ], [ 390751.79015200008871, 585582.799998000031337 ], [ 390752.590152000077069, 585582.399998 ], [ 390753.590152000077069, 585582.999997999984771 ], [ 390755.190152000111993, 585583.199997999938205 ], [ 390755.590152000077069, 585583.799998000031337 ], [ 390755.190152000111993, 585584.599997999961488 ], [ 390754.390152000123635, 585585.199997999938205 ], [ 390755.79015200008871, 585585.399998 ], [ 390756.390152000123635, 585585.999997999984771 ], [ 390757.190152000111993, 585586.199997999938205 ], [ 390758.590152000077069, 585586.199997999938205 ], [ 390759.390152000123635, 585585.399998 ], [ 390759.590152000077069, 585583.799998000031337 ], [ 390761.990152000100352, 585583.799998000031337 ], [ 390762.390152000123635, 585583.999997999984771 ], [ 390762.390152000123635, 585584.999997999984771 ], [ 390763.79015200008871, 585585.999997999984771 ], [ 390764.190152000111993, 585587.199997999938205 ], [ 390764.990152000100352, 585586.999997999984771 ], [ 390765.190152000111993, 585586.599997999961488 ], [ 390767.390152000123635, 585586.199997999938205 ], [ 390767.990152000100352, 585584.599997999961488 ], [ 390768.390152000123635, 585584.599997999961488 ], [ 390769.190152000111993, 585585.599997999961488 ], [ 390769.990152000100352, 585585.599997999961488 ], [ 390771.190152000111993, 585586.599997999961488 ], [ 390771.190152000111993, 585588.199997999938205 ], [ 390772.190152000111993, 585588.199997999938205 ], [ 390772.190152000111993, 585588.599997999961488 ], [ 390771.390152000123635, 585588.599997999961488 ], [ 390771.190152000111993, 585589.399998 ], [ 390771.990152000100352, 585591.799998000031337 ], [ 390771.990152000100352, 585592.799998000031337 ], [ 390773.990152000100352, 585592.599997999961488 ], [ 390774.390152000123635, 585592.199997999938205 ], [ 390774.79015200008871, 585591.399998 ], [ 390774.79015200008871, 585590.199997999938205 ], [ 390775.590152000077069, 585589.399998 ], [ 390775.990152000100352, 585588.199997999938205 ], [ 390776.390152000123635, 585589.599997999961488 ], [ 390777.990152000100352, 585590.399998 ], [ 390778.390152000123635, 585591.599997999961488 ], [ 390778.79015200008871, 585591.799998000031337 ], [ 390779.190152000111993, 585593.799998000031337 ], [ 390780.390152000123635, 585594.399998 ], [ 390780.190152000111993, 585594.999997999984771 ], [ 390779.390152000123635, 585595.399998 ], [ 390779.190152000111993, 585596.399998 ], [ 390779.79015200008871, 585597.199997999938205 ], [ 390779.590152000077069, 585599.399998 ], [ 390780.79015200008871, 585599.999997999984771 ], [ 390781.190152000111993, 585600.999997999984771 ], [ 390780.590152000077069, 585601.799998000031337 ], [ 390779.590152000077069, 585602.199997999938205 ], [ 390779.590152000077069, 585602.599997999961488 ], [ 390780.590152000077069, 585603.199997999938205 ], [ 390780.79015200008871, 585604.999997999984771 ], [ 390781.190152000111993, 585605.399998 ], [ 390781.990152000100352, 585605.199997999938205 ], [ 390782.390152000123635, 585602.799998000031337 ], [ 390782.79015200008871, 585602.399998 ], [ 390782.390152000123635, 585601.199997999938205 ], [ 390782.390152000123635, 585598.799998000031337 ], [ 390782.79015200008871, 585596.799998000031337 ], [ 390783.390152000123635, 585596.199997999938205 ], [ 390784.190152000111993, 585596.199997999938205 ], [ 390785.390152000123635, 585597.199997999938205 ], [ 390785.390152000123635, 585597.599997999961488 ], [ 390786.390152000123635, 585598.599997999961488 ], [ 390786.190152000111993, 585599.999997999984771 ], [ 390785.390152000123635, 585600.199997999938205 ], [ 390784.79015200008871, 585600.799998000031337 ], [ 390784.79015200008871, 585601.599997999961488 ], [ 390785.190152000111993, 585602.399998 ], [ 390785.590152000077069, 585602.399998 ], [ 390785.990152000100352, 585603.799998000031337 ], [ 390786.590152000077069, 585604.199997999938205 ], [ 390786.79015200008871, 585606.599997999961488 ], [ 390785.590152000077069, 585606.799998000031337 ], [ 390785.590152000077069, 585607.399998 ], [ 390786.190152000111993, 585607.799998000031337 ], [ 390786.190152000111993, 585608.799998000031337 ], [ 390786.590152000077069, 585609.599997999961488 ], [ 390787.190152000111993, 585609.999997999984771 ], [ 390786.990152000100352, 585610.999997999984771 ], [ 390787.190152000111993, 585612.399998 ], [ 390788.190152000111993, 585612.999997999984771 ], [ 390787.990152000100352, 585613.799998000031337 ], [ 390786.590152000077069, 585614.199997999938205 ], [ 390786.590152000077069, 585615.199997999938205 ], [ 390787.990152000100352, 585615.999997999984771 ], [ 390787.990152000100352, 585616.799998000031337 ], [ 390787.390152000123635, 585617.399998 ], [ 390787.390152000123635, 585618.199997999938205 ], [ 390788.590152000077069, 585619.399998 ], [ 390787.990152000100352, 585620.399998 ], [ 390787.190152000111993, 585620.599997999961488 ], [ 390786.79015200008871, 585621.199997999938205 ], [ 390787.590152000077069, 585621.599997999961488 ], [ 390788.390152000123635, 585622.599997999961488 ], [ 390787.990152000100352, 585623.599997999961488 ], [ 390787.590152000077069, 585623.799998000031337 ], [ 390787.590152000077069, 585624.399998 ], [ 390788.390152000123635, 585624.799998000031337 ], [ 390788.390152000123635, 585625.199997999938205 ], [ 390788.79015200008871, 585625.399998 ], [ 390788.590152000077069, 585626.599997999961488 ], [ 390787.390152000123635, 585627.399998 ], [ 390788.390152000123635, 585627.799998000031337 ], [ 390788.79015200008871, 585628.399998 ], [ 390788.590152000077069, 585629.999997999984771 ], [ 390787.990152000100352, 585630.599997999961488 ], [ 390788.590152000077069, 585630.799998000031337 ], [ 390789.190152000111993, 585631.999997999984771 ], [ 390788.990152000100352, 585632.799998000031337 ], [ 390788.390152000123635, 585633.399998 ], [ 390787.990152000100352, 585633.399998 ], [ 390787.990152000100352, 585633.799998000031337 ], [ 390788.390152000123635, 585633.799998000031337 ], [ 390788.79015200008871, 585634.399998 ], [ 390788.79015200008871, 585635.799998000031337 ], [ 390787.990152000100352, 585636.799998000031337 ], [ 390789.190152000111993, 585637.999997999984771 ], [ 390789.190152000111993, 585638.999997999984771 ], [ 390788.590152000077069, 585639.799998000031337 ], [ 390788.990152000100352, 585640.399998 ], [ 390788.990152000100352, 585641.999997999984771 ], [ 390788.190152000111993, 585642.799998000031337 ], [ 390788.190152000111993, 585643.199997999938205 ], [ 390788.79015200008871, 585643.599997999961488 ], [ 390789.190152000111993, 585644.599997999961488 ], [ 390788.390152000123635, 585645.799998000031337 ], [ 390787.590152000077069, 585645.999997999984771 ], [ 390788.590152000077069, 585646.799998000031337 ], [ 390788.79015200008871, 585647.799998000031337 ], [ 390787.990152000100352, 585648.799998000031337 ], [ 390787.390152000123635, 585648.999997999984771 ], [ 390787.590152000077069, 585649.599997999961488 ], [ 390787.990152000100352, 585649.599997999961488 ], [ 390788.590152000077069, 585650.199997999938205 ], [ 390788.79015200008871, 585650.999997999984771 ], [ 390788.190152000111993, 585651.799998000031337 ], [ 390786.990152000100352, 585652.199997999938205 ], [ 390786.990152000100352, 585652.599997999961488 ], [ 390788.190152000111993, 585652.999997999984771 ], [ 390788.590152000077069, 585653.599997999961488 ], [ 390788.390152000123635, 585654.399998 ], [ 390786.990152000100352, 585655.399998 ], [ 390787.190152000111993, 585655.999997999984771 ], [ 390787.990152000100352, 585656.399998 ], [ 390788.190152000111993, 585657.199997999938205 ], [ 390787.79015200008871, 585657.599997999961488 ], [ 390786.390152000123635, 585657.599997999961488 ], [ 390785.990152000100352, 585657.399998 ], [ 390785.990152000100352, 585656.999997999984771 ], [ 390785.590152000077069, 585656.999997999984771 ], [ 390785.79015200008871, 585659.599997999961488 ], [ 390787.79015200008871, 585659.799998000031337 ], [ 390787.990152000100352, 585660.199997999938205 ], [ 390786.390152000123635, 585660.799998000031337 ], [ 390786.390152000123635, 585662.599997999961488 ], [ 390785.390152000123635, 585662.999997999984771 ], [ 390785.190152000111993, 585664.199997999938205 ], [ 390784.190152000111993, 585664.799998000031337 ], [ 390784.79015200008871, 585664.999997999984771 ], [ 390785.190152000111993, 585665.599997999961488 ], [ 390785.190152000111993, 585667.999997999984771 ], [ 390784.79015200008871, 585668.399998 ], [ 390784.79015200008871, 585669.599997999961488 ], [ 390784.190152000111993, 585670.199997999938205 ], [ 390783.390152000123635, 585670.199997999938205 ], [ 390782.79015200008871, 585669.599997999961488 ], [ 390783.390152000123635, 585667.799998000031337 ], [ 390782.79015200008871, 585667.599997999961488 ], [ 390782.79015200008871, 585667.199997999938205 ], [ 390782.190152000111993, 585666.799998000031337 ], [ 390782.190152000111993, 585665.999997999984771 ], [ 390782.590152000077069, 585665.799998000031337 ], [ 390782.590152000077069, 585665.399998 ], [ 390783.590152000077069, 585664.999997999984771 ], [ 390783.590152000077069, 585664.599997999961488 ], [ 390782.79015200008871, 585664.399998 ], [ 390782.190152000111993, 585663.599997999961488 ], [ 390782.590152000077069, 585661.599997999961488 ], [ 390781.990152000100352, 585660.799998000031337 ], [ 390781.990152000100352, 585660.199997999938205 ], [ 390781.590152000077069, 585660.199997999938205 ], [ 390781.390152000123635, 585660.799998000031337 ], [ 390779.590152000077069, 585661.599997999961488 ], [ 390779.79015200008871, 585661.999997999984771 ], [ 390780.79015200008871, 585662.199997999938205 ], [ 390781.590152000077069, 585663.199997999938205 ], [ 390780.79015200008871, 585664.399998 ], [ 390779.79015200008871, 585664.799998000031337 ], [ 390781.190152000111993, 585665.799998000031337 ], [ 390781.390152000123635, 585666.599997999961488 ], [ 390780.79015200008871, 585667.199997999938205 ], [ 390779.190152000111993, 585667.799998000031337 ], [ 390779.390152000123635, 585668.399998 ], [ 390780.79015200008871, 585669.399998 ], [ 390780.390152000123635, 585669.999997999984771 ], [ 390779.390152000123635, 585670.199997999938205 ], [ 390777.79015200008871, 585669.199997999938205 ], [ 390777.590152000077069, 585669.999997999984771 ], [ 390776.990152000100352, 585670.599997999961488 ], [ 390775.79015200008871, 585670.999997999984771 ], [ 390774.390152000123635, 585669.599997999961488 ], [ 390774.390152000123635, 585668.199997999938205 ], [ 390774.190152000111993, 585667.599997999961488 ], [ 390773.79015200008871, 585667.599997999961488 ], [ 390773.190152000111993, 585667.999997999984771 ], [ 390773.390152000123635, 585669.599997999961488 ], [ 390772.590152000077069, 585670.399998 ], [ 390771.590152000077069, 585670.599997999961488 ], [ 390769.990152000100352, 585669.999997999984771 ], [ 390769.590152000077069, 585670.799998000031337 ], [ 390768.390152000123635, 585670.999997999984771 ], [ 390769.390152000123635, 585671.199997999938205 ], [ 390769.79015200008871, 585671.599997999961488 ], [ 390769.990152000100352, 585672.799998000031337 ], [ 390770.990152000100352, 585671.799998000031337 ], [ 390772.390152000123635, 585671.799998000031337 ], [ 390773.390152000123635, 585672.599997999961488 ], [ 390772.590152000077069, 585673.399998 ], [ 390771.190152000111993, 585673.599997999961488 ], [ 390770.79015200008871, 585674.599997999961488 ], [ 390769.590152000077069, 585674.999997999984771 ], [ 390768.590152000077069, 585676.399998 ], [ 390767.79015200008871, 585676.399998 ], [ 390767.190152000111993, 585675.799998000031337 ], [ 390766.990152000100352, 585674.199997999938205 ], [ 390766.590152000077069, 585673.999997999984771 ], [ 390766.390152000123635, 585673.399998 ], [ 390763.990152000100352, 585673.799998000031337 ], [ 390763.590152000077069, 585674.199997999938205 ], [ 390765.190152000111993, 585675.599997999961488 ], [ 390764.390152000123635, 585676.399998 ], [ 390763.390152000123635, 585676.199997999938205 ], [ 390762.79015200008871, 585675.399998 ], [ 390761.990152000100352, 585675.399998 ], [ 390761.190152000111993, 585676.599997999961488 ], [ 390759.79015200008871, 585676.799998000031337 ], [ 390758.590152000077069, 585675.999997999984771 ], [ 390758.590152000077069, 585675.199997999938205 ], [ 390758.190152000111993, 585675.199997999938205 ], [ 390758.190152000111993, 585675.999997999984771 ], [ 390757.590152000077069, 585676.599997999961488 ], [ 390756.590152000077069, 585676.999997999984771 ], [ 390755.390152000123635, 585676.999997999984771 ], [ 390754.79015200008871, 585677.399998 ], [ 390754.990152000100352, 585677.799998000031337 ], [ 390756.79015200008871, 585677.799998000031337 ], [ 390757.590152000077069, 585678.199997999938205 ], [ 390758.190152000111993, 585678.999997999984771 ], [ 390757.190152000111993, 585679.599997999961488 ], [ 390754.990152000100352, 585679.799998000031337 ], [ 390754.79015200008871, 585680.599997999961488 ], [ 390752.590152000077069, 585680.799998000031337 ], [ 390752.590152000077069, 585681.999997999984771 ], [ 390752.390152000123635, 585680.399998 ], [ 390751.190152000111993, 585680.199997999938205 ], [ 390750.390152000123635, 585679.399998 ], [ 390749.590152000077069, 585679.799998000031337 ], [ 390747.590152000077069, 585679.999997999984771 ], [ 390747.190152000111993, 585680.799998000031337 ], [ 390745.190152000111993, 585681.199997999938205 ], [ 390744.79015200008871, 585682.199997999938205 ], [ 390744.390152000123635, 585681.799998000031337 ], [ 390744.390152000123635, 585680.999997999984771 ], [ 390743.79015200008871, 585680.399998 ], [ 390743.190152000111993, 585680.399998 ], [ 390742.79015200008871, 585679.799998000031337 ], [ 390741.990152000100352, 585679.799998000031337 ], [ 390740.390152000123635, 585679.999997999984771 ], [ 390739.390152000123635, 585680.999997999984771 ], [ 390737.79015200008871, 585681.199997999938205 ], [ 390737.190152000111993, 585681.799998000031337 ], [ 390737.190152000111993, 585682.199997999938205 ], [ 390736.79015200008871, 585682.199997999938205 ], [ 390736.390152000123635, 585681.199997999938205 ], [ 390734.990152000100352, 585680.199997999938205 ], [ 390732.79015200008871, 585679.999997999984771 ], [ 390731.79015200008871, 585680.999997999984771 ], [ 390729.990152000100352, 585681.399998 ], [ 390729.390152000123635, 585682.199997999938205 ], [ 390728.590152000077069, 585681.999997999984771 ], [ 390727.990152000100352, 585680.799998000031337 ], [ 390726.190152000111993, 585680.199997999938205 ], [ 390724.990152000100352, 585680.199997999938205 ], [ 390724.590152000077069, 585680.999997999984771 ], [ 390722.79015200008871, 585681.199997999938205 ], [ 390721.990152000100352, 585681.599997999961488 ], [ 390721.590152000077069, 585682.199997999938205 ], [ 390720.990152000100352, 585682.199997999938205 ], [ 390720.590152000077069, 585681.399998 ], [ 390719.590152000077069, 585680.599997999961488 ], [ 390717.190152000111993, 585680.199997999938205 ], [ 390716.990152000100352, 585680.999997999984771 ], [ 390714.590152000077069, 585681.399998 ], [ 390713.990152000100352, 585682.199997999938205 ], [ 390713.390152000123635, 585682.399998 ] ] ] } },
{ "type": "Feature", "properties": { "pred_id": "E1_REG_020", "raw_pred_id": "E1_RAW_020" }, "geometry": { "type": "Polygon", "coordinates": [ [ [ 391109.79015200008871, 585661.999997999984771 ], [ 391108.190152000111993, 585661.199997999938205 ], [ 391107.390152000123635, 585660.399998 ], [ 391106.79015200008871, 585658.999997999984771 ], [ 391106.79015200008871, 585657.799998000031337 ], [ 391107.190152000111993, 585656.399998 ], [ 391107.990152000100352, 585655.599997999961488 ], [ 391108.390152000123635, 585655.599997999961488 ], [ 391108.79015200008871, 585654.799998000031337 ], [ 391110.190152000111993, 585654.199997999938205 ], [ 391112.79015200008871, 585655.399998 ], [ 391114.190152000111993, 585656.599997999961488 ], [ 391114.190152000111993, 585658.999997999984771 ], [ 391113.390152000123635, 585659.999997999984771 ], [ 391113.390152000123635, 585661.799998000031337 ], [ 391109.79015200008871, 585661.999997999984771 ] ] ] } },
{ "type": "Feature", "properties": { "pred_id": "E1_REG_021", "raw_pred_id": "E1_RAW_021" }, "geometry": { "type": "Polygon", "coordinates": [ [ [ 391113.590152000077069, 585654.999997999984771 ], [ 391110.190152000111993, 585653.799998000031337 ], [ 391109.990152000100352, 585648.399998 ], [ 391110.190152000111993, 585647.399998 ], [ 391111.590152000077069, 585646.399998 ], [ 391114.390152000123635, 585646.599997999961488 ], [ 391115.79015200008871, 585647.399998 ], [ 391117.390152000123635, 585649.199997999938205 ], [ 391117.190152000111993, 585651.399998 ], [ 391116.390152000123635, 585653.799998000031337 ], [ 391115.79015200008871, 585654.399998 ], [ 391113.590152000077069, 585654.999997999984771 ] ] ] } },
{ "type": "Feature", "properties": { "pred_id": "E1_REG_022", "raw_pred_id": "E1_RAW_022" }, "geometry": { "type": "Polygon", "coordinates": [ [ [ 390669.190152000111993, 585648.399998 ], [ 390667.79015200008871, 585647.399998 ], [ 390667.190152000111993, 585645.399998 ], [ 390666.590152000077069, 585644.799998000031337 ], [ 390666.990152000100352, 585643.199997999938205 ], [ 390666.79015200008871, 585642.399998 ], [ 390665.590152000077069, 585642.199997999938205 ], [ 390665.390152000123635, 585642.999997999984771 ], [ 390664.590152000077069, 585643.199997999938205 ], [ 390664.590152000077069, 585642.199997999938205 ], [ 390665.190152000111993, 585642.199997999938205 ], [ 390665.390152000123635, 585641.399998 ], [ 390664.390152000123635, 585640.399998 ], [ 390664.390152000123635, 585639.399998 ], [ 390665.390152000123635, 585638.399998 ], [ 390665.390152000123635, 585637.999997999984771 ], [ 390666.590152000077069, 585637.599997999961488 ], [ 390667.190152000111993, 585636.999997999984771 ], [ 390667.190152000111993, 585636.199997999938205 ], [ 390666.390152000123635, 585635.399998 ], [ 390666.390152000123635, 585634.999997999984771 ], [ 390667.190152000111993, 585634.399998 ], [ 390667.590152000077069, 585633.199997999938205 ], [ 390668.190152000111993, 585632.599997999961488 ], [ 390669.79015200008871, 585632.599997999961488 ], [ 390670.190152000111993, 585632.799998000031337 ], [ 390670.590152000077069, 585633.799998000031337 ], [ 390671.390152000123635, 585634.199997999938205 ], [ 390671.79015200008871, 585636.999997999984771 ], [ 390672.79015200008871, 585638.199997999938205 ], [ 390672.79015200008871, 585639.999997999984771 ], [ 390672.190152000111993, 585641.199997999938205 ], [ 390672.390152000123635, 585643.399998 ], [ 390671.79015200008871, 585646.199997999938205 ], [ 390671.390152000123635, 585646.399998 ], [ 390671.190152000111993, 585647.799998000031337 ], [ 390670.590152000077069, 585648.399998 ], [ 390669.190152000111993, 585648.399998 ] ] ] } },
{ "type": "Feature", "properties": { "pred_id": "E1_REG_023", "raw_pred_id": "E1_RAW_023" }, "geometry": { "type": "Polygon", "coordinates": [ [ [ 390838.190152000111993, 585644.799998000031337 ], [ 390836.990152000100352, 585644.399998 ], [ 390834.590152000077069, 585644.399998 ], [ 390832.590152000077069, 585643.999997999984771 ], [ 390831.990152000100352, 585642.199997999938205 ], [ 390831.390152000123635, 585641.599997999961488 ], [ 390830.990152000100352, 585641.599997999961488 ], [ 390831.190152000111993, 585639.799998000031337 ], [ 390830.79015200008871, 585638.999997999984771 ], [ 390830.190152000111993, 585638.999997999984771 ], [ 390829.79015200008871, 585638.599997999961488 ], [ 390829.79015200008871, 585638.199997999938205 ], [ 390830.190152000111993, 585637.799998000031337 ], [ 390830.79015200008871, 585637.799998000031337 ], [ 390831.390152000123635, 585636.799998000031337 ], [ 390830.990152000100352, 585635.799998000031337 ], [ 390829.990152000100352, 585635.199997999938205 ], [ 390830.190152000111993, 585634.599997999961488 ], [ 390830.79015200008871, 585634.199997999938205 ], [ 390830.79015200008871, 585632.999997999984771 ], [ 390830.390152000123635, 585632.799998000031337 ], [ 390830.190152000111993, 585631.999997999984771 ], [ 390831.590152000077069, 585631.799998000031337 ], [ 390832.590152000077069, 585631.199997999938205 ], [ 390834.79015200008871, 585630.999997999984771 ], [ 390836.190152000111993, 585630.199997999938205 ], [ 390836.990152000100352, 585630.199997999938205 ], [ 390838.390152000123635, 585630.999997999984771 ], [ 390838.990152000100352, 585630.999997999984771 ], [ 390839.79015200008871, 585631.799998000031337 ], [ 390840.190152000111993, 585632.999997999984771 ], [ 390840.590152000077069, 585633.199997999938205 ], [ 390840.990152000100352, 585634.799998000031337 ], [ 390840.990152000100352, 585641.599997999961488 ], [ 390840.590152000077069, 585643.199997999938205 ], [ 390839.79015200008871, 585643.599997999961488 ], [ 390838.990152000100352, 585644.599997999961488 ], [ 390838.190152000111993, 585644.799998000031337 ] ] ] } },
{ "type": "Feature", "properties": { "pred_id": "E1_REG_024", "raw_pred_id": "E1_RAW_024" }, "geometry": { "type": "Polygon", "coordinates": [ [ [ 390783.590152000077069, 585636.199997999938205 ], [ 390781.990152000100352, 585635.599997999961488 ], [ 390780.190152000111993, 585635.799998000031337 ], [ 390778.79015200008871, 585635.599997999961488 ], [ 390777.190152000111993, 585634.799998000031337 ], [ 390775.990152000100352, 585632.999997999984771 ], [ 390774.990152000100352, 585632.799998000031337 ], [ 390774.590152000077069, 585631.999997999984771 ], [ 390773.79015200008871, 585631.799998000031337 ], [ 390772.990152000100352, 585630.999997999984771 ], [ 390772.79015200008871, 585629.999997999984771 ], [ 390771.990152000100352, 585628.799998000031337 ], [ 390772.79015200008871, 585627.599997999961488 ], [ 390772.79015200008871, 585622.599997999961488 ], [ 390773.190152000111993, 585621.799998000031337 ], [ 390773.190152000111993, 585620.799998000031337 ], [ 390773.79015200008871, 585619.999997999984771 ], [ 390774.79015200008871, 585619.799998000031337 ], [ 390774.990152000100352, 585619.399998 ], [ 390776.990152000100352, 585619.199997999938205 ], [ 390777.590152000077069, 585618.799998000031337 ], [ 390782.190152000111993, 585618.599997999961488 ], [ 390784.79015200008871, 585619.199997999938205 ], [ 390785.390152000123635, 585620.399998 ], [ 390785.79015200008871, 585620.599997999961488 ], [ 390786.190152000111993, 585621.799998000031337 ], [ 390786.990152000100352, 585622.399998 ], [ 390786.990152000100352, 585624.599997999961488 ], [ 390787.990152000100352, 585625.599997999961488 ], [ 390787.990152000100352, 585625.999997999984771 ], [ 390787.190152000111993, 585626.599997999961488 ], [ 390786.990152000100352, 585627.599997999961488 ], [ 390787.79015200008871, 585627.999997999984771 ], [ 390788.390152000123635, 585628.799998000031337 ], [ 390787.990152000100352, 585629.999997999984771 ], [ 390787.590152000077069, 585630.199997999938205 ], [ 390787.79015200008871, 585632.199997999938205 ], [ 390787.190152000111993, 585632.199997999938205 ], [ 390786.390152000123635, 585632.799998000031337 ], [ 390785.990152000100352, 585634.599997999961488 ], [ 390785.190152000111993, 585635.599997999961488 ], [ 390783.590152000077069, 585636.199997999938205 ] ] ] } },
{ "type": "Feature", "properties": { "pred_id": "E1_REG_025", "raw_pred_id": "E1_RAW_025" }, "geometry": { "type": "Polygon", "coordinates": [ [ [ 390767.79015200008871, 585632.999997999984771 ], [ 390766.390152000123635, 585631.999997999984771 ], [ 390762.190152000111993, 585632.199997999938205 ], [ 390760.590152000077069, 585630.999997999984771 ], [ 390760.390152000123635, 585630.199997999938205 ], [ 390758.79015200008871, 585630.199997999938205 ], [ 390757.79015200008871, 585628.999997999984771 ], [ 390757.990152000100352, 585625.799998000031337 ], [ 390757.390152000123635, 585624.799998000031337 ], [ 390757.190152000111993, 585622.999997999984771 ], [ 390756.79015200008871, 585622.799998000031337 ], [ 390757.190152000111993, 585621.999997999984771 ], [ 390757.390152000123635, 585619.999997999984771 ], [ 390757.79015200008871, 585619.599997999961488 ], [ 390757.79015200008871, 585617.599997999961488 ], [ 390758.190152000111993, 585616.999997999984771 ], [ 390759.190152000111993, 585616.799998000031337 ], [ 390759.390152000123635, 585616.199997999938205 ], [ 390762.190152000111993, 585614.799998000031337 ], [ 390763.990152000100352, 585615.599997999961488 ], [ 390765.390152000123635, 585615.399998 ], [ 390765.990152000100352, 585614.599997999961488 ], [ 390767.990152000100352, 585615.199997999938205 ], [ 390770.190152000111993, 585615.199997999938205 ], [ 390770.390152000123635, 585615.599997999961488 ], [ 390771.990152000100352, 585616.399998 ], [ 390772.190152000111993, 585618.199997999938205 ], [ 390772.79015200008871, 585618.199997999938205 ], [ 390773.79015200008871, 585618.999997999984771 ], [ 390776.190152000111993, 585619.199997999938205 ], [ 390776.190152000111993, 585619.799998000031337 ], [ 390775.190152000111993, 585620.799998000031337 ], [ 390775.190152000111993, 585621.199997999938205 ], [ 390775.990152000100352, 585621.399998 ], [ 390776.79015200008871, 585622.399998 ], [ 390776.590152000077069, 585625.799998000031337 ], [ 390775.990152000100352, 585626.999997999984771 ], [ 390774.990152000100352, 585627.199997999938205 ], [ 390775.190152000111993, 585627.599997999961488 ], [ 390775.990152000100352, 585627.599997999961488 ], [ 390776.590152000077069, 585628.599997999961488 ], [ 390776.190152000111993, 585630.199997999938205 ], [ 390775.390152000123635, 585630.399998 ], [ 390773.990152000100352, 585629.799998000031337 ], [ 390772.190152000111993, 585632.399998 ], [ 390770.190152000111993, 585632.399998 ], [ 390769.590152000077069, 585632.799998000031337 ], [ 390767.79015200008871, 585632.999997999984771 ] ] ] } },
{ "type": "Feature", "properties": { "pred_id": "E1_REG_026", "raw_pred_id": "E1_RAW_026" }, "geometry": { "type": "Polygon", "coordinates": [ [ [ 390745.940687649184838, 585631.477639547898434 ], [ 390750.688904562906828, 585631.062197791645303 ], [ 390750.557219361420721, 585629.55702905007638 ], [ 390753.019017604587134, 585629.341649611946195 ], [ 390752.905672903405502, 585628.046141880797222 ], [ 390751.53510611288948, 585628.1660509374924 ], [ 390751.396942160499748, 585626.586871195002459 ], [ 390752.631249450612813, 585626.478883299743757 ], [ 390752.503671345300972, 585625.020660624606535 ], [ 390752.759975644235965, 585624.9982369041536 ], [ 390752.620297486893833, 585623.401708260294981 ], [ 390753.182951781665906, 585623.352482387796044 ], [ 390753.059103564126417, 585621.936874115373939 ], [ 390751.377483147603925, 585622.083996838424355 ], [ 390751.269460959010758, 585620.849297573091462 ], [ 390750.110816682805307, 585620.950665812357329 ], [ 390750.002794860280119, 585619.71597073180601 ], [ 390742.528153184102848, 585620.369846498477273 ], [ 390743.278464743343648, 585628.946658229571767 ], [ 390745.700712168589234, 585628.73470725340303 ], [ 390745.940687649184838, 585631.477639547898434 ] ] ] } },
{ "type": "Feature", "properties": { "pred_id": "E1_REG_027", "raw_pred_id": "E1_RAW_027" }, "geometry": { "type": "Polygon", "coordinates": [ [ [ 390775.990152000100352, 585613.199997999938205 ], [ 390775.190152000111993, 585612.199997999938205 ], [ 390772.190152000111993, 585611.399998 ], [ 390771.390152000123635, 585611.599997999961488 ], [ 390770.390152000123635, 585612.599997999961488 ], [ 390768.79015200008871, 585612.399998 ], [ 390768.190152000111993, 585611.599997999961488 ], [ 390766.990152000100352, 585610.999997999984771 ], [ 390765.79015200008871, 585609.599997999961488 ], [ 390765.590152000077069, 585607.999997999984771 ], [ 390764.79015200008871, 585606.999997999984771 ], [ 390763.190152000111993, 585607.199997999938205 ], [ 390762.190152000111993, 585608.599997999961488 ], [ 390761.990152000100352, 585606.999997999984771 ], [ 390761.590152000077069, 585606.999997999984771 ], [ 390760.590152000077069, 585605.999997999984771 ], [ 390760.590152000077069, 585605.399998 ], [ 390759.79015200008871, 585604.799998000031337 ], [ 390759.390152000123635, 585602.999997999984771 ], [ 390758.390152000123635, 585602.599997999961488 ], [ 390758.190152000111993, 585602.199997999938205 ], [ 390758.990152000100352, 585601.999997999984771 ], [ 390759.390152000123635, 585601.599997999961488 ], [ 390759.590152000077069, 585600.599997999961488 ], [ 390761.190152000111993, 585599.999997999984771 ], [ 390762.190152000111993, 585598.599997999961488 ], [ 390763.590152000077069, 585598.399998 ], [ 390763.79015200008871, 585597.599997999961488 ], [ 390765.390152000123635, 585596.599997999961488 ], [ 390765.390152000123635, 585595.999997999984771 ], [ 390767.79015200008871, 585595.199997999938205 ], [ 390767.990152000100352, 585594.799998000031337 ], [ 390774.590152000077069, 585594.799998000031337 ], [ 390778.590152000077069, 585595.599997999961488 ], [ 390779.390152000123635, 585596.199997999938205 ], [ 390780.590152000077069, 585596.199997999938205 ], [ 390781.190152000111993, 585595.799998000031337 ], [ 390783.390152000123635, 585595.799998000031337 ], [ 390784.190152000111993, 585596.199997999938205 ], [ 390785.190152000111993, 585596.199997999938205 ], [ 390786.390152000123635, 585596.999997999984771 ], [ 390787.590152000077069, 585599.399998 ], [ 390789.590152000077069, 585600.599997999961488 ], [ 390789.590152000077069, 585601.399998 ], [ 390790.190152000111993, 585600.599997999961488 ], [ 390790.79015200008871, 585600.599997999961488 ], [ 390791.190152000111993, 585600.199997999938205 ], [ 390791.79015200008871, 585600.399998 ], [ 390791.590152000077069, 585602.399998 ], [ 390792.190152000111993, 585603.599997999961488 ], [ 390792.190152000111993, 585605.799998000031337 ], [ 390791.990152000100352, 585607.599997999961488 ], [ 390791.590152000077069, 585608.199997999938205 ], [ 390790.390152000123635, 585607.199997999938205 ], [ 390789.990152000100352, 585602.599997999961488 ], [ 390789.590152000077069, 585602.399998 ], [ 390789.390152000123635, 585604.199997999938205 ], [ 390788.79015200008871, 585605.199997999938205 ], [ 390788.990152000100352, 585607.199997999938205 ], [ 390787.590152000077069, 585608.399998 ], [ 390788.390152000123635, 585609.999997999984771 ], [ 390788.190152000111993, 585610.399998 ], [ 390785.79015200008871, 585610.799998000031337 ], [ 390785.390152000123635, 585611.599997999961488 ], [ 390784.590152000077069, 585611.799998000031337 ], [ 390783.990152000100352, 585612.599997999961488 ], [ 390783.590152000077069, 585612.599997999961488 ], [ 390783.390152000123635, 585611.799998000031337 ], [ 390782.190152000111993, 585611.199997999938205 ], [ 390781.990152000100352, 585610.799998000031337 ], [ 390779.79015200008871, 585610.999997999984771 ], [ 390778.390152000123635, 585611.599997999961488 ], [ 390778.190152000111993, 585612.399998 ], [ 390776.390152000123635, 585612.799998000031337 ], [ 390775.990152000100352, 585613.199997999938205 ] ] ] } },
{ "type": "Feature", "properties": { "pred_id": "E1_REG_028", "raw_pred_id": "E1_RAW_028" }, "geometry": { "type": "Polygon", "coordinates": [ [ [ 390885.952548020111863, 585612.24511618015822 ], [ 390886.187891266308725, 585610.003353544161655 ], [ 390887.392397540272214, 585610.129952255170792 ], [ 390887.587884351727553, 585608.270019484451041 ], [ 390888.792390625574626, 585608.396618195227347 ], [ 390889.422698792302981, 585602.399287621607073 ], [ 390887.8445690368535, 585602.233404151163995 ], [ 390887.926244878093712, 585601.456310429843143 ], [ 390886.854000236373395, 585601.343612976721488 ], [ 390886.897467711009085, 585600.930047580040991 ], [ 390885.51026145479409, 585600.784260945511051 ], [ 390885.541249086440075, 585600.489433324430138 ], [ 390883.839030185947195, 585600.310522908694111 ], [ 390883.918580671190284, 585599.553650599322282 ], [ 390882.153834330034442, 585599.368172761984169 ], [ 390882.003762772423215, 585600.796008254750632 ], [ 390880.176502399786841, 585600.603955450817011 ], [ 390879.029400380211882, 585611.517494149156846 ], [ 390885.952548020111863, 585612.24511618015822 ] ] ] } },
{ "type": "Feature", "properties": { "pred_id": "E1_REG_029", "raw_pred_id": "E1_RAW_029" }, "geometry": { "type": "Polygon", "coordinates": [ [ [ 390736.590152000077069, 585601.399998 ], [ 390735.190152000111993, 585599.599997999961488 ], [ 390733.590152000077069, 585598.999997999984771 ], [ 390732.390152000123635, 585599.199997999938205 ], [ 390732.390152000123635, 585599.799998000031337 ], [ 390731.79015200008871, 585600.399998 ], [ 390730.79015200008871, 585600.599997999961488 ], [ 390729.990152000100352, 585599.999997999984771 ], [ 390729.390152000123635, 585598.799998000031337 ], [ 390727.190152000111993, 585597.799998000031337 ], [ 390727.190152000111993, 585597.399998 ], [ 390728.590152000077069, 585595.999997999984771 ], [ 390727.990152000100352, 585595.399998 ], [ 390727.79015200008871, 585594.399998 ], [ 390726.390152000123635, 585593.999997999984771 ], [ 390725.390152000123635, 585592.799998000031337 ], [ 390725.390152000123635, 585592.399998 ], [ 390724.990152000100352, 585592.399998 ], [ 390724.390152000123635, 585591.799998000031337 ], [ 390724.390152000123635, 585590.599997999961488 ], [ 390725.590152000077069, 585589.999997999984771 ], [ 390725.390152000123635, 585588.999997999984771 ], [ 390724.79015200008871, 585588.599997999961488 ], [ 390724.990152000100352, 585586.599997999961488 ], [ 390724.390152000123635, 585586.399998 ], [ 390723.990152000100352, 585584.599997999961488 ], [ 390722.590152000077069, 585583.799998000031337 ], [ 390722.590152000077069, 585582.999997999984771 ], [ 390723.990152000100352, 585581.599997999961488 ], [ 390725.390152000123635, 585581.199997999938205 ], [ 390725.590152000077069, 585580.199997999938205 ], [ 390724.79015200008871, 585579.199997999938205 ], [ 390724.79015200008871, 585578.599997999961488 ], [ 390725.590152000077069, 585577.799998000031337 ], [ 390725.590152000077069, 585575.799998000031337 ], [ 390726.190152000111993, 585575.199997999938205 ], [ 390726.390152000123635, 585573.599997999961488 ], [ 390726.990152000100352, 585572.799998000031337 ], [ 390727.390152000123635, 585572.799998000031337 ], [ 390726.390152000123635, 585570.999997999984771 ], [ 390726.990152000100352, 585570.399998 ], [ 390728.190152000111993, 585570.199997999938205 ], [ 390728.590152000077069, 585569.399998 ], [ 390729.79015200008871, 585569.399998 ], [ 390730.79015200008871, 585568.999997999984771 ], [ 390733.590152000077069, 585569.199997999938205 ], [ 390734.590152000077069, 585568.799998000031337 ], [ 390737.79015200008871, 585568.999997999984771 ], [ 390738.79015200008871, 585568.599997999961488 ], [ 390741.190152000111993, 585569.399998 ], [ 390744.79015200008871, 585569.399998 ], [ 390744.990152000100352, 585571.199997999938205 ], [ 390745.79015200008871, 585571.199997999938205 ], [ 390747.390152000123635, 585572.399998 ], [ 390747.390152000123635, 585574.599997999961488 ], [ 390747.79015200008871, 585575.599997999961488 ], [ 390748.190152000111993, 585575.599997999961488 ], [ 390747.590152000077069, 585577.399998 ], [ 390748.190152000111993, 585578.199997999938205 ], [ 390748.590152000077069, 585578.199997999938205 ], [ 390749.190152000111993, 585578.799998000031337 ], [ 390748.190152000111993, 585579.799998000031337 ], [ 390747.990152000100352, 585580.599997999961488 ], [ 390749.79015200008871, 585581.999997999984771 ], [ 390748.79015200008871, 585583.399998 ], [ 390749.79015200008871, 585585.199997999938205 ], [ 390748.390152000123635, 585586.599997999961488 ], [ 390749.590152000077069, 585588.199997999938205 ], [ 390748.390152000123635, 585589.999997999984771 ], [ 390748.79015200008871, 585589.999997999984771 ], [ 390749.79015200008871, 585590.999997999984771 ], [ 390749.79015200008871, 585591.599997999961488 ], [ 390749.190152000111993, 585592.399998 ], [ 390748.390152000123635, 585592.799998000031337 ], [ 390748.990152000100352, 585594.799998000031337 ], [ 390746.590152000077069, 585595.799998000031337 ], [ 390746.79015200008871, 585596.999997999984771 ], [ 390748.79015200008871, 585597.199997999938205 ], [ 390748.990152000100352, 585597.799998000031337 ], [ 390746.990152000100352, 585598.199997999938205 ], [ 390746.79015200008871, 585599.399998 ], [ 390744.990152000100352, 585601.399998 ], [ 390744.590152000077069, 585601.399998 ], [ 390743.79015200008871, 585600.599997999961488 ], [ 390743.590152000077069, 585599.599997999961488 ], [ 390742.990152000100352, 585598.799998000031337 ], [ 390741.190152000111993, 585599.199997999938205 ], [ 390741.190152000111993, 585600.199997999938205 ], [ 390740.79015200008871, 585600.999997999984771 ], [ 390738.390152000123635, 585600.999997999984771 ], [ 390737.79015200008871, 585601.399998 ], [ 390736.590152000077069, 585601.399998 ] ] ] } },
{ "type": "Feature", "properties": { "pred_id": "E1_REG_030", "raw_pred_id": "E1_RAW_030" }, "geometry": { "type": "Polygon", "coordinates": [ [ [ 390708.390693032706622, 585597.164312686189078 ], [ 390704.389605554868467, 585596.235658573219553 ], [ 390704.567792574234772, 585595.463845797814429 ], [ 390702.676298917620443, 585595.027160261524841 ], [ 390702.281087619427126, 585596.739008465548977 ], [ 390700.499195139564108, 585596.327626171987504 ], [ 390700.281090213393327, 585597.272342397714965 ], [ 390698.499197733472101, 585596.860960104037076 ], [ 390698.179952694335952, 585598.243815455934964 ], [ 390698.552639880334027, 585598.329857072560117 ], [ 390697.772012148227077, 585601.711127260699868 ], [ 390708.23149662441574, 585604.125857166596688 ], [ 390709.655558399856091, 585597.95143064588774 ], [ 390708.28217339789262, 585597.634362866170704 ], [ 390708.390693032706622, 585597.164312686189078 ] ] ] } },
{ "type": "Feature", "properties": { "pred_id": "E1_REG_031", "raw_pred_id": "E1_RAW_031" }, "geometry": { "type": "Polygon", "coordinates": [ [ [ 390902.79015200008871, 585603.999997999984771 ], [ 390900.79015200008871, 585602.999997999984771 ], [ 390899.190152000111993, 585600.799998000031337 ], [ 390897.190152000111993, 585600.599997999961488 ], [ 390896.79015200008871, 585600.199997999938205 ], [ 390895.390152000123635, 585599.799998000031337 ], [ 390895.190152000111993, 585599.399998 ], [ 390888.990152000100352, 585598.999997999984771 ], [ 390887.990152000100352, 585597.999997999984771 ], [ 390887.79015200008871, 585597.199997999938205 ], [ 390886.590152000077069, 585596.199997999938205 ], [ 390888.390152000123635, 585592.399998 ], [ 390888.990152000100352, 585589.999997999984771 ], [ 390889.990152000100352, 585588.799998000031337 ], [ 390890.79015200008871, 585586.399998 ], [ 390891.79015200008871, 585585.399998 ], [ 390892.79015200008871, 585583.399998 ], [ 390893.190152000111993, 585583.199997999938205 ], [ 390893.190152000111993, 585582.599997999961488 ], [ 390894.390152000123635, 585579.999997999984771 ], [ 390894.590152000077069, 585578.599997999961488 ], [ 390893.390152000123635, 585577.999997999984771 ], [ 390890.990152000100352, 585577.799998000031337 ], [ 390890.190152000111993, 585577.199997999938205 ], [ 390889.390152000123635, 585577.199997999938205 ], [ 390887.390152000123635, 585576.199997999938205 ], [ 390886.79015200008871, 585576.199997999938205 ], [ 390885.190152000111993, 585574.999997999984771 ], [ 390885.190152000111993, 585574.399998 ], [ 390883.79015200008871, 585572.999997999984771 ], [ 390881.79015200008871, 585571.999997999984771 ], [ 390879.390152000123635, 585571.599997999961488 ], [ 390879.190152000111993, 585564.599997999961488 ], [ 390881.190152000111993, 585560.399998 ], [ 390881.79015200008871, 585557.999997999984771 ], [ 390883.190152000111993, 585555.999997999984771 ], [ 390883.390152000123635, 585553.799998000031337 ], [ 390884.990152000100352, 585552.599997999961488 ], [ 390887.390152000123635, 585552.199997999938205 ], [ 390889.190152000111993, 585552.999997999984771 ], [ 390891.390152000123635, 585553.199997999938205 ], [ 390892.990152000100352, 585554.799998000031337 ], [ 390895.79015200008871, 585555.199997999938205 ], [ 390896.79015200008871, 585555.999997999984771 ], [ 390897.590152000077069, 585556.199997999938205 ], [ 390898.590152000077069, 585557.199997999938205 ], [ 390900.190152000111993, 585557.199997999938205 ], [ 390902.990152000100352, 585556.599997999961488 ], [ 390903.79015200008871, 585555.399998 ], [ 390904.190152000111993, 585553.999997999984771 ], [ 390903.79015200008871, 585552.199997999938205 ], [ 390904.390152000123635, 585551.399998 ], [ 390904.590152000077069, 585550.399998 ], [ 390905.79015200008871, 585549.399998 ], [ 390905.79015200008871, 585547.399998 ], [ 390906.190152000111993, 585546.799998000031337 ], [ 390906.190152000111993, 585545.999997999984771 ], [ 390906.590152000077069, 585545.199997999938205 ], [ 390907.390152000123635, 585544.599997999961488 ], [ 390907.390152000123635, 585543.399998 ], [ 390908.190152000111993, 585541.999997999984771 ], [ 390908.190152000111993, 585541.399998 ], [ 390908.590152000077069, 585540.999997999984771 ], [ 390910.79015200008871, 585540.999997999984771 ], [ 390913.190152000111993, 585541.799998000031337 ], [ 390913.590152000077069, 585542.199997999938205 ], [ 390916.79015200008871, 585542.799998000031337 ], [ 390917.590152000077069, 585543.399998 ], [ 390918.79015200008871, 585543.599997999961488 ], [ 390920.79015200008871, 585544.999997999984771 ], [ 390923.190152000111993, 585545.399998 ], [ 390925.190152000111993, 585547.399998 ], [ 390925.190152000111993, 585549.599997999961488 ], [ 390923.990152000100352, 585550.799998000031337 ], [ 390923.990152000100352, 585552.599997999961488 ], [ 390922.590152000077069, 585555.399998 ], [ 390922.190152000111993, 585555.599997999961488 ], [ 390922.190152000111993, 585555.999997999984771 ], [ 390921.79015200008871, 585556.199997999938205 ], [ 390921.79015200008871, 585556.599997999961488 ], [ 390921.390152000123635, 585556.799998000031337 ], [ 390921.190152000111993, 585557.599997999961488 ], [ 390920.390152000123635, 585558.599997999961488 ], [ 390918.190152000111993, 585565.599997999961488 ], [ 390917.390152000123635, 585566.399998 ], [ 390917.190152000111993, 585568.599997999961488 ], [ 390916.390152000123635, 585569.399998 ], [ 390915.990152000100352, 585576.199997999938205 ], [ 390915.190152000111993, 585577.199997999938205 ], [ 390915.190152000111993, 585578.199997999938205 ], [ 390916.190152000111993, 585579.199997999938205 ], [ 390916.390152000123635, 585580.399998 ], [ 390916.79015200008871, 585580.399998 ], [ 390916.79015200008871, 585579.599997999961488 ], [ 390917.990152000100352, 585578.799998000031337 ], [ 390917.990152000100352, 585576.799998000031337 ], [ 390918.390152000123635, 585575.399998 ], [ 390917.390152000123635, 585572.599997999961488 ], [ 390917.79015200008871, 585570.799998000031337 ], [ 390918.390152000123635, 585570.199997999938205 ], [ 390918.79015200008871, 585570.199997999938205 ], [ 390920.190152000111993, 585571.799998000031337 ], [ 390922.390152000123635, 585572.199997999938205 ], [ 390922.590152000077069, 585574.599997999961488 ], [ 390921.990152000100352, 585574.799998000031337 ], [ 390921.590152000077069, 585575.399998 ], [ 390921.390152000123635, 585576.599997999961488 ], [ 390920.79015200008871, 585577.599997999961488 ], [ 390920.590152000077069, 585579.999997999984771 ], [ 390919.390152000123635, 585581.399998 ], [ 390919.190152000111993, 585583.599997999961488 ], [ 390918.590152000077069, 585584.199997999938205 ], [ 390917.390152000123635, 585583.999997999984771 ], [ 390916.590152000077069, 585582.999997999984771 ], [ 390914.590152000077069, 585582.799998000031337 ], [ 390912.990152000100352, 585581.199997999938205 ], [ 390912.590152000077069, 585581.199997999938205 ], [ 390911.990152000100352, 585581.999997999984771 ], [ 390911.390152000123635, 585582.199997999938205 ], [ 390910.79015200008871, 585583.599997999961488 ], [ 390910.190152000111993, 585586.799998000031337 ], [ 390909.190152000111993, 585587.999997999984771 ], [ 390908.590152000077069, 585589.399998 ], [ 390908.390152000123635, 585590.999997999984771 ], [ 390907.190152000111993, 585594.399998 ], [ 390907.390152000123635, 585596.199997999938205 ], [ 390906.390152000123635, 585598.399998 ], [ 390906.390152000123635, 585599.799998000031337 ], [ 390906.79015200008871, 585600.399998 ], [ 390908.79015200008871, 585600.799998000031337 ], [ 390907.390152000123635, 585600.999997999984771 ], [ 390906.990152000100352, 585601.399998 ], [ 390906.990152000100352, 585602.399998 ], [ 390905.590152000077069, 585602.599997999961488 ], [ 390904.190152000111993, 585603.799998000031337 ], [ 390902.79015200008871, 585603.999997999984771 ] ] ] } },
{ "type": "Feature", "properties": { "pred_id": "E1_REG_032", "raw_pred_id": "E1_RAW_032" }, "geometry": { "type": "Polygon", "coordinates": [ [ [ 390658.79015200008871, 585594.199997999938205 ], [ 390657.590152000077069, 585592.999997999984771 ], [ 390657.190152000111993, 585592.999997999984771 ], [ 390656.990152000100352, 585592.399998 ], [ 390654.79015200008871, 585592.799998000031337 ], [ 390653.190152000111993, 585593.599997999961488 ], [ 390652.190152000111993, 585593.399998 ], [ 390651.190152000111993, 585592.399998 ], [ 390649.990152000100352, 585592.399998 ], [ 390649.990152000100352, 585590.599997999961488 ], [ 390650.990152000100352, 585590.599997999961488 ], [ 390651.79015200008871, 585590.199997999938205 ], [ 390651.79015200008871, 585589.399998 ], [ 390651.190152000111993, 585588.599997999961488 ], [ 390649.990152000100352, 585588.599997999961488 ], [ 390649.990152000100352, 585534.199997999938205 ], [ 390651.190152000111993, 585534.199997999938205 ], [ 390651.590152000077069, 585533.799998000031337 ], [ 390653.190152000111993, 585533.599997999961488 ], [ 390654.190152000111993, 585534.599997999961488 ], [ 390654.590152000077069, 585534.599997999961488 ], [ 390655.390152000123635, 585535.599997999961488 ], [ 390656.990152000100352, 585535.799998000031337 ], [ 390657.590152000077069, 585534.399998 ], [ 390658.590152000077069, 585533.399998 ], [ 390658.590152000077069, 585532.599997999961488 ], [ 390658.990152000100352, 585532.399998 ], [ 390659.590152000077069, 585532.999997999984771 ], [ 390661.190152000111993, 585533.399998 ], [ 390662.990152000100352, 585535.399998 ], [ 390664.190152000111993, 585535.799998000031337 ], [ 390664.79015200008871, 585535.799998000031337 ], [ 390665.190152000111993, 585535.399998 ], [ 390665.590152000077069, 585534.199997999938205 ], [ 390666.190152000111993, 585533.999997999984771 ], [ 390666.390152000123635, 585533.599997999961488 ], [ 390668.590152000077069, 585533.799998000031337 ], [ 390670.590152000077069, 585535.199997999938205 ], [ 390670.390152000123635, 585536.799998000031337 ], [ 390672.990152000100352, 585536.399998 ], [ 390673.390152000123635, 585535.999997999984771 ], [ 390673.590152000077069, 585534.799998000031337 ], [ 390674.390152000123635, 585533.999997999984771 ], [ 390674.990152000100352, 585533.999997999984771 ], [ 390676.390152000123635, 585534.199997999938205 ], [ 390676.590152000077069, 585534.599997999961488 ], [ 390676.990152000100352, 585534.599997999961488 ], [ 390677.390152000123635, 585535.199997999938205 ], [ 390677.590152000077069, 585536.799998000031337 ], [ 390678.190152000111993, 585537.199997999938205 ], [ 390682.590152000077069, 585536.799998000031337 ], [ 390681.79015200008871, 585535.999997999984771 ], [ 390681.79015200008871, 585534.799998000031337 ], [ 390682.590152000077069, 585534.399998 ], [ 390684.79015200008871, 585534.999997999984771 ], [ 390684.990152000100352, 585536.799998000031337 ], [ 390685.990152000100352, 585537.399998 ], [ 390690.390152000123635, 585537.399998 ], [ 390692.190152000111993, 585536.999997999984771 ], [ 390693.590152000077069, 585537.799998000031337 ], [ 390700.590152000077069, 585538.199997999938205 ], [ 390699.990152000100352, 585538.999997999984771 ], [ 390698.79015200008871, 585539.399998 ], [ 390698.590152000077069, 585539.999997999984771 ], [ 390699.990152000100352, 585540.199997999938205 ], [ 390701.190152000111993, 585540.999997999984771 ], [ 390701.190152000111993, 585541.999997999984771 ], [ 390700.79015200008871, 585542.399998 ], [ 390700.79015200008871, 585542.999997999984771 ], [ 390701.190152000111993, 585543.399998 ], [ 390707.590152000077069, 585544.399998 ], [ 390707.390152000123635, 585544.799998000031337 ], [ 390705.79015200008871, 585545.599997999961488 ], [ 390705.390152000123635, 585546.199997999938205 ], [ 390707.79015200008871, 585546.799998000031337 ], [ 390708.390152000123635, 585547.399998 ], [ 390707.990152000100352, 585549.399998 ], [ 390708.990152000100352, 585550.599997999961488 ], [ 390709.390152000123635, 585550.599997999961488 ], [ 390709.390152000123635, 585550.999997999984771 ], [ 390708.190152000111993, 585551.599997999961488 ], [ 390707.79015200008871, 585552.399998 ], [ 390709.590152000077069, 585553.799998000031337 ], [ 390708.590152000077069, 585555.599997999961488 ], [ 390710.590152000077069, 585556.999997999984771 ], [ 390709.79015200008871, 585557.799998000031337 ], [ 390709.79015200008871, 585558.199997999938205 ], [ 390709.190152000111993, 585558.399998 ], [ 390709.190152000111993, 585558.799998000031337 ], [ 390709.990152000100352, 585559.399998 ], [ 390710.390152000123635, 585560.199997999938205 ], [ 390708.990152000100352, 585561.599997999961488 ], [ 390709.190152000111993, 585562.199997999938205 ], [ 390709.990152000100352, 585562.599997999961488 ], [ 390710.590152000077069, 585563.399998 ], [ 390710.190152000111993, 585563.599997999961488 ], [ 390710.190152000111993, 585563.999997999984771 ], [ 390708.590152000077069, 585564.799998000031337 ], [ 390708.990152000100352, 585565.199997999938205 ], [ 390709.590152000077069, 585565.199997999938205 ], [ 390710.590152000077069, 585566.199997999938205 ], [ 390710.390152000123635, 585566.799998000031337 ], [ 390709.990152000100352, 585566.799998000031337 ], [ 390708.990152000100352, 585567.799998000031337 ], [ 390708.990152000100352, 585568.399998 ], [ 390709.79015200008871, 585569.199997999938205 ], [ 390709.79015200008871, 585569.799998000031337 ], [ 390707.79015200008871, 585570.199997999938205 ], [ 390706.79015200008871, 585570.999997999984771 ], [ 390707.390152000123635, 585571.599997999961488 ], [ 390708.990152000100352, 585571.999997999984771 ], [ 390709.79015200008871, 585572.599997999961488 ], [ 390708.79015200008871, 585573.199997999938205 ], [ 390707.990152000100352, 585573.999997999984771 ], [ 390707.990152000100352, 585574.399998 ], [ 390708.390152000123635, 585574.999997999984771 ], [ 390710.190152000111993, 585575.599997999961488 ], [ 390710.190152000111993, 585575.999997999984771 ], [ 390709.79015200008871, 585576.399998 ], [ 390707.390152000123635, 585576.399998 ], [ 390706.990152000100352, 585576.999997999984771 ], [ 390706.390152000123635, 585577.199997999938205 ], [ 390707.590152000077069, 585578.599997999961488 ], [ 390709.590152000077069, 585578.199997999938205 ], [ 390710.190152000111993, 585578.999997999984771 ], [ 390709.590152000077069, 585579.399998 ], [ 390707.590152000077069, 585579.399998 ], [ 390707.390152000123635, 585579.999997999984771 ], [ 390706.79015200008871, 585580.399998 ], [ 390706.79015200008871, 585581.999997999984771 ], [ 390705.79015200008871, 585582.799998000031337 ], [ 390704.590152000077069, 585581.999997999984771 ], [ 390703.990152000100352, 585580.799998000031337 ], [ 390703.590152000077069, 585580.799998000031337 ], [ 390702.79015200008871, 585581.799998000031337 ], [ 390702.590152000077069, 585582.599997999961488 ], [ 390702.190152000111993, 585582.799998000031337 ], [ 390702.190152000111993, 585583.199997999938205 ], [ 390701.79015200008871, 585583.399998 ], [ 390703.390152000123635, 585584.999997999984771 ], [ 390705.79015200008871, 585584.599997999961488 ], [ 390705.990152000100352, 585584.999997999984771 ], [ 390705.79015200008871, 585585.799998000031337 ], [ 390704.79015200008871, 585585.399998 ], [ 390703.390152000123635, 585585.399998 ], [ 390702.190152000111993, 585586.399998 ], [ 390701.390152000123635, 585586.599997999961488 ], [ 390700.990152000100352, 585587.199997999938205 ], [ 390698.590152000077069, 585587.999997999984771 ], [ 390697.990152000100352, 585588.799998000031337 ], [ 390695.79015200008871, 585586.399998 ], [ 390694.990152000100352, 585586.999997999984771 ], [ 390693.990152000100352, 585588.799998000031337 ], [ 390691.79015200008871, 585588.399998 ], [ 390691.190152000111993, 585588.999997999984771 ], [ 390689.990152000100352, 585589.399998 ], [ 390687.990152000100352, 585587.399998 ], [ 390686.390152000123635, 585588.999997999984771 ], [ 390686.390152000123635, 585589.399998 ], [ 390683.990152000100352, 585589.199997999938205 ], [ 390683.190152000111993, 585589.799998000031337 ], [ 390683.990152000100352, 585590.399998 ], [ 390686.190152000111993, 585589.999997999984771 ], [ 390686.390152000123635, 585590.399998 ], [ 390687.390152000123635, 585590.599997999961488 ], [ 390687.79015200008871, 585590.999997999984771 ], [ 390690.190152000111993, 585590.199997999938205 ], [ 390691.79015200008871, 585591.199997999938205 ], [ 390691.79015200008871, 585591.799998000031337 ], [ 390692.190152000111993, 585591.799998000031337 ], [ 390692.190152000111993, 585591.199997999938205 ], [ 390693.79015200008871, 585590.399998 ], [ 390695.79015200008871, 585591.399998 ], [ 390697.990152000100352, 585590.799998000031337 ], [ 390698.590152000077069, 585591.399998 ], [ 390697.990152000100352, 585592.599997999961488 ], [ 390696.390152000123635, 585591.599997999961488 ], [ 390695.590152000077069, 585591.599997999961488 ], [ 390694.390152000123635, 585592.399998 ], [ 390692.590152000077069, 585592.599997999961488 ], [ 390692.590152000077069, 585592.999997999984771 ], [ 390690.79015200008871, 585593.399998 ], [ 390689.79015200008871, 585593.399998 ], [ 390688.390152000123635, 585592.199997999938205 ], [ 390687.79015200008871, 585592.199997999938205 ], [ 390685.590152000077069, 585593.199997999938205 ], [ 390682.590152000077069, 585593.799998000031337 ], [ 390681.990152000100352, 585593.799998000031337 ], [ 390680.990152000100352, 585592.999997999984771 ], [ 390679.79015200008871, 585592.799998000031337 ], [ 390678.590152000077069, 585593.399998 ], [ 390675.990152000100352, 585593.599997999961488 ], [ 390675.190152000111993, 585593.999997999984771 ], [ 390674.190152000111993, 585593.999997999984771 ], [ 390673.590152000077069, 585593.199997999938205 ], [ 390673.190152000111993, 585593.199997999938205 ], [ 390672.590152000077069, 585592.599997999961488 ], [ 390670.190152000111993, 585592.799998000031337 ], [ 390669.190152000111993, 585593.399998 ], [ 390667.990152000100352, 585593.399998 ], [ 390666.990152000100352, 585593.799998000031337 ], [ 390666.390152000123635, 585593.799998000031337 ], [ 390664.79015200008871, 585592.799998000031337 ], [ 390663.990152000100352, 585592.799998000031337 ], [ 390662.190152000111993, 585593.599997999961488 ], [ 390660.990152000100352, 585593.599997999961488 ], [ 390658.79015200008871, 585594.199997999938205 ] ] ] } },
{ "type": "Feature", "properties": { "pred_id": "E1_REG_033", "raw_pred_id": "E1_RAW_033" }, "geometry": { "type": "Polygon", "coordinates": [ [ [ 390754.989497245114762, 585573.035018307738937 ], [ 390755.189985888195224, 585567.293774745543487 ], [ 390753.46796524367528, 585567.235368544585072 ], [ 390753.527355177502614, 585565.534663357073441 ], [ 390751.67087568732677, 585565.469832947710529 ], [ 390751.63375138893025, 585566.532933759386651 ], [ 390749.746522348781582, 585566.467030269326642 ], [ 390749.724797196220607, 585567.089157242095098 ], [ 390748.106454628286883, 585567.032644341816194 ], [ 390748.012051873840392, 585569.735652503673919 ], [ 390746.816536238184199, 585569.693904177751392 ], [ 390746.757624561549164, 585571.381402466795407 ], [ 390748.316831042757258, 585571.43585115717724 ], [ 390748.26918096706504, 585572.800370792625472 ], [ 390754.989497245114762, 585573.035018307738937 ] ] ] } },
{ "type": "Feature", "properties": { "pred_id": "E1_REG_034", "raw_pred_id": "E1_RAW_034" }, "geometry": { "type": "Polygon", "coordinates": [ [ [ 390948.182147899700794, 585549.653618713258766 ], [ 391002.94681647059042, 585571.176850902382284 ], [ 391010.358091475151014, 585552.319273393251933 ], [ 390955.593422904319596, 585530.796041204128414 ], [ 390948.182147899700794, 585549.653618713258766 ] ] ] } },
{ "type": "Feature", "properties": { "pred_id": "E1_REG_035", "raw_pred_id": "E1_RAW_035" }, "geometry": { "type": "Polygon", "coordinates": [ [ [ 390736.558593673398718, 585569.15735065494664 ], [ 390744.609313747321721, 585568.168781748740003 ], [ 390744.429665510135237, 585566.705644472269341 ], [ 390746.538007808034308, 585566.446772589231841 ], [ 390746.318680779251736, 585564.660530490451492 ], [ 390745.495927068579476, 585564.761551943374798 ], [ 390745.284352179558482, 585563.038412751979195 ], [ 390744.741146807849873, 585563.105109985219315 ], [ 390744.592780969978776, 585561.896747712278739 ], [ 390741.251213369483594, 585562.307024514535442 ], [ 390741.080890427401755, 585560.919855469255708 ], [ 390733.435934202978387, 585561.858476896537468 ], [ 390734.032852929434739, 585566.720187229686417 ], [ 390736.226277796551585, 585566.450855030678213 ], [ 390736.558593673398718, 585569.15735065494664 ] ] ] } },
{ "type": "Feature", "properties": { "pred_id": "E1_REG_036", "raw_pred_id": "E1_RAW_036" }, "geometry": { "type": "Polygon", "coordinates": [ [ [ 390946.115239593549632, 585567.132935271481983 ], [ 390948.319036607514136, 585561.67807907005772 ], [ 390946.630227136658505, 585560.995754105853848 ], [ 390946.816799290012568, 585560.533971821540035 ], [ 390945.163474795932416, 585559.865985366282985 ], [ 390945.475714509782847, 585559.09316495526582 ], [ 390943.755513864511158, 585558.398163469973952 ], [ 390943.083684363868088, 585560.060999834910035 ], [ 390941.296609728015028, 585559.338974814512767 ], [ 390939.265672922017984, 585564.365545133245178 ], [ 390946.115239593549632, 585567.132935271481983 ] ] ] } },
{ "type": "Feature", "properties": { "pred_id": "E1_REG_037", "raw_pred_id": "E1_RAW_037" }, "geometry": { "type": "Polygon", "coordinates": [ [ [ 391045.190152000111993, 585562.999997999984771 ], [ 391044.79015200008871, 585562.599997999961488 ], [ 391043.390152000123635, 585562.199997999938205 ], [ 391041.990152000100352, 585560.199997999938205 ], [ 391037.590152000077069, 585559.399998 ], [ 391036.590152000077069, 585558.599997999961488 ], [ 391035.79015200008871, 585555.399998 ], [ 391036.190152000111993, 585554.599997999961488 ], [ 391036.190152000111993, 585552.399998 ], [ 391037.590152000077069, 585550.399998 ], [ 391041.990152000100352, 585549.999997999984771 ], [ 391043.990152000100352, 585550.599997999961488 ], [ 391045.590152000077069, 585551.399998 ], [ 391046.990152000100352, 585552.799998000031337 ], [ 391048.79015200008871, 585553.399998 ], [ 391050.390152000123635, 585555.199997999938205 ], [ 391050.79015200008871, 585555.199997999938205 ], [ 391051.590152000077069, 585556.199997999938205 ], [ 391052.990152000100352, 585556.999997999984771 ], [ 391052.990152000100352, 585557.799998000031337 ], [ 391053.390152000123635, 585558.399998 ], [ 391053.190152000111993, 585558.999997999984771 ], [ 391052.590152000077069, 585559.199997999938205 ], [ 391052.390152000123635, 585559.599997999961488 ], [ 391050.990152000100352, 585559.999997999984771 ], [ 391050.990152000100352, 585560.399998 ], [ 391049.990152000100352, 585561.599997999961488 ], [ 391049.79015200008871, 585562.599997999961488 ], [ 391047.390152000123635, 585562.399998 ], [ 391045.190152000111993, 585562.999997999984771 ] ] ] } },
{ "type": "Feature", "properties": { "pred_id": "E1_REG_038", "raw_pred_id": "E1_RAW_038" }, "geometry": { "type": "Polygon", "coordinates": [ [ [ 391016.07502311974531, 585560.399987022508867 ], [ 391016.075019046838861, 585559.799968169420026 ], [ 391017.523473181645386, 585559.799968169420026 ], [ 391017.523473181645386, 585558.59997672191821 ], [ 391018.856806514901109, 585558.59997672191821 ], [ 391018.856806514959317, 585557.399976214626804 ], [ 391020.290152717963792, 585557.399994412087835 ], [ 391020.290099208476022, 585544.63567461958155 ], [ 391018.623477382294368, 585544.635670176241547 ], [ 391018.623477382294368, 585543.666644397890195 ], [ 391017.09014103357913, 585543.666644397890195 ], [ 391017.09014103357913, 585542.933311064494774 ], [ 391015.556804684922099, 585542.933311064494774 ], [ 391015.556804684922099, 585541.699851170298643 ], [ 391014.140137849724852, 585541.699838543194346 ], [ 391014.140137849724852, 585542.499965104390867 ], [ 391012.84012307896046, 585542.499965104390867 ], [ 391012.839991670334712, 585559.700000666198321 ], [ 391014.100473220227286, 585559.699990841327235 ], [ 391014.100471702055074, 585560.399987022508867 ], [ 391016.07502311974531, 585560.399987022508867 ] ] ] } },
{ "type": "Feature", "properties": { "pred_id": "E1_REG_039", "raw_pred_id": "E1_RAW_039" }, "geometry": { "type": "Polygon", "coordinates": [ [ [ 390722.79015200008871, 585551.999997999984771 ], [ 390722.190152000111993, 585551.599997999961488 ], [ 390721.190152000111993, 585551.599997999961488 ], [ 390720.390152000123635, 585551.199997999938205 ], [ 390719.990152000100352, 585550.599997999961488 ], [ 390719.190152000111993, 585550.399998 ], [ 390717.590152000077069, 585547.799998000031337 ], [ 390717.990152000100352, 585546.399998 ], [ 390717.79015200008871, 585541.999997999984771 ], [ 390717.390152000123635, 585541.199997999938205 ], [ 390717.79015200008871, 585540.799998000031337 ], [ 390717.79015200008871, 585537.999997999984771 ], [ 390718.190152000111993, 585537.599997999961488 ], [ 390718.79015200008871, 585535.399998 ], [ 390719.390152000123635, 585535.199997999938205 ], [ 390719.190152000111993, 585533.399998 ], [ 390721.590152000077069, 585533.799998000031337 ], [ 390722.190152000111993, 585532.999997999984771 ], [ 390723.590152000077069, 585532.799998000031337 ], [ 390725.190152000111993, 585534.199997999938205 ], [ 390726.590152000077069, 585534.199997999938205 ], [ 390726.990152000100352, 585535.399998 ], [ 390727.390152000123635, 585535.399998 ], [ 390727.79015200008871, 585534.799998000031337 ], [ 390728.79015200008871, 585534.599997999961488 ], [ 390729.190152000111993, 585534.599997999961488 ], [ 390729.590152000077069, 585535.199997999938205 ], [ 390729.390152000123635, 585536.999997999984771 ], [ 390729.79015200008871, 585537.599997999961488 ], [ 390729.79015200008871, 585538.999997999984771 ], [ 390729.390152000123635, 585539.399998 ], [ 390729.390152000123635, 585539.999997999984771 ], [ 390729.990152000100352, 585540.799998000031337 ], [ 390729.990152000100352, 585545.199997999938205 ], [ 390729.390152000123635, 585546.199997999938205 ], [ 390729.990152000100352, 585547.199997999938205 ], [ 390729.990152000100352, 585548.599997999961488 ], [ 390729.190152000111993, 585550.999997999984771 ], [ 390728.190152000111993, 585550.399998 ], [ 390726.990152000100352, 585550.199997999938205 ], [ 390725.590152000077069, 585550.999997999984771 ], [ 390725.390152000123635, 585551.399998 ], [ 390722.79015200008871, 585551.999997999984771 ] ] ] } },
{ "type": "Feature", "properties": { "pred_id": "E1_REG_040", "raw_pred_id": "E1_RAW_040" }, "geometry": { "type": "Polygon", "coordinates": [ [ [ 390745.590152000077069, 585546.799998000031337 ], [ 390744.990152000100352, 585546.399998 ], [ 390742.590152000077069, 585546.399998 ], [ 390742.190152000111993, 585545.799998000031337 ], [ 390741.390152000123635, 585542.999997999984771 ], [ 390741.390152000123635, 585541.199997999938205 ], [ 390742.190152000111993, 585539.599997999961488 ], [ 390742.590152000077069, 585539.199997999938205 ], [ 390743.990152000100352, 585538.999997999984771 ], [ 390744.590152000077069, 585538.199997999938205 ], [ 390745.79015200008871, 585538.599997999961488 ], [ 390748.390152000123635, 585538.599997999961488 ], [ 390749.190152000111993, 585539.599997999961488 ], [ 390750.590152000077069, 585539.599997999961488 ], [ 390751.190152000111993, 585540.999997999984771 ], [ 390751.990152000100352, 585541.399998 ], [ 390751.79015200008871, 585543.599997999961488 ], [ 390751.390152000123635, 585544.399998 ], [ 390750.79015200008871, 585544.599997999961488 ], [ 390749.79015200008871, 585545.999997999984771 ], [ 390748.590152000077069, 585546.599997999961488 ], [ 390745.590152000077069, 585546.799998000031337 ] ] ] } },
{ "type": "Feature", "properties": { "pred_id": "E1_REG_041", "raw_pred_id": "E1_RAW_041" }, "geometry": { "type": "Polygon", "coordinates": [ [ [ 391006.190152000111993, 585546.799998000031337 ], [ 391005.79015200008871, 585546.199997999938205 ], [ 391004.390152000123635, 585545.599997999961488 ], [ 391003.590152000077069, 585544.799998000031337 ], [ 391002.990152000100352, 585543.199997999938205 ], [ 391002.590152000077069, 585542.999997999984771 ], [ 391002.590152000077069, 585540.799998000031337 ], [ 391002.990152000100352, 585539.999997999984771 ], [ 391002.79015200008871, 585537.799998000031337 ], [ 391003.590152000077069, 585536.999997999984771 ], [ 391007.990152000100352, 585536.999997999984771 ], [ 391008.79015200008871, 585537.999997999984771 ], [ 391009.190152000111993, 585539.999997999984771 ], [ 391010.79015200008871, 585541.399998 ], [ 391010.990152000100352, 585541.999997999984771 ], [ 391010.79015200008871, 585543.599997999961488 ], [ 391009.79015200008871, 585544.799998000031337 ], [ 391009.390152000123635, 585544.799998000031337 ], [ 391008.590152000077069, 585546.399998 ], [ 391006.190152000111993, 585546.799998000031337 ] ] ] } },
{ "type": "Feature", "properties": { "pred_id": "E1_REG_042", "raw_pred_id": "E1_RAW_042" }, "geometry": { "type": "Polygon", "coordinates": [ [ [ 390732.739508855564054, 585541.701914144563489 ], [ 390738.985914702876471, 585542.691235628095455 ], [ 390739.167727616615593, 585541.543314068811014 ], [ 390741.115626942890231, 585541.851848680176772 ], [ 390741.885736673604697, 585536.989332169294357 ], [ 390740.142980931734201, 585536.713306776480749 ], [ 390740.287460464925971, 585535.801098904688843 ], [ 390738.887956809718162, 585535.579440633649938 ], [ 390738.94251381221693, 585535.23498127667699 ], [ 390737.237763571436517, 585534.964975363924168 ], [ 390737.348853275354486, 585534.263582578278147 ], [ 390735.664856016810518, 585533.996866641333327 ], [ 390735.421762667421717, 585535.531697644386441 ], [ 390733.758531959610991, 585535.268267779611051 ], [ 390732.739508855564054, 585541.701914144563489 ] ] ] } },
{ "type": "Feature", "properties": { "pred_id": "E1_REG_043", "raw_pred_id": "E1_RAW_043" }, "geometry": { "type": "Polygon", "coordinates": [ [ [ 390986.190152000111993, 585539.999997999984771 ], [ 390984.79015200008871, 585539.599997999961488 ], [ 390984.190152000111993, 585538.799998000031337 ], [ 390983.390152000123635, 585538.399998 ], [ 390982.590152000077069, 585538.399998 ], [ 390981.79015200008871, 585537.599997999961488 ], [ 390980.990152000100352, 585537.599997999961488 ], [ 390979.990152000100352, 585536.599997999961488 ], [ 390981.590152000077069, 585534.999997999984771 ], [ 390983.990152000100352, 585534.599997999961488 ], [ 390984.590152000077069, 585534.199997999938205 ], [ 390987.390152000123635, 585534.799998000031337 ], [ 390987.79015200008871, 585535.199997999938205 ], [ 390987.990152000100352, 585536.199997999938205 ], [ 390988.990152000100352, 585536.399998 ], [ 390988.990152000100352, 585538.999997999984771 ], [ 390988.390152000123635, 585539.799998000031337 ], [ 390986.190152000111993, 585539.999997999984771 ] ] ] } },
{ "type": "Feature", "properties": { "pred_id": "E1_REG_044", "raw_pred_id": "E1_RAW_044" }, "geometry": { "type": "Polygon", "coordinates": [ [ [ 390721.890157294692472, 585536.900000019697472 ], [ 390721.890126356622204, 585528.244232661207207 ], [ 390720.390138395829126, 585528.244237841106951 ], [ 390720.390138395829126, 585528.899983398267068 ], [ 390718.390149638697039, 585528.899983398267068 ], [ 390718.390149638697039, 585529.404972397373058 ], [ 390716.840147736424115, 585529.404975760611705 ], [ 390716.840147736424115, 585530.999986761366017 ], [ 390715.740144872863311, 585530.999986761366017 ], [ 390715.740126891469117, 585535.99998890038114 ], [ 390719.028269440808799, 585535.999939106404781 ], [ 390719.028279825404752, 585536.899990452104248 ], [ 390721.890157294692472, 585536.900000019697472 ] ] ] } },
{ "type": "Feature", "properties": { "pred_id": "E1_REG_045", "raw_pred_id": "E1_RAW_045" }, "geometry": { "type": "Polygon", "coordinates": [ [ [ 390966.79015200008871, 585535.799998000031337 ], [ 390965.79015200008871, 585535.399998 ], [ 390965.79015200008871, 585534.799998000031337 ], [ 390966.79015200008871, 585533.999997999984771 ], [ 390968.590152000077069, 585533.799998000031337 ], [ 390968.79015200008871, 585533.399998 ], [ 390967.390152000123635, 585533.199997999938205 ], [ 390966.190152000111993, 585531.799998000031337 ], [ 390963.390152000123635, 585531.599997999961488 ], [ 390962.590152000077069, 585530.599997999961488 ], [ 390962.190152000111993, 585530.599997999961488 ], [ 390962.79015200008871, 585529.199997999938205 ], [ 390962.79015200008871, 585528.199997999938205 ], [ 390963.590152000077069, 585527.399998 ], [ 390962.990152000100352, 585526.799998000031337 ], [ 390962.990152000100352, 585525.599997999961488 ], [ 390963.390152000123635, 585525.199997999938205 ], [ 390964.390152000123635, 585525.199997999938205 ], [ 390965.390152000123635, 585524.599997999961488 ], [ 390967.79015200008871, 585524.799998000031337 ], [ 390969.190152000111993, 585523.999997999984771 ], [ 390970.79015200008871, 585524.799998000031337 ], [ 390972.390152000123635, 585524.999997999984771 ], [ 390973.190152000111993, 585525.999997999984771 ], [ 390974.990152000100352, 585525.399998 ], [ 390975.590152000077069, 585525.599997999961488 ], [ 390975.590152000077069, 585526.399998 ], [ 390974.79015200008871, 585526.999997999984771 ], [ 390974.79015200008871, 585527.599997999961488 ], [ 390975.79015200008871, 585527.999997999984771 ], [ 390976.190152000111993, 585528.599997999961488 ], [ 390975.990152000100352, 585530.199997999938205 ], [ 390975.390152000123635, 585530.799998000031337 ], [ 390975.390152000123635, 585531.599997999961488 ], [ 390974.990152000100352, 585531.799998000031337 ], [ 390974.990152000100352, 585531.399998 ], [ 390974.590152000077069, 585531.199997999938205 ], [ 390972.79015200008871, 585531.199997999938205 ], [ 390971.79015200008871, 585531.599997999961488 ], [ 390971.190152000111993, 585532.399998 ], [ 390969.990152000100352, 585532.599997999961488 ], [ 390969.390152000123635, 585533.399998 ], [ 390969.590152000077069, 585533.799998000031337 ], [ 390970.590152000077069, 585534.199997999938205 ], [ 390971.590152000077069, 585534.199997999938205 ], [ 390972.990152000100352, 585534.799998000031337 ], [ 390975.190152000111993, 585534.799998000031337 ], [ 390975.590152000077069, 585535.199997999938205 ], [ 390974.79015200008871, 585535.599997999961488 ], [ 390972.990152000100352, 585535.799998000031337 ], [ 390966.79015200008871, 585535.799998000031337 ] ] ] } },
{ "type": "Feature", "properties": { "pred_id": "E1_REG_046", "raw_pred_id": "E1_RAW_046" }, "geometry": { "type": "Polygon", "coordinates": [ [ [ 390664.590152000077069, 585530.399998 ], [ 390662.390152000123635, 585529.799998000031337 ], [ 390661.79015200008871, 585529.199997999938205 ], [ 390661.390152000123635, 585527.999997999984771 ], [ 390660.590152000077069, 585527.599997999961488 ], [ 390660.590152000077069, 585526.799998000031337 ], [ 390661.190152000111993, 585525.799998000031337 ], [ 390661.390152000123635, 585523.999997999984771 ], [ 390661.79015200008871, 585523.799998000031337 ], [ 390662.590152000077069, 585522.399998 ], [ 390664.79015200008871, 585522.599997999961488 ], [ 390666.590152000077069, 585522.199997999938205 ], [ 390667.590152000077069, 585522.799998000031337 ], [ 390668.190152000111993, 585523.999997999984771 ], [ 390667.990152000100352, 585527.599997999961488 ], [ 390666.79015200008871, 585529.399998 ], [ 390664.590152000077069, 585530.399998 ] ] ] } },
{ "type": "Feature", "properties": { "pred_id": "E1_REG_047", "raw_pred_id": "E1_RAW_047" }, "geometry": { "type": "Polygon", "coordinates": [ [ [ 390682.190152000111993, 585526.399998 ], [ 390680.590152000077069, 585525.199997999938205 ], [ 390679.590152000077069, 585525.199997999938205 ], [ 390678.590152000077069, 585525.799998000031337 ], [ 390675.590152000077069, 585525.599997999961488 ], [ 390674.390152000123635, 585525.999997999984771 ], [ 390672.990152000100352, 585523.799998000031337 ], [ 390671.79015200008871, 585523.199997999938205 ], [ 390670.190152000111993, 585522.999997999984771 ], [ 390669.79015200008871, 585522.599997999961488 ], [ 390669.79015200008871, 585521.999997999984771 ], [ 390670.990152000100352, 585521.399998 ], [ 390670.79015200008871, 585520.199997999938205 ], [ 390669.990152000100352, 585520.399998 ], [ 390669.79015200008871, 585521.599997999961488 ], [ 390668.190152000111993, 585521.599997999961488 ], [ 390667.79015200008871, 585521.399998 ], [ 390667.190152000111993, 585520.199997999938205 ], [ 390666.190152000111993, 585519.799998000031337 ], [ 390665.79015200008871, 585518.999997999984771 ], [ 390663.990152000100352, 585518.399998 ], [ 390663.390152000123635, 585517.199997999938205 ], [ 390662.590152000077069, 585516.999997999984771 ], [ 390662.390152000123635, 585516.199997999938205 ], [ 390663.190152000111993, 585515.599997999961488 ], [ 390663.590152000077069, 585514.199997999938205 ], [ 390665.190152000111993, 585513.399998 ], [ 390664.79015200008871, 585512.599997999961488 ], [ 390663.990152000100352, 585512.199997999938205 ], [ 390664.190152000111993, 585510.799998000031337 ], [ 390664.590152000077069, 585510.799998000031337 ], [ 390665.190152000111993, 585510.199997999938205 ], [ 390664.990152000100352, 585509.599997999961488 ], [ 390664.390152000123635, 585509.399998 ], [ 390664.190152000111993, 585508.399998 ], [ 390665.79015200008871, 585508.199997999938205 ], [ 390666.390152000123635, 585508.799998000031337 ], [ 390666.79015200008871, 585508.799998000031337 ], [ 390666.79015200008871, 585508.199997999938205 ], [ 390666.390152000123635, 585508.199997999938205 ], [ 390666.190152000111993, 585507.599997999961488 ], [ 390666.390152000123635, 585506.799998000031337 ], [ 390667.390152000123635, 585506.799998000031337 ], [ 390667.990152000100352, 585507.199997999938205 ], [ 390672.390152000123635, 585506.799998000031337 ], [ 390672.79015200008871, 585505.999997999984771 ], [ 390675.190152000111993, 585505.599997999961488 ], [ 390675.190152000111993, 585505.199997999938205 ], [ 390675.990152000100352, 585504.599997999961488 ], [ 390676.590152000077069, 585504.599997999961488 ], [ 390677.590152000077069, 585505.799998000031337 ], [ 390678.190152000111993, 585505.999997999984771 ], [ 390680.190152000111993, 585504.999997999984771 ], [ 390681.390152000123635, 585505.199997999938205 ], [ 390681.590152000077069, 585505.599997999961488 ], [ 390682.590152000077069, 585505.599997999961488 ], [ 390682.79015200008871, 585504.599997999961488 ], [ 390682.190152000111993, 585504.399998 ], [ 390682.190152000111993, 585503.799998000031337 ], [ 390682.79015200008871, 585503.799998000031337 ], [ 390682.79015200008871, 585504.199997999938205 ], [ 390683.190152000111993, 585504.399998 ], [ 390684.390152000123635, 585504.399998 ], [ 390684.990152000100352, 585505.599997999961488 ], [ 390685.390152000123635, 585505.599997999961488 ], [ 390685.590152000077069, 585505.999997999984771 ], [ 390687.390152000123635, 585505.999997999984771 ], [ 390688.190152000111993, 585505.599997999961488 ], [ 390688.590152000077069, 585505.999997999984771 ], [ 390690.590152000077069, 585506.199997999938205 ], [ 390691.990152000100352, 585505.599997999961488 ], [ 390693.590152000077069, 585506.399998 ], [ 390698.390152000123635, 585506.399998 ], [ 390700.390152000123635, 585506.999997999984771 ], [ 390701.79015200008871, 585506.999997999984771 ], [ 390700.590152000077069, 585507.399998 ], [ 390699.990152000100352, 585508.599997999961488 ], [ 390702.190152000111993, 585509.999997999984771 ], [ 390701.390152000123635, 585511.799998000031337 ], [ 390703.390152000123635, 585513.199997999938205 ], [ 390703.390152000123635, 585513.599997999961488 ], [ 390702.190152000111993, 585514.999997999984771 ], [ 390702.590152000077069, 585514.999997999984771 ], [ 390703.590152000077069, 585515.999997999984771 ], [ 390703.590152000077069, 585516.599997999961488 ], [ 390702.390152000123635, 585517.799998000031337 ], [ 390702.390152000123635, 585520.199997999938205 ], [ 390701.79015200008871, 585520.999997999984771 ], [ 390700.990152000100352, 585520.999997999984771 ], [ 390701.990152000100352, 585521.399998 ], [ 390701.990152000100352, 585521.799998000031337 ], [ 390702.79015200008871, 585522.399998 ], [ 390702.590152000077069, 585522.999997999984771 ], [ 390702.190152000111993, 585522.999997999984771 ], [ 390701.990152000100352, 585523.399998 ], [ 390699.79015200008871, 585523.399998 ], [ 390699.390152000123635, 585524.199997999938205 ], [ 390698.590152000077069, 585524.399998 ], [ 390697.990152000100352, 585524.999997999984771 ], [ 390696.990152000100352, 585524.599997999961488 ], [ 390695.190152000111993, 585524.599997999961488 ], [ 390693.990152000100352, 585525.399998 ], [ 390691.79015200008871, 585524.999997999984771 ], [ 390690.390152000123635, 585525.799998000031337 ], [ 390687.79015200008871, 585525.199997999938205 ], [ 390686.390152000123635, 585525.999997999984771 ], [ 390683.79015200008871, 585525.799998000031337 ], [ 390683.390152000123635, 585526.199997999938205 ], [ 390682.190152000111993, 585526.399998 ] ] ] } },
{ "type": "Feature", "properties": { "pred_id": "E1_REG_048", "raw_pred_id": "E1_RAW_048" }, "geometry": { "type": "Polygon", "coordinates": [ [ [ 390653.79015200008871, 585524.999997999984771 ], [ 390651.79015200008871, 585524.999997999984771 ], [ 390651.190152000111993, 585523.799998000031337 ], [ 390649.990152000100352, 585523.799998000031337 ], [ 390649.990152000100352, 585506.999997999984771 ], [ 390651.390152000123635, 585506.999997999984771 ], [ 390651.79015200008871, 585507.399998 ], [ 390653.190152000111993, 585507.599997999961488 ], [ 390653.990152000100352, 585508.199997999938205 ], [ 390654.190152000111993, 585508.799998000031337 ], [ 390655.390152000123635, 585509.399998 ], [ 390655.390152000123635, 585509.799998000031337 ], [ 390655.79015200008871, 585509.999997999984771 ], [ 390656.190152000111993, 585512.199997999938205 ], [ 390656.79015200008871, 585513.199997999938205 ], [ 390656.390152000123635, 585519.399998 ], [ 390655.79015200008871, 585520.799998000031337 ], [ 390655.990152000100352, 585522.599997999961488 ], [ 390655.590152000077069, 585523.399998 ], [ 390654.990152000100352, 585523.999997999984771 ], [ 390654.590152000077069, 585523.999997999984771 ], [ 390653.79015200008871, 585524.999997999984771 ] ] ] } },
{ "type": "Feature", "properties": { "pred_id": "E1_REG_049", "raw_pred_id": "E1_RAW_049" }, "geometry": { "type": "Polygon", "coordinates": [ [ [ 390702.171202017052565, 585505.266785847838037 ], [ 390710.03606619220227, 585506.093374190037139 ], [ 390711.071482932020444, 585496.242041965713724 ], [ 390709.982040543283802, 585496.128485431661829 ], [ 390710.305711951688863, 585493.048754994990304 ], [ 390708.190054251055699, 585492.826390410191379 ], [ 390708.35152959934203, 585491.29005509626586 ], [ 390706.672788882104214, 585491.113617634517141 ], [ 390706.568816756014712, 585492.102846334921196 ], [ 390704.611463549663313, 585491.897120222914964 ], [ 390704.531726393499412, 585492.655768586788327 ], [ 390703.214570816606283, 585492.517314004595391 ], [ 390703.000727502920199, 585494.551812905701809 ], [ 390701.959241624863353, 585494.442350536235608 ], [ 390701.20450926682679, 585501.62271359981969 ], [ 390702.539468444825616, 585501.763023463194259 ], [ 390702.171202017052565, 585505.266785847838037 ] ] ] } },
{ "type": "Feature", "properties": { "pred_id": "E1_REG_050", "raw_pred_id": "E1_RAW_050" }, "geometry": { "type": "Polygon", "coordinates": [ [ [ 390878.659896701981779, 585503.482760575483553 ], [ 390883.890414013585541, 585502.370955219608732 ], [ 390883.49536432698369, 585500.512392568984069 ], [ 390883.89192754146643, 585500.428334200172685 ], [ 390883.573034030210692, 585498.928025057073683 ], [ 390884.085504950839095, 585498.81909600016661 ], [ 390883.694782037811819, 585496.98088921897579 ], [ 390884.49272763740737, 585496.81128064612858 ], [ 390884.194393543177284, 585495.407770889112726 ], [ 390881.984407036972698, 585495.877477829460986 ], [ 390881.677939296409022, 585494.435654459055513 ], [ 390878.07775188528467, 585495.200824942323379 ], [ 390878.392696196096949, 585496.68252142961137 ], [ 390877.265410845633596, 585496.922163042472675 ], [ 390878.659896701981779, 585503.482760575483553 ] ] ] } },
{ "type": "Feature", "properties": { "pred_id": "E1_REG_051", "raw_pred_id": "E1_RAW_051" }, "geometry": { "type": "Polygon", "coordinates": [ [ [ 390703.590152000077069, 585499.199997999938205 ], [ 390702.990152000100352, 585498.799998000031337 ], [ 390699.79015200008871, 585498.599997999961488 ], [ 390698.79015200008871, 585497.999997999984771 ], [ 390697.590152000077069, 585497.999997999984771 ], [ 390696.990152000100352, 585497.599997999961488 ], [ 390696.79015200008871, 585496.799998000031337 ], [ 390695.79015200008871, 585496.399998 ], [ 390695.990152000100352, 585494.399998 ], [ 390694.79015200008871, 585493.999997999984771 ], [ 390694.390152000123635, 585492.599997999961488 ], [ 390693.590152000077069, 585491.599997999961488 ], [ 390693.79015200008871, 585490.599997999961488 ], [ 390694.390152000123635, 585489.999997999984771 ], [ 390693.990152000100352, 585488.399998 ], [ 390694.590152000077069, 585487.199997999938205 ], [ 390694.390152000123635, 585484.999997999984771 ], [ 390694.79015200008871, 585484.799998000031337 ], [ 390694.990152000100352, 585483.599997999961488 ], [ 390695.390152000123635, 585483.199997999938205 ], [ 390696.79015200008871, 585482.799998000031337 ], [ 390697.590152000077069, 585481.799998000031337 ], [ 390699.990152000100352, 585481.999997999984771 ], [ 390700.990152000100352, 585481.599997999961488 ], [ 390709.990152000100352, 585481.799998000031337 ], [ 390710.390152000123635, 585481.999997999984771 ], [ 390710.390152000123635, 585482.799998000031337 ], [ 390709.390152000123635, 585483.199997999938205 ], [ 390709.190152000111993, 585483.399998 ], [ 390709.390152000123635, 585483.799998000031337 ], [ 390711.590152000077069, 585483.399998 ], [ 390711.79015200008871, 585484.199997999938205 ], [ 390713.590152000077069, 585484.399998 ], [ 390714.590152000077069, 585484.999997999984771 ], [ 390714.590152000077069, 585486.199997999938205 ], [ 390714.190152000111993, 585486.799998000031337 ], [ 390714.590152000077069, 585487.199997999938205 ], [ 390714.79015200008871, 585488.399998 ], [ 390714.390152000123635, 585489.399998 ], [ 390713.79015200008871, 585489.599997999961488 ], [ 390713.590152000077069, 585489.999997999984771 ], [ 390714.390152000123635, 585490.199997999938205 ], [ 390714.590152000077069, 585490.599997999961488 ], [ 390714.79015200008871, 585492.999997999984771 ], [ 390714.390152000123635, 585493.199997999938205 ], [ 390714.190152000111993, 585494.599997999961488 ], [ 390713.590152000077069, 585495.199997999938205 ], [ 390711.390152000123635, 585495.199997999938205 ], [ 390711.390152000123635, 585495.799998000031337 ], [ 390710.990152000100352, 585495.999997999984771 ], [ 390711.190152000111993, 585497.799998000031337 ], [ 390710.79015200008871, 585498.199997999938205 ], [ 390709.990152000100352, 585498.599997999961488 ], [ 390704.79015200008871, 585498.799998000031337 ], [ 390703.590152000077069, 585499.199997999938205 ] ] ] } },
{ "type": "Feature", "properties": { "pred_id": "E1_REG_052", "raw_pred_id": "E1_RAW_052" }, "geometry": { "type": "Polygon", "coordinates": [ [ [ 391111.390152000123635, 585495.999997999984771 ], [ 391110.590152000077069, 585495.599997999961488 ], [ 391106.390152000123635, 585495.799998000031337 ], [ 391105.79015200008871, 585495.599997999961488 ], [ 391105.79015200008871, 585495.199997999938205 ], [ 391105.190152000111993, 585494.799998000031337 ], [ 391105.190152000111993, 585492.599997999961488 ], [ 391104.190152000111993, 585488.599997999961488 ], [ 391102.990152000100352, 585489.799998000031337 ], [ 391103.190152000111993, 585491.599997999961488 ], [ 391102.390152000123635, 585493.199997999938205 ], [ 391101.990152000100352, 585493.199997999938205 ], [ 391101.79015200008871, 585491.999997999984771 ], [ 391101.390152000123635, 585491.599997999961488 ], [ 391101.79015200008871, 585489.799998000031337 ], [ 391101.190152000111993, 585488.399998 ], [ 391101.590152000077069, 585486.399998 ], [ 391101.190152000111993, 585485.599997999961488 ], [ 391101.190152000111993, 585481.799998000031337 ], [ 391100.590152000077069, 585476.399998 ], [ 391100.79015200008871, 585472.799998000031337 ], [ 391100.390152000123635, 585469.999997999984771 ], [ 391100.390152000123635, 585469.399998 ], [ 391100.990152000100352, 585468.599997999961488 ], [ 391101.190152000111993, 585466.199997999938205 ], [ 391100.79015200008871, 585465.799998000031337 ], [ 391100.390152000123635, 585463.199997999938205 ], [ 391100.79015200008871, 585462.799998000031337 ], [ 391101.190152000111993, 585460.799998000031337 ], [ 391101.590152000077069, 585460.399998 ], [ 391102.79015200008871, 585460.199997999938205 ], [ 391100.990152000100352, 585459.599997999961488 ], [ 391100.590152000077069, 585458.799998000031337 ], [ 391100.990152000100352, 585456.999997999984771 ], [ 391101.79015200008871, 585456.599997999961488 ], [ 391103.990152000100352, 585456.999997999984771 ], [ 391104.190152000111993, 585457.999997999984771 ], [ 391104.190152000111993, 585456.999997999984771 ], [ 391105.190152000111993, 585456.799998000031337 ], [ 391105.990152000100352, 585456.199997999938205 ], [ 391113.990152000100352, 585455.999997999984771 ], [ 391114.990152000100352, 585456.799998000031337 ], [ 391116.190152000111993, 585456.999997999984771 ], [ 391115.390152000123635, 585457.999997999984771 ], [ 391115.390152000123635, 585458.999997999984771 ], [ 391115.79015200008871, 585459.799998000031337 ], [ 391115.590152000077069, 585461.999997999984771 ], [ 391117.390152000123635, 585462.999997999984771 ], [ 391118.190152000111993, 585462.999997999984771 ], [ 391119.390152000123635, 585461.999997999984771 ], [ 391119.79015200008871, 585461.999997999984771 ], [ 391120.190152000111993, 585462.799998000031337 ], [ 391119.990152000100352, 585464.199997999938205 ], [ 391120.190152000111993, 585469.999997999984771 ], [ 391119.79015200008871, 585470.799998000031337 ], [ 391118.79015200008871, 585470.599997999961488 ], [ 391118.190152000111993, 585469.799998000031337 ], [ 391118.990152000100352, 585467.999997999984771 ], [ 391118.590152000077069, 585464.999997999984771 ], [ 391117.590152000077069, 585464.599997999961488 ], [ 391115.79015200008871, 585464.599997999961488 ], [ 391115.79015200008871, 585465.199997999938205 ], [ 391116.190152000111993, 585465.199997999938205 ], [ 391116.390152000123635, 585465.599997999961488 ], [ 391116.390152000123635, 585467.199997999938205 ], [ 391115.990152000100352, 585467.999997999984771 ], [ 391117.190152000111993, 585468.999997999984771 ], [ 391117.390152000123635, 585469.999997999984771 ], [ 391116.990152000100352, 585470.799998000031337 ], [ 391116.390152000123635, 585470.999997999984771 ], [ 391116.390152000123635, 585474.599997999961488 ], [ 391116.990152000100352, 585475.199997999938205 ], [ 391116.990152000100352, 585476.599997999961488 ], [ 391116.390152000123635, 585477.199997999938205 ], [ 391116.590152000077069, 585479.799998000031337 ], [ 391116.190152000111993, 585480.599997999961488 ], [ 391116.990152000100352, 585481.799998000031337 ], [ 391116.990152000100352, 585482.399998 ], [ 391116.190152000111993, 585483.399998 ], [ 391116.590152000077069, 585485.399998 ], [ 391115.590152000077069, 585486.799998000031337 ], [ 391116.390152000123635, 585487.199997999938205 ], [ 391117.190152000111993, 585488.399998 ], [ 391115.79015200008871, 585489.799998000031337 ], [ 391116.590152000077069, 585491.199997999938205 ], [ 391116.390152000123635, 585491.799998000031337 ], [ 391114.990152000100352, 585492.399998 ], [ 391114.590152000077069, 585493.199997999938205 ], [ 391115.190152000111993, 585493.799998000031337 ], [ 391115.79015200008871, 585493.799998000031337 ], [ 391116.390152000123635, 585494.599997999961488 ], [ 391115.990152000100352, 585494.999997999984771 ], [ 391114.390152000123635, 585495.199997999938205 ], [ 391113.390152000123635, 585495.799998000031337 ], [ 391111.390152000123635, 585495.999997999984771 ] ] ] } },
{ "type": "Feature", "properties": { "pred_id": "E1_REG_053", "raw_pred_id": "E1_RAW_053" }, "geometry": { "type": "Polygon", "coordinates": [ [ [ 390807.190152000111993, 585476.999997999984771 ], [ 390805.590152000077069, 585474.999997999984771 ], [ 390804.390152000123635, 585475.199997999938205 ], [ 390803.390152000123635, 585476.199997999938205 ], [ 390803.390152000123635, 585476.599997999961488 ], [ 390802.190152000111993, 585476.199997999938205 ], [ 390799.190152000111993, 585476.599997999961488 ], [ 390798.390152000123635, 585474.999997999984771 ], [ 390797.390152000123635, 585474.199997999938205 ], [ 390795.590152000077069, 585473.599997999961488 ], [ 390793.79015200008871, 585473.599997999961488 ], [ 390793.190152000111993, 585472.799998000031337 ], [ 390792.990152000100352, 585470.599997999961488 ], [ 390792.590152000077069, 585470.399998 ], [ 390792.590152000077069, 585469.999997999984771 ], [ 390790.590152000077069, 585468.599997999961488 ], [ 390789.590152000077069, 585468.599997999961488 ], [ 390788.590152000077069, 585467.399998 ], [ 390788.590152000077069, 585466.999997999984771 ], [ 390787.79015200008871, 585466.599997999961488 ], [ 390788.590152000077069, 585465.199997999938205 ], [ 390788.79015200008871, 585463.799998000031337 ], [ 390789.190152000111993, 585463.599997999961488 ], [ 390789.190152000111993, 585463.199997999938205 ], [ 390788.590152000077069, 585462.599997999961488 ], [ 390788.190152000111993, 585460.999997999984771 ], [ 390787.390152000123635, 585460.199997999938205 ], [ 390787.990152000100352, 585458.999997999984771 ], [ 390787.990152000100352, 585457.599997999961488 ], [ 390788.390152000123635, 585456.399998 ], [ 390788.390152000123635, 585455.199997999938205 ], [ 390787.590152000077069, 585453.599997999961488 ], [ 390787.990152000100352, 585453.199997999938205 ], [ 390788.190152000111993, 585450.799998000031337 ], [ 390788.79015200008871, 585449.999997999984771 ], [ 390788.990152000100352, 585448.199997999938205 ], [ 390789.390152000123635, 585447.799998000031337 ], [ 390788.590152000077069, 585446.599997999961488 ], [ 390788.590152000077069, 585445.799998000031337 ], [ 390789.590152000077069, 585444.599997999961488 ], [ 390790.390152000123635, 585444.199997999938205 ], [ 390791.590152000077069, 585444.199997999938205 ], [ 390792.79015200008871, 585443.599997999961488 ], [ 390793.390152000123635, 585442.199997999938205 ], [ 390793.79015200008871, 585442.199997999938205 ], [ 390794.390152000123635, 585443.399998 ], [ 390795.990152000100352, 585443.599997999961488 ], [ 390797.190152000111993, 585442.999997999984771 ], [ 390797.390152000123635, 585442.599997999961488 ], [ 390798.79015200008871, 585442.399998 ], [ 390798.79015200008871, 585441.399998 ], [ 390799.190152000111993, 585440.799998000031337 ], [ 390801.590152000077069, 585440.799998000031337 ], [ 390802.390152000123635, 585441.399998 ], [ 390802.590152000077069, 585442.799998000031337 ], [ 390802.990152000100352, 585443.199997999938205 ], [ 390803.990152000100352, 585443.199997999938205 ], [ 390804.990152000100352, 585442.599997999961488 ], [ 390806.390152000123635, 585442.399998 ], [ 390806.590152000077069, 585441.399998 ], [ 390806.990152000100352, 585440.999997999984771 ], [ 390807.990152000100352, 585440.999997999984771 ], [ 390809.190152000111993, 585441.199997999938205 ], [ 390809.590152000077069, 585441.799998000031337 ], [ 390809.79015200008871, 585443.199997999938205 ], [ 390810.190152000111993, 585443.199997999938205 ], [ 390810.79015200008871, 585443.799998000031337 ], [ 390812.990152000100352, 585444.199997999938205 ], [ 390815.190152000111993, 585443.999997999984771 ], [ 390815.990152000100352, 585444.399998 ], [ 390815.79015200008871, 585445.199997999938205 ], [ 390814.79015200008871, 585446.199997999938205 ], [ 390815.190152000111993, 585446.199997999938205 ], [ 390816.390152000123635, 585447.399998 ], [ 390815.990152000100352, 585449.399998 ], [ 390816.590152000077069, 585449.599997999961488 ], [ 390816.590152000077069, 585449.999997999984771 ], [ 390817.190152000111993, 585450.599997999961488 ], [ 390816.79015200008871, 585452.599997999961488 ], [ 390817.390152000123635, 585453.799998000031337 ], [ 390816.990152000100352, 585454.999997999984771 ], [ 390816.990152000100352, 585455.999997999984771 ], [ 390817.390152000123635, 585456.599997999961488 ], [ 390816.990152000100352, 585458.199997999938205 ], [ 390817.390152000123635, 585460.599997999961488 ], [ 390816.990152000100352, 585461.599997999961488 ], [ 390817.190152000111993, 585463.599997999961488 ], [ 390816.590152000077069, 585464.999997999984771 ], [ 390817.390152000123635, 585466.399998 ], [ 390816.590152000077069, 585467.599997999961488 ], [ 390816.190152000111993, 585469.599997999961488 ], [ 390815.190152000111993, 585470.799998000031337 ], [ 390814.590152000077069, 585470.799998000031337 ], [ 390813.590152000077069, 585469.799998000031337 ], [ 390813.390152000123635, 585469.199997999938205 ], [ 390812.79015200008871, 585469.199997999938205 ], [ 390811.79015200008871, 585470.999997999984771 ], [ 390812.79015200008871, 585471.999997999984771 ], [ 390815.190152000111993, 585471.399998 ], [ 390815.990152000100352, 585472.799998000031337 ], [ 390815.190152000111993, 585473.799998000031337 ], [ 390813.190152000111993, 585473.199997999938205 ], [ 390811.390152000123635, 585473.799998000031337 ], [ 390810.590152000077069, 585474.199997999938205 ], [ 390810.590152000077069, 585474.799998000031337 ], [ 390809.990152000100352, 585475.399998 ], [ 390808.990152000100352, 585475.599997999961488 ], [ 390808.190152000111993, 585476.599997999961488 ], [ 390807.190152000111993, 585476.999997999984771 ] ] ] } },
{ "type": "Feature", "properties": { "pred_id": "E1_REG_054", "raw_pred_id": "E1_RAW_054" }, "geometry": { "type": "Polygon", "coordinates": [ [ [ 391146.590152000077069, 585473.599997999961488 ], [ 391144.990152000100352, 585473.199997999938205 ], [ 391143.990152000100352, 585472.599997999961488 ], [ 391143.590152000077069, 585470.599997999961488 ], [ 391142.590152000077069, 585469.599997999961488 ], [ 391142.590152000077069, 585468.799998000031337 ], [ 391141.990152000100352, 585468.199997999938205 ], [ 391142.190152000111993, 585466.399998 ], [ 391142.590152000077069, 585465.999997999984771 ], [ 391143.190152000111993, 585465.999997999984771 ], [ 391144.190152000111993, 585463.799998000031337 ], [ 391145.190152000111993, 585463.399998 ], [ 391145.79015200008871, 585462.599997999961488 ], [ 391146.990152000100352, 585462.199997999938205 ], [ 391149.990152000100352, 585462.199997999938205 ], [ 391149.990152000100352, 585473.199997999938205 ], [ 391146.590152000077069, 585473.599997999961488 ] ] ] } },
{ "type": "Feature", "properties": { "pred_id": "E1_REG_055", "raw_pred_id": "E1_RAW_055" }, "geometry": { "type": "Polygon", "coordinates": [ [ [ 391149.990093033353332, 585433.999977706349455 ], [ 391147.290145383274648, 585433.999977706349455 ], [ 391147.290145383274648, 585434.960918511147611 ], [ 391145.690145269501954, 585434.960920647485182 ], [ 391145.690145269501954, 585436.50649233837612 ], [ 391144.640136660367716, 585436.506495923618786 ], [ 391144.640098189527635, 585449.966650489484891 ], [ 391149.990142069524154, 585449.9665998701239 ], [ 391149.990093033353332, 585433.999977706349455 ] ] ] } },
{ "type": "Feature", "properties": { "pred_id": "E1_REG_056", "raw_pred_id": "E1_RAW_056" }, "geometry": { "type": "Polygon", "coordinates": [ [ [ 391142.990152000100352, 585445.599997999961488 ], [ 391142.190152000111993, 585444.799998000031337 ], [ 391141.990152000100352, 585443.999997999984771 ], [ 391141.190152000111993, 585443.399998 ], [ 391139.79015200008871, 585443.599997999961488 ], [ 391139.390152000123635, 585444.799998000031337 ], [ 391137.190152000111993, 585444.199997999938205 ], [ 391136.190152000111993, 585445.199997999938205 ], [ 391134.990152000100352, 585445.199997999938205 ], [ 391133.590152000077069, 585443.999997999984771 ], [ 391132.79015200008871, 585444.199997999938205 ], [ 391131.79015200008871, 585445.199997999938205 ], [ 391127.390152000123635, 585445.199997999938205 ], [ 391125.79015200008871, 585443.799998000031337 ], [ 391124.590152000077069, 585443.999997999984771 ], [ 391123.990152000100352, 585444.799998000031337 ], [ 391122.79015200008871, 585444.799998000031337 ], [ 391122.190152000111993, 585444.199997999938205 ], [ 391120.990152000100352, 585444.199997999938205 ], [ 391120.79015200008871, 585444.599997999961488 ], [ 391119.590152000077069, 585444.799998000031337 ], [ 391119.190152000111993, 585444.599997999961488 ], [ 391118.990152000100352, 585443.799998000031337 ], [ 391116.590152000077069, 585443.799998000031337 ], [ 391116.190152000111993, 585443.999997999984771 ], [ 391116.190152000111993, 585444.599997999961488 ], [ 391115.190152000111993, 585444.599997999961488 ], [ 391115.190152000111993, 585444.199997999938205 ], [ 391114.79015200008871, 585443.999997999984771 ], [ 391112.79015200008871, 585443.799998000031337 ], [ 391112.190152000111993, 585442.799998000031337 ], [ 391110.79015200008871, 585442.399998 ], [ 391109.990152000100352, 585441.399998 ], [ 391109.590152000077069, 585441.399998 ], [ 391110.79015200008871, 585440.199997999938205 ], [ 391111.79015200008871, 585439.799998000031337 ], [ 391110.990152000100352, 585439.399998 ], [ 391110.190152000111993, 585437.599997999961488 ], [ 391109.390152000123635, 585437.399998 ], [ 391108.990152000100352, 585436.599997999961488 ], [ 391107.79015200008871, 585436.199997999938205 ], [ 391106.990152000100352, 585436.599997999961488 ], [ 391106.79015200008871, 585437.199997999938205 ], [ 391105.79015200008871, 585437.399998 ], [ 391104.990152000100352, 585435.799998000031337 ], [ 391101.390152000123635, 585435.999997999984771 ], [ 391099.990152000100352, 585435.799998000031337 ], [ 391099.390152000123635, 585435.399998 ], [ 391099.590152000077069, 585434.599997999961488 ], [ 391101.79015200008871, 585433.999997999984771 ], [ 391101.990152000100352, 585433.399998 ], [ 391102.390152000123635, 585433.599997999961488 ], [ 391102.590152000077069, 585434.199997999938205 ], [ 391103.390152000123635, 585434.599997999961488 ], [ 391105.190152000111993, 585434.599997999961488 ], [ 391105.390152000123635, 585433.199997999938205 ], [ 391104.79015200008871, 585432.199997999938205 ], [ 391103.190152000111993, 585431.799998000031337 ], [ 391099.79015200008871, 585432.199997999938205 ], [ 391098.79015200008871, 585431.599997999961488 ], [ 391097.390152000123635, 585431.399998 ], [ 391096.390152000123635, 585429.999997999984771 ], [ 391095.190152000111993, 585429.399998 ], [ 391094.990152000100352, 585428.999997999984771 ], [ 391095.190152000111993, 585428.199997999938205 ], [ 391096.79015200008871, 585427.799998000031337 ], [ 391096.990152000100352, 585426.999997999984771 ], [ 391095.79015200008871, 585426.199997999938205 ], [ 391095.79015200008871, 585425.199997999938205 ], [ 391095.990152000100352, 585424.799998000031337 ], [ 391096.390152000123635, 585424.799998000031337 ], [ 391096.590152000077069, 585424.199997999938205 ], [ 391095.190152000111993, 585423.599997999961488 ], [ 391094.79015200008871, 585421.999997999984771 ], [ 391094.390152000123635, 585421.999997999984771 ], [ 391093.79015200008871, 585421.199997999938205 ], [ 391094.190152000111993, 585420.399998 ], [ 391094.990152000100352, 585420.399998 ], [ 391095.390152000123635, 585419.999997999984771 ], [ 391095.390152000123635, 585419.199997999938205 ], [ 391094.79015200008871, 585418.599997999961488 ], [ 391094.190152000111993, 585418.599997999961488 ], [ 391093.79015200008871, 585417.999997999984771 ], [ 391093.990152000100352, 585416.799998000031337 ], [ 391094.390152000123635, 585416.399998 ], [ 391093.79015200008871, 585416.199997999938205 ], [ 391093.390152000123635, 585415.599997999961488 ], [ 391093.390152000123635, 585414.199997999938205 ], [ 391093.990152000100352, 585413.399998 ], [ 391094.590152000077069, 585413.399998 ], [ 391094.79015200008871, 585412.199997999938205 ], [ 391096.390152000123635, 585412.199997999938205 ], [ 391096.79015200008871, 585411.599997999961488 ], [ 391095.390152000123635, 585410.799998000031337 ], [ 391095.190152000111993, 585409.599997999961488 ], [ 391094.190152000111993, 585409.399998 ], [ 391093.79015200008871, 585408.999997999984771 ], [ 391093.79015200008871, 585408.399998 ], [ 391094.190152000111993, 585407.799998000031337 ], [ 391095.190152000111993, 585407.799998000031337 ], [ 391095.390152000123635, 585406.799998000031337 ], [ 391095.79015200008871, 585406.399998 ], [ 391096.990152000100352, 585406.199997999938205 ], [ 391097.390152000123635, 585405.199997999938205 ], [ 391097.79015200008871, 585404.799998000031337 ], [ 391098.390152000123635, 585404.799998000031337 ], [ 391098.990152000100352, 585403.799998000031337 ], [ 391098.390152000123635, 585403.199997999938205 ], [ 391097.190152000111993, 585403.199997999938205 ], [ 391096.990152000100352, 585401.799998000031337 ], [ 391096.390152000123635, 585401.199997999938205 ], [ 391095.590152000077069, 585401.399998 ], [ 391095.390152000123635, 585402.999997999984771 ], [ 391096.990152000100352, 585403.599997999961488 ], [ 391096.79015200008871, 585404.399998 ], [ 391095.79015200008871, 585404.399998 ], [ 391095.390152000123635, 585403.999997999984771 ], [ 391095.390152000123635, 585403.399998 ], [ 391094.190152000111993, 585403.399998 ], [ 391093.590152000077069, 585402.599997999961488 ], [ 391093.990152000100352, 585401.199997999938205 ], [ 391094.990152000100352, 585400.999997999984771 ], [ 391095.590152000077069, 585400.199997999938205 ], [ 391096.390152000123635, 585400.199997999938205 ], [ 391096.990152000100352, 585399.399998 ], [ 391096.590152000077069, 585398.599997999961488 ], [ 391095.79015200008871, 585398.599997999961488 ], [ 391095.390152000123635, 585398.199997999938205 ], [ 391095.190152000111993, 585396.999997999984771 ], [ 391094.190152000111993, 585396.799998000031337 ], [ 391093.79015200008871, 585396.399998 ], [ 391093.79015200008871, 585395.799998000031337 ], [ 391094.190152000111993, 585395.399998 ], [ 391095.390152000123635, 585395.399998 ], [ 391095.590152000077069, 585393.799998000031337 ], [ 391096.590152000077069, 585393.399998 ], [ 391096.79015200008871, 585392.599997999961488 ], [ 391095.590152000077069, 585392.399998 ], [ 391095.390152000123635, 585393.199997999938205 ], [ 391094.590152000077069, 585393.599997999961488 ], [ 391093.990152000100352, 585393.199997999938205 ], [ 391093.990152000100352, 585392.399998 ], [ 391094.990152000100352, 585392.199997999938205 ], [ 391095.190152000111993, 585391.199997999938205 ], [ 391094.190152000111993, 585390.999997999984771 ], [ 391093.590152000077069, 585390.399998 ], [ 391093.590152000077069, 585389.199997999938205 ], [ 391094.390152000123635, 585388.599997999961488 ], [ 391094.990152000100352, 585388.599997999961488 ], [ 391095.390152000123635, 585387.599997999961488 ], [ 391096.590152000077069, 585387.399998 ], [ 391096.990152000100352, 585386.799998000031337 ], [ 391096.590152000077069, 585385.999997999984771 ], [ 391095.590152000077069, 585385.799998000031337 ], [ 391095.190152000111993, 585384.399998 ], [ 391094.190152000111993, 585384.399998 ], [ 391093.79015200008871, 585383.999997999984771 ], [ 391093.79015200008871, 585383.199997999938205 ], [ 391094.190152000111993, 585382.799998000031337 ], [ 391095.590152000077069, 585382.799998000031337 ], [ 391095.79015200008871, 585381.599997999961488 ], [ 391096.79015200008871, 585381.199997999938205 ], [ 391096.990152000100352, 585380.799998000031337 ], [ 391096.990152000100352, 585379.799998000031337 ], [ 391095.79015200008871, 585379.199997999938205 ], [ 391095.79015200008871, 585378.399998 ], [ 391096.79015200008871, 585378.199997999938205 ], [ 391097.190152000111993, 585376.599997999961488 ], [ 391098.390152000123635, 585375.999997999984771 ], [ 391098.390152000123635, 585375.399998 ], [ 391097.990152000100352, 585375.399998 ], [ 391097.590152000077069, 585374.199997999938205 ], [ 391098.190152000111993, 585373.599997999961488 ], [ 391099.590152000077069, 585373.399998 ], [ 391099.79015200008871, 585372.399998 ], [ 391098.990152000100352, 585371.399998 ], [ 391098.190152000111993, 585370.999997999984771 ], [ 391099.79015200008871, 585370.599997999961488 ], [ 391100.190152000111993, 585369.599997999961488 ], [ 391102.590152000077069, 585369.199997999938205 ], [ 391103.390152000123635, 585369.799998000031337 ], [ 391103.79015200008871, 585371.399998 ], [ 391104.390152000123635, 585371.599997999961488 ], [ 391105.190152000111993, 585370.399998 ], [ 391107.79015200008871, 585369.199997999938205 ], [ 391112.79015200008871, 585368.999997999984771 ], [ 391113.79015200008871, 585368.599997999961488 ], [ 391116.990152000100352, 585368.199997999938205 ], [ 391118.190152000111993, 585368.199997999938205 ], [ 391119.390152000123635, 585368.799998000031337 ], [ 391125.190152000111993, 585368.199997999938205 ], [ 391127.590152000077069, 585368.399998 ], [ 391129.190152000111993, 585367.599997999961488 ], [ 391130.79015200008871, 585367.599997999961488 ], [ 391131.190152000111993, 585367.199997999938205 ], [ 391131.390152000123635, 585366.199997999938205 ], [ 391131.79015200008871, 585366.399998 ], [ 391131.990152000100352, 585367.199997999938205 ], [ 391133.990152000100352, 585367.399998 ], [ 391134.79015200008871, 585368.199997999938205 ], [ 391137.590152000077069, 585367.799998000031337 ], [ 391138.590152000077069, 585368.399998 ], [ 391140.590152000077069, 585368.399998 ], [ 391142.190152000111993, 585367.799998000031337 ], [ 391142.390152000123635, 585366.399998 ], [ 391142.990152000100352, 585365.799998000031337 ], [ 391143.990152000100352, 585365.799998000031337 ], [ 391144.990152000100352, 585366.399998 ], [ 391147.190152000111993, 585365.999997999984771 ], [ 391147.590152000077069, 585366.199997999938205 ], [ 391147.590152000077069, 585367.199997999938205 ], [ 391146.79015200008871, 585367.799998000031337 ], [ 391146.990152000100352, 585368.199997999938205 ], [ 391149.990152000100352, 585368.399998 ], [ 391149.990152000100352, 585443.199997999938205 ], [ 391148.590152000077069, 585443.399998 ], [ 391147.390152000123635, 585445.199997999938205 ], [ 391144.990152000100352, 585445.199997999938205 ], [ 391144.990152000100352, 585445.599997999961488 ], [ 391142.990152000100352, 585445.599997999961488 ] ] ] } },
{ "type": "Feature", "properties": { "pred_id": "E1_REG_057", "raw_pred_id": "E1_RAW_057" }, "geometry": { "type": "Polygon", "coordinates": [ [ [ 390689.79015200008871, 585438.399998 ], [ 390689.590152000077069, 585436.599997999961488 ], [ 390688.79015200008871, 585436.599997999961488 ], [ 390687.390152000123635, 585435.999997999984771 ], [ 390684.390152000123635, 585435.999997999984771 ], [ 390684.390152000123635, 585434.999997999984771 ], [ 390683.79015200008871, 585435.199997999938205 ], [ 390683.79015200008871, 585435.799998000031337 ], [ 390681.590152000077069, 585435.599997999961488 ], [ 390681.190152000111993, 585434.799998000031337 ], [ 390681.79015200008871, 585433.999997999984771 ], [ 390682.390152000123635, 585433.799998000031337 ], [ 390682.390152000123635, 585433.399998 ], [ 390681.190152000111993, 585433.199997999938205 ], [ 390680.390152000123635, 585431.599997999961488 ], [ 390678.990152000100352, 585431.399998 ], [ 390678.390152000123635, 585430.199997999938205 ], [ 390677.990152000100352, 585430.199997999938205 ], [ 390677.390152000123635, 585431.199997999938205 ], [ 390676.190152000111993, 585431.399998 ], [ 390675.590152000077069, 585430.799998000031337 ], [ 390675.190152000111993, 585429.599997999961488 ], [ 390674.390152000123635, 585429.599997999961488 ], [ 390673.79015200008871, 585428.999997999984771 ], [ 390673.79015200008871, 585428.399998 ], [ 390674.79015200008871, 585427.599997999961488 ], [ 390674.79015200008871, 585426.999997999984771 ], [ 390673.79015200008871, 585426.599997999961488 ], [ 390673.590152000077069, 585426.199997999938205 ], [ 390673.79015200008871, 585424.799998000031337 ], [ 390674.390152000123635, 585424.599997999961488 ], [ 390674.590152000077069, 585424.199997999938205 ], [ 390673.590152000077069, 585423.599997999961488 ], [ 390673.390152000123635, 585422.199997999938205 ], [ 390672.390152000123635, 585421.799998000031337 ], [ 390671.990152000100352, 585421.399998 ], [ 390671.990152000100352, 585420.799998000031337 ], [ 390673.190152000111993, 585420.199997999938205 ], [ 390673.590152000077069, 585418.399998 ], [ 390674.390152000123635, 585418.199997999938205 ], [ 390674.590152000077069, 585417.799998000031337 ], [ 390673.79015200008871, 585417.399998 ], [ 390673.590152000077069, 585415.799998000031337 ], [ 390673.190152000111993, 585415.399998 ], [ 390672.390152000123635, 585415.399998 ], [ 390672.190152000111993, 585414.599997999961488 ], [ 390673.590152000077069, 585414.199997999938205 ], [ 390673.79015200008871, 585413.199997999938205 ], [ 390675.79015200008871, 585412.599997999961488 ], [ 390676.190152000111993, 585411.599997999961488 ], [ 390678.390152000123635, 585411.999997999984771 ], [ 390678.79015200008871, 585410.999997999984771 ], [ 390680.590152000077069, 585410.399998 ], [ 390680.79015200008871, 585409.599997999961488 ], [ 390679.79015200008871, 585408.999997999984771 ], [ 390679.79015200008871, 585408.399998 ], [ 390680.190152000111993, 585408.199997999938205 ], [ 390681.590152000077069, 585408.599997999961488 ], [ 390686.190152000111993, 585408.599997999961488 ], [ 390687.190152000111993, 585407.799998000031337 ], [ 390689.190152000111993, 585407.399998 ], [ 390689.590152000077069, 585406.999997999984771 ], [ 390698.190152000111993, 585407.199997999938205 ], [ 390698.990152000100352, 585407.799998000031337 ], [ 390700.590152000077069, 585408.199997999938205 ], [ 390701.590152000077069, 585409.199997999938205 ], [ 390702.390152000123635, 585409.199997999938205 ], [ 390702.79015200008871, 585409.599997999961488 ], [ 390702.79015200008871, 585410.199997999938205 ], [ 390703.190152000111993, 585410.399998 ], [ 390703.990152000100352, 585410.399998 ], [ 390704.190152000111993, 585409.599997999961488 ], [ 390703.79015200008871, 585408.999997999984771 ], [ 390702.990152000100352, 585408.999997999984771 ], [ 390702.990152000100352, 585408.599997999961488 ], [ 390704.390152000123635, 585408.399998 ], [ 390707.190152000111993, 585409.199997999938205 ], [ 390707.79015200008871, 585409.799998000031337 ], [ 390707.79015200008871, 585410.199997999938205 ], [ 390708.190152000111993, 585410.199997999938205 ], [ 390709.390152000123635, 585411.399998 ], [ 390709.390152000123635, 585411.799998000031337 ], [ 390710.79015200008871, 585412.199997999938205 ], [ 390713.990152000100352, 585411.999997999984771 ], [ 390714.79015200008871, 585412.399998 ], [ 390715.79015200008871, 585413.599997999961488 ], [ 390716.190152000111993, 585418.199997999938205 ], [ 390717.190152000111993, 585419.599997999961488 ], [ 390716.590152000077069, 585419.999997999984771 ], [ 390716.190152000111993, 585420.799998000031337 ], [ 390716.79015200008871, 585422.599997999961488 ], [ 390716.390152000123635, 585423.399998 ], [ 390716.390152000123635, 585424.999997999984771 ], [ 390716.990152000100352, 585425.599997999961488 ], [ 390716.990152000100352, 585425.999997999984771 ], [ 390716.590152000077069, 585425.999997999984771 ], [ 390715.990152000100352, 585426.999997999984771 ], [ 390715.990152000100352, 585428.399998 ], [ 390715.590152000077069, 585428.999997999984771 ], [ 390715.390152000123635, 585430.799998000031337 ], [ 390714.990152000100352, 585431.199997999938205 ], [ 390714.590152000077069, 585432.599997999961488 ], [ 390713.79015200008871, 585433.199997999938205 ], [ 390712.990152000100352, 585433.199997999938205 ], [ 390711.390152000123635, 585431.399998 ], [ 390711.190152000111993, 585431.999997999984771 ], [ 390709.990152000100352, 585433.199997999938205 ], [ 390708.79015200008871, 585433.599997999961488 ], [ 390708.990152000100352, 585433.999997999984771 ], [ 390709.590152000077069, 585433.999997999984771 ], [ 390710.390152000123635, 585434.799998000031337 ], [ 390709.990152000100352, 585435.599997999961488 ], [ 390708.79015200008871, 585435.599997999961488 ], [ 390708.390152000123635, 585435.199997999938205 ], [ 390708.390152000123635, 585434.599997999961488 ], [ 390707.590152000077069, 585434.199997999938205 ], [ 390707.190152000111993, 585434.399998 ], [ 390706.390152000123635, 585435.999997999984771 ], [ 390704.990152000100352, 585436.199997999938205 ], [ 390703.590152000077069, 585435.799998000031337 ], [ 390702.990152000100352, 585436.199997999938205 ], [ 390701.390152000123635, 585436.199997999938205 ], [ 390700.79015200008871, 585436.399998 ], [ 390699.990152000100352, 585437.399998 ], [ 390698.79015200008871, 585437.599997999961488 ], [ 390698.390152000123635, 585438.399998 ], [ 390697.590152000077069, 585438.399998 ], [ 390697.190152000111993, 585437.199997999938205 ], [ 390696.79015200008871, 585436.999997999984771 ], [ 390694.590152000077069, 585436.599997999961488 ], [ 390693.590152000077069, 585436.599997999961488 ], [ 390693.390152000123635, 585437.399998 ], [ 390691.190152000111993, 585437.599997999961488 ], [ 390690.590152000077069, 585438.399998 ], [ 390689.79015200008871, 585438.399998 ] ] ] } },
{ "type": "Feature", "properties": { "pred_id": "E1_REG_058", "raw_pred_id": "E1_RAW_058" }, "geometry": { "type": "Polygon", "coordinates": [ [ [ 391123.390152000123635, 585435.599997999961488 ], [ 391122.190152000111993, 585434.399998 ], [ 391121.590152000077069, 585434.399998 ], [ 391121.190152000111993, 585433.799998000031337 ], [ 391120.79015200008871, 585430.199997999938205 ], [ 391120.390152000123635, 585429.199997999938205 ], [ 391120.390152000123635, 585425.599997999961488 ], [ 391120.990152000100352, 585424.999997999984771 ], [ 391121.190152000111993, 585422.599997999961488 ], [ 391121.590152000077069, 585422.199997999938205 ], [ 391121.590152000077069, 585421.599997999961488 ], [ 391124.190152000111993, 585421.399998 ], [ 391125.190152000111993, 585419.999997999984771 ], [ 391125.990152000100352, 585419.999997999984771 ], [ 391126.79015200008871, 585420.599997999961488 ], [ 391127.190152000111993, 585421.399998 ], [ 391128.190152000111993, 585421.799998000031337 ], [ 391128.79015200008871, 585422.599997999961488 ], [ 391128.990152000100352, 585423.999997999984771 ], [ 391128.79015200008871, 585427.599997999961488 ], [ 391129.190152000111993, 585430.399998 ], [ 391128.590152000077069, 585431.199997999938205 ], [ 391128.190152000111993, 585432.799998000031337 ], [ 391127.79015200008871, 585432.999997999984771 ], [ 391127.79015200008871, 585433.399998 ], [ 391127.390152000123635, 585433.399998 ], [ 391127.79015200008871, 585434.799998000031337 ], [ 391127.590152000077069, 585435.399998 ], [ 391125.390152000123635, 585435.199997999938205 ], [ 391123.390152000123635, 585435.599997999961488 ] ] ] } },
{ "type": "Feature", "properties": { "pred_id": "E1_REG_059", "raw_pred_id": "E1_RAW_059" }, "geometry": { "type": "Polygon", "coordinates": [ [ [ 390652.590152000077069, 585430.999997999984771 ], [ 390651.79015200008871, 585429.399998 ], [ 390649.990152000100352, 585429.199997999938205 ], [ 390649.990152000100352, 585428.399998 ], [ 390651.190152000111993, 585428.399998 ], [ 390651.590152000077069, 585427.799998000031337 ], [ 390651.190152000111993, 585426.399998 ], [ 390649.990152000100352, 585426.399998 ], [ 390649.990152000100352, 585405.799998000031337 ], [ 390651.190152000111993, 585405.599997999961488 ], [ 390650.990152000100352, 585404.999997999984771 ], [ 390649.990152000100352, 585404.999997999984771 ], [ 390649.990152000100352, 585402.999997999984771 ], [ 390650.990152000100352, 585402.999997999984771 ], [ 390651.390152000123635, 585402.599997999961488 ], [ 390650.990152000100352, 585401.399998 ], [ 390649.990152000100352, 585401.399998 ], [ 390649.990152000100352, 585400.199997999938205 ], [ 390650.990152000100352, 585400.199997999938205 ], [ 390651.390152000123635, 585399.599997999961488 ], [ 390651.190152000111993, 585398.399998 ], [ 390649.990152000100352, 585398.399998 ], [ 390649.990152000100352, 585397.199997999938205 ], [ 390651.390152000123635, 585397.199997999938205 ], [ 390652.390152000123635, 585396.399998 ], [ 390652.390152000123635, 585395.999997999984771 ], [ 390653.190152000111993, 585395.799998000031337 ], [ 390653.590152000077069, 585396.399998 ], [ 390654.590152000077069, 585396.799998000031337 ], [ 390655.990152000100352, 585396.799998000031337 ], [ 390656.79015200008871, 585397.599997999961488 ], [ 390658.990152000100352, 585397.599997999961488 ], [ 390658.390152000123635, 585399.399998 ], [ 390659.390152000123635, 585399.799998000031337 ], [ 390659.990152000100352, 585400.799998000031337 ], [ 390659.590152000077069, 585402.599997999961488 ], [ 390660.190152000111993, 585403.399998 ], [ 390660.590152000077069, 585406.199997999938205 ], [ 390660.390152000123635, 585408.999997999984771 ], [ 390660.79015200008871, 585410.799998000031337 ], [ 390660.990152000100352, 585417.999997999984771 ], [ 390660.390152000123635, 585418.999997999984771 ], [ 390659.990152000100352, 585420.999997999984771 ], [ 390660.390152000123635, 585424.199997999938205 ], [ 390659.79015200008871, 585424.599997999961488 ], [ 390658.990152000100352, 585426.199997999938205 ], [ 390657.990152000100352, 585426.199997999938205 ], [ 390656.79015200008871, 585425.599997999961488 ], [ 390656.390152000123635, 585426.599997999961488 ], [ 390655.79015200008871, 585427.199997999938205 ], [ 390655.390152000123635, 585427.199997999938205 ], [ 390655.590152000077069, 585427.599997999961488 ], [ 390656.190152000111993, 585427.799998000031337 ], [ 390656.590152000077069, 585428.999997999984771 ], [ 390655.590152000077069, 585429.799998000031337 ], [ 390654.190152000111993, 585430.199997999938205 ], [ 390653.79015200008871, 585430.799998000031337 ], [ 390652.590152000077069, 585430.999997999984771 ] ] ] } },
{ "type": "Feature", "properties": { "pred_id": "E1_REG_060", "raw_pred_id": "E1_RAW_060" }, "geometry": { "type": "Polygon", "coordinates": [ [ [ 391143.990152000100352, 585427.799998000031337 ], [ 391143.390152000123635, 585427.399998 ], [ 391140.990152000100352, 585427.199997999938205 ], [ 391140.990152000100352, 585425.999997999984771 ], [ 391140.390152000123635, 585424.799998000031337 ], [ 391140.590152000077069, 585422.799998000031337 ], [ 391141.590152000077069, 585421.999997999984771 ], [ 391144.190152000111993, 585421.599997999961488 ], [ 391145.590152000077069, 585421.599997999961488 ], [ 391147.390152000123635, 585422.199997999938205 ], [ 391147.590152000077069, 585423.599997999961488 ], [ 391147.190152000111993, 585424.199997999938205 ], [ 391147.390152000123635, 585424.399998 ], [ 391147.190152000111993, 585426.199997999938205 ], [ 391145.990152000100352, 585426.799998000031337 ], [ 391145.990152000100352, 585427.199997999938205 ], [ 391145.390152000123635, 585427.799998000031337 ], [ 391143.990152000100352, 585427.799998000031337 ] ] ] } },
{ "type": "Feature", "properties": { "pred_id": "E1_REG_061", "raw_pred_id": "E1_RAW_061" }, "geometry": { "type": "Polygon", "coordinates": [ [ [ 391133.251186401874293, 585421.462948161060922 ], [ 391141.010927006136626, 585419.671402560779825 ], [ 391140.75117231963668, 585418.546281402930617 ], [ 391141.866531031730119, 585418.288780554546975 ], [ 391141.534130936546717, 585416.851308580138721 ], [ 391140.419079934246838, 585417.108738388051279 ], [ 391140.08099939202657, 585415.644367727218196 ], [ 391137.832724784268066, 585416.163391324575059 ], [ 391137.501359050453175, 585414.728070799959823 ], [ 391131.990065298683476, 585416.000447447644547 ], [ 391133.251186401874293, 585421.462948161060922 ] ] ] } },
{ "type": "Feature", "properties": { "pred_id": "E1_REG_062", "raw_pred_id": "E1_RAW_062" }, "geometry": { "type": "Polygon", "coordinates": [ [ [ 391111.190152000111993, 585419.599997999961488 ], [ 391109.590152000077069, 585418.999997999984771 ], [ 391108.190152000111993, 585416.599997999961488 ], [ 391108.79015200008871, 585414.799998000031337 ], [ 391108.79015200008871, 585413.799998000031337 ], [ 391109.390152000123635, 585412.999997999984771 ], [ 391109.590152000077069, 585411.599997999961488 ], [ 391113.390152000123635, 585411.599997999961488 ], [ 391113.590152000077069, 585413.399998 ], [ 391113.990152000100352, 585413.599997999961488 ], [ 391114.190152000111993, 585414.199997999938205 ], [ 391114.590152000077069, 585416.599997999961488 ], [ 391113.79015200008871, 585418.599997999961488 ], [ 391112.990152000100352, 585418.799998000031337 ], [ 391112.190152000111993, 585419.599997999961488 ], [ 391111.190152000111993, 585419.599997999961488 ] ] ] } },
{ "type": "Feature", "properties": { "pred_id": "E1_REG_063", "raw_pred_id": "E1_RAW_063" }, "geometry": { "type": "Polygon", "coordinates": [ [ [ 390730.990152000100352, 585414.999997999984771 ], [ 390730.590152000077069, 585413.599997999961488 ], [ 390730.190152000111993, 585413.399998 ], [ 390729.990152000100352, 585409.999997999984771 ], [ 390730.390152000123635, 585409.999997999984771 ], [ 390730.990152000100352, 585409.199997999938205 ], [ 390733.79015200008871, 585408.999997999984771 ], [ 390734.390152000123635, 585408.599997999961488 ], [ 390735.190152000111993, 585408.599997999961488 ], [ 390735.79015200008871, 585409.399998 ], [ 390736.990152000100352, 585409.799998000031337 ], [ 390737.190152000111993, 585410.199997999938205 ], [ 390736.990152000100352, 585413.399998 ], [ 390735.79015200008871, 585413.799998000031337 ], [ 390734.990152000100352, 585414.999997999984771 ], [ 390730.990152000100352, 585414.999997999984771 ] ] ] } },
{ "type": "Feature", "properties": { "pred_id": "E1_REG_064", "raw_pred_id": "E1_RAW_064" }, "geometry": { "type": "Polygon", "coordinates": [ [ [ 390658.590152000077069, 585412.399998 ], [ 390657.390152000123635, 585411.799998000031337 ], [ 390656.990152000100352, 585410.799998000031337 ], [ 390652.590152000077069, 585412.199997999938205 ], [ 390651.590152000077069, 585410.799998000031337 ], [ 390649.990152000100352, 585410.599997999961488 ], [ 390649.990152000100352, 585409.399998 ], [ 390651.190152000111993, 585409.399998 ], [ 390651.590152000077069, 585408.799998000031337 ], [ 390651.190152000111993, 585407.599997999961488 ], [ 390649.990152000100352, 585407.599997999961488 ], [ 390649.990152000100352, 585351.399998 ], [ 390654.190152000111993, 585351.799998000031337 ], [ 390658.990152000100352, 585351.399998 ], [ 390661.590152000077069, 585351.799998000031337 ], [ 390662.390152000123635, 585352.199997999938205 ], [ 390668.79015200008871, 585352.599997999961488 ], [ 390669.390152000123635, 585353.199997999938205 ], [ 390670.990152000100352, 585353.799998000031337 ], [ 390670.79015200008871, 585354.399998 ], [ 390670.990152000100352, 585355.599997999961488 ], [ 390673.990152000100352, 585355.999997999984771 ], [ 390675.390152000123635, 585356.799998000031337 ], [ 390674.990152000100352, 585357.599997999961488 ], [ 390673.390152000123635, 585358.199997999938205 ], [ 390673.190152000111993, 585358.799998000031337 ], [ 390675.190152000111993, 585359.999997999984771 ], [ 390675.190152000111993, 585360.599997999961488 ], [ 390674.390152000123635, 585360.999997999984771 ], [ 390673.79015200008871, 585361.799998000031337 ], [ 390675.390152000123635, 585362.399998 ], [ 390675.990152000100352, 585362.999997999984771 ], [ 390675.990152000100352, 585363.599997999961488 ], [ 390675.390152000123635, 585364.199997999938205 ], [ 390673.990152000100352, 585364.799998000031337 ], [ 390674.990152000100352, 585365.599997999961488 ], [ 390675.190152000111993, 585366.799998000031337 ], [ 390674.590152000077069, 585367.399998 ], [ 390673.590152000077069, 585367.599997999961488 ], [ 390673.190152000111993, 585367.999997999984771 ], [ 390674.590152000077069, 585368.199997999938205 ], [ 390675.990152000100352, 585369.199997999938205 ], [ 390675.990152000100352, 585370.199997999938205 ], [ 390675.190152000111993, 585370.999997999984771 ], [ 390674.590152000077069, 585370.999997999984771 ], [ 390675.190152000111993, 585371.599997999961488 ], [ 390675.390152000123635, 585372.799998000031337 ], [ 390674.190152000111993, 585373.999997999984771 ], [ 390674.190152000111993, 585374.399998 ], [ 390675.390152000123635, 585374.999997999984771 ], [ 390675.590152000077069, 585376.199997999938205 ], [ 390674.990152000100352, 585376.999997999984771 ], [ 390674.190152000111993, 585377.199997999938205 ], [ 390674.190152000111993, 585377.599997999961488 ], [ 390674.590152000077069, 585377.599997999961488 ], [ 390675.190152000111993, 585378.599997999961488 ], [ 390674.990152000100352, 585379.399998 ], [ 390674.390152000123635, 585379.999997999984771 ], [ 390672.79015200008871, 585380.399998 ], [ 390673.590152000077069, 585380.799998000031337 ], [ 390674.590152000077069, 585380.799998000031337 ], [ 390675.390152000123635, 585381.599997999961488 ], [ 390675.190152000111993, 585382.799998000031337 ], [ 390674.190152000111993, 585383.399998 ], [ 390674.190152000111993, 585383.999997999984771 ], [ 390674.990152000100352, 585384.799998000031337 ], [ 390674.990152000100352, 585385.399998 ], [ 390674.390152000123635, 585386.199997999938205 ], [ 390672.990152000100352, 585386.599997999961488 ], [ 390673.390152000123635, 585386.999997999984771 ], [ 390674.590152000077069, 585387.199997999938205 ], [ 390674.990152000100352, 585388.599997999961488 ], [ 390674.390152000123635, 585389.199997999938205 ], [ 390673.190152000111993, 585389.599997999961488 ], [ 390673.190152000111993, 585390.199997999938205 ], [ 390673.79015200008871, 585390.799998000031337 ], [ 390674.590152000077069, 585390.999997999984771 ], [ 390674.590152000077069, 585391.599997999961488 ], [ 390672.390152000123635, 585392.199997999938205 ], [ 390671.990152000100352, 585392.999997999984771 ], [ 390671.990152000100352, 585395.199997999938205 ], [ 390671.590152000077069, 585396.399998 ], [ 390672.190152000111993, 585397.199997999938205 ], [ 390672.190152000111993, 585397.799998000031337 ], [ 390670.990152000100352, 585399.199997999938205 ], [ 390670.990152000100352, 585401.199997999938205 ], [ 390670.390152000123635, 585401.799998000031337 ], [ 390669.590152000077069, 585401.799998000031337 ], [ 390668.990152000100352, 585402.199997999938205 ], [ 390668.990152000100352, 585402.599997999961488 ], [ 390669.390152000123635, 585402.799998000031337 ], [ 390670.590152000077069, 585402.799998000031337 ], [ 390670.79015200008871, 585403.399998 ], [ 390671.190152000111993, 585403.599997999961488 ], [ 390671.190152000111993, 585404.199997999938205 ], [ 390670.590152000077069, 585404.799998000031337 ], [ 390668.590152000077069, 585404.599997999961488 ], [ 390668.390152000123635, 585405.399998 ], [ 390667.190152000111993, 585405.799998000031337 ], [ 390666.79015200008871, 585406.399998 ], [ 390665.390152000123635, 585405.999997999984771 ], [ 390664.190152000111993, 585406.199997999938205 ], [ 390662.590152000077069, 585408.199997999938205 ], [ 390661.590152000077069, 585408.399998 ], [ 390661.79015200008871, 585408.799998000031337 ], [ 390663.190152000111993, 585409.199997999938205 ], [ 390663.79015200008871, 585409.799998000031337 ], [ 390663.79015200008871, 585410.399998 ], [ 390662.590152000077069, 585411.199997999938205 ], [ 390661.590152000077069, 585411.399998 ], [ 390661.590152000077069, 585411.799998000031337 ], [ 390661.190152000111993, 585411.999997999984771 ], [ 390658.590152000077069, 585412.399998 ] ] ] } },
{ "type": "Feature", "properties": { "pred_id": "E1_REG_065", "raw_pred_id": "E1_RAW_065" }, "geometry": { "type": "Polygon", "coordinates": [ [ [ 390731.989267044176813, 585406.386723663890734 ], [ 390730.950328991340939, 585390.802652867161669 ], [ 390717.37068297364749, 585391.707962601562031 ], [ 390718.409621026541572, 585407.292033398174681 ], [ 390731.989267044176813, 585406.386723663890734 ] ] ] } },
{ "type": "Feature", "properties": { "pred_id": "E1_REG_066", "raw_pred_id": "E1_RAW_066" }, "geometry": { "type": "Polygon", "coordinates": [ [ [ 390689.390152000123635, 585396.799998000031337 ], [ 390687.79015200008871, 585396.599997999961488 ], [ 390686.390152000123635, 585395.399998 ], [ 390684.190152000111993, 585395.399998 ], [ 390683.79015200008871, 585394.599997999961488 ], [ 390682.590152000077069, 585393.799998000031337 ], [ 390682.390152000123635, 585392.799998000031337 ], [ 390680.79015200008871, 585392.399998 ], [ 390680.590152000077069, 585391.399998 ], [ 390679.990152000100352, 585390.999997999984771 ], [ 390679.590152000077069, 585389.999997999984771 ], [ 390679.990152000100352, 585388.599997999961488 ], [ 390679.79015200008871, 585386.199997999938205 ], [ 390680.79015200008871, 585385.199997999938205 ], [ 390679.990152000100352, 585384.199997999938205 ], [ 390679.990152000100352, 585383.399998 ], [ 390680.990152000100352, 585383.199997999938205 ], [ 390681.79015200008871, 585383.999997999984771 ], [ 390682.390152000123635, 585383.999997999984771 ], [ 390682.590152000077069, 585382.999997999984771 ], [ 390683.190152000111993, 585382.399998 ], [ 390684.190152000111993, 585382.399998 ], [ 390685.190152000111993, 585381.599997999961488 ], [ 390686.190152000111993, 585381.399998 ], [ 390687.79015200008871, 585380.399998 ], [ 390690.590152000077069, 585380.199997999938205 ], [ 390692.190152000111993, 585380.399998 ], [ 390692.79015200008871, 585380.999997999984771 ], [ 390694.390152000123635, 585381.399998 ], [ 390695.990152000100352, 585382.799998000031337 ], [ 390697.590152000077069, 585382.999997999984771 ], [ 390697.590152000077069, 585383.599997999961488 ], [ 390698.190152000111993, 585383.799998000031337 ], [ 390698.590152000077069, 585384.599997999961488 ], [ 390698.990152000100352, 585389.999997999984771 ], [ 390697.990152000100352, 585394.799998000031337 ], [ 390697.190152000111993, 585394.799998000031337 ], [ 390695.79015200008871, 585393.799998000031337 ], [ 390695.590152000077069, 585394.599997999961488 ], [ 390694.79015200008871, 585395.399998 ], [ 390693.390152000123635, 585395.799998000031337 ], [ 390692.390152000123635, 585396.599997999961488 ], [ 390689.390152000123635, 585396.799998000031337 ] ] ] } },
{ "type": "Feature", "properties": { "pred_id": "E1_REG_067", "raw_pred_id": "E1_RAW_067" }, "geometry": { "type": "Polygon", "coordinates": [ [ [ 391115.448551809589844, 585378.918637022259645 ], [ 391131.945351053902414, 585380.361870406428352 ], [ 391132.636663856101222, 585372.460128919454291 ], [ 391131.237250613514334, 585372.337762436713092 ], [ 391131.325333950808272, 585371.330965285073034 ], [ 391129.854931458365172, 585371.202321736258455 ], [ 391129.925332701706793, 585370.397631842643023 ], [ 391128.454948565049563, 585370.268989899661392 ], [ 391128.586048038967419, 585368.7705160563346 ], [ 391126.763538749772124, 585368.611075257766061 ], [ 391126.677446638583206, 585369.59511259093415 ], [ 391124.502830627083313, 585369.404858342255466 ], [ 391124.452627889811993, 585369.978678253130056 ], [ 391122.65575349034043, 585369.821464406442828 ], [ 391122.599708890717011, 585370.462057113065384 ], [ 391121.180578311323188, 585370.337899275240488 ], [ 391121.057195624860469, 585371.748169835074805 ], [ 391119.635564932366833, 585371.623786338721402 ], [ 391119.702189225296024, 585370.862267187330872 ], [ 391118.278082380595151, 585370.737673982745036 ], [ 391118.332557052257471, 585370.115025635692291 ], [ 391117.266966278199106, 585370.021790914004669 ], [ 391117.04611570679117, 585372.545985596487299 ], [ 391116.014007384655997, 585372.455704466905445 ], [ 391115.448551809589844, 585378.918637022259645 ] ] ] } },
{ "type": "Feature", "properties": { "pred_id": "E1_REG_068", "raw_pred_id": "E1_RAW_068" }, "geometry": { "type": "Polygon", "coordinates": [ [ [ 391138.490138512628619, 585377.649969053687528 ], [ 391138.490138512628619, 585376.549988453974947 ], [ 391139.790157485520467, 585376.550008639344014 ], [ 391139.790136408235412, 585372.299970293650404 ], [ 391137.090139246371109, 585372.299970293650404 ], [ 391137.090139246371109, 585371.335827704868279 ], [ 391135.49012983776629, 585371.335816729115322 ], [ 391135.49012983776629, 585372.299969445215538 ], [ 391134.090125541319139, 585372.299969445099123 ], [ 391134.090102269197814, 585373.638719018315896 ], [ 391132.890147175639868, 585373.638744213734753 ], [ 391132.890142249816563, 585377.19999529409688 ], [ 391135.518446152913384, 585377.199985131272115 ], [ 391135.518441956490278, 585377.699981280835345 ], [ 391137.161105410603341, 585377.699981280835345 ], [ 391137.161102910176851, 585377.649969053687528 ], [ 391138.490138512628619, 585377.649969053687528 ] ] ] } },
{ "type": "Feature", "properties": { "pred_id": "E1_REG_069", "raw_pred_id": "E1_RAW_069" }, "geometry": { "type": "Polygon", "coordinates": [ [ [ 391084.190152000111993, 585375.399998 ], [ 391083.79015200008871, 585374.999997999984771 ], [ 391081.590152000077069, 585374.599997999961488 ], [ 391080.590152000077069, 585373.799998000031337 ], [ 391079.390152000123635, 585373.799998000031337 ], [ 391077.79015200008871, 585372.999997999984771 ], [ 391076.590152000077069, 585372.799998000031337 ], [ 391076.79015200008871, 585372.199997999938205 ], [ 391077.79015200008871, 585371.599997999961488 ], [ 391077.990152000100352, 585370.799998000031337 ], [ 391078.79015200008871, 585370.399998 ], [ 391078.990152000100352, 585369.399998 ], [ 391077.390152000123635, 585369.399998 ], [ 391075.79015200008871, 585368.199997999938205 ], [ 391074.79015200008871, 585368.199997999938205 ], [ 391074.79015200008871, 585367.599997999961488 ], [ 391075.390152000123635, 585366.999997999984771 ], [ 391075.390152000123635, 585366.199997999938205 ], [ 391074.390152000123635, 585365.399998 ], [ 391074.390152000123635, 585363.999997999984771 ], [ 391074.990152000100352, 585363.399998 ], [ 391074.79015200008871, 585361.599997999961488 ], [ 391075.190152000111993, 585361.599997999961488 ], [ 391075.590152000077069, 585360.799998000031337 ], [ 391075.590152000077069, 585359.599997999961488 ], [ 391074.590152000077069, 585358.799998000031337 ], [ 391074.590152000077069, 585358.199997999938205 ], [ 391075.79015200008871, 585357.599997999961488 ], [ 391076.190152000111993, 585356.199997999938205 ], [ 391076.990152000100352, 585355.599997999961488 ], [ 391076.390152000123635, 585354.399998 ], [ 391076.390152000123635, 585353.199997999938205 ], [ 391076.79015200008871, 585352.199997999938205 ], [ 391077.590152000077069, 585351.599997999961488 ], [ 391079.190152000111993, 585351.399998 ], [ 391079.79015200008871, 585351.599997999961488 ], [ 391080.79015200008871, 585352.599997999961488 ], [ 391081.79015200008871, 585351.799998000031337 ], [ 391083.390152000123635, 585351.599997999961488 ], [ 391084.390152000123635, 585350.999997999984771 ], [ 391085.590152000077069, 585350.999997999984771 ], [ 391087.590152000077069, 585351.199997999938205 ], [ 391088.390152000123635, 585351.799998000031337 ], [ 391091.990152000100352, 585351.199997999938205 ], [ 391094.79015200008871, 585351.199997999938205 ], [ 391095.990152000100352, 585351.799998000031337 ], [ 391099.390152000123635, 585351.599997999961488 ], [ 391100.190152000111993, 585352.399998 ], [ 391100.590152000077069, 585351.999997999984771 ], [ 391102.390152000123635, 585351.799998000031337 ], [ 391103.79015200008871, 585352.799998000031337 ], [ 391105.990152000100352, 585352.799998000031337 ], [ 391106.590152000077069, 585355.199997999938205 ], [ 391106.390152000123635, 585356.399998 ], [ 391106.190152000111993, 585356.799998000031337 ], [ 391105.79015200008871, 585356.799998000031337 ], [ 391105.79015200008871, 585357.599997999961488 ], [ 391106.190152000111993, 585358.199997999938205 ], [ 391105.990152000100352, 585360.399998 ], [ 391106.390152000123635, 585361.799998000031337 ], [ 391106.190152000111993, 585362.799998000031337 ], [ 391105.79015200008871, 585362.999997999984771 ], [ 391105.590152000077069, 585364.399998 ], [ 391104.79015200008871, 585364.799998000031337 ], [ 391105.390152000123635, 585365.199997999938205 ], [ 391105.590152000077069, 585366.799998000031337 ], [ 391105.190152000111993, 585367.599997999961488 ], [ 391104.590152000077069, 585367.999997999984771 ], [ 391104.190152000111993, 585369.999997999984771 ], [ 391103.79015200008871, 585369.599997999961488 ], [ 391103.590152000077069, 585367.799998000031337 ], [ 391102.390152000123635, 585366.599997999961488 ], [ 391102.590152000077069, 585365.599997999961488 ], [ 391103.590152000077069, 585364.799998000031337 ], [ 391102.79015200008871, 585364.399998 ], [ 391102.390152000123635, 585362.999997999984771 ], [ 391101.990152000100352, 585362.599997999961488 ], [ 391101.79015200008871, 585363.999997999984771 ], [ 391101.190152000111993, 585364.599997999961488 ], [ 391101.990152000100352, 585366.399998 ], [ 391100.590152000077069, 585368.199997999938205 ], [ 391100.190152000111993, 585369.999997999984771 ], [ 391098.590152000077069, 585369.199997999938205 ], [ 391097.79015200008871, 585369.399998 ], [ 391097.990152000100352, 585370.599997999961488 ], [ 391098.590152000077069, 585370.999997999984771 ], [ 391098.590152000077069, 585371.399998 ], [ 391097.990152000100352, 585372.199997999938205 ], [ 391097.79015200008871, 585373.199997999938205 ], [ 391096.990152000100352, 585373.999997999984771 ], [ 391095.590152000077069, 585374.199997999938205 ], [ 391094.990152000100352, 585373.799998000031337 ], [ 391093.990152000100352, 585373.799998000031337 ], [ 391093.590152000077069, 585374.199997999938205 ], [ 391092.590152000077069, 585374.399998 ], [ 391092.390152000123635, 585374.799998000031337 ], [ 391089.990152000100352, 585374.799998000031337 ], [ 391088.79015200008871, 585375.399998 ], [ 391088.190152000111993, 585375.399998 ], [ 391087.990152000100352, 585374.999997999984771 ], [ 391087.190152000111993, 585374.799998000031337 ], [ 391085.79015200008871, 585374.799998000031337 ], [ 391084.79015200008871, 585375.399998 ], [ 391084.190152000111993, 585375.399998 ] ] ] } },
{ "type": "Feature", "properties": { "pred_id": "E1_REG_070", "raw_pred_id": "E1_RAW_070" }, "geometry": { "type": "Polygon", "coordinates": [ [ [ 390772.112278457905632, 585372.263228691066615 ], [ 390776.615537518169731, 585370.443680849857628 ], [ 390776.089838305080775, 585369.142520184395835 ], [ 390777.088704165362287, 585368.73895218083635 ], [ 390776.491571932390798, 585367.260998041369021 ], [ 390777.693961848504841, 585366.775200981530361 ], [ 390777.123504495131783, 585365.363270744332112 ], [ 390775.862032417382579, 585365.87293854681775 ], [ 390775.318242297100369, 585364.527010769117624 ], [ 390772.545046507730149, 585365.647436303785071 ], [ 390772.046540154784452, 585364.41358919069171 ], [ 390767.534260417101905, 585366.236640135524794 ], [ 390769.717704214213882, 585371.640890098060481 ], [ 390771.560054544475861, 585370.896427684929222 ], [ 390772.112278457905632, 585372.263228691066615 ] ] ] } },
{ "type": "Feature", "properties": { "pred_id": "E1_REG_071", "raw_pred_id": "E1_RAW_071" }, "geometry": { "type": "Polygon", "coordinates": [ [ [ 390654.79015200008871, 585366.999997999984771 ], [ 390653.990152000100352, 585366.399998 ], [ 390653.590152000077069, 585365.199997999938205 ], [ 390652.990152000100352, 585364.999997999984771 ], [ 390653.590152000077069, 585363.799998000031337 ], [ 390653.590152000077069, 585362.799998000031337 ], [ 390652.990152000100352, 585361.599997999961488 ], [ 390653.79015200008871, 585360.799998000031337 ], [ 390653.79015200008871, 585360.199997999938205 ], [ 390654.79015200008871, 585359.599997999961488 ], [ 390659.190152000111993, 585359.999997999984771 ], [ 390659.79015200008871, 585362.399998 ], [ 390658.79015200008871, 585366.399998 ], [ 390657.190152000111993, 585366.999997999984771 ], [ 390654.79015200008871, 585366.999997999984771 ] ] ] } },
{ "type": "Feature", "properties": { "pred_id": "E1_REG_072", "raw_pred_id": "E1_RAW_072" }, "geometry": { "type": "Polygon", "coordinates": [ [ [ 390863.190152000111993, 585364.999997999984771 ], [ 390862.590152000077069, 585364.599997999961488 ], [ 390860.590152000077069, 585364.399998 ], [ 390859.990152000100352, 585363.799998000031337 ], [ 390859.190152000111993, 585364.199997999938205 ], [ 390855.79015200008871, 585364.199997999938205 ], [ 390854.990152000100352, 585363.599997999961488 ], [ 390853.990152000100352, 585363.599997999961488 ], [ 390853.390152000123635, 585362.999997999984771 ], [ 390850.79015200008871, 585362.599997999961488 ], [ 390850.190152000111993, 585361.999997999984771 ], [ 390849.79015200008871, 585361.999997999984771 ], [ 390849.190152000111993, 585361.199997999938205 ], [ 390848.990152000100352, 585359.599997999961488 ], [ 390847.990152000100352, 585358.799998000031337 ], [ 390847.990152000100352, 585358.199997999938205 ], [ 390848.590152000077069, 585357.999997999984771 ], [ 390849.190152000111993, 585357.199997999938205 ], [ 390848.79015200008871, 585355.799998000031337 ], [ 390848.190152000111993, 585355.399998 ], [ 390848.590152000077069, 585355.399998 ], [ 390849.190152000111993, 585354.599997999961488 ], [ 390849.590152000077069, 585352.599997999961488 ], [ 390850.590152000077069, 585351.599997999961488 ], [ 390851.990152000100352, 585351.199997999938205 ], [ 390853.390152000123635, 585351.399998 ], [ 390853.990152000100352, 585351.999997999984771 ], [ 390854.590152000077069, 585351.599997999961488 ], [ 390856.990152000100352, 585351.399998 ], [ 390857.990152000100352, 585350.799998000031337 ], [ 390857.990152000100352, 585349.999997999984771 ], [ 390858.190152000111993, 585350.799998000031337 ], [ 390859.390152000123635, 585350.999997999984771 ], [ 390861.590152000077069, 585350.799998000031337 ], [ 390861.590152000077069, 585349.999997999984771 ], [ 390861.990152000100352, 585349.999997999984771 ], [ 390861.990152000100352, 585350.799998000031337 ], [ 390863.190152000111993, 585351.199997999938205 ], [ 390864.990152000100352, 585350.999997999984771 ], [ 390865.190152000111993, 585349.999997999984771 ], [ 390866.590152000077069, 585349.999997999984771 ], [ 390866.590152000077069, 585350.799998000031337 ], [ 390866.990152000100352, 585350.999997999984771 ], [ 390869.79015200008871, 585350.999997999984771 ], [ 390870.79015200008871, 585351.399998 ], [ 390872.390152000123635, 585351.399998 ], [ 390873.190152000111993, 585351.999997999984771 ], [ 390873.390152000123635, 585352.599997999961488 ], [ 390875.590152000077069, 585352.599997999961488 ], [ 390875.79015200008871, 585353.199997999938205 ], [ 390877.79015200008871, 585353.399998 ], [ 390878.190152000111993, 585353.799998000031337 ], [ 390877.990152000100352, 585354.599997999961488 ], [ 390876.79015200008871, 585355.199997999938205 ], [ 390876.79015200008871, 585355.799998000031337 ], [ 390877.79015200008871, 585356.599997999961488 ], [ 390877.79015200008871, 585357.199997999938205 ], [ 390876.79015200008871, 585357.599997999961488 ], [ 390876.190152000111993, 585358.399998 ], [ 390876.390152000123635, 585359.199997999938205 ], [ 390877.590152000077069, 585359.799998000031337 ], [ 390877.79015200008871, 585360.199997999938205 ], [ 390877.390152000123635, 585360.599997999961488 ], [ 390876.79015200008871, 585360.599997999961488 ], [ 390875.990152000100352, 585361.799998000031337 ], [ 390874.190152000111993, 585362.399998 ], [ 390873.590152000077069, 585363.199997999938205 ], [ 390870.990152000100352, 585362.999997999984771 ], [ 390869.990152000100352, 585363.799998000031337 ], [ 390869.390152000123635, 585363.799998000031337 ], [ 390868.590152000077069, 585363.199997999938205 ], [ 390867.190152000111993, 585363.199997999938205 ], [ 390867.190152000111993, 585363.599997999961488 ], [ 390865.990152000100352, 585364.599997999961488 ], [ 390863.190152000111993, 585364.999997999984771 ] ] ] } },
{ "type": "Feature", "properties": { "pred_id": "E1_REG_073", "raw_pred_id": "E1_RAW_073" }, "geometry": { "type": "Polygon", "coordinates": [ [ [ 390836.228662227455061, 585361.799978427123278 ], [ 390841.154907624295447, 585361.799967642058618 ], [ 390841.154906745592598, 585361.399990954902023 ], [ 390845.490157805208582, 585361.399993156082928 ], [ 390845.49015780526679, 585357.799999392940663 ], [ 390846.840150405885652, 585357.799999392940663 ], [ 390846.8401015404379, 585353.559974034316838 ], [ 390843.930131621134933, 585353.559974034316838 ], [ 390843.930131621134933, 585353.3199841263704 ], [ 390841.890150565421209, 585353.3199841263704 ], [ 390841.890150565421209, 585353.079984126379713 ], [ 390839.850140064547304, 585353.079984126496129 ], [ 390839.850140064547304, 585352.839984126505442 ], [ 390837.810129294288345, 585352.839984126505442 ], [ 390837.810129294288345, 585351.876182135776617 ], [ 390836.040132492373232, 585351.876172595308162 ], [ 390836.040132492373232, 585353.09997458581347 ], [ 390834.540154414135031, 585353.09997458581347 ], [ 390834.540154414135031, 585353.75017158081755 ], [ 390833.090137429186143, 585353.750183738186024 ], [ 390833.090124016394839, 585361.399999357294291 ], [ 390836.228660057589877, 585361.399986741715111 ], [ 390836.228662227455061, 585361.799978427123278 ] ] ] } },
{ "type": "Feature", "properties": { "pred_id": "E1_REG_074", "raw_pred_id": "E1_RAW_074" }, "geometry": { "type": "Polygon", "coordinates": [ [ [ 390756.390152000123635, 585359.199997999938205 ], [ 390754.190152000111993, 585358.599997999961488 ], [ 390754.190152000111993, 585357.199997999938205 ], [ 390753.190152000111993, 585356.599997999961488 ], [ 390752.990152000100352, 585355.199997999938205 ], [ 390751.79015200008871, 585353.799998000031337 ], [ 390753.190152000111993, 585353.199997999938205 ], [ 390754.390152000123635, 585351.599997999961488 ], [ 390755.590152000077069, 585351.199997999938205 ], [ 390755.79015200008871, 585349.999997999984771 ], [ 390761.990152000100352, 585349.999997999984771 ], [ 390761.990152000100352, 585350.799998000031337 ], [ 390763.190152000111993, 585350.999997999984771 ], [ 390763.390152000123635, 585352.399998 ], [ 390764.79015200008871, 585353.799998000031337 ], [ 390764.390152000123635, 585354.999997999984771 ], [ 390763.990152000100352, 585355.199997999938205 ], [ 390763.590152000077069, 585356.799998000031337 ], [ 390762.590152000077069, 585356.999997999984771 ], [ 390761.79015200008871, 585358.399998 ], [ 390760.190152000111993, 585358.599997999961488 ], [ 390758.990152000100352, 585359.199997999938205 ], [ 390756.390152000123635, 585359.199997999938205 ] ] ] } },
{ "type": "Feature", "properties": { "pred_id": "E1_REG_075", "raw_pred_id": "E1_RAW_075" }, "geometry": { "type": "Polygon", "coordinates": [ [ [ 391129.390152000123635, 585358.599997999961488 ], [ 391128.190152000111993, 585357.399998 ], [ 391125.590152000077069, 585356.599997999961488 ], [ 391125.190152000111993, 585356.199997999938205 ], [ 391124.79015200008871, 585354.599997999961488 ], [ 391125.190152000111993, 585351.999997999984771 ], [ 391125.79015200008871, 585351.599997999961488 ], [ 391126.390152000123635, 585351.799998000031337 ], [ 391126.79015200008871, 585352.399998 ], [ 391127.79015200008871, 585352.599997999961488 ], [ 391127.990152000100352, 585351.799998000031337 ], [ 391128.590152000077069, 585351.199997999938205 ], [ 391130.390152000123635, 585350.799998000031337 ], [ 391130.390152000123635, 585349.999997999984771 ], [ 391132.390152000123635, 585349.999997999984771 ], [ 391132.390152000123635, 585350.799998000031337 ], [ 391134.590152000077069, 585351.199997999938205 ], [ 391135.190152000111993, 585352.399998 ], [ 391135.79015200008871, 585352.799998000031337 ], [ 391135.990152000100352, 585354.399998 ], [ 391135.390152000123635, 585355.599997999961488 ], [ 391135.390152000123635, 585356.399998 ], [ 391132.79015200008871, 585356.799998000031337 ], [ 391131.79015200008871, 585357.999997999984771 ], [ 391129.390152000123635, 585358.599997999961488 ] ] ] } }
]
}
