{
"type": "FeatureCollection",
"name": "osm_buildings_aoi",
"crs": { "type": "name", "properties": { "name": "urn:ogc:def:crs:EPSG::3844" } },
"features": [
{ "type": "Feature", "properties": { "osm_id": "107904348", "building_tag": "dormitory", "name": "Căminul IX (Hașdeu)", "amenity": "", "area_m2": 918.42 }, "geometry": { "type": "Polygon", "coordinates": [ [ [ 391509.784403958939947, 585920.921109874965623 ], [ 391525.064285110449418, 585928.650705810170621 ], [ 391549.399740197404753, 585880.855211853864603 ], [ 391534.119773721555248, 585873.125554643454961 ], [ 391509.784403958939947, 585920.921109874965623 ] ] ] } },
{ "type": "Feature", "properties": { "osm_id": "107904349", "building_tag": "dormitory", "name": "Căminul I", "amenity": "", "area_m2": 1094.08 }, "geometry": { "type": "Polygon", "coordinates": [ [ [ 391554.367179584107362, 585580.741816181922331 ], [ 391559.474118875805289, 585563.507751309662126 ], [ 391615.164142330817413, 585581.195191984530538 ], [ 391609.54820145375561, 585599.872431486030109 ], [ 391554.367179584107362, 585580.741816181922331 ] ] ] } },
{ "type": "Feature", "properties": { "osm_id": "107904352", "building_tag": "dormitory", "name": "Căminul VIII (Hașdeu)", "amenity": "", "area_m2": 921.15 }, "geometry": { "type": "Polygon", "coordinates": [ [ [ 391485.809515190951061, 585895.260572064900771 ], [ 391500.799139849492349, 585902.561765415477566 ], [ 391525.117240455700085, 585852.954423712799326 ], [ 391510.127526447991841, 585845.653170245466754 ], [ 391485.809515190951061, 585895.260572064900771 ] ] ] } },
{ "type": "Feature", "properties": { "osm_id": "107904353", "building_tag": "yes", "name": "Cantina Studențească Hașdeu", "amenity": "restaurant", "area_m2": 2869.54 }, "geometry": { "type": "Polygon", "coordinates": [ [ [ 391544.685040306765586, 585711.984532048576511 ], [ 391577.235963033279404, 585717.458524294896051 ], [ 391613.202857519616373, 585723.849645419977605 ], [ 391621.032089473155793, 585682.932129140943289 ], [ 391550.960754937084857, 585672.217637594090775 ], [ 391544.685040306765586, 585711.984532048576511 ] ] ] } },
{ "type": "Feature", "properties": { "osm_id": "107904357", "building_tag": "dormitory", "name": "Căminul B13 (Hașdeu)", "amenity": "", "area_m2": 665.45 }, "geometry": { "type": "Polygon", "coordinates": [ [ [ 391554.126872780558188, 585797.848955514840782 ], [ 391560.676330186775886, 585784.379840720212087 ], [ 391600.679742352804169, 585803.716310736141168 ], [ 391594.130219846963882, 585817.185382314957678 ], [ 391554.126872780558188, 585797.848955514840782 ] ] ] } },
{ "type": "Feature", "properties": { "osm_id": "107904358", "building_tag": "dormitory", "name": "Căminul B11 (Hașdeu)", "amenity": "", "area_m2": 703.96 }, "geometry": { "type": "Polygon", "coordinates": [ [ [ 391511.367264860193245, 585813.469548145192675 ], [ 391518.181800208694767, 585799.028445070493035 ], [ 391558.097711344715208, 585817.74365856545046 ], [ 391551.283104940201156, 585832.184716744581237 ], [ 391511.367264860193245, 585813.469548145192675 ] ] ] } },
{ "type": "Feature", "properties": { "osm_id": "107904361", "building_tag": "dormitory", "name": "Căminul X (Hașdeu)", "amenity": "", "area_m2": 844.77 }, "geometry": { "type": "Polygon", "coordinates": [ [ [ 391555.638623911887407, 585865.412848733481951 ], [ 391562.102154018823057, 585850.566773168393411 ], [ 391609.416895277041476, 585873.78517183358781 ], [ 391603.00938293163199, 585888.352265716413967 ], [ 391555.638623911887407, 585865.412848733481951 ] ] ] } },
{ "type": "Feature", "properties": { "osm_id": "107938784", "building_tag": "dormitory", "name": "Căminul XV (Hașdeu)", "amenity": "", "area_m2": 647.93 }, "geometry": { "type": "Polygon", "coordinates": [ [ [ 391294.092643957352266, 585803.548941114335321 ], [ 391299.612769469385967, 585789.79790700902231 ], [ 391340.232660923036747, 585805.986591414082795 ], [ 391334.712460446811747, 585819.73758838349022 ], [ 391294.092643957352266, 585803.548941114335321 ] ] ] } },
{ "type": "Feature", "properties": { "osm_id": "107938786", "building_tag": "dormitory", "name": "Căminul A4 (Hașdeu)", "amenity": "", "area_m2": 457.51 }, "geometry": { "type": "Polygon", "coordinates": [ [ [ 391355.330995644151699, 585863.022750960546546 ], [ 391360.829215448815376, 585850.172640689183027 ], [ 391390.952418567903806, 585862.982035580091178 ], [ 391385.45414833718678, 585875.832118457998149 ], [ 391355.330995644151699, 585863.022750960546546 ] ] ] } },
{ "type": "Feature", "properties": { "osm_id": "107938790", "building_tag": "dormitory", "name": "Căminul XVII (Hașdeu)", "amenity": "", "area_m2": 488.9 }, "geometry": { "type": "Polygon", "coordinates": [ [ [ 391356.424818093131762, 585793.06627615285106 ], [ 391369.692732041236013, 585798.063579943263903 ], [ 391381.916308968211524, 585765.826783643336967 ], [ 391368.640699314884841, 585760.829590385430492 ], [ 391356.424818093131762, 585793.06627615285106 ] ] ] } },
{ "type": "Feature", "properties": { "osm_id": "107938792", "building_tag": "dormitory", "name": "Căminul A2 (Hașdeu)", "amenity": "", "area_m2": 665.8 }, "geometry": { "type": "Polygon", "coordinates": [ [ [ 391245.04675404651789, 585818.762148400070146 ], [ 391250.440701449348126, 585805.647005786537193 ], [ 391293.900228098267689, 585823.407299134880304 ], [ 391288.498568146373145, 585836.522540480596945 ], [ 391245.04675404651789, 585818.762148400070146 ] ] ] } },
{ "type": "Feature", "properties": { "osm_id": "107938793", "building_tag": "dormitory", "name": "Căminul A3 (Hașdeu)", "amenity": "", "area_m2": 666.34 }, "geometry": { "type": "Polygon", "coordinates": [ [ [ 391299.958885749685578, 585844.653877531876788 ], [ 391305.668904446996748, 585830.843842463451438 ], [ 391346.913260098313913, 585847.788391663576476 ], [ 391341.203165968647227, 585861.598387747886591 ], [ 391299.958885749685578, 585844.653877531876788 ] ] ] } },
{ "type": "Feature", "properties": { "osm_id": "107938794", "building_tag": "dormitory", "name": "Căminul XII (Hașdeu)", "amenity": "", "area_m2": 1019.66 }, "geometry": { "type": "Polygon", "coordinates": [ [ [ 391352.821913658583071, 585827.182366348337382 ], [ 391358.912860695389099, 585811.609050125698559 ], [ 391415.73432316177059, 585833.676573399920017 ], [ 391409.643455995828845, 585849.260945619083941 ], [ 391352.821913658583071, 585827.182366348337382 ] ] ] } },
{ "type": "Feature", "properties": { "osm_id": "107938798", "building_tag": "dormitory", "name": "Căminul A1 (Hașdeu)", "amenity": "", "area_m2": 572.41 }, "geometry": { "type": "Polygon", "coordinates": [ [ [ 391248.084010817925446, 585786.357065111515112 ], [ 391252.849334280123003, 585773.542293034144677 ], [ 391292.125091213267297, 585788.04286278586369 ], [ 391287.359698142856359, 585800.857603809563443 ], [ 391248.084010817925446, 585786.357065111515112 ] ] ] } },
{ "type": "Feature", "properties": { "osm_id": "107938801", "building_tag": "yes", "name": "OSUBB", "amenity": "", "area_m2": 200.82 }, "geometry": { "type": "Polygon", "coordinates": [ [ [ 391529.742471362522338, 585652.054754884680733 ], [ 391540.499871909851208, 585654.229375656344928 ], [ 391543.865941127529368, 585654.913733475375921 ], [ 391546.505386139266193, 585641.092418436775915 ], [ 391540.151245443616062, 585639.92813180165831 ], [ 391532.325581285171211, 585638.501251906855032 ], [ 391529.742471362522338, 585652.054754884680733 ] ] ] } },
{ "type": "Feature", "properties": { "osm_id": "107938802", "building_tag": "dormitory", "name": "Căminul XVI (Hașdeu)", "amenity": "", "area_m2": 749.98 }, "geometry": { "type": "Polygon", "coordinates": [ [ [ 391412.427152415621094, 585823.097138312994502 ], [ 391456.4707503040554, 585838.113307620049454 ], [ 391461.696937971631996, 585822.866925709531642 ], [ 391417.653244713786989, 585807.850718134315684 ], [ 391412.427152415621094, 585823.097138312994502 ] ] ] } },
{ "type": "Feature", "properties": { "osm_id": "107995183", "building_tag": "semidetached_house", "name": "", "amenity": "", "area_m2": 204.59 }, "geometry": { "type": "Polygon", "coordinates": [ [ [ 391462.714174828026444, 585774.923451381968334 ], [ 391466.570423512952402, 585759.534956045215949 ], [ 391479.086272574146278, 585762.64502233453095 ], [ 391475.229994589521084, 585778.033509569824673 ], [ 391462.714174828026444, 585774.923451381968334 ] ] ] } },
{ "type": "Feature", "properties": { "osm_id": "107995189", "building_tag": "yes", "name": "", "amenity": "", "area_m2": 217.11 }, "geometry": { "type": "Polygon", "coordinates": [ [ [ 391518.554645793046802, 585606.79860913567245 ], [ 391514.623235813749488, 585603.989971173694357 ], [ 391515.014009192353114, 585599.802977449144237 ], [ 391520.239582277194131, 585598.530674586538225 ], [ 391542.362999657983892, 585602.302006882149726 ], [ 391541.193567877693567, 585610.349450694047846 ], [ 391518.554645793046802, 585606.79860913567245 ] ] ] } },
{ "type": "Feature", "properties": { "osm_id": "108256022", "building_tag": "yes", "name": "", "amenity": "", "area_m2": 358.2 }, "geometry": { "type": "Polygon", "coordinates": [ [ [ 391415.028241964871995, 585915.032051883172244 ], [ 391397.554633808904327, 585898.326344672706909 ], [ 391407.828320742759388, 585887.6471028982196 ], [ 391425.302129184128717, 585904.363952727173455 ], [ 391415.028241964871995, 585915.032051883172244 ] ] ] } },
{ "type": "Feature", "properties": { "osm_id": "108256023", "building_tag": "retail", "name": "", "amenity": "", "area_m2": 391.58 }, "geometry": { "type": "Polygon", "coordinates": [ [ [ 391493.683270804642234, 585772.310056196991354 ], [ 391495.594351298583206, 585755.377939885365777 ], [ 391515.993047619704157, 585757.579324219492264 ], [ 391514.059000282315537, 585774.511845488101244 ], [ 391501.583498860418331, 585774.069050652207807 ], [ 391500.748716643778607, 585779.053331914474256 ], [ 391498.089305308589246, 585778.57863658759743 ], [ 391494.957784612721298, 585776.4893538398901 ], [ 391493.683270804642234, 585772.310056196991354 ] ] ] } },
{ "type": "Feature", "properties": { "osm_id": "108256024", "building_tag": "yes", "name": "", "amenity": "", "area_m2": 412.0 }, "geometry": { "type": "Polygon", "coordinates": [ [ [ 391400.302924592571799, 585865.103895102394745 ], [ 391413.334502139885444, 585870.138893441995606 ], [ 391425.80432579794433, 585837.997804704820737 ], [ 391416.196094426151831, 585834.290816391119733 ], [ 391409.340542091347743, 585851.95669849216938 ], [ 391405.917347089969553, 585850.639778783312067 ], [ 391400.302924592571799, 585865.103895102394745 ] ] ] } },
{ "type": "Feature", "properties": { "osm_id": "108256028", "building_tag": "yes", "name": "", "amenity": "", "area_m2": 622.3 }, "geometry": { "type": "Polygon", "coordinates": [ [ [ 391514.836903194256593, 585771.462937855976634 ], [ 391517.84775127004832, 585742.182369421236217 ], [ 391539.187181039247662, 585744.867189452750608 ], [ 391535.913628705660813, 585773.563266915036365 ], [ 391514.836903194256593, 585771.462937855976634 ] ] ] } },
{ "type": "Feature", "properties": { "osm_id": "108461213", "building_tag": "yes", "name": "", "amenity": "", "area_m2": 104.04 }, "geometry": { "type": "Polygon", "coordinates": [ [ [ 391570.679634699248709, 585766.70207210839726 ], [ 391576.299940600176342, 585767.423773647518829 ], [ 391578.669628684991039, 585749.216120722703636 ], [ 391573.049306302156765, 585748.494416884263046 ], [ 391570.679634699248709, 585766.70207210839726 ] ] ] } },
{ "type": "Feature", "properties": { "osm_id": "108461217", "building_tag": "yes", "name": "", "amenity": "", "area_m2": 95.09 }, "geometry": { "type": "Polygon", "coordinates": [ [ [ 391558.736963815405034, 585767.427984506590292 ], [ 391565.377480936527718, 585767.531033223727718 ], [ 391565.593845214578323, 585753.208519137930125 ], [ 391558.953512034553569, 585753.116583419498056 ], [ 391558.736963815405034, 585767.427984506590292 ] ] ] } },
{ "type": "Feature", "properties": { "osm_id": "108461671", "building_tag": "yes", "name": "Old Friends Pub", "amenity": "pub", "area_m2": 278.87 }, "geometry": { "type": "Polygon", "coordinates": [ [ [ 391495.646657641336787, 585754.887853886466473 ], [ 391514.018806845124345, 585756.547577638993971 ], [ 391515.390729619422927, 585741.492806940455921 ], [ 391497.018535355920903, 585739.833078718860634 ], [ 391495.646657641336787, 585754.887853886466473 ] ] ] } },
{ "type": "Feature", "properties": { "osm_id": "108461678", "building_tag": "yes", "name": "", "amenity": "", "area_m2": 179.04 }, "geometry": { "type": "Polygon", "coordinates": [ [ [ 391501.952071928069927, 585737.621064926264808 ], [ 391512.713222358725034, 585739.161899614729919 ], [ 391515.063428248278797, 585722.855566737474874 ], [ 391504.309886725386605, 585721.314590439200401 ], [ 391501.952071928069927, 585737.621064926264808 ] ] ] } },
{ "type": "Feature", "properties": { "osm_id": "108498907", "building_tag": "yes", "name": "", "amenity": "", "area_m2": 112.56 }, "geometry": { "type": "Polygon", "coordinates": [ [ [ 391525.706329918350093, 585621.733553529018536 ], [ 391536.453552552033216, 585623.763830976327881 ], [ 391538.37266190093942, 585613.646281445166096 ], [ 391527.625621871091425, 585611.627113856957294 ], [ 391525.706329918350093, 585621.733553529018536 ] ] ] } },
{ "type": "Feature", "properties": { "osm_id": "108498911", "building_tag": "yes", "name": "", "amenity": "", "area_m2": 257.26 }, "geometry": { "type": "Polygon", "coordinates": [ [ [ 391448.323913646570873, 585881.260190948378295 ], [ 391454.412802673992701, 585871.934739505755715 ], [ 391435.050269801460672, 585859.365049518411979 ], [ 391428.953959651989862, 585868.701771016349085 ], [ 391448.323913646570873, 585881.260190948378295 ] ] ] } },
{ "type": "Feature", "properties": { "osm_id": "108498914", "building_tag": "yes", "name": "", "amenity": "", "area_m2": 185.12 }, "geometry": { "type": "Polygon", "coordinates": [ [ [ 391441.317826882470399, 585890.55767669447232 ], [ 391446.79513849754585, 585883.333203489892185 ], [ 391430.500993202091195, 585871.041857303120196 ], [ 391425.016251949360594, 585878.277595831546932 ], [ 391438.413647663313895, 585888.364282360998914 ], [ 391440.388417808688246, 585889.851789544802159 ], [ 391441.317826882470399, 585890.55767669447232 ] ] ] } },
{ "type": "Feature", "properties": { "osm_id": "108500854", "building_tag": "yes", "name": "Biblioteca Valeriu Bologa, sediu Hașdeu", "amenity": "library", "area_m2": 297.89 }, "geometry": { "type": "Polygon", "coordinates": [ [ [ 391525.018168928509112, 585792.602279362617992 ], [ 391549.901158721593674, 585803.739037988823839 ], [ 391559.733392255147919, 585784.196674948674627 ], [ 391525.018168928509112, 585792.602279362617992 ] ] ] } },
{ "type": "Feature", "properties": { "osm_id": "111716697", "building_tag": "yes", "name": "Biserica Adormirea Maicii Domnului", "amenity": "place_of_worship", "area_m2": 382.97 }, "geometry": { "type": "Polygon", "coordinates": [ [ [ 390691.551590403309092, 585340.435034521506168 ], [ 390692.266848375322297, 585337.742892833077349 ], [ 390685.403690994950011, 585335.921690382878296 ], [ 390687.16359597351402, 585329.319691058131866 ], [ 390692.360764372977428, 585330.693029831629246 ], [ 390692.968704869970679, 585328.403042537625879 ], [ 390719.545625577564351, 585335.425860532326624 ], [ 390721.023335580946878, 585338.556332665262744 ], [ 390720.532604495063424, 585343.523386163520627 ], [ 390718.19274452002719, 585345.522328837658279 ], [ 390714.935163823072799, 585346.626293318695389 ], [ 390691.551590403309092, 585340.435034521506168 ] ] ] } },
{ "type": "Feature", "properties": { "osm_id": "158432331", "building_tag": "yes", "name": "", "amenity": "", "area_m2": 917.18 }, "geometry": { "type": "Polygon", "coordinates": [ [ [ 390564.91231735754991, 585713.925527212093584 ], [ 390565.468940558610484, 585712.181185432709754 ], [ 390568.434972577670123, 585713.127945430926047 ], [ 390571.851881564944051, 585702.282521297456697 ], [ 390568.901521931169555, 585701.357709398842417 ], [ 390569.364708166918717, 585699.937454713392071 ], [ 390556.463097806845326, 585695.813486702390946 ], [ 390555.464234350714833, 585695.498086433042772 ], [ 390554.978945715702139, 585696.963210935587995 ], [ 390546.840513509407174, 585694.309286264935508 ], [ 390547.274154447426554, 585692.945150467567146 ], [ 390533.358373082824983, 585688.506109788198955 ], [ 390532.910669913107995, 585689.937203612644225 ], [ 390524.174107221420854, 585687.160751532413997 ], [ 390524.61517921241466, 585685.785362251917832 ], [ 390510.6844925697078, 585681.368877271888778 ], [ 390510.599879908957519, 585681.337060955818743 ], [ 390510.180512544000521, 585682.645355677581392 ], [ 390507.076182063203305, 585681.656664195237681 ], [ 390507.003842711448669, 585681.880316196824424 ], [ 390503.594874522066675, 585692.736752072582021 ], [ 390503.551672659930773, 585692.882056643487886 ], [ 390506.863610037660692, 585693.944799551856704 ], [ 390506.42294588155346, 585695.342416865518317 ], [ 390509.673180129611865, 585696.372929477132857 ], [ 390513.276935500791296, 585697.519318858976476 ], [ 390520.077057468006387, 585699.674971461645328 ], [ 390520.553692651563324, 585698.154415880213492 ], [ 390529.313354211393744, 585700.941560545237735 ], [ 390528.850177386368159, 585702.361818381585181 ], [ 390532.246918602904771, 585703.467505055246875 ], [ 390535.804842832905706, 585704.614738769247197 ], [ 390542.575206066656392, 585706.815423902240582 ], [ 390543.160759770311415, 585704.981619421392679 ], [ 390551.751377663575113, 585707.716276294086128 ], [ 390551.173660226806533, 585709.561054808436893 ], [ 390554.877285441209096, 585710.739008856937289 ], [ 390558.189001938095316, 585711.790666439803317 ], [ 390564.91231735754991, 585713.925527212093584 ] ] ] } },
{ "type": "Feature", "properties": { "osm_id": "158432941", "building_tag": "yes", "name": "", "amenity": "", "area_m2": 544.28 }, "geometry": { "type": "Polygon", "coordinates": [ [ [ 390565.710605696309358, 585632.379036546335556 ], [ 390544.155111119849607, 585623.309278359054588 ], [ 390541.20670380035881, 585622.073167891823687 ], [ 390539.284559322870336, 585626.45476476487238 ], [ 390534.72930137696676, 585636.876167802838609 ], [ 390538.003500862629153, 585638.384292265633121 ], [ 390551.970330399344675, 585644.790127948974259 ], [ 390552.296556752524339, 585654.355943276081234 ], [ 390560.417510914907325, 585656.04301493242383 ], [ 390560.578456897463184, 585655.228556720074266 ], [ 390565.710605696309358, 585632.379036546335556 ] ] ] } },
{ "type": "Feature", "properties": { "osm_id": "158432950", "building_tag": "apartments", "name": "", "amenity": "", "area_m2": 1120.36 }, "geometry": { "type": "Polygon", "coordinates": [ [ [ 390625.361340711067896, 585607.096286436426453 ], [ 390627.639223244099412, 585600.840619932161644 ], [ 390630.928546368901152, 585591.798500263597816 ], [ 390620.551878683036193, 585588.317900477792136 ], [ 390618.150005437957589, 585594.898208770435303 ], [ 390618.121671696659178, 585595.021009013056755 ], [ 390601.533059498819057, 585589.385136146796867 ], [ 390597.389820772514213, 585587.981662481673993 ], [ 390580.962557354243472, 585582.398505996563472 ], [ 390581.854798983142246, 585579.780958459479734 ], [ 390575.121087049366906, 585577.501743491506204 ], [ 390580.033478730591014, 585564.016730568255298 ], [ 390582.340562105702702, 585564.853155842982233 ], [ 390586.533351077057887, 585553.393366989213973 ], [ 390592.432611009804532, 585555.576548355165869 ], [ 390596.082641063432675, 585545.783034762134776 ], [ 390594.622096031438559, 585545.287005787016824 ], [ 390594.619695378525648, 585545.57609094993677 ], [ 390589.508692439063452, 585543.890002315165475 ], [ 390583.967179914005101, 585542.056083019822836 ], [ 390580.723910598549992, 585540.992051869863644 ], [ 390580.624021874158643, 585540.960511430981569 ], [ 390578.971559367142618, 585545.89305459370371 ], [ 390578.023514879867435, 585545.432208147249185 ], [ 390572.77376882918179, 585561.380191261763684 ], [ 390570.375841678818688, 585560.589884268585593 ], [ 390565.066241597058252, 585576.605662522255443 ], [ 390566.311730923887808, 585577.038880837615579 ], [ 390564.57528182916576, 585581.972951481933706 ], [ 390568.196583580691367, 585583.241343542234972 ], [ 390572.310089775535744, 585584.689804363064468 ], [ 390579.352707629208453, 585587.152405700646341 ], [ 390578.577828983659856, 585589.501018671900965 ], [ 390586.23965596902417, 585591.98575510061346 ], [ 390585.325308619299904, 585594.648170692031272 ], [ 390592.435435606457759, 585597.042861367808655 ], [ 390595.179435932950582, 585597.960308619891293 ], [ 390612.143663014867343, 585603.667176328017376 ], [ 390611.779927952797152, 585604.674296264536679 ], [ 390615.807587247574702, 585606.024288802407682 ], [ 390616.783751690236386, 585606.351227551931515 ], [ 390617.47464840131579, 585604.426586930407211 ], [ 390625.361340711067896, 585607.096286436426453 ] ] ] } },
{ "type": "Feature", "properties": { "osm_id": "158432958", "building_tag": "apartments", "name": "", "amenity": "", "area_m2": 763.8 }, "geometry": { "type": "Polygon", "coordinates": [ [ [ 390554.197847556206398, 585789.559703471604735 ], [ 390572.691317041928414, 585733.839564415276982 ], [ 390570.823635047418065, 585733.217518545687199 ], [ 390571.040859501925297, 585732.557678128825501 ], [ 390562.725218729232438, 585729.818009703885764 ], [ 390562.500358038814738, 585730.477988877915777 ], [ 390560.502038547885604, 585729.813846529461443 ], [ 390558.068171928985976, 585737.15072001318913 ], [ 390557.184409722976852, 585739.812587294960395 ], [ 390551.925459353078622, 585755.660716674639843 ], [ 390551.056372380757239, 585758.288968065171503 ], [ 390545.732149090792518, 585774.327276871888898 ], [ 390544.928173332067672, 585776.754242885042913 ], [ 390542.016101834888104, 585785.52277127886191 ], [ 390543.145787191577256, 585785.891381867812015 ], [ 390543.008342613000423, 585786.316319966339506 ], [ 390552.561122385144699, 585789.455974932410754 ], [ 390552.683898137649521, 585789.064654011628591 ], [ 390554.197847556206398, 585789.559703471604735 ] ] ] } },
{ "type": "Feature", "properties": { "osm_id": "158432964", "building_tag": "yes", "name": "", "amenity": "", "area_m2": 202.26 }, "geometry": { "type": "Polygon", "coordinates": [ [ [ 390565.710605696309358, 585632.379036546335556 ], [ 390560.578456897463184, 585655.228556720074266 ], [ 390566.336699058825616, 585656.380387220880948 ], [ 390570.447064773412421, 585637.429224356659688 ], [ 390571.47870140633313, 585637.866320088040084 ], [ 390573.788175750523806, 585638.836102106026374 ], [ 390580.078078843303956, 585641.501336279674433 ], [ 390581.569528328196611, 585636.53835897683166 ], [ 390566.659918843244668, 585629.960557269398123 ], [ 390565.710605696309358, 585632.379036546335556 ] ] ] } },
{ "type": "Feature", "properties": { "osm_id": "158478989", "building_tag": "yes", "name": "", "amenity": "", "area_m2": 50.05 }, "geometry": { "type": "Polygon", "coordinates": [ [ [ 390593.304740310064517, 585650.066261456697248 ], [ 390588.570494277810212, 585649.351642330526374 ], [ 390590.039052971522324, 585639.753297271672636 ], [ 390596.125161793781444, 585642.555645433603786 ], [ 390593.304740310064517, 585650.066261456697248 ] ] ] } },
{ "type": "Feature", "properties": { "osm_id": "158478991", "building_tag": "garage", "name": "", "amenity": "", "area_m2": 125.3 }, "geometry": { "type": "Polygon", "coordinates": [ [ [ 390618.560402915696613, 585736.86584128451068 ], [ 390640.9163937876001, 585743.76465576083865 ], [ 390642.504527704557404, 585738.655420316965319 ], [ 390620.140681784134358, 585731.745624960050918 ], [ 390618.560402915696613, 585736.86584128451068 ] ] ] } },
{ "type": "Feature", "properties": { "osm_id": "158478992", "building_tag": "yes", "name": "", "amenity": "", "area_m2": 50.87 }, "geometry": { "type": "Polygon", "coordinates": [ [ [ 390585.665017472114414, 585670.293128713383339 ], [ 390590.605046458484139, 585670.981781532987952 ], [ 390591.997012261243071, 585660.95126189594157 ], [ 390587.069832419103477, 585660.128970976453274 ], [ 390585.665017472114414, 585670.293128713383339 ] ] ] } },
{ "type": "Feature", "properties": { "osm_id": "158478993", "building_tag": "yes", "name": "", "amenity": "", "area_m2": 24.92 }, "geometry": { "type": "Polygon", "coordinates": [ [ [ 390617.684129428176675, 585736.147997952532023 ], [ 390619.210143127478659, 585730.984296706388704 ], [ 390614.861207434674725, 585729.606774351093918 ], [ 390613.172604422899894, 585734.651136108441278 ], [ 390617.684129428176675, 585736.147997952532023 ] ] ] } },
{ "type": "Feature", "properties": { "osm_id": "158478995", "building_tag": "yes", "name": "", "amenity": "", "area_m2": 88.21 }, "geometry": { "type": "Polygon", "coordinates": [ [ [ 390598.598487262031995, 585671.114836120395921 ], [ 390595.695970350934658, 585670.72275943052955 ], [ 390598.598411536950152, 585648.34724210051354 ], [ 390603.444426203728653, 585649.749096921179444 ], [ 390598.598487262031995, 585671.114836120395921 ] ] ] } },
{ "type": "Feature", "properties": { "osm_id": "158478997", "building_tag": "yes", "name": "", "amenity": "", "area_m2": 17.29 }, "geometry": { "type": "Polygon", "coordinates": [ [ [ 390582.509376437345054, 585643.291570686269552 ], [ 390579.729021576524246, 585642.474841429502703 ], [ 390580.078078843303956, 585641.501336279674433 ], [ 390581.569528328196611, 585636.53835897683166 ], [ 390584.217654281528667, 585637.646527543431148 ], [ 390582.509376437345054, 585643.291570686269552 ] ] ] } },
{ "type": "Feature", "properties": { "osm_id": "158478998", "building_tag": "yes", "name": "", "amenity": "", "area_m2": 61.29 }, "geometry": { "type": "Polygon", "coordinates": [ [ [ 390597.74929385993164, 585690.017993133165874 ], [ 390586.523179461830296, 585689.821244907216169 ], [ 390586.528054106689524, 585695.991086846450344 ], [ 390590.989511478052009, 585695.988043179968372 ], [ 390591.017407338717021, 585694.99812535836827 ], [ 390597.671711106435396, 585695.010928128380328 ], [ 390597.74929385993164, 585690.017993133165874 ] ] ] } },
{ "type": "Feature", "properties": { "osm_id": "158479000", "building_tag": "yes", "name": "", "amenity": "", "area_m2": 73.09 }, "geometry": { "type": "Polygon", "coordinates": [ [ [ 390597.74929385993164, 585690.017993133165874 ], [ 390597.44871417345712, 585686.921800153679214 ], [ 390594.808080968563445, 585686.647264795377851 ], [ 390595.211319810245186, 585683.605018136557192 ], [ 390585.809213087777607, 585682.463620360125788 ], [ 390585.361739726853557, 585689.808945196680725 ], [ 390586.523179461830296, 585689.821244907216169 ], [ 390597.74929385993164, 585690.017993133165874 ] ] ] } },
{ "type": "Feature", "properties": { "osm_id": "158479002", "building_tag": "yes", "name": "", "amenity": "", "area_m2": 155.73 }, "geometry": { "type": "Polygon", "coordinates": [ [ [ 390598.301696585956961, 585672.443136703921482 ], [ 390598.598487262031995, 585671.114836120395921 ], [ 390603.444426203728653, 585649.749096921179444 ], [ 390611.785266694612801, 585652.188207790954039 ], [ 390610.87962433177745, 585656.595829466707073 ], [ 390608.319764795247465, 585656.141952382633463 ], [ 390604.707053543068469, 585673.472105632536113 ], [ 390598.301696585956961, 585672.443136703921482 ] ] ] } },
{ "type": "Feature", "properties": { "osm_id": "158479124", "building_tag": "yes", "name": "", "amenity": "", "area_m2": 28.6 }, "geometry": { "type": "Polygon", "coordinates": [ [ [ 390556.836569019244052, 585675.117992209037766 ], [ 390562.630340651143342, 585675.70220802212134 ], [ 390563.495945824775845, 585671.195250793593004 ], [ 390557.78976636112202, 585669.964660478406586 ], [ 390556.836569019244052, 585675.117992209037766 ] ] ] } },
{ "type": "Feature", "properties": { "osm_id": "158479125", "building_tag": "yes", "name": "", "amenity": "", "area_m2": 44.15 }, "geometry": { "type": "Polygon", "coordinates": [ [ [ 390555.578743804071564, 585655.041274744435214 ], [ 390560.417510914907325, 585656.04301493242383 ], [ 390558.799226867733523, 585664.543501181062311 ], [ 390553.759099985240027, 585663.812220967025496 ], [ 390555.578743804071564, 585655.041274744435214 ] ] ] } },
{ "type": "Feature", "properties": { "osm_id": "158479126", "building_tag": "yes", "name": "", "amenity": "", "area_m2": 55.36 }, "geometry": { "type": "Polygon", "coordinates": [ [ [ 390551.753448941395618, 585674.543131226790138 ], [ 390552.627301626780536, 585674.705159583361819 ], [ 390556.836569019244052, 585675.117992209037766 ], [ 390557.78976636112202, 585669.964660478406586 ], [ 390558.799226867733523, 585664.543501181062311 ], [ 390553.759099985240027, 585663.812220967025496 ], [ 390551.753448941395618, 585674.543131226790138 ] ] ] } },
{ "type": "Feature", "properties": { "osm_id": "158479127", "building_tag": "yes", "name": "", "amenity": "", "area_m2": 88.2 }, "geometry": { "type": "Polygon", "coordinates": [ [ [ 390563.495945824775845, 585671.195250793593004 ], [ 390566.336699058825616, 585656.380387220880948 ], [ 390560.578456897463184, 585655.228556720074266 ], [ 390560.417510914907325, 585656.04301493242383 ], [ 390558.799226867733523, 585664.543501181062311 ], [ 390557.78976636112202, 585669.964660478406586 ], [ 390563.495945824775845, 585671.195250793593004 ] ] ] } },
{ "type": "Feature", "properties": { "osm_id": "158479128", "building_tag": "yes", "name": "", "amenity": "", "area_m2": 126.01 }, "geometry": { "type": "Polygon", "coordinates": [ [ [ 390552.627301626780536, 585674.705159583361819 ], [ 390556.836569019244052, 585675.117992209037766 ], [ 390562.630340651143342, 585675.70220802212134 ], [ 390574.791870711720549, 585676.926953511429019 ], [ 390574.412668498349376, 585682.559025104506873 ], [ 390552.071660796762444, 585680.295964044635184 ], [ 390552.627301626780536, 585674.705159583361819 ] ] ] } },
{ "type": "Feature", "properties": { "osm_id": "158479129", "building_tag": "yes", "name": "", "amenity": "", "area_m2": 158.23 }, "geometry": { "type": "Polygon", "coordinates": [ [ [ 390551.482470184913836, 585686.143067791010253 ], [ 390552.071660796762444, 585680.295964044635184 ], [ 390574.412668498349376, 585682.559025104506873 ], [ 390573.608371788694058, 585692.134217753075063 ], [ 390566.270719560328871, 585691.511277779587545 ], [ 390566.530066649313085, 585688.960784978233278 ], [ 390567.823553088179324, 585689.092974229017273 ], [ 390567.929812106420286, 585687.79035985772498 ], [ 390551.482470184913836, 585686.143067791010253 ] ] ] } },
{ "type": "Feature", "properties": { "osm_id": "158487887", "building_tag": "garage", "name": "", "amenity": "", "area_m2": 77.88 }, "geometry": { "type": "Polygon", "coordinates": [ [ [ 390607.714487554330844, 585564.982502057449892 ], [ 390613.671805412566755, 585566.997896845336072 ], [ 390617.546288949495647, 585555.25485700124409 ], [ 390611.588558338698931, 585553.217231698567048 ], [ 390607.714487554330844, 585564.982502057449892 ] ] ] } },
{ "type": "Feature", "properties": { "osm_id": "158487891", "building_tag": "garage", "name": "", "amenity": "", "area_m2": 69.66 }, "geometry": { "type": "Polygon", "coordinates": [ [ [ 390613.940331670455635, 585567.482178552774712 ], [ 390619.878343161719386, 585569.275589461321943 ], [ 390623.421055342652835, 585558.616912553086877 ], [ 390617.467961552436464, 585556.8348882420687 ], [ 390613.940331670455635, 585567.482178552774712 ] ] ] } },
{ "type": "Feature", "properties": { "osm_id": "158487892", "building_tag": "garage", "name": "", "amenity": "", "area_m2": 28.52 }, "geometry": { "type": "Polygon", "coordinates": [ [ [ 390624.163055872661062, 585575.95708379149437 ], [ 390626.010503247845918, 585571.24336030264385 ], [ 390631.300954039266799, 585573.137450682697818 ], [ 390629.453905920614488, 585577.873399226693437 ], [ 390624.163055872661062, 585575.95708379149437 ] ] ] } },
{ "type": "Feature", "properties": { "osm_id": "188111236", "building_tag": "office", "name": "", "amenity": "", "area_m2": 224.17 }, "geometry": { "type": "Polygon", "coordinates": [ [ [ 390572.399243172374554, 585511.216015719459392 ], [ 390580.747256804257631, 585497.179584681522101 ], [ 390592.312431799713522, 585503.840272062690929 ], [ 390583.186438844888471, 585518.791263536899351 ], [ 390572.399243172374554, 585511.216015719459392 ] ] ] } },
{ "type": "Feature", "properties": { "osm_id": "188111237", "building_tag": "apartments", "name": "", "amenity": "", "area_m2": 493.61 }, "geometry": { "type": "Polygon", "coordinates": [ [ [ 390545.261994878877886, 585461.459200337529182 ], [ 390552.245667946175672, 585441.277541706105694 ], [ 390574.095142632315401, 585448.407656825147569 ], [ 390567.107395460596308, 585468.789468521717936 ], [ 390545.261994878877886, 585461.459200337529182 ] ] ] } },
{ "type": "Feature", "properties": { "osm_id": "202403475", "building_tag": "apartments", "name": "", "amenity": "", "area_m2": 558.37 }, "geometry": { "type": "Polygon", "coordinates": [ [ [ 391371.547734635532834, 585116.972680246457458 ], [ 391366.054578733572271, 585123.352588828653097 ], [ 391364.910394462291151, 585124.729443300515413 ], [ 391363.509997172455769, 585123.33167399908416 ], [ 391350.72373385069659, 585112.48929428239353 ], [ 391352.319985503796488, 585110.759676737012342 ], [ 391323.810374855645932, 585086.782183339353651 ], [ 391330.274837467353791, 585079.184124501305632 ], [ 391358.605986817623489, 585103.009222390479408 ], [ 391357.17212505300995, 585104.84708529850468 ], [ 391371.547734635532834, 585116.972680246457458 ] ] ] } },
{ "type": "Feature", "properties": { "osm_id": "202403477", "building_tag": "apartments", "name": "", "amenity": "", "area_m2": 364.33 }, "geometry": { "type": "Polygon", "coordinates": [ [ [ 391254.179088816046715, 585120.853192078415304 ], [ 391252.64150250935927, 585128.80726751149632 ], [ 391251.054660139488988, 585136.995686651091091 ], [ 391239.544725973391905, 585134.668359621660784 ], [ 391241.614886996103451, 585124.470180739299394 ], [ 391235.918391861137934, 585123.372171455295756 ], [ 391226.435213032411411, 585121.586437757010572 ], [ 391228.728714503115043, 585110.639395318226889 ], [ 391236.456447194854263, 585112.101014958694577 ], [ 391244.053732788190246, 585113.531643396476284 ], [ 391243.095209892198909, 585118.851691775256768 ], [ 391254.179088816046715, 585120.853192078415304 ] ] ] } },
{ "type": "Feature", "properties": { "osm_id": "202403478", "building_tag": "yes", "name": "", "amenity": "", "area_m2": 114.62 }, "geometry": { "type": "Polygon", "coordinates": [ [ [ 391570.695289609138854, 585150.389896016335115 ], [ 391554.263649993925355, 585150.951835207059048 ], [ 391553.849760404031258, 585141.52099716803059 ], [ 391558.842858028132468, 585141.320140705793165 ], [ 391558.883736725838389, 585142.319930011755787 ], [ 391561.380285209510475, 585142.219503344385885 ], [ 391561.495282272924669, 585145.219008506159298 ], [ 391567.481284884852357, 585145.000325225526467 ], [ 391567.522162155481055, 585146.00011458771769 ], [ 391570.522601228265557, 585145.879524670192041 ], [ 391570.695289609138854, 585150.389896016335115 ] ] ] } },
{ "type": "Feature", "properties": { "osm_id": "202403479", "building_tag": "apartments", "name": "", "amenity": "", "area_m2": 524.03 }, "geometry": { "type": "Polygon", "coordinates": [ [ [ 391528.18552545690909, 584828.48475754482206 ], [ 391526.114858058630489, 584839.538827057578601 ], [ 391528.115799912833609, 584839.914204690023325 ], [ 391537.391887594014406, 584841.637437838711776 ], [ 391536.701394277042709, 584845.307308817398734 ], [ 391535.586495262919925, 584852.998012538650073 ], [ 391531.154284886608366, 584853.811353039462119 ], [ 391513.871663313882891, 584850.431044630939141 ], [ 391516.088176913210191, 584839.841260120505467 ], [ 391505.409706526144873, 584837.887569952872582 ], [ 391508.95569899136899, 584825.172795130871236 ], [ 391515.359769595088437, 584826.091599344857968 ], [ 391528.18552545690909, 584828.48475754482206 ] ] ] } },
{ "type": "Feature", "properties": { "osm_id": "202403480", "building_tag": "apartments", "name": "", "amenity": "", "area_m2": 339.08 }, "geometry": { "type": "Polygon", "coordinates": [ [ [ 391421.721630644169636, 584958.098523260792717 ], [ 391418.647102645307314, 584982.144150382489897 ], [ 391403.641560392687097, 584980.035010229912587 ], [ 391405.22635544167133, 584968.745054197264835 ], [ 391406.389645570947323, 584961.6315291991923 ], [ 391409.501261977595277, 584962.164760963991284 ], [ 391409.926845747162588, 584959.489043305860832 ], [ 391411.49763055233052, 584959.738715155865066 ], [ 391411.894704886886757, 584956.752236394328065 ], [ 391416.390798516746145, 584957.371740933391266 ], [ 391420.817749496840406, 584957.970258373883553 ], [ 391421.721630644169636, 584958.098523260792717 ] ] ] } },
{ "type": "Feature", "properties": { "osm_id": "202403481", "building_tag": "yes", "name": "", "amenity": "", "area_m2": 116.02 }, "geometry": { "type": "Polygon", "coordinates": [ [ [ 391399.96444290241925, 584895.390144960256293 ], [ 391399.694143857690506, 584896.929143002256751 ], [ 391399.218984419188928, 584896.848754324018955 ], [ 391394.060172706376761, 584895.918791447766125 ], [ 391394.359023607743438, 584894.26811024278868 ], [ 391393.42358046816662, 584894.084832302411087 ], [ 391395.674299026257358, 584882.860716341412626 ], [ 391396.438600349414628, 584879.900982355698943 ], [ 391401.745547263184562, 584880.995037023560144 ], [ 391401.567588041070849, 584881.720838248496875 ], [ 391403.461391753167845, 584882.086984661291353 ], [ 391400.769838525855448, 584895.564646121230908 ], [ 391399.96444290241925, 584895.390144960256293 ] ] ] } },
{ "type": "Feature", "properties": { "osm_id": "202403482", "building_tag": "yes", "name": "", "amenity": "", "area_m2": 135.43 }, "geometry": { "type": "Polygon", "coordinates": [ [ [ 391395.970370702503715, 584946.044017437263392 ], [ 391395.039269010943826, 584952.897678343928419 ], [ 391389.289338152564596, 584952.234043161850423 ], [ 391390.220674597017933, 584944.969050561776385 ], [ 391386.897182430257089, 584944.550809290725738 ], [ 391387.278770046657883, 584941.553490416146815 ], [ 391384.452946174191311, 584941.192999322316609 ], [ 391384.901316606090404, 584937.660866219317541 ], [ 391400.056532984250225, 584939.58939943020232 ], [ 391399.714769997808617, 584942.252493075444363 ], [ 391399.595676490396727, 584943.277392813470215 ], [ 391399.164215091790538, 584946.475712613202631 ], [ 391395.970370702503715, 584946.044017437263392 ] ] ] } },
{ "type": "Feature", "properties": { "osm_id": "202403484", "building_tag": "apartments", "name": "", "amenity": "", "area_m2": 245.11 }, "geometry": { "type": "Polygon", "coordinates": [ [ [ 391522.999452728545293, 585008.049542904598638 ], [ 391521.663708768843208, 585017.478462301311083 ], [ 391516.432036183250602, 585016.738694781553932 ], [ 391516.214381086232606, 585018.232273861183785 ], [ 391505.544411085080355, 585016.734231950715184 ], [ 391505.754625417350326, 585015.251903058146127 ], [ 391500.101864474709146, 585014.46413192502223 ], [ 391501.55623664369341, 585004.410527238040231 ], [ 391507.263071324327029, 585005.230679038097151 ], [ 391507.433050707099028, 585004.060347235645168 ], [ 391517.652404485852458, 585005.566489672521129 ], [ 391517.4075915045687, 585007.24954437231645 ], [ 391522.999452728545293, 585008.049542904598638 ] ] ] } },
{ "type": "Feature", "properties": { "osm_id": "202403492", "building_tag": "apartments", "name": "", "amenity": "", "area_m2": 251.58 }, "geometry": { "type": "Polygon", "coordinates": [ [ [ 391500.101864474709146, 585014.46413192502223 ], [ 391494.066207273688633, 585013.627662794315256 ], [ 391493.788404626015108, 585015.600351673783734 ], [ 391483.317608583485708, 585014.132119946298189 ], [ 391483.596606403996702, 585012.226110591203906 ], [ 391478.7241059334483, 585011.491036748979241 ], [ 391480.108056898461655, 585001.772199707222171 ], [ 391485.454915857466403, 585002.543216726160608 ], [ 391485.707557911402546, 585000.871136739035137 ], [ 391495.674272398231551, 585002.348432296770625 ], [ 391495.504694669623859, 585003.540991118294187 ], [ 391501.55623664369341, 585004.410527238040231 ], [ 391500.101864474709146, 585014.46413192502223 ] ] ] } },
{ "type": "Feature", "properties": { "osm_id": "202403495", "building_tag": "apartments", "name": "Bl. F III", "amenity": "", "area_m2": 745.59 }, "geometry": { "type": "Polygon", "coordinates": [ [ [ 391190.831904237449635, 585014.34917473688256 ], [ 391183.535354999883566, 585022.829502527951263 ], [ 391170.503940786700696, 585011.98079436016269 ], [ 391169.291437195846811, 585013.381151407025754 ], [ 391143.684719820506871, 584991.986872596200556 ], [ 391148.169913735240698, 584986.492055448354222 ], [ 391139.705854000756517, 584979.374179396778345 ], [ 391149.740820141858421, 584967.253656127490103 ], [ 391158.534719282295555, 584974.443418596172705 ], [ 391151.073510199785233, 584983.538184806937352 ], [ 391176.75661439896794, 585004.931117834057659 ], [ 391177.96168383245822, 585003.54201334156096 ], [ 391190.831904237449635, 585014.34917473688256 ] ] ] } },
{ "type": "Feature", "properties": { "osm_id": "202403496", "building_tag": "apartments", "name": "", "amenity": "", "area_m2": 722.3 }, "geometry": { "type": "Polygon", "coordinates": [ [ [ 391239.415683000697754, 585058.797552812495269 ], [ 391241.503805844928138, 585056.380911715212278 ], [ 391254.799687969963998, 585067.502928342437372 ], [ 391247.544710878049955, 585076.171418676618487 ], [ 391234.496848543640226, 585065.245054720900953 ], [ 391233.167942119005602, 585066.969887384911999 ], [ 391207.525489282677881, 585045.687160160159692 ], [ 391211.945961918449029, 585040.415895069018006 ], [ 391203.304578142357059, 585033.201075564487837 ], [ 391213.490731159516145, 585020.988997358712368 ], [ 391222.10417056287406, 585028.348855019081384 ], [ 391214.395922316354699, 585037.303474375163205 ], [ 391239.415683000697754, 585058.797552812495269 ] ] ] } },
{ "type": "Feature", "properties": { "osm_id": "202403498", "building_tag": "apartments", "name": "Bl. H V", "amenity": "", "area_m2": 716.93 }, "geometry": { "type": "Polygon", "coordinates": [ [ [ 391316.856139953597449, 584989.5007657391252 ], [ 391324.777099730446935, 584980.04219279170502 ], [ 391333.341427571722306, 584987.225219103507698 ], [ 391323.183929446153343, 584999.347635325510055 ], [ 391314.462009562470485, 584992.323097301530652 ], [ 391311.02294140891172, 584996.942950697266497 ], [ 391281.97815406153677, 584973.408838545437902 ], [ 391283.517157016263809, 584971.469013010035269 ], [ 391268.873470207385253, 584959.759772974066436 ], [ 391275.267465044045821, 584952.062876302748919 ], [ 391289.872566909412853, 584963.750592609867454 ], [ 391287.912636417837348, 584966.0759713628795 ], [ 391316.856139953597449, 584989.5007657391252 ] ] ] } },
{ "type": "Feature", "properties": { "osm_id": "202403501", "building_tag": "apartments", "name": "", "amenity": "", "area_m2": 744.19 }, "geometry": { "type": "Polygon", "coordinates": [ [ [ 391300.643784191866871, 585107.509885382372886 ], [ 391313.650845817348454, 585118.303719050949439 ], [ 391309.738676687993575, 585123.37677113711834 ], [ 391306.790579180582426, 585127.254073656979017 ], [ 391302.205221072013956, 585123.367880005505867 ], [ 391293.42478122015018, 585116.055387125816196 ], [ 391292.130657310714014, 585117.590592658030801 ], [ 391266.262324750190601, 585096.044884999515489 ], [ 391270.846837985736784, 585090.548369430471212 ], [ 391262.253224044514354, 585083.432660582708195 ], [ 391272.165642602834851, 585071.292312189470977 ], [ 391280.829202434746549, 585078.47347711911425 ], [ 391273.52150586299831, 585087.609796774690039 ], [ 391299.265640747616999, 585109.046601979411207 ], [ 391300.643784191866871, 585107.509885382372886 ] ] ] } },
{ "type": "Feature", "properties": { "osm_id": "202403503", "building_tag": "yes", "name": "", "amenity": "", "area_m2": 279.39 }, "geometry": { "type": "Polygon", "coordinates": [ [ [ 391390.220674597017933, 584944.969050561776385 ], [ 391389.289338152564596, 584952.234043161850423 ], [ 391375.143365055380855, 584950.342964494018815 ], [ 391375.07110364100663, 584951.422606932697818 ], [ 391364.65522873896407, 584950.042524605290964 ], [ 391365.613010011613369, 584943.399599854135886 ], [ 391370.75994956883369, 584944.09629569388926 ], [ 391370.889075614453759, 584943.204617929179221 ], [ 391371.648756376875099, 584935.742605783045292 ], [ 391384.901316606090404, 584937.660866219317541 ], [ 391384.452946174191311, 584941.192999322316609 ], [ 391387.278770046657883, 584941.553490416146815 ], [ 391386.897182430257089, 584944.550809290725738 ], [ 391390.220674597017933, 584944.969050561776385 ] ] ] } },
{ "type": "Feature", "properties": { "osm_id": "202403505", "building_tag": "yes", "name": "Biserica Sf. Familie", "amenity": "place_of_worship", "area_m2": 472.15 }, "geometry": { "type": "Polygon", "coordinates": [ [ [ 391373.809595666069072, 585219.752544050454162 ], [ 391367.91894429223612, 585241.82560995395761 ], [ 391366.015012473159004, 585241.315139198908582 ], [ 391365.471347920538392, 585243.370439092162997 ], [ 391352.228833919449244, 585239.851216506096534 ], [ 391353.645286989805754, 585234.500710789696313 ], [ 391350.889373110199813, 585233.772121417918243 ], [ 391355.809484040888492, 585215.084936396102421 ], [ 391358.450040738622192, 585215.771136302035302 ], [ 391359.107309103594162, 585213.235763184726238 ], [ 391363.467103041475639, 585214.357939044944942 ], [ 391363.717023335047998, 585213.386268092319369 ], [ 391368.368447384913452, 585214.581018333439715 ], [ 391367.415344887587707, 585216.810439216904342 ], [ 391370.759208409115672, 585219.218231915147044 ], [ 391373.809595666069072, 585219.752544050454162 ] ] ] } },
{ "type": "Feature", "properties": { "osm_id": "202403511", "building_tag": "apartments", "name": "Bl. II J", "amenity": "", "area_m2": 920.47 }, "geometry": { "type": "Polygon", "coordinates": [ [ [ 391294.74006218300201, 584864.47766561654862 ], [ 391285.035936825152021, 584858.504725424922071 ], [ 391281.308661521004979, 584864.519398763193749 ], [ 391238.968358329089824, 584838.434550813166425 ], [ 391242.718123540864326, 584832.397212159703486 ], [ 391232.750993964553345, 584826.251220182632096 ], [ 391241.015047650027554, 584812.928787216427736 ], [ 391250.874054461659398, 584819.010038774576969 ], [ 391244.79294933116762, 584828.813537178793922 ], [ 391287.310969664831646, 584855.006395763484761 ], [ 391291.364930479147006, 584848.463348844787106 ], [ 391293.436342452943791, 584845.113208043738268 ], [ 391299.068968541105278, 584848.591450514039025 ], [ 391303.071136690909043, 584851.054059199406765 ], [ 391294.74006218300201, 584864.47766561654862 ] ] ] } },
{ "type": "Feature", "properties": { "osm_id": "202403513", "building_tag": "yes", "name": "", "amenity": "", "area_m2": 755.46 }, "geometry": { "type": "Polygon", "coordinates": [ [ [ 391391.009122455492616, 584845.236013679066673 ], [ 391390.408018131216522, 584848.348449361044914 ], [ 391388.029961935360916, 584860.564263419248164 ], [ 391376.958537654718384, 584858.428880807827227 ], [ 391378.853726523811929, 584848.678589954506606 ], [ 391343.231777693144977, 584841.804500730708241 ], [ 391341.386110155435745, 584851.331574181560427 ], [ 391330.429822432866786, 584849.22755465679802 ], [ 391330.576221676834393, 584848.446734576835297 ], [ 391333.436596999585163, 584833.743139360682108 ], [ 391344.607779410784133, 584835.89888235507533 ], [ 391345.579685016942676, 584830.889890799880959 ], [ 391380.925721721490845, 584837.713374242535792 ], [ 391379.884004669787828, 584843.090474022668786 ], [ 391391.009122455492616, 584845.236013679066673 ] ] ] } },
{ "type": "Feature", "properties": { "osm_id": "202403517", "building_tag": "apartments", "name": "", "amenity": "", "area_m2": 933.82 }, "geometry": { "type": "Polygon", "coordinates": [ [ [ 391524.864219972514547, 585183.274419711669907 ], [ 391508.0548284673132, 585183.643169449642301 ], [ 391507.803499364235904, 585172.208362915902399 ], [ 391524.78639375930652, 585171.714209645288065 ], [ 391524.547127498139162, 585160.52375932619907 ], [ 391523.546584300172981, 585160.541736745275557 ], [ 391523.124009088845924, 585142.551019042730331 ], [ 391523.971600443997886, 585142.524672878324054 ], [ 391523.764033060928341, 585135.224579320289195 ], [ 391523.455976501165424, 585124.457809381303377 ], [ 391512.412345930759329, 585124.689597786287777 ], [ 391512.295561561419163, 585112.663178076269105 ], [ 391527.724107208894566, 585112.397073092055507 ], [ 391527.693346994114108, 585124.292740059550852 ], [ 391534.444545649341308, 585124.138094952097163 ], [ 391534.945010195893701, 585142.638791128178127 ], [ 391534.07430591841694, 585142.654434068361297 ], [ 391534.876264135702513, 585176.235389116336592 ], [ 391524.719302176148631, 585176.484578547184356 ], [ 391524.864219972514547, 585183.274419711669907 ] ] ] } },
{ "type": "Feature", "properties": { "osm_id": "202403519", "building_tag": "apartments", "name": "Bl. I 3", "amenity": "", "area_m2": 310.09 }, "geometry": { "type": "Polygon", "coordinates": [ [ [ 391283.300759858160745, 584900.046599567052908 ], [ 391281.891546303872019, 584907.498086784849875 ], [ 391279.100887550855987, 584906.970257143722847 ], [ 391278.443746628588997, 584910.361638553906232 ], [ 391274.870605217118282, 584909.658913356834091 ], [ 391274.164036412199493, 584912.851080580381677 ], [ 391266.776771920733154, 584911.216521603637375 ], [ 391267.41316086309962, 584908.370242298697121 ], [ 391263.695894493896049, 584907.725703872856684 ], [ 391264.281683102250099, 584904.19108553789556 ], [ 391261.521573333069682, 584903.662713760510087 ], [ 391262.980827012564987, 584896.021332139382139 ], [ 391266.131882685702294, 584896.620482578524388 ], [ 391266.779979517916217, 584893.151444148039445 ], [ 391270.393523502454627, 584893.975723504088819 ], [ 391271.108131319400854, 584890.805645110667683 ], [ 391278.219848098582588, 584892.411820926354267 ], [ 391277.582251364015974, 584895.191418935544789 ], [ 391281.30332583875861, 584896.047119214548729 ], [ 391280.69040970725473, 584899.3487684027059 ], [ 391283.300759858160745, 584900.046599567052908 ] ] ] } },
{ "type": "Feature", "properties": { "osm_id": "202403521", "building_tag": "apartments", "name": "", "amenity": "", "area_m2": 937.2 }, "geometry": { "type": "Polygon", "coordinates": [ [ [ 391331.249183677311521, 585215.237926187459379 ], [ 391333.257253681542352, 585215.59087464096956 ], [ 391331.566695511806756, 585225.237458543037064 ], [ 391330.368806042533834, 585232.118173598777503 ], [ 391319.684916714380961, 585230.253858731244691 ], [ 391322.591048028320074, 585213.43719520396553 ], [ 391320.460373764450196, 585213.064223440480419 ], [ 391323.516942328889854, 585195.266562478034757 ], [ 391313.59995659685228, 585193.566322910948656 ], [ 391313.309984157560393, 585195.283552211825736 ], [ 391295.269224362913519, 585192.184342614375055 ], [ 391293.561808429309167, 585202.164749756222591 ], [ 391282.75585070240777, 585200.313813506625593 ], [ 391284.125424717669375, 585192.362770226900466 ], [ 391285.446141614404041, 585184.668296977528371 ], [ 391296.33654107071925, 585186.53995213075541 ], [ 391297.235396197880618, 585181.298805085243657 ], [ 391306.140828310104553, 585182.828242115443572 ], [ 391315.199409851513337, 585184.377168991719373 ], [ 391315.523170597094577, 585182.414758887607604 ], [ 391324.053147818485741, 585183.884279540739954 ], [ 391330.989076974743512, 585185.082346901064739 ], [ 391329.08794857095927, 585196.189040062250569 ], [ 391334.36832070001401, 585197.09452002053149 ], [ 391332.977969628176652, 585205.168210670002736 ], [ 391331.249183677311521, 585215.237926187459379 ] ] ] } },
{ "type": "Feature", "properties": { "osm_id": "202403523", "building_tag": "yes", "name": "", "amenity": "", "area_m2": 893.68 }, "geometry": { "type": "Polygon", "coordinates": [ [ [ 391458.314496901875827, 584962.498760841903277 ], [ 391454.354869386763312, 584961.96963291533757 ], [ 391454.496685796941165, 584960.933208985603414 ], [ 391439.607874026987702, 584958.944166293134913 ], [ 391439.142199648485985, 584962.365436607389711 ], [ 391435.304977656458504, 584961.845237076049671 ], [ 391435.777288750745356, 584958.36826243379619 ], [ 391421.026147085998673, 584956.387906602001749 ], [ 391420.817749496840406, 584957.970258373883553 ], [ 391416.390798516746145, 584957.371740933391266 ], [ 391416.606832972727716, 584955.789251628797501 ], [ 391407.538662234612275, 584954.573846006649546 ], [ 391399.619385511032306, 584953.515659116092138 ], [ 391395.039269010943826, 584952.897678343928419 ], [ 391395.970370702503715, 584946.044017437263392 ], [ 391399.164215091790538, 584946.475712613202631 ], [ 391399.595676490396727, 584943.277392813470215 ], [ 391401.188780314056203, 584943.493309846613556 ], [ 391402.437174113932997, 584943.659842876950279 ], [ 391402.970214694389142, 584939.737095864140429 ], [ 391403.705463006393984, 584939.835040497244336 ], [ 391404.693365433253348, 584939.961791651789099 ], [ 391405.941759842215106, 584940.128325406345539 ], [ 391407.48119823896559, 584940.334092423319817 ], [ 391408.170618309522979, 584940.432861856068484 ], [ 391415.837256257771514, 584941.462253130623139 ], [ 391460.351255458488595, 584947.443175882799551 ], [ 391459.933040564297698, 584950.530083148623817 ], [ 391458.867488492978737, 584958.408906868193299 ], [ 391458.314496901875827, 584962.498760841903277 ] ] ] } },
{ "type": "Feature", "properties": { "osm_id": "202403525", "building_tag": "yes", "name": "", "amenity": "", "area_m2": 142.19 }, "geometry": { "type": "Polygon", "coordinates": [ [ [ 391430.046368558600079, 584902.675452054943889 ], [ 391431.817933558020741, 584905.167138390243053 ], [ 391431.61821224616142, 584906.382474835962057 ], [ 391451.772144228685647, 584910.53357573854737 ], [ 391455.718694536015391, 584907.783444594941102 ], [ 391458.200816380907781, 584908.150148123619147 ], [ 391460.681323209952097, 584912.252168900566176 ], [ 391473.814242257853039, 584914.73973864025902 ], [ 391473.646710322704166, 584915.62098714360036 ], [ 391403.881938908132724, 584901.645214442163706 ], [ 391399.204330101259984, 584900.706592197762802 ], [ 391399.218984419188928, 584896.848754324018955 ], [ 391399.694143857690506, 584896.929143002256751 ], [ 391399.96444290241925, 584895.390144960256293 ], [ 391400.769838525855448, 584895.564646121230908 ], [ 391403.00609335990157, 584884.385261051356792 ], [ 391404.593573236896191, 584884.71244977763854 ], [ 391402.37179220688995, 584895.847106150700711 ], [ 391402.870465556334238, 584895.960422925883904 ], [ 391402.673390441748779, 584896.897789629991166 ], [ 391404.481959513330366, 584899.322101105353795 ], [ 391405.327458887884859, 584900.451937397825532 ], [ 391406.101102105865721, 584900.560308780986816 ], [ 391405.9900866462267, 584901.18485350953415 ], [ 391423.252116899937391, 584904.698625369695947 ], [ 391426.372748711728491, 584901.907742966315709 ], [ 391430.046368558600079, 584902.675452054943889 ] ] ] } },
{ "type": "Feature", "properties": { "osm_id": "202403526", "building_tag": "yes", "name": "", "amenity": "", "area_m2": 793.87 }, "geometry": { "type": "Polygon", "coordinates": [ [ [ 391378.04939989047125, 584879.142327922862023 ], [ 391378.342208860791288, 584877.580690044909716 ], [ 391388.891208948043641, 584879.558718208922073 ], [ 391388.528413818101399, 584881.477356212446466 ], [ 391386.503410301520489, 584892.930870187352411 ], [ 391385.97458390891552, 584892.840331036713906 ], [ 391385.674135820765514, 584894.402106005931273 ], [ 391375.539215757860802, 584892.505569698289037 ], [ 391375.762440484075341, 584891.323159105610102 ], [ 391363.80345025024144, 584889.114834571024403 ], [ 391363.580027787014842, 584890.286132283625193 ], [ 391353.152046208910178, 584888.239269197918475 ], [ 391353.354552323289681, 584887.179516744217835 ], [ 391341.590734775236342, 584884.778735832078382 ], [ 391341.333126041979995, 584886.172988320351578 ], [ 391331.050252530258149, 584884.123551515280269 ], [ 391331.373401458957233, 584882.550248019280843 ], [ 391333.762771631940268, 584870.545425831805915 ], [ 391334.119712324580178, 584868.726941911969334 ], [ 391344.433363003772683, 584870.786947563407011 ], [ 391344.117848033434711, 584872.360112829017453 ], [ 391355.820183648669627, 584874.739771635271609 ], [ 391356.149377890513279, 584873.077425457770005 ], [ 391366.408746230590623, 584875.093977266806178 ], [ 391366.080749062704854, 584876.823002863558941 ], [ 391378.04939989047125, 584879.142327922862023 ] ] ] } },
{ "type": "Feature", "properties": { "osm_id": "202403527", "building_tag": "yes", "name": "", "amenity": "", "area_m2": 736.29 }, "geometry": { "type": "Polygon", "coordinates": [ [ [ 391477.274631982145365, 584898.969324009609409 ], [ 391475.732936345273629, 584906.289738012012094 ], [ 391475.099446081847418, 584909.302694613696076 ], [ 391469.055889483890496, 584908.032829751260579 ], [ 391468.809533448773436, 584909.20453537767753 ], [ 391458.485760279698297, 584906.999982161680236 ], [ 391458.739752492576372, 584905.828138800454326 ], [ 391446.706288245273754, 584903.298599769361317 ], [ 391446.466775096370839, 584904.42571565345861 ], [ 391436.313020360248629, 584902.329312344430946 ], [ 391436.581285520049278, 584901.101626677671447 ], [ 391424.532725258090068, 584898.583519680192694 ], [ 391424.285378074855544, 584899.699660486425273 ], [ 391414.046388852642849, 584897.538125380640849 ], [ 391416.772077094356064, 584884.682404551538639 ], [ 391426.996210305136628, 584886.866445736493915 ], [ 391426.678676537936553, 584888.328473258879967 ], [ 391438.6890656487667, 584890.847271305974573 ], [ 391438.977648423111532, 584889.474700442398898 ], [ 391449.162175600591581, 584891.581672364613041 ], [ 391448.866551995219197, 584892.987720059696585 ], [ 391460.930587824375834, 584895.516714240191504 ], [ 391461.248329150839709, 584894.065801884746179 ], [ 391471.249726043082774, 584896.187219666084275 ], [ 391470.94725860003382, 584897.637856889865361 ], [ 391477.274631982145365, 584898.969324009609409 ] ] ] } },
{ "type": "Feature", "properties": { "osm_id": "202403533", "building_tag": "apartments", "name": "Bl. V X", "amenity": "", "area_m2": 525.14 }, "geometry": { "type": "Polygon", "coordinates": [ [ [ 391532.862815967935603, 585006.327081555966288 ], [ 391531.108412058500107, 585018.820674560847692 ], [ 391521.663708768843208, 585017.478462301311083 ], [ 391522.999452728545293, 585008.049542904598638 ], [ 391517.4075915045687, 585007.24954437231645 ], [ 391517.652404485852458, 585005.566489672521129 ], [ 391507.433050707099028, 585004.060347235645168 ], [ 391507.263071324327029, 585005.230679038097151 ], [ 391501.55623664369341, 585004.410527238040231 ], [ 391495.504694669623859, 585003.540991118294187 ], [ 391495.674272398231551, 585002.348432296770625 ], [ 391485.707557911402546, 585000.871136739035137 ], [ 391485.454915857466403, 585002.543216726160608 ], [ 391480.108056898461655, 585001.772199707222171 ], [ 391478.7241059334483, 585011.491036748979241 ], [ 391475.100381315452978, 585010.944741434999742 ], [ 391477.175102679757401, 584996.299804781097919 ], [ 391481.316597487661056, 584993.346079789916985 ], [ 391494.713113564590458, 584995.20640486094635 ], [ 391494.625204726413358, 584995.841649586916901 ], [ 391497.904030546080321, 584996.327453460544348 ], [ 391497.999577660812065, 584995.692071518977173 ], [ 391515.217998271342367, 584998.072955616400577 ], [ 391515.137924970476888, 584998.71917612827383 ], [ 391517.006574207334779, 584998.963522876962088 ], [ 391517.094884699443355, 584998.350505165988579 ], [ 391524.133718916622456, 584999.31349348265212 ], [ 391527.242452863545623, 585003.515422402182594 ], [ 391526.598369432846084, 585004.238477583043277 ], [ 391526.428586030378938, 585005.419922156492248 ], [ 391532.862815967935603, 585006.327081555966288 ] ] ] } },
{ "type": "Feature", "properties": { "osm_id": "202403535", "building_tag": "yes", "name": "", "amenity": "", "area_m2": 922.18 }, "geometry": { "type": "Polygon", "coordinates": [ [ [ 391519.732145424990449, 584895.516035355743952 ], [ 391515.488866485538892, 584917.047939083306119 ], [ 391514.383796573616564, 584916.77875508076977 ], [ 391509.594147410127334, 584920.233246365911327 ], [ 391509.2281716336729, 584921.551619652775116 ], [ 391495.618529820116237, 584918.89467025466729 ], [ 391493.656298222311307, 584917.695955794653855 ], [ 391492.575739290681668, 584917.515270647127181 ], [ 391492.458475383464247, 584918.217744368244894 ], [ 391490.105807326966897, 584917.826466504950076 ], [ 391490.215432930504903, 584917.12413001677487 ], [ 391483.33030460588634, 584915.791557624004781 ], [ 391480.635549847444054, 584911.671144941356033 ], [ 391480.776126195909455, 584910.990485818590969 ], [ 391475.000903214327991, 584909.771376760792919 ], [ 391475.099446081847418, 584909.302694613696076 ], [ 391475.732936345273629, 584906.289738012012094 ], [ 391490.673186847474426, 584909.434108108282089 ], [ 391496.114452845940832, 584883.567289578146301 ], [ 391496.858342809777241, 584883.720674975658767 ], [ 391496.74512074602535, 584884.222971252864227 ], [ 391499.344616493093781, 584884.743219434516504 ], [ 391498.782699460862204, 584887.488080637529492 ], [ 391504.403778643056285, 584888.632164208334871 ], [ 391505.064643135294318, 584885.440848599770106 ], [ 391505.154751907801256, 584884.927850904990919 ], [ 391514.534666399937123, 584886.904871101723984 ], [ 391514.407364900805987, 584887.474121527513489 ], [ 391514.027657105529215, 584889.304119532811455 ], [ 391520.177755329292268, 584890.549881407176144 ], [ 391519.187646064150613, 584895.403532368363813 ], [ 391519.732145424990449, 584895.516035355743952 ] ] ] } },
{ "type": "Feature", "properties": { "osm_id": "202403537", "building_tag": "yes", "name": "", "amenity": "", "area_m2": 31.46 }, "geometry": { "type": "Polygon", "coordinates": [ [ [ 391561.520834812195972, 585170.887538242270239 ], [ 391555.521830367564689, 585170.806304553640075 ], [ 391555.595837782078888, 585165.568901436403394 ], [ 391561.59464780241251, 585165.63902189291548 ], [ 391561.520834812195972, 585170.887538242270239 ] ] ] } },
{ "type": "Feature", "properties": { "osm_id": "202403538", "building_tag": "yes", "name": "", "amenity": "", "area_m2": 39.04 }, "geometry": { "type": "Polygon", "coordinates": [ [ [ 391414.672811904572882, 584894.558639609254897 ], [ 391409.618735335709061, 584893.504493653541431 ], [ 391411.189308688219171, 584886.094606272876263 ], [ 391416.228114920551889, 584887.149028298677877 ], [ 391414.672811904572882, 584894.558639609254897 ] ] ] } },
{ "type": "Feature", "properties": { "osm_id": "202403544", "building_tag": "yes", "name": "", "amenity": "", "area_m2": 27.74 }, "geometry": { "type": "Polygon", "coordinates": [ [ [ 391070.537779795995448, 584977.308856349322014 ], [ 391066.87499966978794, 584976.719041024683975 ], [ 391068.328554604901001, 584969.199993325397372 ], [ 391071.830941504624207, 584969.792703389422968 ], [ 391070.537779795995448, 584977.308856349322014 ] ] ] } },
{ "type": "Feature", "properties": { "osm_id": "202403545", "building_tag": "apartments", "name": "", "amenity": "", "area_m2": 367.67 }, "geometry": { "type": "Polygon", "coordinates": [ [ [ 391419.756926227652002, 585077.840973347891122 ], [ 391383.043231916322839, 585076.455848126206547 ], [ 391383.254376182565466, 585071.204856289550662 ], [ 391383.444766390719451, 585066.498967717285268 ], [ 391420.149284082348458, 585067.795326471910812 ], [ 391419.756926227652002, 585077.840973347891122 ] ] ] } },
{ "type": "Feature", "properties": { "osm_id": "202403546", "building_tag": "apartments", "name": "", "amenity": "", "area_m2": 182.25 }, "geometry": { "type": "Polygon", "coordinates": [ [ [ 391528.163382054422982, 585045.843249378260225 ], [ 391526.989232356718276, 585057.036856749211438 ], [ 391510.883817570225801, 585055.358543437556364 ], [ 391512.057938012469094, 585044.164932756684721 ], [ 391528.163382054422982, 585045.843249378260225 ] ] ] } },
{ "type": "Feature", "properties": { "osm_id": "202403547", "building_tag": "yes", "name": "", "amenity": "", "area_m2": 17.19 }, "geometry": { "type": "Polygon", "coordinates": [ [ [ 391393.42358046816662, 584894.084832302411087 ], [ 391392.581193504622206, 584893.977699095965363 ], [ 391391.922719985188451, 584893.900608485331759 ], [ 391394.145082475908566, 584882.799288180889562 ], [ 391394.810195725702215, 584882.820674984133802 ], [ 391395.674299026257358, 584882.860716341412626 ], [ 391393.42358046816662, 584894.084832302411087 ] ] ] } },
{ "type": "Feature", "properties": { "osm_id": "202403548", "building_tag": "yes", "name": "", "amenity": "", "area_m2": 11.59 }, "geometry": { "type": "Polygon", "coordinates": [ [ [ 391235.241109770198818, 585332.594188732560724 ], [ 391232.310504609718919, 585332.769274190999568 ], [ 391232.071399082778953, 585328.827064927783795 ], [ 391235.002006153692491, 585328.651979366200976 ], [ 391235.241109770198818, 585332.594188732560724 ] ] ] } },
{ "type": "Feature", "properties": { "osm_id": "202403555", "building_tag": "yes", "name": "", "amenity": "", "area_m2": 67.56 }, "geometry": { "type": "Polygon", "coordinates": [ [ [ 391333.762771631940268, 584870.545425831805915 ], [ 391331.373401458957233, 584882.550248019280843 ], [ 391326.006336996273603, 584881.512921521556564 ], [ 391328.370382450113539, 584869.375149619299918 ], [ 391333.762771631940268, 584870.545425831805915 ] ] ] } },
{ "type": "Feature", "properties": { "osm_id": "202403559", "building_tag": "yes", "name": "", "amenity": "", "area_m2": 7.87 }, "geometry": { "type": "Polygon", "coordinates": [ [ [ 391391.922719985188451, 584893.900608485331759 ], [ 391391.278722944378387, 584893.778789820149541 ], [ 391393.395750358293299, 584882.768299455288798 ], [ 391394.145082475908566, 584882.799288180889562 ], [ 391391.922719985188451, 584893.900608485331759 ] ] ] } },
{ "type": "Feature", "properties": { "osm_id": "202403564", "building_tag": "apartments", "name": "", "amenity": "", "area_m2": 1116.52 }, "geometry": { "type": "Polygon", "coordinates": [ [ [ 391597.740867379761767, 584987.797228589188308 ], [ 391606.363435274164658, 584989.732400213484652 ], [ 391606.03762839641422, 584991.161215511732735 ], [ 391609.796582907321863, 584992.005318374023773 ], [ 391610.106915202923119, 584990.565664186608046 ], [ 391621.413927409506869, 584993.075212246272713 ], [ 391623.430152613844257, 584984.089898425620049 ], [ 391624.426511503872462, 584979.580777506809682 ], [ 391623.55219304014463, 584979.396367253968492 ], [ 391623.800171327427961, 584978.313574659870937 ], [ 391602.190649248601403, 584973.49879294494167 ], [ 391601.950312538770959, 584974.581449307966977 ], [ 391600.761239625979215, 584974.313758046017028 ], [ 391601.023093336436432, 584973.152896858053282 ], [ 391577.618462881306186, 584967.936871891724877 ], [ 391577.356613364885561, 584969.097734110895544 ], [ 391576.658563957782462, 584968.943515894236043 ], [ 391575.408185311942361, 584968.665813571657054 ], [ 391574.389345835195854, 584973.197580895153806 ], [ 391575.647361576906405, 584973.475145835778676 ], [ 391574.770704514288809, 584977.415162902092561 ], [ 391566.102280148887075, 584975.480859240051359 ], [ 391565.000376090873033, 584980.492147973156534 ], [ 391564.585930200642906, 584980.38842224504333 ], [ 391562.000471365987323, 584991.707418669248 ], [ 391562.751585017191246, 584991.838448236230761 ], [ 391561.293938435264863, 584998.312444403301924 ], [ 391565.996553381788544, 584999.37302669021301 ], [ 391564.67404625355266, 585005.288748819264583 ], [ 391573.672456381726079, 585007.306058732792735 ], [ 391576.316492028941866, 584995.419052191660739 ], [ 391577.643444148357958, 584995.706496386323124 ], [ 391578.35420617373893, 584992.31418788083829 ], [ 391577.080718982266262, 584992.025783382705413 ], [ 391578.95429811545182, 584983.609977782005444 ], [ 391585.528564539679792, 584985.081641850294545 ], [ 391585.210001087922137, 584986.488094457075931 ], [ 391588.793687916710041, 584987.357565499958582 ], [ 391589.118692779913545, 584985.884295903728344 ], [ 391597.740867379761767, 584987.797228589188308 ] ] ] } },
{ "type": "Feature", "properties": { "osm_id": "202403568", "building_tag": "apartments", "name": "", "amenity": "", "area_m2": 568.77 }, "geometry": { "type": "Polygon", "coordinates": [ [ [ 391449.490145711228251, 584851.176868343143724 ], [ 391448.355914227955509, 584856.511150593054481 ], [ 391459.28538571234094, 584858.827086009318009 ], [ 391456.079561702499632, 584873.881450120010413 ], [ 391445.150315591658, 584871.576633951044641 ], [ 391447.108866106660571, 584862.369957023649476 ], [ 391413.185789256182034, 584855.209226453793235 ], [ 391414.580615588929504, 584848.647388253826648 ], [ 391415.567009854712524, 584844.016124148154631 ], [ 391449.490145711228251, 584851.176868343143724 ] ] ] } },
{ "type": "Feature", "properties": { "osm_id": "202403575", "building_tag": "apartments", "name": "", "amenity": "", "area_m2": 180.42 }, "geometry": { "type": "Polygon", "coordinates": [ [ [ 391527.097530337865464, 585086.027858899789862 ], [ 391510.911672529124189, 585085.395984019385651 ], [ 391511.361787186353467, 585074.304317605914548 ], [ 391527.677917204156984, 585074.956087733269669 ], [ 391527.097530337865464, 585086.027858899789862 ] ] ] } },
{ "type": "Feature", "properties": { "osm_id": "202403579", "building_tag": "apartments", "name": "", "amenity": "", "area_m2": 190.17 }, "geometry": { "type": "Polygon", "coordinates": [ [ [ 391494.463112877856474, 585081.200339236296713 ], [ 391477.532723814365454, 585080.804272796027362 ], [ 391477.939195256331004, 585069.413229827187024 ], [ 391494.891283165547065, 585070.164649990736507 ], [ 391494.748375763767399, 585073.691284966189414 ], [ 391494.463112877856474, 585081.200339236296713 ] ] ] } },
{ "type": "Feature", "properties": { "osm_id": "202403585", "building_tag": "yes", "name": "", "amenity": "", "area_m2": 26.27 }, "geometry": { "type": "Polygon", "coordinates": [ [ [ 391363.798422152060084, 584955.927681430475786 ], [ 391359.500908926012926, 584955.30464256904088 ], [ 391360.21962749765953, 584949.388618975412101 ], [ 391364.65522873896407, 584950.042524605290964 ], [ 391363.798422152060084, 584955.927681430475786 ] ] ] } },
{ "type": "Feature", "properties": { "osm_id": "202403589", "building_tag": "apartments", "name": "", "amenity": "", "area_m2": 188.66 }, "geometry": { "type": "Polygon", "coordinates": [ [ [ 391494.373523113434203, 585050.708212380646728 ], [ 391477.567193517053965, 585049.142636452568695 ], [ 391478.597732361173257, 585038.040534186526202 ], [ 391495.450319110997953, 585039.627516254317015 ], [ 391495.240562917664647, 585042.410518089076504 ], [ 391494.373523113434203, 585050.708212380646728 ] ] ] } },
{ "type": "Feature", "properties": { "osm_id": "202403590", "building_tag": "yes", "name": "", "amenity": "", "area_m2": 37.15 }, "geometry": { "type": "Polygon", "coordinates": [ [ [ 391473.714333174866624, 584970.815312028396875 ], [ 391467.788556638173759, 584970.143646785640158 ], [ 391468.624391989898868, 584963.936493122135289 ], [ 391474.551572797819972, 584964.685952574713156 ], [ 391473.714333174866624, 584970.815312028396875 ] ] ] } },
{ "type": "Feature", "properties": { "osm_id": "202403594", "building_tag": "yes", "name": "", "amenity": "", "area_m2": 21.93 }, "geometry": { "type": "Polygon", "coordinates": [ [ [ 391499.142247346811928, 585104.339513124199584 ], [ 391492.352437945082784, 585104.472657157923095 ], [ 391492.415920445695519, 585101.203138650278561 ], [ 391499.091565821319818, 585101.094280348392203 ], [ 391499.142247346811928, 585104.339513124199584 ] ] ] } },
{ "type": "Feature", "properties": { "osm_id": "202403598", "building_tag": "apartments", "name": "", "amenity": "", "area_m2": 183.82 }, "geometry": { "type": "Polygon", "coordinates": [ [ [ 391436.804751705436502, 585110.685093694948591 ], [ 391420.314431377511937, 585110.11452217202168 ], [ 391420.395663081028033, 585107.834089761367068 ], [ 391420.694836458133068, 585098.979629883193411 ], [ 391437.185187028488144, 585099.550202668411657 ], [ 391436.804751705436502, 585110.685093694948591 ] ] ] } },
{ "type": "Feature", "properties": { "osm_id": "202403600", "building_tag": "apartments", "name": "", "amenity": "", "area_m2": 183.15 }, "geometry": { "type": "Polygon", "coordinates": [ [ [ 391453.614231014798861, 585100.110805635107681 ], [ 391453.233765559329186, 585111.245695409248583 ], [ 391436.804751705436502, 585110.685093694948591 ], [ 391437.185187028488144, 585099.550202668411657 ], [ 391453.614231014798861, 585100.110805635107681 ] ] ] } },
{ "type": "Feature", "properties": { "osm_id": "202403603", "building_tag": "yes", "name": "Vechea stație de pompare", "amenity": "", "area_m2": 77.41 }, "geometry": { "type": "Polygon", "coordinates": [ [ [ 391211.248818777501583, 585256.552989166928455 ], [ 391203.733876759535633, 585252.475088118459098 ], [ 391208.067734876589384, 585244.526189575670287 ], [ 391215.582683467655443, 585248.604095981922001 ], [ 391211.248818777501583, 585256.552989166928455 ] ] ] } },
{ "type": "Feature", "properties": { "osm_id": "202403607", "building_tag": "apartments", "name": "", "amenity": "", "area_m2": 82.14 }, "geometry": { "type": "Polygon", "coordinates": [ [ [ 391463.447174974076916, 585129.004804383963346 ], [ 391463.323885280755349, 585135.321438624174334 ], [ 391450.276271499576978, 585134.577727249357849 ], [ 391450.893405479961075, 585128.107693121768534 ], [ 391463.447174974076916, 585129.004804383963346 ] ] ] } },
{ "type": "Feature", "properties": { "osm_id": "202403610", "building_tag": "apartments", "name": "", "amenity": "", "area_m2": 184.07 }, "geometry": { "type": "Polygon", "coordinates": [ [ [ 391510.911672529124189, 585085.395984019385651 ], [ 391494.320605734770652, 585084.749201008933596 ], [ 391494.463112877856474, 585081.200339236296713 ], [ 391494.748375763767399, 585073.691284966189414 ], [ 391511.354149342980236, 585074.304454853641801 ], [ 391510.911672529124189, 585085.395984019385651 ] ] ] } },
{ "type": "Feature", "properties": { "osm_id": "202403612", "building_tag": "yes", "name": "", "amenity": "", "area_m2": 15.69 }, "geometry": { "type": "Polygon", "coordinates": [ [ [ 391422.371808394789696, 585137.847623650799505 ], [ 391422.279941091197543, 585139.961493459530175 ], [ 391414.947532640071586, 585139.659806412179023 ], [ 391415.046235638670623, 585137.501345747034065 ], [ 391422.371808394789696, 585137.847623650799505 ] ] ] } },
{ "type": "Feature", "properties": { "osm_id": "202403615", "building_tag": "yes", "name": "", "amenity": "", "area_m2": 41.0 }, "geometry": { "type": "Polygon", "coordinates": [ [ [ 391563.454945097153541, 585159.891507060965523 ], [ 391555.313718792458531, 585160.071089000906795 ], [ 391555.094046754878946, 585155.072416751179844 ], [ 391563.342208169575315, 585154.890914014424197 ], [ 391563.454945097153541, 585159.891507060965523 ] ] ] } },
{ "type": "Feature", "properties": { "osm_id": "202403617", "building_tag": "industrial", "name": "Centrala Termică 3 Zorilor", "amenity": "", "area_m2": 589.54 }, "geometry": { "type": "Polygon", "coordinates": [ [ [ 391447.926717259048019, 585008.998644394334406 ], [ 391447.463735760597046, 585024.893061642651446 ], [ 391418.117029599437956, 585024.0422794574406 ], [ 391416.335798085201532, 585023.985378980403766 ], [ 391410.403784440772142, 585023.814145162468776 ], [ 391410.874306779413018, 585007.919586973497644 ], [ 391447.926717259048019, 585008.998644394334406 ] ] ] } },
{ "type": "Feature", "properties": { "osm_id": "202403619", "building_tag": "yes", "name": "", "amenity": "", "area_m2": 56.03 }, "geometry": { "type": "Polygon", "coordinates": [ [ [ 391391.278722944378387, 584893.778789820149541 ], [ 391386.503410301520489, 584892.930870187352411 ], [ 391388.48698344710283, 584881.72267393139191 ], [ 391393.416465638496447, 584882.645640613278374 ], [ 391391.278722944378387, 584893.778789820149541 ] ] ] } },
{ "type": "Feature", "properties": { "osm_id": "202403622", "building_tag": "apartments", "name": "", "amenity": "", "area_m2": 372.14 }, "geometry": { "type": "Polygon", "coordinates": [ [ [ 391420.734353265084792, 585097.778290347428992 ], [ 391420.694836458133068, 585098.979629883193411 ], [ 391420.395663081028033, 585107.834089761367068 ], [ 391383.412628291756846, 585106.331524597480893 ], [ 391383.81999760249164, 585096.27448598225601 ], [ 391420.734353265084792, 585097.778290347428992 ] ] ] } },
{ "type": "Feature", "properties": { "osm_id": "202403630", "building_tag": "apartments", "name": "", "amenity": "", "area_m2": 186.63 }, "geometry": { "type": "Polygon", "coordinates": [ [ [ 391478.597732361173257, 585038.040534186526202 ], [ 391477.567193517053965, 585049.142636452568695 ], [ 391460.929087119642645, 585047.585199680877849 ], [ 391461.913568756368477, 585036.472804898396134 ], [ 391478.597732361173257, 585038.040534186526202 ] ] ] } },
{ "type": "Feature", "properties": { "osm_id": "202403632", "building_tag": "yes", "name": "", "amenity": "", "area_m2": 260.3 }, "geometry": { "type": "Polygon", "coordinates": [ [ [ 391341.333126041979995, 584886.172988320351578 ], [ 391341.590734775236342, 584884.778735832078382 ], [ 391353.354552323289681, 584887.179516744217835 ], [ 391353.152046208910178, 584888.239269197918475 ], [ 391363.580027787014842, 584890.286132283625193 ], [ 391363.80345025024144, 584889.114834571024403 ], [ 391375.762440484075341, 584891.323159105610102 ], [ 391375.539215757860802, 584892.505569698289037 ], [ 391385.674135820765514, 584894.402106005931273 ], [ 391385.97458390891552, 584892.840331036713906 ], [ 391386.503410301520489, 584892.930870187352411 ], [ 391391.248170653940178, 584893.779339409200475 ], [ 391391.278722944378387, 584893.778789820149541 ], [ 391391.132317262177821, 584894.559608467854559 ], [ 391387.384217318729497, 584896.872651997720823 ], [ 391386.594097572844476, 584896.697877811500803 ], [ 391386.460169823840261, 584897.322835115483031 ], [ 391371.973674220673274, 584894.348427410353906 ], [ 391372.238327784172725, 584892.920698834583163 ], [ 391369.094720280379988, 584892.310242408304475 ], [ 391368.829067657294217, 584893.682404462830164 ], [ 391350.160364350827876, 584890.127398076932877 ], [ 391350.461203551967628, 584888.587847955757752 ], [ 391347.302115169295575, 584887.966564396512695 ], [ 391347.007714850828052, 584889.439297234872356 ], [ 391330.475409871607553, 584886.146062410669401 ], [ 391330.663598845771048, 584885.564594847848639 ], [ 391328.415838983724825, 584885.060321811586618 ], [ 391328.09023877826985, 584884.7993758788798 ], [ 391325.430843041976914, 584881.801203279523179 ], [ 391320.054538337921258, 584880.675112882861868 ], [ 391320.429423969995696, 584878.155938262469135 ], [ 391319.946423716493882, 584878.064579953672364 ], [ 391321.315428252215497, 584871.347544836229645 ], [ 391322.044448573025875, 584871.523410398745909 ], [ 391322.770762026833836, 584868.153023604303598 ], [ 391328.370382450113539, 584869.375149619299918 ], [ 391326.006336996273603, 584881.512921521556564 ], [ 391331.373401458957233, 584882.550248019280843 ], [ 391331.050252530258149, 584884.123551515280269 ], [ 391341.333126041979995, 584886.172988320351578 ] ] ] } },
{ "type": "Feature", "properties": { "osm_id": "202403633", "building_tag": "yes", "name": "", "amenity": "", "area_m2": 483.44 }, "geometry": { "type": "Polygon", "coordinates": [ [ [ 391468.809533448773436, 584909.20453537767753 ], [ 391469.055889483890496, 584908.032829751260579 ], [ 391475.099446081847418, 584909.302694613696076 ], [ 391475.000903214327991, 584909.771376760792919 ], [ 391480.776126195909455, 584910.990485818590969 ], [ 391480.635549847444054, 584911.671144941356033 ], [ 391483.33030460588634, 584915.791557624004781 ], [ 391482.924051041190978, 584917.844373627798632 ], [ 391480.148693076567724, 584917.316176784457639 ], [ 391479.240907309926115, 584916.120748389745131 ], [ 391477.89061902218964, 584915.811510870116763 ], [ 391476.537192318879534, 584916.602905696956441 ], [ 391473.604278002749197, 584915.810737601597793 ], [ 391473.646710322704166, 584915.62098714360036 ], [ 391473.814242257853039, 584914.73973864025902 ], [ 391460.681323209952097, 584912.252168900566176 ], [ 391458.200816380907781, 584908.150148123619147 ], [ 391455.718694536015391, 584907.783444594941102 ], [ 391451.772144228685647, 584910.53357573854737 ], [ 391431.61821224616142, 584906.382474835962057 ], [ 391431.817933558020741, 584905.167138390243053 ], [ 391430.046368558600079, 584902.675452054943889 ], [ 391426.372748711728491, 584901.907742966315709 ], [ 391423.252116899937391, 584904.698625369695947 ], [ 391405.9900866462267, 584901.18485350953415 ], [ 391406.101102105865721, 584900.560308780986816 ], [ 391405.327458887884859, 584900.451937397825532 ], [ 391402.673390441748779, 584896.897789629991166 ], [ 391402.870465556334238, 584895.960422925883904 ], [ 391402.37179220688995, 584895.847106150700711 ], [ 391404.593573236896191, 584884.71244977763854 ], [ 391408.090930986218154, 584885.449965352076106 ], [ 391411.189308688219171, 584886.094606272876263 ], [ 391409.618735335709061, 584893.504493653541431 ], [ 391414.672811904572882, 584894.558639609254897 ], [ 391414.046388852642849, 584897.538125380640849 ], [ 391424.285378074855544, 584899.699660486425273 ], [ 391424.532725258090068, 584898.583519680192694 ], [ 391436.581285520049278, 584901.101626677671447 ], [ 391436.313020360248629, 584902.329312344430946 ], [ 391446.466775096370839, 584904.42571565345861 ], [ 391446.706288245273754, 584903.298599769361317 ], [ 391458.739752492576372, 584905.828138800454326 ], [ 391458.485760279698297, 584906.999982161680236 ], [ 391468.809533448773436, 584909.20453537767753 ] ] ] } },
{ "type": "Feature", "properties": { "osm_id": "202403637", "building_tag": "apartments", "name": "", "amenity": "", "area_m2": 190.29 }, "geometry": { "type": "Polygon", "coordinates": [ [ [ 391510.883817570225801, 585055.358543437556364 ], [ 391494.066473023325671, 585053.604132227832451 ], [ 391494.373523113434203, 585050.708212380646728 ], [ 391495.240562917664647, 585042.410518089076504 ], [ 391512.057938012469094, 585044.164932756684721 ], [ 391510.883817570225801, 585055.358543437556364 ] ] ] } },
{ "type": "Feature", "properties": { "osm_id": "202403639", "building_tag": "yes", "name": "", "amenity": "", "area_m2": 10.7 }, "geometry": { "type": "Polygon", "coordinates": [ [ [ 391416.020297834824305, 584940.169397407327779 ], [ 391415.837256257771514, 584941.462253130623139 ], [ 391408.170618309522979, 584940.432861856068484 ], [ 391407.48119823896559, 584940.334092423319817 ], [ 391407.635085207002703, 584939.119579285266809 ], [ 391416.020297834824305, 584940.169397407327779 ] ] ] } },
{ "type": "Feature", "properties": { "osm_id": "202403640", "building_tag": "apartments", "name": "", "amenity": "", "area_m2": 19.24 }, "geometry": { "type": "Polygon", "coordinates": [ [ [ 391523.971600443997886, 585142.524672878324054 ], [ 391523.124009088845924, 585142.551019042730331 ], [ 391521.32149842416402, 585142.583406338933855 ], [ 391521.151916986214928, 585135.271513323648833 ], [ 391523.764033060928341, 585135.224579320289195 ], [ 391523.971600443997886, 585142.524672878324054 ] ] ] } },
{ "type": "Feature", "properties": { "osm_id": "202403641", "building_tag": "apartments", "name": "", "amenity": "", "area_m2": 553.6 }, "geometry": { "type": "Polygon", "coordinates": [ [ [ 391438.05515069764806, 585041.281835136585869 ], [ 391437.778126896650065, 585051.36987316631712 ], [ 391418.945858855266124, 585050.585723905707709 ], [ 391382.468773266882636, 585049.196342686540447 ], [ 391382.877748556842562, 585039.228212197311223 ], [ 391393.145629356615245, 585039.610460381954908 ], [ 391408.168872113223188, 585040.16288216621615 ], [ 391419.316104953817558, 585040.584943130379543 ], [ 391429.851505403174087, 585040.973559250356629 ], [ 391438.05515069764806, 585041.281835136585869 ] ] ] } },
{ "type": "Feature", "properties": { "osm_id": "202403644", "building_tag": "apartments", "name": "", "amenity": "", "area_m2": 186.39 }, "geometry": { "type": "Polygon", "coordinates": [ [ [ 391477.939195256331004, 585069.413229827187024 ], [ 391477.532723814365454, 585080.804272796027362 ], [ 391461.236471495823935, 585080.407970264670439 ], [ 391461.513268670358229, 585069.030373582616448 ], [ 391477.939195256331004, 585069.413229827187024 ] ] ] } },
{ "type": "Feature", "properties": { "osm_id": "202403648", "building_tag": "yes", "name": "", "amenity": "", "area_m2": 20.65 }, "geometry": { "type": "Polygon", "coordinates": [ [ [ 391515.488866485538892, 584917.047939083306119 ], [ 391514.395977230975404, 584922.55933665682096 ], [ 391509.2281716336729, 584921.551619652775116 ], [ 391509.594147410127334, 584920.233246365911327 ], [ 391514.383796573616564, 584916.77875508076977 ], [ 391515.488866485538892, 584917.047939083306119 ] ] ] } },
{ "type": "Feature", "properties": { "osm_id": "202403654", "building_tag": "yes", "name": "", "amenity": "", "area_m2": 29.93 }, "geometry": { "type": "Polygon", "coordinates": [ [ [ 391364.65522873896407, 584950.042524605290964 ], [ 391360.21962749765953, 584949.388618975412101 ], [ 391361.223432090715505, 584942.755982213420793 ], [ 391365.613010011613369, 584943.399599854135886 ], [ 391364.65522873896407, 584950.042524605290964 ] ] ] } },
{ "type": "Feature", "properties": { "osm_id": "202403659", "building_tag": "yes", "name": "", "amenity": "", "area_m2": 341.15 }, "geometry": { "type": "Polygon", "coordinates": [ [ [ 391375.07110364100663, 584951.422606932697818 ], [ 391371.851794585352764, 584975.904427319183014 ], [ 391357.231715806818102, 584973.9885710576782 ], [ 391359.500908926012926, 584955.30464256904088 ], [ 391363.798422152060084, 584955.927681430475786 ], [ 391364.65522873896407, 584950.042524605290964 ], [ 391375.07110364100663, 584951.422606932697818 ] ] ] } },
{ "type": "Feature", "properties": { "osm_id": "202403666", "building_tag": "hotel", "name": "", "amenity": "", "area_m2": 67.2 }, "geometry": { "type": "Polygon", "coordinates": [ [ [ 391564.4880509582581, 585113.19297049799934 ], [ 391554.181672952894587, 585113.211335776606575 ], [ 391554.352178818080574, 585107.816563114523888 ], [ 391558.701880067761522, 585107.949655158445239 ], [ 391558.740930192405358, 585105.870088322204538 ], [ 391564.908629340759944, 585105.981647762935609 ], [ 391564.4880509582581, 585113.19297049799934 ] ] ] } },
{ "type": "Feature", "properties": { "osm_id": "202403671", "building_tag": "school", "name": "", "amenity": "", "area_m2": 726.0 }, "geometry": { "type": "Polygon", "coordinates": [ [ [ 391576.43041313928552, 585074.513923716149293 ], [ 391560.615288775938097, 585074.531155985314399 ], [ 391560.440498723823112, 585054.590530036599375 ], [ 391560.472580196568742, 585042.339101808029227 ], [ 391560.351863746298477, 585028.811972020193934 ], [ 391576.25776456866879, 585028.737527331220917 ], [ 391576.4059116570279, 585068.044313069898635 ], [ 391576.43041313928552, 585074.513923716149293 ] ] ] } },
{ "type": "Feature", "properties": { "osm_id": "202403680", "building_tag": "yes", "name": "", "amenity": "", "area_m2": 22.32 }, "geometry": { "type": "Polygon", "coordinates": [ [ [ 391411.894704886886757, 584956.752236394328065 ], [ 391411.49763055233052, 584959.738715155865066 ], [ 391409.926845747162588, 584959.489043305860832 ], [ 391409.501261977595277, 584962.164760963991284 ], [ 391406.389645570947323, 584961.6315291991923 ], [ 391407.284240229462739, 584956.145909195183776 ], [ 391411.894704886886757, 584956.752236394328065 ] ] ] } },
{ "type": "Feature", "properties": { "osm_id": "202403681", "building_tag": "retail", "name": "", "amenity": "", "area_m2": 15.5 }, "geometry": { "type": "Polygon", "coordinates": [ [ [ 391521.094326730526518, 584888.832524146768264 ], [ 391520.960983974626288, 584889.490818352904171 ], [ 391519.732145424990449, 584895.516035355743952 ], [ 391519.187646064150613, 584895.403532368363813 ], [ 391520.177755329292268, 584890.549881407176144 ], [ 391514.027657105529215, 584889.304119532811455 ], [ 391514.407364900805987, 584887.474121527513489 ], [ 391521.094326730526518, 584888.832524146768264 ] ] ] } },
{ "type": "Feature", "properties": { "osm_id": "202403686", "building_tag": "yes", "name": "", "amenity": "", "area_m2": 407.64 }, "geometry": { "type": "Polygon", "coordinates": [ [ [ 391467.788556638173759, 584970.143646785640158 ], [ 391465.291743510577362, 584988.509227793780155 ], [ 391453.504567103460431, 584986.920190538279712 ], [ 391450.586514176917262, 584986.527976513374597 ], [ 391453.933581358811352, 584961.910505409818143 ], [ 391454.354869386763312, 584961.96963291533757 ], [ 391458.314496901875827, 584962.498760841903277 ], [ 391458.867488492978737, 584958.408906868193299 ], [ 391465.921456143085379, 584959.360439794952981 ], [ 391468.24979759613052, 584959.674326718784869 ], [ 391467.689960953430273, 584963.808770442032255 ], [ 391468.624391989898868, 584963.936493122135289 ], [ 391467.788556638173759, 584970.143646785640158 ] ] ] } },
{ "type": "Feature", "properties": { "osm_id": "202403687", "building_tag": "yes", "name": "", "amenity": "", "area_m2": 20.13 }, "geometry": { "type": "Polygon", "coordinates": [ [ [ 391505.064643135294318, 584885.440848599770106 ], [ 391504.403778643056285, 584888.632164208334871 ], [ 391498.782699460862204, 584887.488080637529492 ], [ 391499.344616493093781, 584884.743219434516504 ], [ 391496.74512074602535, 584884.222971252864227 ], [ 391496.858342809777241, 584883.720674975658767 ], [ 391505.064643135294318, 584885.440848599770106 ] ] ] } },
{ "type": "Feature", "properties": { "osm_id": "202403699", "building_tag": "apartments", "name": "", "amenity": "", "area_m2": 185.85 }, "geometry": { "type": "Polygon", "coordinates": [ [ [ 391438.326225542230532, 585078.45198062970303 ], [ 391419.756926227652002, 585077.840973347891122 ], [ 391420.149284082348458, 585067.795326471910812 ], [ 391430.42534985934617, 585068.210840253159404 ], [ 391438.80562797858147, 585068.57152454147581 ], [ 391438.326225542230532, 585078.45198062970303 ] ] ] } },
{ "type": "Feature", "properties": { "osm_id": "202403703", "building_tag": "apartments", "name": "", "amenity": "", "area_m2": 545.95 }, "geometry": { "type": "Polygon", "coordinates": [ [ [ 391493.856632174807601, 584834.459948536241427 ], [ 391492.247464645362925, 584846.106051595765166 ], [ 391489.449118169955909, 584847.701595171703957 ], [ 391474.019475827168208, 584844.543787395348772 ], [ 391474.542945602384862, 584833.284051796188578 ], [ 391462.326982505386695, 584831.235786650562659 ], [ 391466.805486104509328, 584817.270243529113941 ], [ 391475.221359415329061, 584818.742039404110983 ], [ 391487.008806391910184, 584820.753564784885384 ], [ 391485.009702088893391, 584832.384443837101571 ], [ 391493.856632174807601, 584834.459948536241427 ] ] ] } },
{ "type": "Feature", "properties": { "osm_id": "202403704", "building_tag": "apartments", "name": "", "amenity": "", "area_m2": 561.82 }, "geometry": { "type": "Polygon", "coordinates": [ [ [ 391436.805218171444722, 585129.40600154933054 ], [ 391436.340372820035554, 585140.520177563535981 ], [ 391422.280140957504045, 585139.972606795839965 ], [ 391422.371808394789696, 585137.847623650799505 ], [ 391415.046235638670623, 585137.501345747034065 ], [ 391382.417506646364927, 585135.953828854952008 ], [ 391382.89221056480892, 585125.817759306752123 ], [ 391419.815823268494569, 585127.421439391910098 ], [ 391419.769868548493832, 585128.689596430049278 ], [ 391436.805218171444722, 585129.40600154933054 ] ] ] } },
{ "type": "Feature", "properties": { "osm_id": "202403707", "building_tag": "apartments", "name": "Bl. B III", "amenity": "", "area_m2": 351.2 }, "geometry": { "type": "Polygon", "coordinates": [ [ [ 391167.022856477124151, 584862.943130776635371 ], [ 391157.259896364994347, 584857.104856057325378 ], [ 391163.143041314964648, 584847.349300661706366 ], [ 391149.6338808114524, 584839.266244517406449 ], [ 391143.840002069598995, 584848.886800530832261 ], [ 391153.780668939172756, 584854.833019903628156 ], [ 391147.919859927031212, 584864.55483167571947 ], [ 391161.251288180414122, 584872.529917622217909 ], [ 391167.022856477124151, 584862.943130776635371 ] ] ] } },
{ "type": "Feature", "properties": { "osm_id": "202403708", "building_tag": "apartments", "name": "", "amenity": "", "area_m2": 353.69 }, "geometry": { "type": "Polygon", "coordinates": [ [ [ 391221.476050028286409, 585092.716149787069298 ], [ 391220.10155250976095, 585099.966927941888571 ], [ 391218.539059746079147, 585108.232735804864205 ], [ 391207.604067632229999, 585106.439839005353861 ], [ 391209.316182584036142, 585096.726129180868156 ], [ 391193.749496845179237, 585093.993960260646418 ], [ 391195.704884604550898, 585082.94182889140211 ], [ 391203.154895712796133, 585084.252774792374112 ], [ 391211.248884301516227, 585085.685529203386977 ], [ 391210.388274569879286, 585090.926000084495172 ], [ 391221.476050028286409, 585092.716149787069298 ] ] ] } },
{ "type": "Feature", "properties": { "osm_id": "202403710", "building_tag": "apartments", "name": "Bl. 3A", "amenity": "", "area_m2": 563.69 }, "geometry": { "type": "Polygon", "coordinates": [ [ [ 391198.31139651988633, 584856.175971683580428 ], [ 391204.022134552302305, 584846.601435604854487 ], [ 391174.257462909212336, 584828.972769251209684 ], [ 391177.135138244251721, 584824.151736435247585 ], [ 391163.364846655691508, 584815.995537217240781 ], [ 391157.669016559026204, 584825.547609193949029 ], [ 391171.423818383831531, 584833.692957543767989 ], [ 391168.531276752939448, 584838.536495283362456 ], [ 391198.31139651988633, 584856.175971683580428 ] ] ] } },
{ "type": "Feature", "properties": { "osm_id": "202403712", "building_tag": "apartments", "name": "Bl. 6J", "amenity": "", "area_m2": 509.43 }, "geometry": { "type": "Polygon", "coordinates": [ [ [ 391540.940056957071647, 585242.438946019276045 ], [ 391529.75587035267381, 585241.639358753804117 ], [ 391530.90936050505843, 585224.620844161137938 ], [ 391503.622615557105746, 585223.55479053594172 ], [ 391504.040498584683519, 585212.797206067596562 ], [ 391510.356002884742338, 585213.061687942710705 ], [ 391527.458838562597521, 585213.721544734318741 ], [ 391534.309176568756811, 585213.987558995257132 ], [ 391533.661011346615851, 585225.538579527754337 ], [ 391541.92929237667704, 585226.057050280505791 ], [ 391540.940056957071647, 585242.438946019276045 ] ] ] } },
{ "type": "Feature", "properties": { "osm_id": "202403714", "building_tag": "apartments", "name": "", "amenity": "", "area_m2": 581.92 }, "geometry": { "type": "Polygon", "coordinates": [ [ [ 391316.622466955508571, 584828.809705248451792 ], [ 391310.565582404262386, 584838.690517809125595 ], [ 391280.977309067500755, 584820.65794873831328 ], [ 391275.870540079718921, 584828.987552309408784 ], [ 391266.167340622167103, 584823.070208994671702 ], [ 391274.451183937315363, 584809.569596546702087 ], [ 391284.100328483968042, 584815.454575794516131 ], [ 391286.987736063543707, 584810.744591930648312 ], [ 391316.622466955508571, 584828.809705248451792 ] ] ] } },
{ "type": "Feature", "properties": { "osm_id": "202403715", "building_tag": "apartments", "name": "", "amenity": "", "area_m2": 546.91 }, "geometry": { "type": "Polygon", "coordinates": [ [ [ 391408.873984573525377, 585019.89514926308766 ], [ 391390.09120249300031, 585017.620528225903399 ], [ 391390.353336633183062, 585015.2034382406855 ], [ 391353.728737230296247, 585011.148814179236069 ], [ 391354.807370718976017, 585001.457671383745037 ], [ 391364.208553921431303, 585002.500250516692176 ], [ 391382.589623574516736, 585004.52633005194366 ], [ 391391.607899953378364, 585005.520255516516045 ], [ 391391.315013089799322, 585007.926781635964289 ], [ 391401.052247303538024, 585008.963372429134324 ], [ 391409.909117489005439, 585009.904643562156707 ], [ 391408.873984573525377, 585019.89514926308766 ] ] ] } },
{ "type": "Feature", "properties": { "osm_id": "202403716", "building_tag": "apartments", "name": "Bl. J III", "amenity": "", "area_m2": 552.56 }, "geometry": { "type": "Polygon", "coordinates": [ [ [ 391239.664338792907074, 584880.888706367113627 ], [ 391210.834964616457, 584863.843332215794362 ], [ 391216.560389936494175, 584854.235192658845335 ], [ 391245.335924769635312, 584871.259330336120911 ], [ 391241.672403895063326, 584877.417401317623444 ], [ 391251.511427770194132, 584883.243322675698437 ], [ 391243.494675127440132, 584896.71692821115721 ], [ 391233.694255317619536, 584890.912558485288173 ], [ 391239.664338792907074, 584880.888706367113627 ] ] ] } },
{ "type": "Feature", "properties": { "osm_id": "202403717", "building_tag": "apartments", "name": "", "amenity": "", "area_m2": 350.79 }, "geometry": { "type": "Polygon", "coordinates": [ [ [ 391186.688512460619677, 585081.625771763385274 ], [ 391175.814364055462647, 585079.820717536029406 ], [ 391177.477806136128493, 585069.952238365774974 ], [ 391161.774956496898085, 585067.300422692787834 ], [ 391163.724261745868716, 585056.337325692293234 ], [ 391171.694289319391828, 585057.672210397548042 ], [ 391179.24282830505399, 585058.936883910791948 ], [ 391178.383843832765706, 585064.266265848884359 ], [ 391189.428856037207879, 585066.223883128957823 ], [ 391187.868170199915767, 585075.012162824510597 ], [ 391186.688512460619677, 585081.625771763385274 ] ] ] } },
{ "type": "Feature", "properties": { "osm_id": "202403718", "building_tag": "apartments", "name": "Bl. G III", "amenity": "", "area_m2": 554.64 }, "geometry": { "type": "Polygon", "coordinates": [ [ [ 391227.787821146426722, 584944.75823892117478 ], [ 391225.170319611090235, 584948.751908850506879 ], [ 391241.273498952679802, 584958.767214060178958 ], [ 391235.973957251000684, 584966.989162013866007 ], [ 391219.968853332335129, 584957.327846044441685 ], [ 391222.516003737517167, 584953.246505562216043 ], [ 391191.047527891816571, 584933.891986980801448 ], [ 391196.334796283510514, 584925.414531141170301 ], [ 391227.787821146426722, 584944.75823892117478 ] ] ] } },
{ "type": "Feature", "properties": { "osm_id": "202403719", "building_tag": "yes", "name": "", "amenity": "", "area_m2": 76.75 }, "geometry": { "type": "Polygon", "coordinates": [ [ [ 391567.785461570718326, 585192.564200710970908 ], [ 391567.592382835922763, 585198.404056597035378 ], [ 391558.302162020176183, 585198.415284820715897 ], [ 391557.701528268575203, 585189.221255409182049 ], [ 391562.227436806657352, 585189.384534219861962 ], [ 391562.191938010219019, 585190.385695508448407 ], [ 391565.196147516195197, 585190.476256302092224 ], [ 391565.12494938261807, 585192.467465501511469 ], [ 391567.785461570718326, 585192.564200710970908 ] ] ] } },
{ "type": "Feature", "properties": { "osm_id": "202403720", "building_tag": "apartments", "name": "Bl. 9 III", "amenity": "", "area_m2": 353.78 }, "geometry": { "type": "Polygon", "coordinates": [ [ [ 391147.605835998023394, 584938.677137816906907 ], [ 391141.680613589356653, 584948.211133494973183 ], [ 391128.28280586755136, 584939.937132230144925 ], [ 391134.27495498128701, 584930.301864053239115 ], [ 391124.516298859671224, 584924.274577500415035 ], [ 391130.448757050558925, 584914.718201174866408 ], [ 391143.808025068428833, 584922.970669018337503 ], [ 391137.800977943115868, 584932.628429475123994 ], [ 391147.605835998023394, 584938.677137816906907 ] ] ] } },
{ "type": "Feature", "properties": { "osm_id": "202403722", "building_tag": "apartments", "name": "Bl. 2U", "amenity": "", "area_m2": 344.85 }, "geometry": { "type": "Polygon", "coordinates": [ [ [ 391330.368806042533834, 585232.118173598777503 ], [ 391328.872507743537426, 585240.67180188477505 ], [ 391327.729924844868947, 585247.229131035506725 ], [ 391316.628792377188802, 585245.527969965711236 ], [ 391315.738570507266559, 585250.824544149334542 ], [ 391307.216922501393128, 585249.388238225481473 ], [ 391300.220360272447579, 585248.213525305851363 ], [ 391302.123216141830198, 585237.206841097795404 ], [ 391318.010260689305142, 585239.933512033894658 ], [ 391319.684916714380961, 585230.253858731244691 ], [ 391330.368806042533834, 585232.118173598777503 ] ] ] } },
{ "type": "Feature", "properties": { "osm_id": "202403723", "building_tag": "apartments", "name": "", "amenity": "", "area_m2": 353.63 }, "geometry": { "type": "Polygon", "coordinates": [ [ [ 391121.408628251869231, 585026.91778036870528 ], [ 391110.280705177225173, 585025.028482093825005 ], [ 391111.911482338327914, 585015.471847578533925 ], [ 391096.369056029478088, 585012.828421365469694 ], [ 391098.284105299622752, 585001.665815135813318 ], [ 391108.783960590895731, 585003.46636750921607 ], [ 391113.688875827938318, 585004.300612570717931 ], [ 391112.768835523864254, 585009.631105474196374 ], [ 391124.027031382953282, 585011.540293623926118 ], [ 391122.741855094674975, 585019.078524704673328 ], [ 391121.408628251869231, 585026.91778036870528 ] ] ] } },
{ "type": "Feature", "properties": { "osm_id": "202403724", "building_tag": "apartments", "name": "", "amenity": "", "area_m2": 558.42 }, "geometry": { "type": "Polygon", "coordinates": [ [ [ 391425.670849408314098, 585175.997199882054701 ], [ 391392.073819213139359, 585175.823316552327015 ], [ 391392.249536928837188, 585169.027706762775779 ], [ 391380.792789479950443, 585168.800258155795746 ], [ 391381.289918006339576, 585153.116432257927954 ], [ 391392.5515531062847, 585153.113936841953546 ], [ 391392.550054658262525, 585164.497707189526409 ], [ 391425.72867139353184, 585164.768054977874272 ], [ 391425.670849408314098, 585175.997199882054701 ] ] ] } },
{ "type": "Feature", "properties": { "osm_id": "202403725", "building_tag": "yes", "name": "", "amenity": "", "area_m2": 355.71 }, "geometry": { "type": "Polygon", "coordinates": [ [ [ 391412.503156571299769, 584827.873864402994514 ], [ 391396.894100940611679, 584824.941816407837905 ], [ 391398.980015807785094, 584813.898539780522697 ], [ 391387.802176520926878, 584811.798400323837996 ], [ 391389.888280383544043, 584800.766234168317169 ], [ 391405.482125364476815, 584803.698539171833545 ], [ 391403.37427925382508, 584814.797791943768971 ], [ 391414.575221258739475, 584816.908661348745227 ], [ 391412.503156571299769, 584827.873864402994514 ] ] ] } },
{ "type": "Feature", "properties": { "osm_id": "202403727", "building_tag": "apartments", "name": "", "amenity": "", "area_m2": 355.12 }, "geometry": { "type": "Polygon", "coordinates": [ [ [ 391283.809289323922712, 585163.775686495704576 ], [ 391273.230190598929767, 585161.798394093406387 ], [ 391274.958234226331115, 585152.540211501647718 ], [ 391259.258080136671197, 585149.599059756612405 ], [ 391261.383628568029962, 585138.232611384475604 ], [ 391268.957761463243514, 585139.652570262202062 ], [ 391276.685246201930568, 585141.103127728914842 ], [ 391275.771958885947242, 585145.966561441426165 ], [ 391286.750048306072131, 585148.0367267903639 ], [ 391285.02902250882471, 585157.261428205529228 ], [ 391283.809289323922712, 585163.775686495704576 ] ] ] } },
{ "type": "Feature", "properties": { "osm_id": "202403728", "building_tag": "apartments", "name": "Bl. E III", "amenity": "", "area_m2": 554.74 }, "geometry": { "type": "Polygon", "coordinates": [ [ [ 391205.72231747553451, 584970.635831255000085 ], [ 391203.203735334624071, 584974.605495283612981 ], [ 391218.752918801386841, 584984.830828323960304 ], [ 391213.508098703576252, 584993.118513628141955 ], [ 391197.667655145865865, 584983.265301966341212 ], [ 391200.382614055532031, 584979.169810216757469 ], [ 391169.160465589375235, 584959.066131831379607 ], [ 391174.382744160480797, 584950.80104820698034 ], [ 391205.72231747553451, 584970.635831255000085 ] ] ] } },
{ "type": "Feature", "properties": { "osm_id": "202403730", "building_tag": "apartments", "name": "Bl. J V", "amenity": "", "area_m2": 375.13 }, "geometry": { "type": "Polygon", "coordinates": [ [ [ 391260.421400573046412, 585026.691440125694498 ], [ 391254.090412028541323, 585034.487274181330577 ], [ 391239.741488902480341, 585022.594924928736873 ], [ 391242.638735352316871, 585018.863027262734249 ], [ 391228.320534946746193, 585006.558823848958127 ], [ 391234.770495448028669, 584999.00539271812886 ], [ 391249.062382709525991, 585011.121097272960469 ], [ 391245.949665182561148, 585014.767937346361578 ], [ 391260.421400573046412, 585026.691440125694498 ] ] ] } },
{ "type": "Feature", "properties": { "osm_id": "202403732", "building_tag": "apartments", "name": "", "amenity": "", "area_m2": 352.02 }, "geometry": { "type": "Polygon", "coordinates": [ [ [ 391452.853126366331708, 584836.364248519646935 ], [ 391437.235032999422401, 584833.776884579332545 ], [ 391439.16610110498732, 584822.191678308416158 ], [ 391427.448780941544101, 584820.25680326030124 ], [ 391429.262176905409433, 584809.351842268486507 ], [ 391437.898779494862538, 584810.775149901164696 ], [ 391444.933804041822441, 584811.938224676065147 ], [ 391442.989642418455333, 584823.645950000267476 ], [ 391443.978162153798621, 584823.806047676946037 ], [ 391454.65348319883924, 584825.58181631017942 ], [ 391452.853126366331708, 584836.364248519646935 ] ] ] } },
{ "type": "Feature", "properties": { "osm_id": "202403733", "building_tag": "apartments", "name": "", "amenity": "", "area_m2": 546.09 }, "geometry": { "type": "Polygon", "coordinates": [ [ [ 391349.29019265860552, 585151.279855989967473 ], [ 391355.773327530710958, 585143.448030382394791 ], [ 391364.34923191613052, 585150.864344191038981 ], [ 391354.404418946593069, 585162.905073213973083 ], [ 391345.582310574245639, 585155.393151904339902 ], [ 391342.00647530274, 585159.626360056689009 ], [ 391316.653030160581693, 585138.226814110763371 ], [ 391323.789622215554118, 585129.771758707240224 ], [ 391349.29019265860552, 585151.279855989967473 ] ] ] } },
{ "type": "Feature", "properties": { "osm_id": "202403734", "building_tag": "apartments", "name": "Bl. C III", "amenity": "", "area_m2": 351.38 }, "geometry": { "type": "Polygon", "coordinates": [ [ [ 391157.272784413769841, 584900.627442715573125 ], [ 391151.42529009754071, 584910.237843868904747 ], [ 391137.999867892940529, 584902.131072045303881 ], [ 391143.943839505198412, 584892.363281177240424 ], [ 391134.210853540804237, 584886.491152616450563 ], [ 391140.006281514186412, 584876.959492666530423 ], [ 391153.377687620290089, 584885.033892738400027 ], [ 391147.485757290502079, 584894.722916736849584 ], [ 391157.272784413769841, 584900.627442715573125 ] ] ] } },
{ "type": "Feature", "properties": { "osm_id": "202403739", "building_tag": "apartments", "name": "Bl. 3 III", "amenity": "", "area_m2": 558.22 }, "geometry": { "type": "Polygon", "coordinates": [ [ [ 391264.152830407721922, 584933.097439224366099 ], [ 391258.925579055096023, 584941.518168042530306 ], [ 391243.198250319052022, 584931.584981112857349 ], [ 391245.714675444178283, 584927.493087892886251 ], [ 391214.248578565660864, 584907.849365159752779 ], [ 391219.504750370630063, 584899.339141084463336 ], [ 391250.89209002116695, 584918.850906736101024 ], [ 391248.452238145982847, 584922.952535201795399 ], [ 391264.152830407721922, 584933.097439224366099 ] ] ] } },
{ "type": "Feature", "properties": { "osm_id": "202403740", "building_tag": "yes", "name": "", "amenity": "", "area_m2": 34.25 }, "geometry": { "type": "Polygon", "coordinates": [ [ [ 391258.070241839508526, 585324.156501427525654 ], [ 391254.137039582419675, 585328.051579273422249 ], [ 391249.681121096713468, 585322.862411819864064 ], [ 391253.953748341649771, 585319.572649220237508 ], [ 391254.417374941869639, 585320.286899563972838 ], [ 391254.926626457832754, 585320.989211155800149 ], [ 391255.481502877199091, 585321.679584009340033 ], [ 391256.082004186988343, 585322.358018135069869 ], [ 391256.682105002459139, 585323.014225638355128 ], [ 391257.350142753915861, 585323.624741690116934 ], [ 391258.070241839508526, 585324.156501427525654 ] ] ] } },
{ "type": "Feature", "properties": { "osm_id": "202403741", "building_tag": "apartments", "name": "Bl. I V", "amenity": "", "area_m2": 744.62 }, "geometry": { "type": "Polygon", "coordinates": [ [ [ 391311.267415135516785, 585024.953229213715531 ], [ 391304.820791684731375, 585032.695505388895981 ], [ 391276.179754309996497, 585009.087452202918939 ], [ 391279.236225473694503, 585005.286004015477374 ], [ 391250.71696731064003, 584981.664757334743626 ], [ 391257.19513301999541, 584973.977440754184499 ], [ 391285.630782844207715, 584997.622457132441923 ], [ 391282.557426849845797, 585001.335270349751227 ], [ 391311.267415135516785, 585024.953229213715531 ] ] ] } },
{ "type": "Feature", "properties": { "osm_id": "202403744", "building_tag": "apartments", "name": "", "amenity": "", "area_m2": 349.29 }, "geometry": { "type": "Polygon", "coordinates": [ [ [ 391089.452948059188202, 584953.021720091812313 ], [ 391078.408495620416943, 584951.108737454749644 ], [ 391080.12488940206822, 584941.217042571748607 ], [ 391064.773007707670331, 584938.559138367185369 ], [ 391066.705109219474252, 584927.496268315589987 ], [ 391074.2164466381073, 584928.805954081821255 ], [ 391081.965561914723366, 584930.166944355936721 ], [ 391081.003516306285746, 584935.709421186707914 ], [ 391092.124776828393806, 584937.643257603631355 ], [ 391090.843850391160231, 584944.992429863428697 ], [ 391089.452948059188202, 584953.021720091812313 ] ] ] } },
{ "type": "Feature", "properties": { "osm_id": "202403745", "building_tag": "industrial", "name": "Rezervor apă", "amenity": "", "area_m2": 899.18 }, "geometry": { "type": "Polygon", "coordinates": [ [ [ 391283.737803750263993, 585318.057930374285206 ], [ 391283.094752016011626, 585319.259023861261085 ], [ 391282.359249598346651, 585320.417314525693655 ], [ 391281.530896263022441, 585321.510575707536191 ], [ 391280.61712942837039, 585322.527556562796235 ], [ 391279.625786768330727, 585323.479232931509614 ], [ 391278.55646800523391, 585324.34337816236075 ], [ 391277.424248039897066, 585325.108603866305202 ], [ 391276.22932698141085, 585325.786023416090757 ], [ 391274.986779705795925, 585326.364248410798609 ], [ 391273.696606162295211, 585326.843278877204284 ], [ 391272.374081349233165, 585327.222839744528756 ], [ 391271.026442425558344, 585327.480566789163277 ], [ 391269.661727149854414, 585327.638549156370573 ], [ 391268.287372822698671, 585327.685535969678313 ], [ 391266.918454258237034, 585327.610138756106608 ], [ 391265.555371701018885, 585327.434584208065644 ], [ 391264.213199972640723, 585327.147483853623271 ], [ 391262.899776697042398, 585326.759813457611017 ], [ 391261.614901645574719, 585326.260459651239216 ], [ 391260.381487340899184, 585325.649009728105739 ], [ 391259.200134258251637, 585324.95880366768688 ], [ 391258.070241839508526, 585324.156501427525654 ], [ 391257.350142753915861, 585323.624741690116934 ], [ 391256.682105002459139, 585323.014225638355128 ], [ 391256.082004186988343, 585322.358018135069869 ], [ 391255.481502877199091, 585321.679584009340033 ], [ 391254.926626457832754, 585320.989211155800149 ], [ 391254.417374941869639, 585320.286899563972838 ], [ 391253.953748341649771, 585319.572649220237508 ], [ 391253.290375020471402, 585318.372851250809617 ], [ 391252.717851167195477, 585317.126949058962055 ], [ 391252.259089449653402, 585315.834529891610146 ], [ 391251.899215224315412, 585314.518095576670021 ], [ 391251.65330345032271, 585313.166257582372054 ], [ 391251.514117035607342, 585311.801380168297328 ], [ 391251.489493788103573, 585310.434439085191116 ], [ 391251.571796235628426, 585309.065571916755289 ], [ 391251.761424827331211, 585307.717005347833037 ], [ 391252.065816997841466, 585306.377488470287062 ], [ 391252.477735640190076, 585305.06938556197565 ], [ 391252.997381003107876, 585303.803809987264685 ], [ 391253.617115582921542, 585302.580899353022687 ], [ 391254.329502048960421, 585301.411904599051923 ], [ 391255.134740616253112, 585300.307939108810388 ], [ 391256.032831307151355, 585299.269002911634743 ], [ 391257.008499011746608, 585298.295371193555184 ], [ 391258.054706697002985, 585297.420521585736424 ], [ 391259.178691558423452, 585296.62208987493068 ], [ 391260.357941226800904, 585295.922715484746732 ], [ 391261.592455659760162, 585295.322398451156914 ], [ 391262.866959676844999, 585294.821413926198147 ], [ 391264.181453224155121, 585294.419761940604076 ], [ 391265.528498837200459, 585294.128693421254866 ], [ 391266.885183740523644, 585293.948621066170745 ], [ 391268.259145427262411, 585293.879407320753671 ], [ 391269.635108685644809, 585293.921327309217304 ], [ 391270.997798302967567, 585294.074656130047515 ], [ 391272.3472142071696, 585294.339393790694885 ], [ 391273.667881042696536, 585294.704702025046572 ], [ 391274.959998895530589, 585295.181694164406508 ], [ 391276.200454860983882, 585295.759669485152699 ], [ 391277.396886460483074, 585296.438490409171209 ], [ 391278.533818383119069, 585297.207318658474833 ], [ 391279.603613040642813, 585298.066291733528487 ], [ 391280.598432719532866, 585299.00443381560035 ], [ 391281.510639857850038, 585300.021882393746637 ], [ 391282.340234463161323, 585301.118637434439734 ], [ 391283.07917873369297, 585302.272609762847424 ], [ 391283.727472701168153, 585303.483799342182465 ], [ 391284.269641166785732, 585304.741367875016294 ], [ 391284.705484058591537, 585306.034201990929432 ], [ 391285.035001437878236, 585307.362301666405983 ], [ 391285.257993245089892, 585308.714553542668 ], [ 391285.374259421776515, 585310.079844274092466 ], [ 391285.375962368678302, 585311.447198035893962 ], [ 391285.263102162454743, 585312.816614836221561 ], [ 391285.042916169913951, 585314.165730457287282 ], [ 391284.715404457470868, 585315.494544914690778 ], [ 391284.280366964172572, 585316.791944878874347 ], [ 391283.737803750263993, 585318.057930374285206 ] ] ] } },
{ "type": "Feature", "properties": { "osm_id": "202403748", "building_tag": "apartments", "name": "", "amenity": "", "area_m2": 922.1 }, "geometry": { "type": "Polygon", "coordinates": [ [ [ 391344.161819206667133, 584939.761277927085757 ], [ 391344.289941466588061, 584938.81403291283641 ], [ 391347.093055275967345, 584939.186030948767439 ], [ 391346.94181855028728, 584940.122574935783632 ], [ 391347.807114142342471, 584940.229289397946559 ], [ 391346.939569630601909, 584947.21521841653157 ], [ 391346.074075015727431, 584947.097390751703642 ], [ 391345.630166149465367, 584950.451576210209168 ], [ 391342.520537315169349, 584950.029510578606278 ], [ 391337.51168299006531, 584949.363704400835559 ], [ 391337.253441088367254, 584951.147061463911086 ], [ 391326.965601132367738, 584949.664687078562565 ], [ 391327.162299210904166, 584948.282646862557158 ], [ 391315.020652439561673, 584946.533502897014841 ], [ 391314.823957049055025, 584947.915543521638028 ], [ 391304.401422044669744, 584946.59126902394928 ], [ 391304.621264433313627, 584944.797484701965004 ], [ 391299.256650510651525, 584943.893542182282545 ], [ 391296.536152848042548, 584943.442260290612467 ], [ 391296.94324581255205, 584940.166551983216777 ], [ 391296.345479747164063, 584940.06614500680007 ], [ 391297.480698432133067, 584933.097621993510984 ], [ 391298.162683507427573, 584933.207629753509536 ], [ 391298.286362102837302, 584932.438334554666653 ], [ 391301.173900662863161, 584932.831025345949456 ], [ 391301.73342763830442, 584928.685452311881818 ], [ 391305.507779370062053, 584929.106647332315333 ], [ 391306.014043592731468, 584924.973150642123073 ], [ 391320.728716583689675, 584927.042820690199733 ], [ 391341.3512992625474, 584930.062308070017025 ], [ 391340.474635359714739, 584935.692136311787181 ], [ 391340.091145701706409, 584937.733436697628349 ], [ 391339.26323964074254, 584937.581582688493654 ], [ 391338.953768199542537, 584939.065704399370588 ], [ 391344.161819206667133, 584939.761277927085757 ] ] ] } },
{ "type": "Feature", "properties": { "osm_id": "202403749", "building_tag": "yes", "name": "", "amenity": "", "area_m2": 204.76 }, "geometry": { "type": "Polygon", "coordinates": [ [ [ 391472.919766821665689, 584989.094706763047725 ], [ 391468.295256747922394, 584988.555287840310484 ], [ 391467.76048854488181, 584993.234010810847394 ], [ 391452.931465984438546, 584991.166044022422284 ], [ 391453.504567103460431, 584986.920190538279712 ], [ 391465.291743510577362, 584988.509227793780155 ], [ 391467.788556638173759, 584970.143646785640158 ], [ 391473.714333174866624, 584970.815312028396875 ], [ 391475.375768880126998, 584971.007786230300553 ], [ 391472.919766821665689, 584989.094706763047725 ] ] ] } },
{ "type": "Feature", "properties": { "osm_id": "202403751", "building_tag": "apartments", "name": "", "amenity": "", "area_m2": 559.63 }, "geometry": { "type": "Polygon", "coordinates": [ [ [ 391317.90923356579151, 585069.223594934679568 ], [ 391311.454848871042486, 585076.532445095595904 ], [ 391282.834150091686752, 585052.768360363435932 ], [ 391279.847876856219955, 585056.223918572766706 ], [ 391265.481378050753847, 585044.198423429508694 ], [ 391269.4624736685073, 585039.557663479121402 ], [ 391272.021795582550112, 585036.576700666919351 ], [ 391286.527981442282908, 585048.721982281655073 ], [ 391289.626229159883223, 585045.119891232694499 ], [ 391317.90923356579151, 585069.223594934679568 ] ] ] } },
{ "type": "Feature", "properties": { "osm_id": "202403752", "building_tag": "yes", "name": "", "amenity": "", "area_m2": 231.76 }, "geometry": { "type": "Polygon", "coordinates": [ [ [ 391571.586169005604461, 585181.701400783960707 ], [ 391567.412188508023974, 585181.565144776017405 ], [ 391567.127791779930703, 585189.552208021632396 ], [ 391557.701528268575203, 585189.221255409182049 ], [ 391555.615837918070611, 585189.225368595216423 ], [ 391555.611729922529776, 585171.983084267587401 ], [ 391563.863061984651722, 585171.9793955469504 ], [ 391563.864049197989516, 585173.735852623940445 ], [ 391571.863333913497627, 585173.736701819580048 ], [ 391571.586169005604461, 585181.701400783960707 ] ] ] } },
{ "type": "Feature", "properties": { "osm_id": "202403753", "building_tag": "apartments", "name": "", "amenity": "", "area_m2": 356.16 }, "geometry": { "type": "Polygon", "coordinates": [ [ [ 391095.813533004489727, 584991.349384484346956 ], [ 391084.810549764544703, 584989.613514959812164 ], [ 391086.383823617477901, 584979.835572092793882 ], [ 391070.537779795995448, 584977.308856349322014 ], [ 391071.830941504624207, 584969.792703389422968 ], [ 391072.452795784629416, 584966.146242666291073 ], [ 391081.303136987320613, 584967.56518193136435 ], [ 391087.984908580896445, 584968.634159285225905 ], [ 391087.098843966668937, 584974.153031222056597 ], [ 391098.59268911142135, 584975.991221193689853 ], [ 391096.939226635557134, 584985.136940742610022 ], [ 391095.813533004489727, 584991.349384484346956 ] ] ] } },
{ "type": "Feature", "properties": { "osm_id": "202403754", "building_tag": "apartments", "name": "", "amenity": "", "area_m2": 359.73 }, "geometry": { "type": "Polygon", "coordinates": [ [ [ 391097.97027907584561, 584900.818553239107132 ], [ 391096.709823694021907, 584908.456394429318607 ], [ 391095.428462340612896, 584916.205782658653334 ], [ 391084.462531129247509, 584914.413657516473904 ], [ 391086.019330360169988, 584904.991756425937638 ], [ 391070.187164829811081, 584902.398084996268153 ], [ 391072.074283358058892, 584890.958053765702061 ], [ 391079.806567259714939, 584892.23041051288601 ], [ 391087.377646178065334, 584893.4612172243651 ], [ 391087.983058900048491, 584893.561465812963434 ], [ 391087.080902214744128, 584899.036158855189569 ], [ 391097.97027907584561, 584900.818553239107132 ] ] ] } },
{ "type": "Feature", "properties": { "osm_id": "237386031", "building_tag": "industrial", "name": "", "amenity": "", "area_m2": 1335.05 }, "geometry": { "type": "Polygon", "coordinates": [ [ [ 390911.899081423762254, 585877.868243507109582 ], [ 390932.910553468274884, 585855.643693905556574 ], [ 390947.12935133674182, 585868.860577734420076 ], [ 390959.351486993778963, 585880.65723735105712 ], [ 390964.725705424789339, 585885.51833147672005 ], [ 390960.77517652255483, 585889.691857903031632 ], [ 390943.714428854174912, 585907.753885444137268 ], [ 390916.561715834424831, 585882.241891516488977 ], [ 390911.899081423762254, 585877.868243507109582 ] ] ] } },
{ "type": "Feature", "properties": { "osm_id": "237386032", "building_tag": "retail", "name": "Bârlog Pub & Brewery", "amenity": "", "area_m2": 1263.27 }, "geometry": { "type": "Polygon", "coordinates": [ [ [ 390974.907956795941573, 585797.065614257822745 ], [ 390962.921703086351044, 585791.567987080197781 ], [ 390973.620358897198457, 585768.918453640770167 ], [ 391016.152249453880358, 585788.972511255647987 ], [ 391008.341009262425359, 585805.266507475171238 ], [ 391007.067378262872808, 585807.924227025359869 ], [ 391014.957198717922438, 585812.061808851547539 ], [ 391012.762874677428044, 585816.192473829956725 ], [ 391009.127503520343453, 585823.439677767455578 ], [ 390985.407190967700444, 585811.172424779972062 ], [ 390988.669325699156616, 585804.409976497059688 ], [ 390994.140468033670913, 585793.060796633944847 ], [ 390981.283422303851694, 585787.145296189468354 ], [ 390974.907956795941573, 585797.065614257822745 ] ] ] } },
{ "type": "Feature", "properties": { "osm_id": "242195586", "building_tag": "apartments", "name": "", "amenity": "", "area_m2": 932.71 }, "geometry": { "type": "Polygon", "coordinates": [ [ [ 390545.448368753946852, 585432.129211946972646 ], [ 390557.142404235783033, 585435.774795830715448 ], [ 390562.348568263929337, 585423.31832952646073 ], [ 390585.74447494931519, 585430.62056008412037 ], [ 390598.463844178651925, 585405.26566621940583 ], [ 390581.290410380577669, 585399.006767736165784 ], [ 390578.427700060012285, 585412.198928233119659 ], [ 390556.617168916971423, 585406.802338434732519 ], [ 390545.448368753946852, 585432.129211946972646 ] ] ] } },
{ "type": "Feature", "properties": { "osm_id": "256527282", "building_tag": "apartments", "name": "", "amenity": "", "area_m2": 216.03 }, "geometry": { "type": "Polygon", "coordinates": [ [ [ 391330.739053805358708, 585304.89413594501093 ], [ 391326.476641017768998, 585303.236618651659228 ], [ 391329.722914218320511, 585290.037955640000291 ], [ 391341.961485719250049, 585292.541320414980873 ], [ 391340.544932013086509, 585297.035827485728078 ], [ 391343.061380472732708, 585298.469088929123245 ], [ 391340.97099272988271, 585306.699899988481775 ], [ 391335.733505228592549, 585306.049334317096509 ], [ 391333.793514098972082, 585309.05247747618705 ], [ 391329.561147719738074, 585308.639515031594783 ], [ 391330.739053805358708, 585304.89413594501093 ] ] ] } },
{ "type": "Feature", "properties": { "osm_id": "256527283", "building_tag": "apartments", "name": "", "amenity": "", "area_m2": 538.48 }, "geometry": { "type": "Polygon", "coordinates": [ [ [ 391183.377160245727282, 585139.104476681444794 ], [ 391194.002953530696686, 585125.439229586045258 ], [ 391217.28554957563756, 585145.519318938022479 ], [ 391206.076843025919516, 585159.484070230624638 ], [ 391183.377160245727282, 585139.104476681444794 ] ] ] } },
{ "type": "Feature", "properties": { "osm_id": "258628423", "building_tag": "industrial", "name": "", "amenity": "", "area_m2": 535.82 }, "geometry": { "type": "Polygon", "coordinates": [ [ [ 390891.368237909162417, 585905.542622613022104 ], [ 390895.367145090131089, 585901.090250141918659 ], [ 390892.424384435988031, 585898.464247964904644 ], [ 390911.899081423762254, 585877.868243507109582 ], [ 390916.561715834424831, 585882.241891516488977 ], [ 390906.240839004458394, 585892.378110799123533 ], [ 390919.444136541162152, 585904.357064478565007 ], [ 390906.369182172347791, 585918.92314570909366 ], [ 390891.368237909162417, 585905.542622613022104 ] ] ] } },
{ "type": "Feature", "properties": { "osm_id": "258628424", "building_tag": "apartments", "name": "", "amenity": "", "area_m2": 380.49 }, "geometry": { "type": "Polygon", "coordinates": [ [ [ 390777.268593158805743, 585866.328737312811427 ], [ 390787.432626365334727, 585864.844147686031647 ], [ 390791.20422244630754, 585864.297880552243441 ], [ 390795.11027858563466, 585891.030269516631961 ], [ 390781.17471021838719, 585893.061117892269976 ], [ 390777.268593158805743, 585866.328737312811427 ] ] ] } },
{ "type": "Feature", "properties": { "osm_id": "258628425", "building_tag": "apartments", "name": "", "amenity": "", "area_m2": 610.7 }, "geometry": { "type": "Polygon", "coordinates": [ [ [ 390834.125325030763634, 585845.467523803352378 ], [ 390785.62820604495937, 585852.514705057488754 ], [ 390787.432626365334727, 585864.844147686031647 ], [ 390791.20422244630754, 585864.297880552243441 ], [ 390835.929647570534144, 585857.796979916165583 ], [ 390834.125325030763634, 585845.467523803352378 ] ] ] } },
{ "type": "Feature", "properties": { "osm_id": "258636071", "building_tag": "university", "name": "Pedologie, Agrochimie și Agrotehnică", "amenity": "", "area_m2": 377.74 }, "geometry": { "type": "Polygon", "coordinates": [ [ [ 391026.397951988212299, 585745.876025297679007 ], [ 391032.710766743810382, 585732.477285378612578 ], [ 391055.233149652660359, 585742.698590106330812 ], [ 391048.728741254541092, 585756.912302811862901 ], [ 391026.397951988212299, 585745.876025297679007 ] ] ] } },
{ "type": "Feature", "properties": { "osm_id": "258636072", "building_tag": "university", "name": "Institutul de Științele Vieții", "amenity": "", "area_m2": 1268.67 }, "geometry": { "type": "Polygon", "coordinates": [ [ [ 390847.927087777177803, 585672.526755441096611 ], [ 390854.187159263063222, 585654.115020326222293 ], [ 390872.050536690978333, 585660.139859656454064 ], [ 390878.825209064758383, 585640.184707498294301 ], [ 390899.917082535859663, 585647.307435714872554 ], [ 390886.882176621817052, 585685.674258672283031 ], [ 390847.927087777177803, 585672.526755441096611 ] ] ] } },
{ "type": "Feature", "properties": { "osm_id": "258636073", "building_tag": "residential", "name": "", "amenity": "", "area_m2": 189.54 }, "geometry": { "type": "Polygon", "coordinates": [ [ [ 390757.982339610985946, 585651.20832978701219 ], [ 390763.828398201381788, 585636.950621823547408 ], [ 390775.219036968715955, 585641.591517067630775 ], [ 390769.372956793406047, 585655.849214006797411 ], [ 390757.982339610985946, 585651.20832978701219 ] ] ] } },
{ "type": "Feature", "properties": { "osm_id": "258636074", "building_tag": "university", "name": "Facultatea de Agricultură", "amenity": "", "area_m2": 1308.86 }, "geometry": { "type": "Polygon", "coordinates": [ [ [ 390887.227253444259986, 585598.255242373794317 ], [ 390893.476063341484405, 585580.89987277565524 ], [ 390875.898072172887623, 585574.614116662647575 ], [ 390883.325052132364362, 585553.969050177955069 ], [ 390901.456791071046609, 585560.456043796613812 ], [ 390907.632726883282885, 585543.290998199488968 ], [ 390921.696653446822893, 585548.31742253783159 ], [ 390901.84476558805909, 585603.482834918308072 ], [ 390887.227253444259986, 585598.255242373794317 ] ] ] } },
{ "type": "Feature", "properties": { "osm_id": "260078926", "building_tag": "apartments", "name": "", "amenity": "", "area_m2": 605.11 }, "geometry": { "type": "Polygon", "coordinates": [ [ [ 390566.670741032168735, 585951.663974672090262 ], [ 390558.948506538581569, 585903.267158039845526 ], [ 390558.413972548092715, 585899.908398708212189 ], [ 390561.476313734601717, 585899.430431387503631 ], [ 390569.817265553981997, 585898.100812940392643 ], [ 390578.073937822016887, 585949.85640348517336 ], [ 390570.883182821678929, 585950.998405772144906 ], [ 390566.670741032168735, 585951.663974672090262 ] ] ] } },
{ "type": "Feature", "properties": { "osm_id": "260078927", "building_tag": "apartments", "name": "", "amenity": "", "area_m2": 733.81 }, "geometry": { "type": "Polygon", "coordinates": [ [ [ 390561.476313734601717, 585899.430431387503631 ], [ 390559.641333371633664, 585887.968723235535435 ], [ 390510.630981517082546, 585895.750038171187043 ], [ 390512.992774225189351, 585910.559513103449717 ], [ 390516.230148634873331, 585910.044996833079495 ], [ 390558.948506538581569, 585903.267158039845526 ], [ 390558.413972548092715, 585899.908398708212189 ], [ 390561.476313734601717, 585899.430431387503631 ] ] ] } },
{ "type": "Feature", "properties": { "osm_id": "260081500", "building_tag": "yes", "name": "Biblioteca", "amenity": "library", "area_m2": 1287.73 }, "geometry": { "type": "Polygon", "coordinates": [ [ [ 390935.797010457899887, 585711.393225426552817 ], [ 390955.362469155574217, 585673.364336613100022 ], [ 390996.836635987798218, 585727.45531461876817 ], [ 390960.145252224931028, 585713.988299984484911 ], [ 390957.227163651143201, 585720.766780695179477 ], [ 390935.797010457899887, 585711.393225426552817 ] ] ] } },
{ "type": "Feature", "properties": { "osm_id": "260081501", "building_tag": "university", "name": "Facultatea de Horticultură", "amenity": "", "area_m2": 1265.36 }, "geometry": { "type": "Polygon", "coordinates": [ [ [ 390946.370126624533441, 585551.540248432080261 ], [ 390954.250357948825695, 585532.287827545194887 ], [ 391010.594803334155586, 585555.205140097183175 ], [ 391002.714427717321087, 585574.457487469655462 ], [ 390946.370126624533441, 585551.540248432080261 ] ] ] } },
{ "type": "Feature", "properties": { "osm_id": "260081502", "building_tag": "university", "name": "Rectorat", "amenity": "", "area_m2": 1794.73 }, "geometry": { "type": "Polygon", "coordinates": [ [ [ 391076.124265276943333, 585610.018557817093097 ], [ 391081.987021030567121, 585594.949339847429655 ], [ 391112.160185358836316, 585606.611436776351184 ], [ 391106.238876679446548, 585621.826201071031392 ], [ 391132.58814112941036, 585632.001001029158942 ], [ 391137.28277745709056, 585619.932251370628364 ], [ 391153.392411593580619, 585626.156297565205023 ], [ 391142.513672296830919, 585654.122636180953123 ], [ 391085.322103167884052, 585632.019830890581943 ], [ 391091.55690978304483, 585615.976732775103301 ], [ 391076.124265276943333, 585610.018557817093097 ] ] ] } },
{ "type": "Feature", "properties": { "osm_id": "263609517", "building_tag": "house", "name": "Artenax", "amenity": "", "area_m2": 470.67 }, "geometry": { "type": "Polygon", "coordinates": [ [ [ 390550.750385222898331, 584947.888688768376596 ], [ 390587.825599346659146, 584955.665609693271108 ], [ 390590.298824934987351, 584947.527637865045108 ], [ 390553.657269073824864, 584938.386569313588552 ], [ 390536.367398765753023, 584934.208754720864818 ], [ 390534.43888198089553, 584940.780498246545903 ], [ 390551.316282278567087, 584944.965784033993259 ], [ 390550.750385222898331, 584947.888688768376596 ] ] ] } },
{ "type": "Feature", "properties": { "osm_id": "274953108", "building_tag": "industrial", "name": "Punctul Termic Govora", "amenity": "", "area_m2": 312.05 }, "geometry": { "type": "Polygon", "coordinates": [ [ [ 390528.674221307272092, 585494.232695434358902 ], [ 390541.410854728019331, 585498.081680242088623 ], [ 390547.597045359783806, 585475.213044673320837 ], [ 390535.916499690851197, 585470.622292172396556 ], [ 390528.674221307272092, 585494.232695434358902 ] ] ] } },
{ "type": "Feature", "properties": { "osm_id": "274972119", "building_tag": "industrial", "name": "Centrala Termică Govora", "amenity": "", "area_m2": 289.3 }, "geometry": { "type": "Polygon", "coordinates": [ [ [ 390526.897983855567873, 585462.425852166488767 ], [ 390541.32217717426829, 585467.066893399693072 ], [ 390547.762885038740933, 585449.385278423549607 ], [ 390532.318873169249855, 585444.962819064850919 ], [ 390526.897983855567873, 585462.425852166488767 ] ] ] } },
{ "type": "Feature", "properties": { "osm_id": "275157450", "building_tag": "yes", "name": "Hotel Pami", "amenity": "", "area_m2": 584.59 }, "geometry": { "type": "Polygon", "coordinates": [ [ [ 390676.48566587571986, 585623.523832130478695 ], [ 390684.36468125396641, 585601.725263645290397 ], [ 390705.749770723748952, 585609.408979841275141 ], [ 390697.710319459147286, 585631.63286948390305 ], [ 390694.219309424806852, 585630.384275946067646 ], [ 390693.157209397759289, 585633.327274397597648 ], [ 390690.742845630447846, 585632.470516396686435 ], [ 390689.389751118491404, 585636.219207697198726 ], [ 390683.545676024572458, 585634.123870801180601 ], [ 390686.128468880080618, 585626.984463840490207 ], [ 390676.48566587571986, 585623.523832130478695 ] ] ] } },
{ "type": "Feature", "properties": { "osm_id": "275157451", "building_tag": "university", "name": "", "amenity": "", "area_m2": 479.96 }, "geometry": { "type": "Polygon", "coordinates": [ [ [ 390714.124977055820636, 585437.766814706730656 ], [ 390718.866180513636209, 585425.352259496692568 ], [ 390752.645184747816529, 585438.181309927604161 ], [ 390747.903722773771733, 585450.584725245134905 ], [ 390714.124977055820636, 585437.766814706730656 ] ] ] } },
{ "type": "Feature", "properties": { "osm_id": "275157452", "building_tag": "yes", "name": "", "amenity": "", "area_m2": 365.62 }, "geometry": { "type": "Polygon", "coordinates": [ [ [ 391261.12972081580665, 585760.352930270601064 ], [ 391268.772634049644694, 585764.361884011887014 ], [ 391286.673584911855869, 585730.521836213534698 ], [ 391276.52399025548948, 585725.190620859037153 ], [ 391270.724497218499891, 585736.156348453136161 ], [ 391273.23094606003724, 585737.467471783515066 ], [ 391261.12972081580665, 585760.352930270601064 ] ] ] } },
{ "type": "Feature", "properties": { "osm_id": "275157456", "building_tag": "detached", "name": "", "amenity": "", "area_m2": 186.97 }, "geometry": { "type": "Polygon", "coordinates": [ [ [ 390653.606960478704423, 585324.591239335713908 ], [ 390656.276899109827355, 585317.617004382191226 ], [ 390658.584868744132109, 585318.49791221646592 ], [ 390661.116344611276872, 585311.893047730554827 ], [ 390671.94810471625533, 585316.010269472491927 ], [ 390666.754305432375986, 585329.58922022941988 ], [ 390653.606960478704423, 585324.591239335713908 ] ] ] } },
{ "type": "Feature", "properties": { "osm_id": "275157457", "building_tag": "yes", "name": "", "amenity": "", "area_m2": 106.37 }, "geometry": { "type": "Polygon", "coordinates": [ [ [ 390802.777318067848682, 585327.894417688366957 ], [ 390810.391339893802069, 585333.637579439207911 ], [ 390817.137483077531215, 585324.76651434681844 ], [ 390809.523256088607013, 585319.01223085692618 ], [ 390802.777318067848682, 585327.894417688366957 ] ] ] } },
{ "type": "Feature", "properties": { "osm_id": "275157458", "building_tag": "yes", "name": "Mecanizare ateliere", "amenity": "", "area_m2": 1262.67 }, "geometry": { "type": "Polygon", "coordinates": [ [ [ 390646.709007517551072, 585578.127771525178105 ], [ 390652.648721633886453, 585563.145653391606174 ], [ 390680.226049336022697, 585573.996632757014595 ], [ 390678.640620492980815, 585577.994106698432006 ], [ 390685.711947122414131, 585580.778703543823212 ], [ 390701.200807837652974, 585541.711098201805726 ], [ 390713.781484076404013, 585546.663845843635499 ], [ 390696.576290571596473, 585590.098117445362732 ], [ 390692.236511592986062, 585588.386862496496178 ], [ 390689.613887460785918, 585595.015605475986376 ], [ 390646.709007517551072, 585578.127771525178105 ] ] ] } },
{ "type": "Feature", "properties": { "osm_id": "275157459", "building_tag": "yes", "name": "", "amenity": "", "area_m2": 263.68 }, "geometry": { "type": "Polygon", "coordinates": [ [ [ 391233.628307400096674, 585835.432106088963337 ], [ 391242.027626700117253, 585839.027184769161977 ], [ 391230.610806321143173, 585865.535635673673823 ], [ 391222.211716198595241, 585861.951686208252795 ], [ 391233.628307400096674, 585835.432106088963337 ] ] ] } },
{ "type": "Feature", "properties": { "osm_id": "275157464", "building_tag": "university", "name": "Facultatea de Zootehnie și Biotehnologii", "amenity": "", "area_m2": 411.64 }, "geometry": { "type": "Polygon", "coordinates": [ [ [ 390673.947948290617205, 585425.176125213969499 ], [ 390675.594115445448551, 585421.155318777542561 ], [ 390679.465720251551829, 585422.741638438310474 ], [ 390681.397274015471339, 585418.026413129409775 ], [ 390707.104024717933498, 585428.48895464965608 ], [ 390708.625808911398053, 585424.770567940198816 ], [ 390711.473378436639905, 585425.919650654075667 ], [ 390709.512663009518292, 585430.713212681468576 ], [ 390712.930024454020895, 585432.107671263278462 ], [ 390709.732509812398348, 585439.902973359450698 ], [ 390702.005013781832531, 585436.752248028060421 ], [ 390701.060836203629151, 585439.037205871776678 ], [ 390680.333956818212755, 585430.607854140689597 ], [ 390681.321336383582093, 585428.177589910221286 ], [ 390673.947948290617205, 585425.176125213969499 ] ] ] } },
{ "type": "Feature", "properties": { "osm_id": "275157465", "building_tag": "house", "name": "", "amenity": "", "area_m2": 196.86 }, "geometry": { "type": "Polygon", "coordinates": [ [ [ 390604.99900987901492, 585509.146621519699693 ], [ 390610.244917711301241, 585500.146856879815459 ], [ 390619.437813861877657, 585505.327555273543112 ], [ 390617.438969023176469, 585508.854505384340882 ], [ 390629.248473460669629, 585515.510834932210855 ], [ 390626.385877101682127, 585521.12119007401634 ], [ 390604.99900987901492, 585509.146621519699693 ] ] ] } },
{ "type": "Feature", "properties": { "osm_id": "275157468", "building_tag": "apartments", "name": "", "amenity": "", "area_m2": 590.67 }, "geometry": { "type": "Polygon", "coordinates": [ [ [ 391163.362526726501528, 585799.478999750455841 ], [ 391179.930765625671484, 585743.873392253066413 ], [ 391189.678210376761854, 585746.810431819525547 ], [ 391173.109891815111041, 585802.416012367699295 ], [ 391163.362526726501528, 585799.478999750455841 ] ] ] } },
{ "type": "Feature", "properties": { "osm_id": "275157469", "building_tag": "university", "name": "Facultatea de Medicină Veterinară, Facultatea de Zootehnie și Biotehnologii", "amenity": "", "area_m2": 1441.26 }, "geometry": { "type": "Polygon", "coordinates": [ [ [ 390784.300969852134585, 585499.619023017701693 ], [ 390790.197700339893345, 585485.616125546162948 ], [ 390888.253972666570917, 585525.720668991445564 ], [ 390883.976775048475247, 585538.460209946380928 ], [ 390815.41660865151789, 585509.26155746076256 ], [ 390814.021599648636766, 585511.54353425768204 ], [ 390784.300969852134585, 585499.619023017701693 ] ] ] } },
{ "type": "Feature", "properties": { "osm_id": "275157473", "building_tag": "chapel", "name": "Capela Cimitir Mănăștur", "amenity": "", "area_m2": 1037.37 }, "geometry": { "type": "Polygon", "coordinates": [ [ [ 390793.125259764841758, 585137.679818953038193 ], [ 390809.968154358793981, 585128.592778817517683 ], [ 390800.402209844440222, 585109.566795774851926 ], [ 390796.750136212736834, 585111.678373793605715 ], [ 390793.554101229761727, 585104.788081226754002 ], [ 390779.54216489661485, 585111.989651792100631 ], [ 390777.421247010701336, 585107.936977784847841 ], [ 390773.650958384969272, 585103.513933184091002 ], [ 390758.019230495789088, 585111.556397415581159 ], [ 390770.092726950766519, 585133.193903998704627 ], [ 390777.591795736690983, 585128.767084934748709 ], [ 390780.556082981696818, 585133.827262802864425 ], [ 390789.299516237922944, 585130.189485803130083 ], [ 390793.125259764841758, 585137.679818953038193 ] ] ] } },
{ "type": "Feature", "properties": { "osm_id": "275157475", "building_tag": "yes", "name": "", "amenity": "", "area_m2": 260.74 }, "geometry": { "type": "Polygon", "coordinates": [ [ [ 390874.697404317033943, 585361.957049774006009 ], [ 390866.753474125056528, 585354.441058093914762 ], [ 390864.871620422520209, 585356.42054648604244 ], [ 390860.946176192781422, 585352.70062401983887 ], [ 390858.929259802971501, 585354.815959604340605 ], [ 390843.072474467218854, 585339.816815560334362 ], [ 390839.248678553733043, 585343.832479069242254 ], [ 390859.909011928248219, 585363.36942981777247 ], [ 390861.918288179207593, 585361.254232566920109 ], [ 390868.991751326830126, 585367.952180641819723 ], [ 390874.697404317033943, 585361.957049774006009 ] ] ] } },
{ "type": "Feature", "properties": { "osm_id": "275157478", "building_tag": "house", "name": "", "amenity": "", "area_m2": 82.23 }, "geometry": { "type": "Polygon", "coordinates": [ [ [ 390683.07607398473192, 585460.529575974331237 ], [ 390689.98291364510078, 585462.661257203901187 ], [ 390693.353772452857811, 585451.78340134199243 ], [ 390686.454760445514694, 585449.662691276054829 ], [ 390683.07607398473192, 585460.529575974331237 ] ] ] } },
{ "type": "Feature", "properties": { "osm_id": "275157480", "building_tag": "university", "name": "Facultatea de Medicină Veterinară", "amenity": "", "area_m2": 1092.12 }, "geometry": { "type": "Polygon", "coordinates": [ [ [ 390737.455604479182512, 585408.551540903514251 ], [ 390742.871775591047481, 585395.013093771645799 ], [ 390752.929736153630074, 585399.022173628676683 ], [ 390751.891877455054782, 585401.620093217818066 ], [ 390797.170704128511716, 585419.610795701853931 ], [ 390794.107934597181156, 585427.259091851185076 ], [ 390778.6174229264725, 585421.102600221405737 ], [ 390765.343508030637167, 585454.271248503006063 ], [ 390753.231182535295375, 585449.45443612721283 ], [ 390765.18942796124611, 585419.577956764958799 ], [ 390737.455604479182512, 585408.551540903514251 ] ] ] } },
{ "type": "Feature", "properties": { "osm_id": "275157482", "building_tag": "carport", "name": "Baza auto", "amenity": "", "area_m2": 277.97 }, "geometry": { "type": "Polygon", "coordinates": [ [ [ 390654.242350443382747, 585487.476833483204246 ], [ 390663.558619504561648, 585492.299620213685557 ], [ 390668.290914693439845, 585483.198041447205469 ], [ 390679.989854228217155, 585489.233920932747424 ], [ 390683.312145125877578, 585482.848197455983609 ], [ 390662.296911398647353, 585471.989512469619513 ], [ 390654.242350443382747, 585487.476833483204246 ] ] ] } },
{ "type": "Feature", "properties": { "osm_id": "275157484", "building_tag": "yes", "name": "", "amenity": "", "area_m2": 246.97 }, "geometry": { "type": "Polygon", "coordinates": [ [ [ 390819.846393873507623, 585329.653457847540267 ], [ 390826.41025604394963, 585322.953509120852686 ], [ 390836.178032147523481, 585332.459758460987359 ], [ 390839.021010177093558, 585329.551290949108079 ], [ 390846.339134448789991, 585336.678351455251686 ], [ 390843.072474467218854, 585339.816815560334362 ], [ 390839.248678553733043, 585343.832479069242254 ], [ 390835.67755029827822, 585340.272920414688997 ], [ 390833.277153864095453, 585342.728707892703824 ], [ 390819.846393873507623, 585329.653457847540267 ] ] ] } },
{ "type": "Feature", "properties": { "osm_id": "275157486", "building_tag": "detached", "name": "", "amenity": "", "area_m2": 127.41 }, "geometry": { "type": "Polygon", "coordinates": [ [ [ 390606.350803519017063, 585536.525494665256701 ], [ 390612.296423549705651, 585525.245186088839546 ], [ 390621.150809881452005, 585529.876170983188786 ], [ 390615.205178506905213, 585541.15647088852711 ], [ 390606.350803519017063, 585536.525494665256701 ] ] ] } },
{ "type": "Feature", "properties": { "osm_id": "275157487", "building_tag": "detached", "name": "", "amenity": "", "area_m2": 177.47 }, "geometry": { "type": "Polygon", "coordinates": [ [ [ 390661.297272708732635, 585451.385617878637277 ], [ 390666.21122093941085, 585439.657141905976459 ], [ 390674.468742030672729, 585443.387423373293132 ], [ 390672.889889004, 585446.484302152413875 ], [ 390680.742615621362347, 585450.221922631491907 ], [ 390679.23017320362851, 585456.986200549872592 ], [ 390661.297272708732635, 585451.385617878637277 ] ] ] } },
{ "type": "Feature", "properties": { "osm_id": "275157489", "building_tag": "chapel", "name": "", "amenity": "", "area_m2": 106.76 }, "geometry": { "type": "Polygon", "coordinates": [ [ [ 390669.478194929193705, 585309.140239156666212 ], [ 390672.499275951005984, 585301.726091212593019 ], [ 390684.85978332470404, 585306.727244084700942 ], [ 390681.846327637613285, 585314.141247543971986 ], [ 390669.478194929193705, 585309.140239156666212 ] ] ] } },
{ "type": "Feature", "properties": { "osm_id": "275157498", "building_tag": "yes", "name": "Mecanizare ateliere", "amenity": "", "area_m2": 727.03 }, "geometry": { "type": "Polygon", "coordinates": [ [ [ 390616.353071265562903, 585543.792631126125343 ], [ 390626.68521041830536, 585523.305812780279666 ], [ 390633.284939415345434, 585526.621392739820294 ], [ 390642.650903916801326, 585508.041995826293714 ], [ 390654.053567220573314, 585513.749682523310184 ], [ 390634.355193916708231, 585552.804736181395128 ], [ 390616.353071265562903, 585543.792631126125343 ] ] ] } },
{ "type": "Feature", "properties": { "osm_id": "275159788", "building_tag": "yes", "name": "", "amenity": "", "area_m2": 241.73 }, "geometry": { "type": "Polygon", "coordinates": [ [ [ 391206.599917536485009, 585803.624395741499029 ], [ 391211.901363379089162, 585806.574898726772517 ], [ 391192.436661734944209, 585841.354969964595512 ], [ 391187.135436012060381, 585838.415597309474833 ], [ 391206.599917536485009, 585803.624395741499029 ] ] ] } },
{ "type": "Feature", "properties": { "osm_id": "275159791", "building_tag": "retail", "name": "", "amenity": "", "area_m2": 101.76 }, "geometry": { "type": "Polygon", "coordinates": [ [ [ 391125.18673543195473, 585812.518386230920441 ], [ 391116.340879663475789, 585810.43231281125918 ], [ 391119.224139051977545, 585803.40996564598754 ], [ 391123.820887643436436, 585804.98348233953584 ], [ 391126.736390314763412, 585796.359714083955623 ], [ 391130.866888297256082, 585797.919411636539735 ], [ 391125.18673543195473, 585812.518386230920441 ] ] ] } },
{ "type": "Feature", "properties": { "osm_id": "275159793", "building_tag": "yes", "name": "", "amenity": "", "area_m2": 288.45 }, "geometry": { "type": "Polygon", "coordinates": [ [ [ 391205.018856610811781, 585904.094686113297939 ], [ 391211.008320136112161, 585897.327673276071437 ], [ 391205.178936258831527, 585892.207762000150979 ], [ 391220.040202255535405, 585875.408997209975496 ], [ 391214.831567109911703, 585870.822621464147232 ], [ 391201.849487000785302, 585885.497538013616577 ], [ 391193.980841848591808, 585894.388422514894046 ], [ 391205.018856610811781, 585904.094686113297939 ] ] ] } },
{ "type": "Feature", "properties": { "osm_id": "275159794", "building_tag": "yes", "name": "", "amenity": "", "area_m2": 124.76 }, "geometry": { "type": "Polygon", "coordinates": [ [ [ 391450.470276506734081, 585795.432053979253396 ], [ 391453.19108275877079, 585787.000944884493947 ], [ 391464.319114548154175, 585790.680666252505034 ], [ 391462.047257041209377, 585801.138100030249916 ], [ 391455.063995874952525, 585800.240908203530125 ], [ 391455.833828756352887, 585797.169903124216944 ], [ 391450.470276506734081, 585795.432053979253396 ] ] ] } },
{ "type": "Feature", "properties": { "osm_id": "275159798", "building_tag": "supermarket", "name": "Viza Send", "amenity": "", "area_m2": 63.48 }, "geometry": { "type": "Polygon", "coordinates": [ [ [ 391492.21105869387975, 585853.178993669105694 ], [ 391497.773059925413691, 585855.33575555216521 ], [ 391500.124657832784578, 585849.312565479893237 ], [ 391497.870676110615022, 585848.441490195225924 ], [ 391500.419283833063673, 585841.903379377326928 ], [ 391497.103819728072267, 585840.628939851885661 ], [ 391492.21105869387975, 585853.178993669105694 ] ] ] } },
{ "type": "Feature", "properties": { "osm_id": "275159799", "building_tag": "yes", "name": "", "amenity": "", "area_m2": 62.52 }, "geometry": { "type": "Polygon", "coordinates": [ [ [ 390717.600069925189018, 585663.489789653802291 ], [ 390719.346837283985224, 585657.010316924657673 ], [ 390710.334386614907999, 585654.605452019255608 ], [ 390708.595063938642852, 585661.073675773455761 ], [ 390717.600069925189018, 585663.489789653802291 ] ] ] } },
{ "type": "Feature", "properties": { "osm_id": "275159800", "building_tag": "yes", "name": "", "amenity": "", "area_m2": 83.66 }, "geometry": { "type": "Polygon", "coordinates": [ [ [ 390761.691343612619676, 585631.575323320692405 ], [ 390766.777947282069363, 585618.409709766390733 ], [ 390772.9924227403244, 585621.976983048836701 ], [ 390765.424130744999275, 585634.364840797148645 ], [ 390761.691343612619676, 585631.575323320692405 ] ] ] } },
{ "type": "Feature", "properties": { "osm_id": "275159802", "building_tag": "yes", "name": "", "amenity": "", "area_m2": 39.2 }, "geometry": { "type": "Polygon", "coordinates": [ [ [ 390832.812072557513602, 585663.017138461931609 ], [ 390833.547446167271119, 585659.74656510411296 ], [ 390844.976979547995143, 585662.319128190516494 ], [ 390844.233762111049145, 585665.578724881168455 ], [ 390832.812072557513602, 585663.017138461931609 ] ] ] } },
{ "type": "Feature", "properties": { "osm_id": "275159804", "building_tag": "yes", "name": "", "amenity": "", "area_m2": 156.33 }, "geometry": { "type": "Polygon", "coordinates": [ [ [ 391138.662623875716235, 585793.031871542334557 ], [ 391139.030018205521628, 585784.598584196064621 ], [ 391148.253005388309248, 585785.14374928525649 ], [ 391148.546763180987909, 585778.557207455858588 ], [ 391152.944448232243303, 585778.41120619373396 ], [ 391150.848373221291695, 585792.656486614490859 ], [ 391147.132846800144762, 585799.704942409647629 ], [ 391143.337714429828338, 585799.3731695440365 ], [ 391145.800757086952217, 585792.769741961266845 ], [ 391143.472292234248016, 585792.856199421570636 ], [ 391142.04458542104112, 585792.90417986898683 ], [ 391138.662623875716235, 585793.031871542334557 ] ] ] } },
{ "type": "Feature", "properties": { "osm_id": "275159806", "building_tag": "yes", "name": "", "amenity": "", "area_m2": 123.06 }, "geometry": { "type": "Polygon", "coordinates": [ [ [ 390703.101110510819126, 585658.482834451948293 ], [ 390708.595063938642852, 585661.073675773455761 ], [ 390710.334386614907999, 585654.605452019255608 ], [ 390712.941404676646926, 585641.629201539326459 ], [ 390706.380274847324472, 585640.436183163896203 ], [ 390703.101110510819126, 585658.482834451948293 ] ] ] } },
{ "type": "Feature", "properties": { "osm_id": "275159808", "building_tag": "yes", "name": "", "amenity": "", "area_m2": 282.49 }, "geometry": { "type": "Polygon", "coordinates": [ [ [ 391178.001164455083199, 585877.53411814046558 ], [ 391204.165170567750465, 585849.948207015870139 ], [ 391208.653691295068711, 585852.301925210515037 ], [ 391186.492520243278705, 585877.336573971435428 ], [ 391193.245740720129106, 585883.273587727220729 ], [ 391188.034884812310338, 585889.159458955284208 ], [ 391178.001164455083199, 585877.53411814046558 ] ] ] } },
{ "type": "Feature", "properties": { "osm_id": "275159811", "building_tag": "yes", "name": "", "amenity": "", "area_m2": 66.21 }, "geometry": { "type": "Polygon", "coordinates": [ [ [ 390823.80112402420491, 585685.191720426781103 ], [ 390828.29895317950286, 585674.949456079513766 ], [ 390832.156890519778244, 585676.636169285513461 ], [ 390829.742568484682124, 585682.116034177248366 ], [ 390833.123183390882332, 585683.600157589185983 ], [ 390831.031831072992645, 585688.351577783818357 ], [ 390823.80112402420491, 585685.191720426781103 ] ] ] } },
{ "type": "Feature", "properties": { "osm_id": "275159813", "building_tag": "yes", "name": "", "amenity": "", "area_m2": 55.76 }, "geometry": { "type": "Polygon", "coordinates": [ [ [ 391468.71475692524109, 585798.494669247884303 ], [ 391470.816839118197095, 585789.641131896525621 ], [ 391476.777914036298171, 585791.045865021180362 ], [ 391474.683460678963456, 585799.899262959486805 ], [ 391468.71475692524109, 585798.494669247884303 ] ] ] } },
{ "type": "Feature", "properties": { "osm_id": "275159814", "building_tag": "retail", "name": "Lukoil", "amenity": "fuel", "area_m2": 123.82 }, "geometry": { "type": "Polygon", "coordinates": [ [ [ 390657.120380917447619, 585607.565947912517004 ], [ 390665.173872012703214, 585610.588421093765646 ], [ 390670.518138524726965, 585612.50380404049065 ], [ 390672.949950479785912, 585603.777397290337831 ], [ 390659.458137982990593, 585599.552726062713191 ], [ 390657.120380917447619, 585607.565947912517004 ] ] ] } },
{ "type": "Feature", "properties": { "osm_id": "275159815", "building_tag": "yes", "name": "", "amenity": "", "area_m2": 232.98 }, "geometry": { "type": "Polygon", "coordinates": [ [ [ 391451.364385830936953, 585885.085331587470137 ], [ 391442.532725148601457, 585898.217644530697726 ], [ 391462.841186491947155, 585907.746535258367658 ], [ 391463.121243245550431, 585900.804519027005881 ], [ 391456.314913660637103, 585898.26995454786811 ], [ 391461.501879983115941, 585890.617154534324072 ], [ 391451.364385830936953, 585885.085331587470137 ] ] ] } },
{ "type": "Feature", "properties": { "osm_id": "275159816", "building_tag": "yes", "name": "", "amenity": "", "area_m2": 56.57 }, "geometry": { "type": "Polygon", "coordinates": [ [ [ 391308.693717226618901, 585893.188884457456879 ], [ 391312.306453666766174, 585886.364719608449377 ], [ 391318.792448405758478, 585889.772014437709004 ], [ 391315.179706955386791, 585896.596175428247079 ], [ 391308.693717226618901, 585893.188884457456879 ] ] ] } },
{ "type": "Feature", "properties": { "osm_id": "275159817", "building_tag": "yes", "name": "", "amenity": "", "area_m2": 265.18 }, "geometry": { "type": "Polygon", "coordinates": [ [ [ 390704.923916843021289, 585636.793945921468548 ], [ 390706.913878580846358, 585631.088255706126802 ], [ 390712.948876508511603, 585633.180158592178486 ], [ 390717.771075016353279, 585619.34115174296312 ], [ 390730.033217482909095, 585623.588209229055792 ], [ 390724.375775125809014, 585639.821359773399308 ], [ 390713.043992060585879, 585635.90209763625171 ], [ 390711.889240749995224, 585639.213630447513424 ], [ 390704.923916843021289, 585636.793945921468548 ] ] ] } },
{ "type": "Feature", "properties": { "osm_id": "275159818", "building_tag": "church", "name": "", "amenity": "", "area_m2": 486.93 }, "geometry": { "type": "Polygon", "coordinates": [ [ [ 390901.311925961752422, 585713.072491110186093 ], [ 390904.423121643834747, 585703.878108151606284 ], [ 390916.313757056021132, 585707.876560070202686 ], [ 390920.098457441781648, 585697.90294410136994 ], [ 390916.429471995274071, 585696.524036552174948 ], [ 390921.31476566917263, 585683.617886205902323 ], [ 390928.845080359838903, 585686.45005314971786 ], [ 390927.780267893511336, 585689.248536456143484 ], [ 390933.36453938356135, 585691.3488001372898 ], [ 390922.12578204536112, 585719.62223275389988 ], [ 390901.311925961752422, 585713.072491110186093 ] ] ] } },
{ "type": "Feature", "properties": { "osm_id": "275159820", "building_tag": "yes", "name": "Clinica Iris", "amenity": "clinic", "area_m2": 170.96 }, "geometry": { "type": "Polygon", "coordinates": [ [ [ 390793.036933377152309, 585681.412570250686258 ], [ 390804.166445617098361, 585653.463255326962098 ], [ 390809.452746965107508, 585655.557679339777678 ], [ 390798.323013801360503, 585683.495871169958264 ], [ 390793.036933377152309, 585681.412570250686258 ] ] ] } },
{ "type": "Feature", "properties": { "osm_id": "275159821", "building_tag": "house", "name": "", "amenity": "", "area_m2": 334.22 }, "geometry": { "type": "Polygon", "coordinates": [ [ [ 390731.401148563832976, 585664.551765124197118 ], [ 390738.657104652549606, 585645.043528138194233 ], [ 390747.278868548630271, 585648.233694779453799 ], [ 390748.823320324532688, 585644.081342622521333 ], [ 390754.130148115102202, 585646.041943664895371 ], [ 390745.337336742901243, 585669.702376458561048 ], [ 390731.401148563832976, 585664.551765124197118 ] ] ] } },
{ "type": "Feature", "properties": { "osm_id": "275159822", "building_tag": "yes", "name": "", "amenity": "", "area_m2": 175.33 }, "geometry": { "type": "Polygon", "coordinates": [ [ [ 391195.836659539374523, 585797.303849253105 ], [ 391186.956677902606316, 585822.56602482649032 ], [ 391193.126819439174142, 585823.699903445085511 ], [ 391202.580920441076159, 585799.772542547085322 ], [ 391195.836659539374523, 585797.303849253105 ] ] ] } },
{ "type": "Feature", "properties": { "osm_id": "275159823", "building_tag": "yes", "name": "", "amenity": "", "area_m2": 148.58 }, "geometry": { "type": "Polygon", "coordinates": [ [ [ 391280.978836786351167, 585749.000732262036763 ], [ 391286.700926184072159, 585751.977075608447194 ], [ 391297.364310762321111, 585731.541060662595555 ], [ 391291.642408127023373, 585728.575820622034371 ], [ 391280.978836786351167, 585749.000732262036763 ] ] ] } },
{ "type": "Feature", "properties": { "osm_id": "275159824", "building_tag": "yes", "name": "", "amenity": "", "area_m2": 41.87 }, "geometry": { "type": "Polygon", "coordinates": [ [ [ 391419.868403374042828, 585798.917308127507567 ], [ 391422.46745178027777, 585791.789057794841938 ], [ 391427.657765058218502, 585793.66340175899677 ], [ 391425.058711497636978, 585800.791649853345007 ], [ 391419.868403374042828, 585798.917308127507567 ] ] ] } },
{ "type": "Feature", "properties": { "osm_id": "275159825", "building_tag": "yes", "name": "", "amenity": "", "area_m2": 243.41 }, "geometry": { "type": "Polygon", "coordinates": [ [ [ 390885.057220060843974, 585697.135498185758479 ], [ 390894.268275199923664, 585701.660373282851651 ], [ 390902.390068225504365, 585685.227213504374959 ], [ 390899.34550373343518, 585683.736978295259178 ], [ 390902.905068183841649, 585676.524430825375021 ], [ 390896.738554152194411, 585673.489774977671914 ], [ 390885.057220060843974, 585697.135498185758479 ] ] ] } },
{ "type": "Feature", "properties": { "osm_id": "275159826", "building_tag": "university", "name": "Biotehnologii", "amenity": "", "area_m2": 442.59 }, "geometry": { "type": "Polygon", "coordinates": [ [ [ 390954.734781912644394, 585735.886421259958297 ], [ 390960.333768613170832, 585723.578843651339412 ], [ 390990.157615360338241, 585737.069818862830289 ], [ 390984.55858241498936, 585749.37736889522057 ], [ 390954.734781912644394, 585735.886421259958297 ] ] ] } },
{ "type": "Feature", "properties": { "osm_id": "275159828", "building_tag": "yes", "name": "", "amenity": "", "area_m2": 73.15 }, "geometry": { "type": "Polygon", "coordinates": [ [ [ 390772.639848316670395, 585636.69112794555258 ], [ 390775.554942704970017, 585627.644745529512875 ], [ 390782.380375287903007, 585631.200973832397722 ], [ 390779.877476996625774, 585640.228778030257672 ], [ 390772.639848316670395, 585636.69112794555258 ] ] ] } },
{ "type": "Feature", "properties": { "osm_id": "275159829", "building_tag": "yes", "name": "", "amenity": "", "area_m2": 235.76 }, "geometry": { "type": "Polygon", "coordinates": [ [ [ 390848.902966550551355, 585696.499549956643023 ], [ 390851.13341054529883, 585689.722331037046388 ], [ 390882.549226417555474, 585699.971193779609166 ], [ 390880.326388869900256, 585706.748262982699089 ], [ 390848.902966550551355, 585696.499549956643023 ] ] ] } },
{ "type": "Feature", "properties": { "osm_id": "275159831", "building_tag": "yes", "name": "", "amenity": "", "area_m2": 25.11 }, "geometry": { "type": "Polygon", "coordinates": [ [ [ 390833.52855275379261, 585669.26304064434953 ], [ 390834.528209982905537, 585665.398488146136515 ], [ 390840.630253490584437, 585666.977923136088066 ], [ 390839.622754635638557, 585670.831499373307452 ], [ 390833.52855275379261, 585669.26304064434953 ] ] ] } },
{ "type": "Feature", "properties": { "osm_id": "275159832", "building_tag": "yes", "name": "", "amenity": "", "area_m2": 182.1 }, "geometry": { "type": "Polygon", "coordinates": [ [ [ 391307.345127107982989, 585766.957839912152849 ], [ 391312.708515379112214, 585769.10689413244836 ], [ 391322.479335327749141, 585742.372562770848162 ], [ 391315.882334479596466, 585740.445815340266563 ], [ 391314.700599318719469, 585743.124045130913146 ], [ 391307.345127107982989, 585766.957839912152849 ] ] ] } },
{ "type": "Feature", "properties": { "osm_id": "275159833", "building_tag": "yes", "name": "", "amenity": "", "area_m2": 238.09 }, "geometry": { "type": "Polygon", "coordinates": [ [ [ 391477.920239303610288, 585825.265541509492323 ], [ 391480.244590028712992, 585820.27671043551527 ], [ 391464.020601195399649, 585812.742068067542277 ], [ 391467.567715524230152, 585805.229932089452632 ], [ 391489.622604939620942, 585815.427885174169205 ], [ 391483.78266224678373, 585827.983854716527276 ], [ 391477.920239303610288, 585825.265541509492323 ] ] ] } },
{ "type": "Feature", "properties": { "osm_id": "275159835", "building_tag": "retail", "name": "", "amenity": "", "area_m2": 271.06 }, "geometry": { "type": "Polygon", "coordinates": [ [ [ 390810.168940430216026, 585685.860729667940177 ], [ 390815.182033391029108, 585670.317452410236001 ], [ 390818.309427362983115, 585671.317000695155002 ], [ 390820.783429650997277, 585663.646006903727539 ], [ 390829.266648092656396, 585666.360764435725287 ], [ 390821.787355434324127, 585689.585997518151999 ], [ 390810.168940430216026, 585685.860729667940177 ] ] ] } },
{ "type": "Feature", "properties": { "osm_id": "275159837", "building_tag": "yes", "name": "", "amenity": "", "area_m2": 65.66 }, "geometry": { "type": "Polygon", "coordinates": [ [ [ 391306.20869194844272, 585771.302800021367148 ], [ 391313.823946909978986, 585773.778167345095426 ], [ 391311.267570571682882, 585781.572716379538178 ], [ 391303.652124036045279, 585779.086238940129988 ], [ 391306.20869194844272, 585771.302800021367148 ] ] ] } },
{ "type": "Feature", "properties": { "osm_id": "275159838", "building_tag": "yes", "name": "", "amenity": "", "area_m2": 319.53 }, "geometry": { "type": "Polygon", "coordinates": [ [ [ 391219.38669155491516, 585916.720307927345857 ], [ 391224.081828905327711, 585911.466307136463001 ], [ 391224.845561027643271, 585910.607654788997024 ], [ 391219.19465170672629, 585905.640151826431975 ], [ 391235.081539522507228, 585887.677893114509061 ], [ 391226.341296513273846, 585879.997924994793721 ], [ 391214.721870451583527, 585893.136351480847225 ], [ 391220.691110935295001, 585898.387154983123764 ], [ 391210.995732169307303, 585909.345342526095919 ], [ 391219.38669155491516, 585916.720307927345857 ] ] ] } },
{ "type": "Feature", "properties": { "osm_id": "275159839", "building_tag": "yes", "name": "", "amenity": "", "area_m2": 269.38 }, "geometry": { "type": "Polygon", "coordinates": [ [ [ 391413.83052528090775, 585774.557500918628648 ], [ 391424.960004720487632, 585778.314943588338792 ], [ 391423.229841420659795, 585784.482622515992261 ], [ 391418.477264451270457, 585782.31136740592774 ], [ 391408.695340510515962, 585808.022977054235525 ], [ 391401.263095501810312, 585805.09952142497059 ], [ 391405.216734030749649, 585797.257641770411283 ], [ 391413.83052528090775, 585774.557500918628648 ] ] ] } },
{ "type": "Feature", "properties": { "osm_id": "275159841", "building_tag": "yes", "name": "", "amenity": "", "area_m2": 121.93 }, "geometry": { "type": "Polygon", "coordinates": [ [ [ 391463.443628619075753, 585890.693409499595873 ], [ 391465.811355340061709, 585881.7461550347507 ], [ 391478.5528180936235, 585885.096731086377986 ], [ 391476.185074186883867, 585894.0439804965863 ], [ 391463.443628619075753, 585890.693409499595873 ] ] ] } },
{ "type": "Feature", "properties": { "osm_id": "275159843", "building_tag": "semidetached_house", "name": "", "amenity": "", "area_m2": 93.67 }, "geometry": { "type": "Polygon", "coordinates": [ [ [ 390777.11879898206098, 585677.342706827446818 ], [ 390781.745558049529791, 585664.096488418872468 ], [ 390788.049603835155722, 585666.283649949822575 ], [ 390783.430470062652603, 585679.529725334607065 ], [ 390777.11879898206098, 585677.342706827446818 ] ] ] } },
{ "type": "Feature", "properties": { "osm_id": "275159844", "building_tag": "yes", "name": "", "amenity": "", "area_m2": 56.21 }, "geometry": { "type": "Polygon", "coordinates": [ [ [ 391458.134644156205468, 585809.990845833322965 ], [ 391461.166082585346885, 585802.265639513148926 ], [ 391467.567715524230152, 585805.229932089452632 ], [ 391464.020601195399649, 585812.742068067542277 ], [ 391458.134644156205468, 585809.990845833322965 ] ] ] } },
{ "type": "Feature", "properties": { "osm_id": "275159846", "building_tag": "yes", "name": "", "amenity": "", "area_m2": 195.44 }, "geometry": { "type": "Polygon", "coordinates": [ [ [ 391480.280394516361412, 585801.021505289012566 ], [ 391482.184086950612254, 585792.605099944863468 ], [ 391493.492716417531483, 585794.858657905482687 ], [ 391491.791410442441702, 585803.060199213447049 ], [ 391489.718316171318293, 585813.102721682749689 ], [ 391479.617284587176982, 585809.604596655350178 ], [ 391481.782067108200863, 585804.663103071972728 ], [ 391480.280394516361412, 585801.021505289012566 ] ] ] } },
{ "type": "Feature", "properties": { "osm_id": "275159849", "building_tag": "yes", "name": "", "amenity": "", "area_m2": 134.2 }, "geometry": { "type": "Polygon", "coordinates": [ [ [ 391430.942522481258493, 585794.927239421056584 ], [ 391434.39226815191796, 585782.002878331462853 ], [ 391444.086901104077697, 585784.563296891050413 ], [ 391440.637336430547293, 585797.498765742522664 ], [ 391430.942522481258493, 585794.927239421056584 ] ] ] } },
{ "type": "Feature", "properties": { "osm_id": "275159850", "building_tag": "yes", "name": "", "amenity": "", "area_m2": 122.12 }, "geometry": { "type": "Polygon", "coordinates": [ [ [ 391318.74962764326483, 585763.072786399279721 ], [ 391325.57521935319528, 585743.750914287404157 ], [ 391330.93862093455391, 585745.899984671850689 ], [ 391324.124019252951257, 585765.833085314487107 ], [ 391318.74962764326483, 585763.072786399279721 ] ] ] } },
{ "type": "Feature", "properties": { "osm_id": "275159852", "building_tag": "yes", "name": "Casa cu coșul răsucit", "amenity": "", "area_m2": 235.06 }, "geometry": { "type": "Polygon", "coordinates": [ [ [ 391193.980841848591808, 585894.388422514894046 ], [ 391188.034884812310338, 585889.159458955284208 ], [ 391193.245740720129106, 585883.273587727220729 ], [ 391198.246781905472744, 585877.613842539023608 ], [ 391200.459134498029016, 585879.563903258414939 ], [ 391215.522609636478592, 585862.539144416805357 ], [ 391219.256217582093086, 585865.818066348903812 ], [ 391214.831567109911703, 585870.822621464147232 ], [ 391201.849487000785302, 585885.497538013616577 ], [ 391193.980841848591808, 585894.388422514894046 ] ] ] } },
{ "type": "Feature", "properties": { "osm_id": "275159853", "building_tag": "yes", "name": "", "amenity": "", "area_m2": 168.31 }, "geometry": { "type": "Polygon", "coordinates": [ [ [ 390722.151971589890309, 585662.573613347951323 ], [ 390728.494548527989537, 585636.50064398359973 ], [ 390738.001621550181881, 585638.796530938241631 ], [ 390736.337636389536783, 585645.630242388229817 ], [ 390731.718359063612297, 585644.513219230342656 ], [ 390727.039742993132677, 585663.752470641979016 ], [ 390722.151971589890309, 585662.573613347951323 ] ] ] } },
{ "type": "Feature", "properties": { "osm_id": "275159854", "building_tag": "retail", "name": "", "amenity": "", "area_m2": 189.3 }, "geometry": { "type": "Polygon", "coordinates": [ [ [ 390751.750712467648555, 585671.176034734817222 ], [ 390756.804073554347269, 585656.176709476509131 ], [ 390762.179023734584916, 585658.525178881362081 ], [ 390760.205888476164546, 585663.052145589026622 ], [ 390765.348888667300344, 585663.981841371278279 ], [ 390764.892242810106836, 585661.544368501752615 ], [ 390769.877102418860886, 585665.133888432872482 ], [ 390766.538568963413127, 585673.154058046173304 ], [ 390759.798242585733533, 585674.2987917275168 ], [ 390751.750712467648555, 585671.176034734817222 ] ] ] } },
{ "type": "Feature", "properties": { "osm_id": "275159855", "building_tag": "yes", "name": "", "amenity": "", "area_m2": 98.83 }, "geometry": { "type": "Polygon", "coordinates": [ [ [ 391333.941355436167214, 585767.990909512620419 ], [ 391329.395530314883217, 585765.849352326593362 ], [ 391337.976755884708837, 585747.718754799687304 ], [ 391342.345339985680766, 585749.774573325412348 ], [ 391333.941355436167214, 585767.990909512620419 ] ] ] } },
{ "type": "Feature", "properties": { "osm_id": "275159856", "building_tag": "yes", "name": "", "amenity": "", "area_m2": 63.9 }, "geometry": { "type": "Polygon", "coordinates": [ [ [ 391340.609211377857719, 585884.621188547112979 ], [ 391344.537109914061148, 585875.356756508583203 ], [ 391350.33118174446281, 585878.520849779248238 ], [ 391347.007055823574774, 585886.951754853012972 ], [ 391340.609211377857719, 585884.621188547112979 ] ] ] } },
{ "type": "Feature", "properties": { "osm_id": "275159858", "building_tag": "yes", "name": "", "amenity": "", "area_m2": 49.19 }, "geometry": { "type": "Polygon", "coordinates": [ [ [ 391336.964308018912561, 585898.571887126076035 ], [ 391341.106221904221456, 585889.314716433291323 ], [ 391345.641349456738681, 585890.867274234304205 ], [ 391341.705623525020201, 585900.120730108930729 ], [ 391336.964308018912561, 585898.571887126076035 ] ] ] } },
{ "type": "Feature", "properties": { "osm_id": "275159859", "building_tag": "yes", "name": "", "amenity": "", "area_m2": 154.52 }, "geometry": { "type": "Polygon", "coordinates": [ [ [ 391474.967498094134498, 585858.613902961486019 ], [ 391481.838420050917193, 585862.614765796111897 ], [ 391483.49109016393777, 585859.783582511590794 ], [ 391485.776371468615253, 585861.121001788880676 ], [ 391491.905857141420711, 585850.64981466170866 ], [ 391482.749841890123207, 585845.322634824551642 ], [ 391474.967498094134498, 585858.613902961486019 ] ] ] } },
{ "type": "Feature", "properties": { "osm_id": "275159861", "building_tag": "yes", "name": "", "amenity": "", "area_m2": 57.16 }, "geometry": { "type": "Polygon", "coordinates": [ [ [ 391485.477538129664026, 585844.0729674694594 ], [ 391489.230273575754836, 585838.224690242903307 ], [ 391496.170094062283169, 585842.657892107032239 ], [ 391492.417155187460594, 585848.495051692705601 ], [ 391485.477538129664026, 585844.0729674694594 ] ] ] } },
{ "type": "Feature", "properties": { "osm_id": "275159862", "building_tag": "yes", "name": "", "amenity": "", "area_m2": 74.34 }, "geometry": { "type": "Polygon", "coordinates": [ [ [ 391449.606401290628128, 585786.476207504514605 ], [ 391444.086901104077697, 585784.563296891050413 ], [ 391440.637336430547293, 585797.498765742522664 ], [ 391446.21720705984626, 585798.521231046877801 ], [ 391449.606401290628128, 585786.476207504514605 ] ] ] } },
{ "type": "Feature", "properties": { "osm_id": "275159864", "building_tag": "university", "name": "Departamentul pentru pregătirea personalului didactic", "amenity": "", "area_m2": 212.44 }, "geometry": { "type": "Polygon", "coordinates": [ [ [ 391013.347852336824872, 585707.691371023305692 ], [ 391016.521268645126838, 585700.241291479207575 ], [ 391040.663252721715253, 585710.455538765876554 ], [ 391037.482376497995574, 585717.9168568381574 ], [ 391013.347852336824872, 585707.691371023305692 ] ] ] } },
{ "type": "Feature", "properties": { "osm_id": "275159866", "building_tag": "yes", "name": "", "amenity": "", "area_m2": 192.85 }, "geometry": { "type": "Polygon", "coordinates": [ [ [ 391468.247727812966332, 585869.818323770188726 ], [ 391470.62823922582902, 585863.705665585119277 ], [ 391479.221133251383435, 585867.030782043118961 ], [ 391480.178004113957286, 585864.590083393035457 ], [ 391487.824767298530787, 585867.55424507742282 ], [ 391486.656215010792948, 585870.543478585081175 ], [ 391483.825280523044057, 585869.449324460001662 ], [ 391478.75004371633986, 585882.46958400902804 ], [ 391465.749097744585015, 585877.433895865804516 ], [ 391467.312043521669693, 585873.437040762393735 ], [ 391476.443500052730087, 585876.974808733793907 ], [ 391477.794575175154023, 585873.515379486139864 ], [ 391468.247727812966332, 585869.818323770188726 ] ] ] } },
{ "type": "Feature", "properties": { "osm_id": "275159868", "building_tag": "yes", "name": "", "amenity": "", "area_m2": 328.83 }, "geometry": { "type": "Polygon", "coordinates": [ [ [ 391292.70867119031027, 585761.907496782951057 ], [ 391303.627053514588624, 585765.390596144832671 ], [ 391312.031917776737828, 585742.560662124422379 ], [ 391314.700599318719469, 585743.124045130913146 ], [ 391315.882334479596466, 585740.445815340266563 ], [ 391302.435158401436638, 585733.139526522136293 ], [ 391299.894716288545169, 585740.122254520189017 ], [ 391302.169845521973912, 585741.315268550650217 ], [ 391292.70867119031027, 585761.907496782951057 ] ] ] } },
{ "type": "Feature", "properties": { "osm_id": "275159869", "building_tag": "yes", "name": "", "amenity": "", "area_m2": 126.14 }, "geometry": { "type": "Polygon", "coordinates": [ [ [ 391343.832501022552606, 585767.034672771813348 ], [ 391349.666399516689125, 585752.032942429417744 ], [ 391357.674709310755134, 585755.123839964391664 ], [ 391354.352698028553277, 585763.676984624238685 ], [ 391352.721858080010861, 585763.050436790916137 ], [ 391350.21759292850038, 585769.498877953505144 ], [ 391343.832501022552606, 585767.034672771813348 ] ] ] } },
{ "type": "Feature", "properties": { "osm_id": "275166434", "building_tag": "house", "name": "", "amenity": "", "area_m2": 345.54 }, "geometry": { "type": "Polygon", "coordinates": [ [ [ 391124.920653730514459, 585876.545817438513041 ], [ 391118.998466296587139, 585868.403844784246758 ], [ 391115.041445107897744, 585871.376751352567226 ], [ 391104.768562065786682, 585879.110490602790378 ], [ 391100.713679574779235, 585882.162991236895323 ], [ 391096.462649798078928, 585885.352437190711498 ], [ 391085.805349794158246, 585893.371070027817041 ], [ 391087.843892207951285, 585895.424279301660135 ], [ 391090.100274150550831, 585897.695898307603784 ], [ 391105.236975316307507, 585889.407473847270012 ], [ 391124.920653730514459, 585876.545817438513041 ] ] ] } },
{ "type": "Feature", "properties": { "osm_id": "275166439", "building_tag": "house", "name": "", "amenity": "", "area_m2": 254.34 }, "geometry": { "type": "Polygon", "coordinates": [ [ [ 391148.647559142904356, 585874.806104353396222 ], [ 391142.787069308396894, 585879.403044632868841 ], [ 391141.506032064324245, 585876.56908536888659 ], [ 391116.017689526488539, 585895.004940779297613 ], [ 391113.050642655987758, 585889.333221375825815 ], [ 391126.984063089243136, 585879.554650629870594 ], [ 391144.410297541297041, 585867.322976047405973 ], [ 391148.647559142904356, 585874.806104353396222 ] ] ] } },
{ "type": "Feature", "properties": { "osm_id": "275166446", "building_tag": "industrial", "name": "", "amenity": "", "area_m2": 1000.89 }, "geometry": { "type": "Polygon", "coordinates": [ [ [ 390953.20550586131867, 585812.776821666979231 ], [ 390962.921703086351044, 585791.567987080197781 ], [ 390974.907956795941573, 585797.065614257822745 ], [ 390988.669325699156616, 585804.409976497059688 ], [ 390985.407190967700444, 585811.172424779972062 ], [ 391009.127503520343453, 585823.439677767455578 ], [ 391003.368569760583341, 585834.927445258130319 ], [ 390979.499746330548078, 585823.741244277684018 ], [ 390966.23054810235044, 585818.266782506601885 ], [ 390953.20550586131867, 585812.776821666979231 ] ] ] } },
{ "type": "Feature", "properties": { "osm_id": "275166447", "building_tag": "house", "name": "", "amenity": "", "area_m2": 283.56 }, "geometry": { "type": "Polygon", "coordinates": [ [ [ 391150.370239910669625, 585891.116986022796482 ], [ 391158.266169787151739, 585885.860800479422323 ], [ 391151.559268194076139, 585877.410554452333599 ], [ 391131.077140504552517, 585889.20817719551269 ], [ 391130.42209836730035, 585886.774257759563625 ], [ 391123.534692572662607, 585891.189633497386239 ], [ 391123.979935041628778, 585893.427230941015296 ], [ 391121.970153157133609, 585895.50900458812248 ], [ 391123.475831492687576, 585899.361669536330737 ], [ 391138.318261198583059, 585892.968521818285808 ], [ 391148.047236927377526, 585887.267936653806828 ], [ 391150.370239910669625, 585891.116986022796482 ] ] ] } },
{ "type": "Feature", "properties": { "osm_id": "275166450", "building_tag": "industrial", "name": "", "amenity": "", "area_m2": 721.95 }, "geometry": { "type": "Polygon", "coordinates": [ [ [ 390935.866586680524051, 585845.051387052983046 ], [ 390939.057089962298051, 585838.979456397937611 ], [ 390942.070023373060394, 585839.992251327610575 ], [ 390953.20550586131867, 585812.776821666979231 ], [ 390966.23054810235044, 585818.266782506601885 ], [ 390962.653300173056778, 585826.191101663280278 ], [ 390975.957075263489969, 585830.619934992515482 ], [ 390970.825000962184276, 585843.819545198930427 ], [ 390956.938446427986491, 585838.845402295002714 ], [ 390950.988673973362893, 585852.026451295474544 ], [ 390935.866586680524051, 585845.051387052983046 ] ] ] } },
{ "type": "Feature", "properties": { "osm_id": "275166463", "building_tag": "house", "name": "", "amenity": "", "area_m2": 357.97 }, "geometry": { "type": "Polygon", "coordinates": [ [ [ 391114.468100234342273, 585911.16362020932138 ], [ 391131.754708023392595, 585903.903710113489069 ], [ 391134.493489539891016, 585908.356688222265802 ], [ 391154.806257791758981, 585898.185206488589756 ], [ 391153.105427372269332, 585894.947486662887968 ], [ 391159.992849468486384, 585890.532144712167792 ], [ 391164.450675030588172, 585899.234173345379531 ], [ 391150.248860049352515, 585906.838571453234181 ], [ 391131.744804101414047, 585913.520069451653399 ], [ 391117.258210769738071, 585918.461609993828461 ], [ 391114.468100234342273, 585911.16362020932138 ] ] ] } },
{ "type": "Feature", "properties": { "osm_id": "276561930", "building_tag": "house", "name": "Motoland", "amenity": "", "area_m2": 129.92 }, "geometry": { "type": "Polygon", "coordinates": [ [ [ 390651.466608370072208, 585001.404032439808361 ], [ 390654.983567501185462, 584988.455771732376888 ], [ 390664.335306942462921, 584990.976718686288223 ], [ 390660.810691705264617, 585003.925112213706598 ], [ 390651.466608370072208, 585001.404032439808361 ] ] ] } },
{ "type": "Feature", "properties": { "osm_id": "276561931", "building_tag": "house", "name": "", "amenity": "", "area_m2": 158.46 }, "geometry": { "type": "Polygon", "coordinates": [ [ [ 390667.893151196185499, 585007.287582290242426 ], [ 390671.173154288437217, 584993.910060864058323 ], [ 390682.354774989013094, 584996.6424733257154 ], [ 390679.074547856871504, 585010.008875267580152 ], [ 390667.893151196185499, 585007.287582290242426 ] ] ] } },
{ "type": "Feature", "properties": { "osm_id": "276561932", "building_tag": "apartments", "name": "", "amenity": "", "area_m2": 643.11 }, "geometry": { "type": "Polygon", "coordinates": [ [ [ 390694.295423303556163, 585014.291249515954405 ], [ 390697.250073554809205, 585001.508832833264023 ], [ 390745.025728915410582, 585012.483670066809282 ], [ 390742.070984729914926, 585025.266062991227955 ], [ 390694.295423303556163, 585014.291249515954405 ] ] ] } },
{ "type": "Feature", "properties": { "osm_id": "276561933", "building_tag": "apartments", "name": "", "amenity": "", "area_m2": 500.11 }, "geometry": { "type": "Polygon", "coordinates": [ [ [ 390702.107684844173491, 584981.999556267866865 ], [ 390699.850430758378934, 584991.945635076146573 ], [ 390747.676202497968916, 585002.730599165195599 ], [ 390749.941167879616842, 584992.784400324570015 ], [ 390702.107684844173491, 584981.999556267866865 ] ] ] } },
{ "type": "Feature", "properties": { "osm_id": "276561934", "building_tag": "apartments", "name": "", "amenity": "", "area_m2": 213.36 }, "geometry": { "type": "Polygon", "coordinates": [ [ [ 390669.431273182679433, 584965.226479733828455 ], [ 390673.669653092278168, 584950.764378901105374 ], [ 390687.257145455223508, 584954.709455495118164 ], [ 390683.026575702941045, 584969.182521734503098 ], [ 390669.431273182679433, 584965.226479733828455 ] ] ] } },
{ "type": "Feature", "properties": { "osm_id": "276561935", "building_tag": "apartments", "name": "", "amenity": "", "area_m2": 217.01 }, "geometry": { "type": "Polygon", "coordinates": [ [ [ 390692.085465199837927, 584971.141849070903845 ], [ 390695.802095718448982, 584956.555807229713537 ], [ 390709.77969440468587, 584960.104777648346499 ], [ 390706.070469777740072, 584974.679559191688895 ], [ 390692.085465199837927, 584971.141849070903845 ] ] ] } },
{ "type": "Feature", "properties": { "osm_id": "276561937", "building_tag": "apartments", "name": "", "amenity": "", "area_m2": 249.2 }, "geometry": { "type": "Polygon", "coordinates": [ [ [ 390717.141916721942835, 584974.279046962736174 ], [ 390720.246191077167168, 584962.160954219405539 ], [ 390739.550871144398116, 584967.069898252957501 ], [ 390736.454199311614502, 584979.187842721818015 ], [ 390717.141916721942835, 584974.279046962736174 ] ] ] } },
{ "type": "Feature", "properties": { "osm_id": "276561938", "building_tag": "apartments", "name": "", "amenity": "", "area_m2": 248.8 }, "geometry": { "type": "Polygon", "coordinates": [ [ [ 390746.28951697354205, 584981.411123419646174 ], [ 390749.514842573320493, 584968.801710091414861 ], [ 390768.044018453976605, 584973.502437526825815 ], [ 390764.818657438503578, 584986.111840836936608 ], [ 390746.28951697354205, 584981.411123419646174 ] ] ] } },
{ "type": "Feature", "properties": { "osm_id": "276735393", "building_tag": "house", "name": "", "amenity": "", "area_m2": 274.23 }, "geometry": { "type": "Polygon", "coordinates": [ [ [ 391461.544065787049476, 585664.808861964964308 ], [ 391463.726339571177959, 585658.288443622644991 ], [ 391473.80212118284544, 585661.642481078743003 ], [ 391473.113359507056884, 585663.700382243376225 ], [ 391484.096097383880988, 585667.36052257893607 ], [ 391484.937250240705907, 585664.855205385480076 ], [ 391493.744697818357963, 585667.776280811754987 ], [ 391490.221251755952835, 585678.311780068324879 ], [ 391470.377232963975985, 585671.709308797609992 ], [ 391471.565978744940367, 585668.141630173195153 ], [ 391461.544065787049476, 585664.808861964964308 ] ] ] } },
{ "type": "Feature", "properties": { "osm_id": "276735394", "building_tag": "house", "name": "", "amenity": "", "area_m2": 107.8 }, "geometry": { "type": "Polygon", "coordinates": [ [ [ 391170.356397821800783, 585725.536251598154195 ], [ 391172.007786073372699, 585722.215858105919324 ], [ 391174.921629984746687, 585723.664117245119996 ], [ 391176.610004339599982, 585720.276356545742601 ], [ 391178.228606207063422, 585721.069832655834034 ], [ 391179.865327006089501, 585717.783056801417843 ], [ 391181.376209267007653, 585718.534007766633295 ], [ 391182.681285954604391, 585715.920229054521769 ], [ 391186.712917155993637, 585717.926426236168481 ], [ 391180.431146464950871, 585730.52401454502251 ], [ 391170.356397821800783, 585725.536251598154195 ] ] ] } },
{ "type": "Feature", "properties": { "osm_id": "276735396", "building_tag": "house", "name": "", "amenity": "", "area_m2": 232.34 }, "geometry": { "type": "Polygon", "coordinates": [ [ [ 391227.116466450039297, 585688.994521399494261 ], [ 391241.823233994888142, 585697.934380080550909 ], [ 391235.233070360787679, 585709.959381529712118 ], [ 391230.521408681874163, 585707.098282512626611 ], [ 391227.949506615754217, 585710.635350938071497 ], [ 391223.477502612338867, 585706.235798254143447 ], [ 391227.135121936793439, 585701.900976897217333 ], [ 391224.235608252871316, 585699.551960652810521 ], [ 391226.385817997273989, 585696.77844271925278 ], [ 391223.16972327278927, 585695.09103219746612 ], [ 391227.116466450039297, 585688.994521399494261 ] ] ] } },
{ "type": "Feature", "properties": { "osm_id": "276735398", "building_tag": "house", "name": "", "amenity": "", "area_m2": 136.6 }, "geometry": { "type": "Polygon", "coordinates": [ [ [ 391476.561430754838511, 585602.228376740124077 ], [ 391476.034433958237059, 585595.011835802346468 ], [ 391488.95120487146778, 585594.057037160149775 ], [ 391489.135219734744169, 585596.643977720872499 ], [ 391491.98872976237908, 585596.437048403429799 ], [ 391492.209884118579794, 585599.390180659363978 ], [ 391494.773379816615488, 585599.199582529487088 ], [ 391495.15707818500232, 585604.395416220533662 ], [ 391488.015875253302511, 585604.923989022499882 ], [ 391487.761619185446762, 585601.404487620689906 ], [ 391476.561430754838511, 585602.228376740124077 ] ] ] } },
{ "type": "Feature", "properties": { "osm_id": "276735399", "building_tag": "house", "name": "", "amenity": "", "area_m2": 343.59 }, "geometry": { "type": "Polygon", "coordinates": [ [ [ 391437.006879255699459, 585545.07588460133411 ], [ 391445.939744829433039, 585534.142924550455064 ], [ 391456.398474987712689, 585542.637196934083477 ], [ 391453.527916991733946, 585546.146181775256991 ], [ 391456.443083768535871, 585548.51725901523605 ], [ 391460.474595854931977, 585551.790972254821099 ], [ 391464.250278397463262, 585554.858065751264803 ], [ 391456.857509862398729, 585563.917894308455288 ], [ 391449.120252632419579, 585557.642541140317917 ], [ 391450.465778688609134, 585555.99527221545577 ], [ 391437.006879255699459, 585545.07588460133411 ] ] ] } },
{ "type": "Feature", "properties": { "osm_id": "276735401", "building_tag": "house", "name": "", "amenity": "", "area_m2": 216.1 }, "geometry": { "type": "Polygon", "coordinates": [ [ [ 391531.425301217765082, 585475.29848212946672 ], [ 391533.945217636995949, 585468.427404396235943 ], [ 391548.571673046913929, 585473.745326731353998 ], [ 391547.144433869456407, 585477.650778927607462 ], [ 391554.211656003608368, 585480.225235076854005 ], [ 391556.287079225876369, 585474.551664512255229 ], [ 391560.82425023248652, 585476.204404305899516 ], [ 391556.986433558864519, 585486.689915631781332 ], [ 391540.744996568653733, 585480.778440142748877 ], [ 391541.422323605569545, 585478.931976123829372 ], [ 391531.425301217765082, 585475.29848212946672 ] ] ] } },
{ "type": "Feature", "properties": { "osm_id": "276735402", "building_tag": "house", "name": "", "amenity": "", "area_m2": 235.5 }, "geometry": { "type": "Polygon", "coordinates": [ [ [ 391375.15504755161237, 585740.334982404951006 ], [ 391384.540666867804248, 585725.291612156666815 ], [ 391382.430163865268696, 585723.906617024797015 ], [ 391385.959530536725651, 585718.807132081012242 ], [ 391390.06182166794315, 585720.923361205030233 ], [ 391388.830455181596335, 585731.884599280194379 ], [ 391391.368265543598682, 585732.817230225540698 ], [ 391387.984851749904919, 585739.659448089194484 ], [ 391392.405882860417478, 585741.658774011419155 ], [ 391390.310441801673733, 585747.05484758131206 ], [ 391375.15504755161237, 585740.334982404951006 ] ] ] } },
{ "type": "Feature", "properties": { "osm_id": "276735405", "building_tag": "house", "name": "", "amenity": "", "area_m2": 243.24 }, "geometry": { "type": "Polygon", "coordinates": [ [ [ 391571.53169075329788, 585373.069245831225999 ], [ 391561.629100019752514, 585371.724091489682905 ], [ 391560.579484473099001, 585380.491973338648677 ], [ 391557.400306477793492, 585380.437911012209952 ], [ 391557.415304754860699, 585387.652532951324247 ], [ 391564.338971774384845, 585388.184065458015539 ], [ 391564.186354102916084, 585392.02214958507102 ], [ 391574.973204638808966, 585393.684933793381788 ], [ 391575.937616751238238, 585386.552774307318032 ], [ 391574.725111579056829, 585386.252159967087209 ], [ 391569.995040775451344, 585385.347707832697779 ], [ 391571.53169075329788, 585373.069245831225999 ] ] ] } },
{ "type": "Feature", "properties": { "osm_id": "276735406", "building_tag": "house", "name": "", "amenity": "", "area_m2": 96.17 }, "geometry": { "type": "Polygon", "coordinates": [ [ [ 391352.965087472985033, 585316.422582672676072 ], [ 391358.511989545775577, 585318.13482141320128 ], [ 391359.898600652290042, 585313.67420817411039 ], [ 391361.235332564101554, 585314.083713978994638 ], [ 391362.412856918817852, 585310.316114466055296 ], [ 391364.156779109849595, 585310.851696846075356 ], [ 391365.131853425700683, 585307.721406735247001 ], [ 391362.504412505484652, 585306.912682409281842 ], [ 391363.587850561598316, 585303.435816851328127 ], [ 391359.308533412055112, 585302.112089110305533 ], [ 391357.35135220293887, 585308.40614882321097 ], [ 391355.622903759474866, 585307.881406849017367 ], [ 391352.965087472985033, 585316.422582672676072 ] ] ] } },
{ "type": "Feature", "properties": { "osm_id": "276735407", "building_tag": "apartments", "name": "", "amenity": "", "area_m2": 284.09 }, "geometry": { "type": "Polygon", "coordinates": [ [ [ 391548.757071817410178, 585297.794245319440961 ], [ 391554.18253473972436, 585297.852420921437442 ], [ 391554.157715770998038, 585300.298592104227282 ], [ 391555.563026336720213, 585300.273348279413767 ], [ 391569.761193140351679, 585300.440766048966907 ], [ 391569.756244789808989, 585301.441378870978951 ], [ 391576.454780452186242, 585301.343306020949967 ], [ 391580.003196831268724, 585301.535268376697786 ], [ 391579.955334508151282, 585306.527630561380647 ], [ 391577.029354780854192, 585306.535711328266189 ], [ 391569.456152179162018, 585306.427154666977003 ], [ 391569.431274650502019, 585309.295770191354677 ], [ 391564.92332607798744, 585309.276685807271861 ], [ 391562.470076892408542, 585309.231814971892163 ], [ 391562.451495044981129, 585311.60005554696545 ], [ 391548.628391967853531, 585311.470385598018765 ], [ 391548.757071817410178, 585297.794245319440961 ] ] ] } },
{ "type": "Feature", "properties": { "osm_id": "276735409", "building_tag": "yes", "name": "", "amenity": "", "area_m2": 168.61 }, "geometry": { "type": "Polygon", "coordinates": [ [ [ 391509.142315301520284, 585458.423173699295148 ], [ 391511.382834879739676, 585453.435870431712829 ], [ 391512.949796223489102, 585454.330416766460985 ], [ 391515.275082122592721, 585449.808503273874521 ], [ 391517.387092789984308, 585450.848893204703927 ], [ 391519.072252402198501, 585449.818086527870037 ], [ 391521.634964654105715, 585450.005491550429724 ], [ 391524.685722185880877, 585451.41810831357725 ], [ 391525.109974472259637, 585453.344832478323951 ], [ 391524.764800904376898, 585455.818995397654362 ], [ 391526.337550613679923, 585457.035832373891026 ], [ 391521.690615488216281, 585465.857247632811777 ], [ 391509.142315301520284, 585458.423173699295148 ] ] ] } },
{ "type": "Feature", "properties": { "osm_id": "276735410", "building_tag": "house", "name": "", "amenity": "", "area_m2": 410.89 }, "geometry": { "type": "Polygon", "coordinates": [ [ [ 391444.867427268298343, 585521.244316587341018 ], [ 391451.419488052430097, 585512.588685245835222 ], [ 391445.123239700624254, 585507.854914590716362 ], [ 391442.645812930888496, 585511.134495740290731 ], [ 391432.260500457196031, 585503.328176194103435 ], [ 391428.424870195041876, 585508.399784171022475 ], [ 391423.631023290217854, 585504.795177284628153 ], [ 391415.459881164424587, 585515.603298589470796 ], [ 391421.942038997891359, 585520.478215364390053 ], [ 391428.426731997227762, 585511.901588601176627 ], [ 391432.229406862694304, 585514.768072362639941 ], [ 391428.632580848236103, 585519.524111317936331 ], [ 391439.815502215875313, 585527.927512795082293 ], [ 391444.867427268298343, 585521.244316587341018 ] ] ] } },
{ "type": "Feature", "properties": { "osm_id": "276735412", "building_tag": "house", "name": "", "amenity": "", "area_m2": 77.45 }, "geometry": { "type": "Polygon", "coordinates": [ [ [ 391559.66423948330339, 585270.417416533106007 ], [ 391559.559586286195554, 585265.016467275447212 ], [ 391573.894966106628999, 585264.736754958401434 ], [ 391573.999606492114253, 585270.137704362627119 ], [ 391559.66423948330339, 585270.417416533106007 ] ] ] } },
{ "type": "Feature", "properties": { "osm_id": "276735418", "building_tag": "house", "name": "", "amenity": "", "area_m2": 89.95 }, "geometry": { "type": "Polygon", "coordinates": [ [ [ 391387.157503184280358, 585239.745222533587366 ], [ 391389.299442317918874, 585235.649005156592466 ], [ 391406.567037402768619, 585244.621024894644506 ], [ 391404.425090183503926, 585248.717236180440523 ], [ 391387.157503184280358, 585239.745222533587366 ] ] ] } },
{ "type": "Feature", "properties": { "osm_id": "276735419", "building_tag": "house", "name": "", "amenity": "", "area_m2": 149.42 }, "geometry": { "type": "Polygon", "coordinates": [ [ [ 391475.773722024576273, 585655.726170205511153 ], [ 391480.33594261505641, 585643.904656742699444 ], [ 391491.343973656592425, 585648.120203509461135 ], [ 391486.774297984258737, 585659.952959287213162 ], [ 391475.773722024576273, 585655.726170205511153 ] ] ] } },
{ "type": "Feature", "properties": { "osm_id": "276735421", "building_tag": "house", "name": "", "amenity": "", "area_m2": 92.69 }, "geometry": { "type": "Polygon", "coordinates": [ [ [ 391376.028486034134403, 585272.16234487737529 ], [ 391389.750362581631634, 585278.97472511685919 ], [ 391392.456791381933726, 585273.556553795118816 ], [ 391378.735105977393687, 585266.755280773388222 ], [ 391376.028486034134403, 585272.16234487737529 ] ] ] } },
{ "type": "Feature", "properties": { "osm_id": "276735422", "building_tag": "house", "name": "", "amenity": "", "area_m2": 104.24 }, "geometry": { "type": "Polygon", "coordinates": [ [ [ 391418.675300053902902, 585310.815835181623697 ], [ 391423.135341219604015, 585297.55092907010112 ], [ 391430.199029597570188, 585299.914087575045414 ], [ 391425.738975051615853, 585313.178988447529264 ], [ 391418.675300053902902, 585310.815835181623697 ] ] ] } },
{ "type": "Feature", "properties": { "osm_id": "276735423", "building_tag": "house", "name": "", "amenity": "", "area_m2": 105.17 }, "geometry": { "type": "Polygon", "coordinates": [ [ [ 391306.50837338535348, 585719.214452566113323 ], [ 391314.197166303289123, 585707.525493894703686 ], [ 391320.489952343399636, 585711.647757767583244 ], [ 391312.800952973018866, 585723.325595148955472 ], [ 391306.50837338535348, 585719.214452566113323 ] ] ] } },
{ "type": "Feature", "properties": { "osm_id": "276735424", "building_tag": "house", "name": "", "amenity": "", "area_m2": 91.0 }, "geometry": { "type": "Polygon", "coordinates": [ [ [ 391473.418953386950307, 585269.754920287872665 ], [ 391475.379588362353388, 585260.670489210751839 ], [ 391484.951275107217953, 585262.721821921528317 ], [ 391482.998264234745875, 585271.806112551596016 ], [ 391473.418953386950307, 585269.754920287872665 ] ] ] } },
{ "type": "Feature", "properties": { "osm_id": "276735425", "building_tag": "house", "name": "", "amenity": "", "area_m2": 68.84 }, "geometry": { "type": "Polygon", "coordinates": [ [ [ 391158.468184824043419, 585717.846429204568267 ], [ 391160.731825304101221, 585712.891916546039283 ], [ 391172.231498974957503, 585718.098548148525879 ], [ 391169.96805168670835, 585723.064169860444963 ], [ 391158.468184824043419, 585717.846429204568267 ] ] ] } },
{ "type": "Feature", "properties": { "osm_id": "276735427", "building_tag": "house", "name": "", "amenity": "", "area_m2": 20.54 }, "geometry": { "type": "Polygon", "coordinates": [ [ [ 391149.676758758432698, 585772.166808849433437 ], [ 391150.869791016448289, 585767.153777822386473 ], [ 391154.730024357733782, 585768.129166101105511 ], [ 391153.537189540045802, 585773.153309709858149 ], [ 391149.676758758432698, 585772.166808849433437 ] ] ] } },
{ "type": "Feature", "properties": { "osm_id": "276735428", "building_tag": "house", "name": "", "amenity": "", "area_m2": 160.02 }, "geometry": { "type": "Polygon", "coordinates": [ [ [ 391276.321901118499227, 585600.717686286196113 ], [ 391290.039650252088904, 585590.365325701888651 ], [ 391295.673711966199335, 585597.778930168482475 ], [ 391281.955970902985428, 585608.131278220680542 ], [ 391276.321901118499227, 585600.717686286196113 ] ] ] } },
{ "type": "Feature", "properties": { "osm_id": "276735429", "building_tag": "house", "name": "", "amenity": "", "area_m2": 154.5 }, "geometry": { "type": "Polygon", "coordinates": [ [ [ 391451.020037118461914, 585762.70497583958786 ], [ 391452.467713252583053, 585750.172372362110764 ], [ 391464.639700988307595, 585751.576582197216339 ], [ 391463.191800352942664, 585764.098069255705923 ], [ 391451.020037118461914, 585762.70497583958786 ] ] ] } },
{ "type": "Feature", "properties": { "osm_id": "276735431", "building_tag": "house", "name": "", "amenity": "", "area_m2": 26.54 }, "geometry": { "type": "Polygon", "coordinates": [ [ [ 391397.245509997825138, 585234.394364568404853 ], [ 391399.268413247074932, 585230.900607028277591 ], [ 391404.973604650353082, 585234.188647552276962 ], [ 391402.950499433616642, 585237.67128984851297 ], [ 391397.245509997825138, 585234.394364568404853 ] ] ] } },
{ "type": "Feature", "properties": { "osm_id": "276735432", "building_tag": "house", "name": "", "amenity": "", "area_m2": 107.77 }, "geometry": { "type": "Polygon", "coordinates": [ [ [ 391557.539620443130843, 585232.524608386913314 ], [ 391557.558669950580224, 585226.35436941194348 ], [ 391575.009451545425691, 585226.396678485907614 ], [ 391574.990583832375705, 585232.578030614065938 ], [ 391557.539620443130843, 585232.524608386913314 ] ] ] } },
{ "type": "Feature", "properties": { "osm_id": "276735433", "building_tag": "house", "name": "", "amenity": "", "area_m2": 41.1 }, "geometry": { "type": "Polygon", "coordinates": [ [ [ 391367.753031025291421, 585278.036472623236477 ], [ 391370.168851089605596, 585272.178842404624447 ], [ 391376.172365414327942, 585274.638833983568475 ], [ 391373.748903103754856, 585280.49659922637511 ], [ 391367.753031025291421, 585278.036472623236477 ] ] ] } },
{ "type": "Feature", "properties": { "osm_id": "276735434", "building_tag": "house", "name": "", "amenity": "", "area_m2": 211.72 }, "geometry": { "type": "Polygon", "coordinates": [ [ [ 391328.196142315398902, 585552.392057036631741 ], [ 391338.583318882680032, 585541.19929694198072 ], [ 391348.775616610131692, 585550.587538814404979 ], [ 391338.396275806706399, 585561.791257521370426 ], [ 391328.196142315398902, 585552.392057036631741 ] ] ] } },
{ "type": "Feature", "properties": { "osm_id": "276735435", "building_tag": "house", "name": "", "amenity": "", "area_m2": 150.24 }, "geometry": { "type": "Polygon", "coordinates": [ [ [ 391475.048490752407815, 585692.725295911775902 ], [ 391478.9962905254215, 585682.849174634087831 ], [ 391492.130861952260602, 585688.071485319756903 ], [ 391488.182844971306622, 585697.93648465059232 ], [ 391475.048490752407815, 585692.725295911775902 ] ] ] } },
{ "type": "Feature", "properties": { "osm_id": "276735436", "building_tag": "garage", "name": "", "amenity": "", "area_m2": 20.66 }, "geometry": { "type": "Polygon", "coordinates": [ [ [ 391476.329250559676439, 585401.049229154363275 ], [ 391478.693472025159281, 585396.993513619643636 ], [ 391482.499680570617784, 585399.204066379345022 ], [ 391480.135457522235811, 585403.259780432330444 ], [ 391476.329250559676439, 585401.049229154363275 ] ] ] } },
{ "type": "Feature", "properties": { "osm_id": "276735438", "building_tag": "house", "name": "", "amenity": "", "area_m2": 59.53 }, "geometry": { "type": "Polygon", "coordinates": [ [ [ 391408.390173071064055, 585308.599570350022987 ], [ 391415.278191407269333, 585310.965871169231832 ], [ 391417.95088902011048, 585303.247111110016704 ], [ 391411.070300816965755, 585300.869556510122493 ], [ 391408.390173071064055, 585308.599570350022987 ] ] ] } },
{ "type": "Feature", "properties": { "osm_id": "276735439", "building_tag": "house", "name": "", "amenity": "", "area_m2": 66.48 }, "geometry": { "type": "Polygon", "coordinates": [ [ [ 391448.482531439978629, 585265.122801010729745 ], [ 391449.938959826889914, 585260.716540417284705 ], [ 391463.048575290304143, 585263.649166113464162 ], [ 391462.37332591653103, 585268.586108921444975 ], [ 391448.482531439978629, 585265.122801010729745 ] ] ] } },
{ "type": "Feature", "properties": { "osm_id": "276735440", "building_tag": "house", "name": "", "amenity": "", "area_m2": 102.72 }, "geometry": { "type": "Polygon", "coordinates": [ [ [ 391180.754103534156457, 585706.060872158850543 ], [ 391184.075608975370415, 585699.186298474669456 ], [ 391171.67899195663631, 585693.384381217765622 ], [ 391167.989762730780058, 585699.354000492137857 ], [ 391180.754103534156457, 585706.060872158850543 ] ] ] } },
{ "type": "Feature", "properties": { "osm_id": "276735441", "building_tag": "house", "name": "", "amenity": "", "area_m2": 69.82 }, "geometry": { "type": "Polygon", "coordinates": [ [ [ 391297.168575589661486, 585715.580633063451387 ], [ 391304.969778861152008, 585705.4682461587945 ], [ 391309.307957109296694, 585708.803039265447296 ], [ 391301.506551164085977, 585718.904307277756743 ], [ 391297.168575589661486, 585715.580633063451387 ] ] ] } },
{ "type": "Feature", "properties": { "osm_id": "276735442", "building_tag": "house", "name": "", "amenity": "", "area_m2": 157.9 }, "geometry": { "type": "Polygon", "coordinates": [ [ [ 391478.050606935517862, 585249.027511236141436 ], [ 391480.404837829933967, 585235.911677027121186 ], [ 391492.070472425024491, 585237.992084655561484 ], [ 391489.716217366105411, 585251.107914196443744 ], [ 391478.050606935517862, 585249.027511236141436 ] ] ] } },
{ "type": "Feature", "properties": { "osm_id": "276735443", "building_tag": "house", "name": "", "amenity": "", "area_m2": 116.25 }, "geometry": { "type": "Polygon", "coordinates": [ [ [ 391153.292549288831651, 585735.860299221938476 ], [ 391155.947180694027338, 585728.864329453092068 ], [ 391170.476696282625198, 585734.327601845492609 ], [ 391167.822251281701028, 585741.334678567829542 ], [ 391153.292549288831651, 585735.860299221938476 ] ] ] } },
{ "type": "Feature", "properties": { "osm_id": "276735446", "building_tag": "house", "name": "", "amenity": "", "area_m2": 94.54 }, "geometry": { "type": "Polygon", "coordinates": [ [ [ 391437.635201347642578, 585399.888410860905424 ], [ 391442.820427391212434, 585403.586044385912828 ], [ 391451.473468364216387, 585391.524206228554249 ], [ 391446.288237792556174, 585387.826565352617763 ], [ 391437.635201347642578, 585399.888410860905424 ] ] ] } },
{ "type": "Feature", "properties": { "osm_id": "276735447", "building_tag": "house", "name": "", "amenity": "", "area_m2": 114.29 }, "geometry": { "type": "Polygon", "coordinates": [ [ [ 391399.712267064955086, 585750.320833119447343 ], [ 391406.727697937807534, 585734.742058351170272 ], [ 391412.835024649044499, 585737.478133411728777 ], [ 391405.811944732733537, 585753.057038495084271 ], [ 391399.712267064955086, 585750.320833119447343 ] ] ] } },
{ "type": "Feature", "properties": { "osm_id": "276735449", "building_tag": "house", "name": "", "amenity": "", "area_m2": 97.85 }, "geometry": { "type": "Polygon", "coordinates": [ [ [ 391400.618944991379976, 585356.942419215338305 ], [ 391405.975607479573227, 585346.807462299591862 ], [ 391413.534118247742299, 585350.773656030767597 ], [ 391408.177447078516707, 585360.90860627987422 ], [ 391400.618944991379976, 585356.942419215338305 ] ] ] } },
{ "type": "Feature", "properties": { "osm_id": "276735450", "building_tag": "house", "name": "", "amenity": "", "area_m2": 282.01 }, "geometry": { "type": "Polygon", "coordinates": [ [ [ 391340.496092341549229, 585467.503958117915317 ], [ 391345.635720506310463, 585459.329428920755163 ], [ 391370.400424247956835, 585474.836572299944237 ], [ 391365.252939959289506, 585483.000104687060229 ], [ 391340.496092341549229, 585467.503958117915317 ] ] ] } },
{ "type": "Feature", "properties": { "osm_id": "276735451", "building_tag": "house", "name": "", "amenity": "", "area_m2": 29.09 }, "geometry": { "type": "Polygon", "coordinates": [ [ [ 391558.843271468067542, 585465.445441668038256 ], [ 391559.860100557329133, 585461.658534215763211 ], [ 391567.029918537125923, 585463.56414637574926 ], [ 391566.013085364480503, 585467.351052608923055 ], [ 391558.843271468067542, 585465.445441668038256 ] ] ] } },
{ "type": "Feature", "properties": { "osm_id": "276735452", "building_tag": "house", "name": "", "amenity": "", "area_m2": 96.31 }, "geometry": { "type": "Polygon", "coordinates": [ [ [ 391562.761524772970006, 585518.980937534826808 ], [ 391567.555542959889863, 585507.288740866468288 ], [ 391574.61263685504673, 585510.152442273101769 ], [ 391569.818807301635388, 585521.855746691580862 ], [ 391562.761524772970006, 585518.980937534826808 ] ] ] } },
{ "type": "Feature", "properties": { "osm_id": "276735454", "building_tag": "yes", "name": "", "amenity": "", "area_m2": 307.55 }, "geometry": { "type": "Polygon", "coordinates": [ [ [ 391294.430419242300559, 585502.006531689199619 ], [ 391299.858905779139604, 585494.604945560917258 ], [ 391326.945579085848294, 585514.327894347021356 ], [ 391321.517078816425055, 585521.729456404689699 ], [ 391294.430419242300559, 585502.006531689199619 ] ] ] } },
{ "type": "Feature", "properties": { "osm_id": "276735461", "building_tag": "house", "name": "", "amenity": "", "area_m2": 110.33 }, "geometry": { "type": "Polygon", "coordinates": [ [ [ 391228.120464370353147, 585650.167122622486204 ], [ 391240.595196197624318, 585636.557538329157978 ], [ 391245.014606518554501, 585640.580074790748768 ], [ 391232.539873684523627, 585654.189650092390366 ], [ 391228.120464370353147, 585650.167122622486204 ] ] ] } },
{ "type": "Feature", "properties": { "osm_id": "276735464", "building_tag": "house", "name": "", "amenity": "", "area_m2": 76.96 }, "geometry": { "type": "Polygon", "coordinates": [ [ [ 391393.536188144236803, 585224.411379678873345 ], [ 391395.422336864285171, 585219.686100938706659 ], [ 391409.481288087554276, 585225.269600604660809 ], [ 391407.595130435656756, 585229.99487495305948 ], [ 391393.536188144236803, 585224.411379678873345 ] ] ] } },
{ "type": "Feature", "properties": { "osm_id": "276735466", "building_tag": "house", "name": "", "amenity": "", "area_m2": 153.83 }, "geometry": { "type": "Polygon", "coordinates": [ [ [ 391456.992737289285287, 585339.864600657252595 ], [ 391457.527057537809014, 585331.339418485877104 ], [ 391475.501199077640194, 585332.461482893209904 ], [ 391474.966853709251154, 585340.986663305666298 ], [ 391456.992737289285287, 585339.864600657252595 ] ] ] } },
{ "type": "Feature", "properties": { "osm_id": "276735467", "building_tag": "house", "name": "", "amenity": "", "area_m2": 143.99 }, "geometry": { "type": "Polygon", "coordinates": [ [ [ 391569.758245638513472, 585556.764025816344656 ], [ 391573.860770127619617, 585541.026569973677397 ], [ 391582.56552489369642, 585543.327073199441656 ], [ 391578.448755703808274, 585558.697919502621517 ], [ 391569.758245638513472, 585556.764025816344656 ] ] ] } },
{ "type": "Feature", "properties": { "osm_id": "276735469", "building_tag": "house", "name": "", "amenity": "", "area_m2": 88.28 }, "geometry": { "type": "Polygon", "coordinates": [ [ [ 391336.209852153609972, 585482.766861652606167 ], [ 391346.608674334536772, 585489.61671917384956 ], [ 391342.688822455122136, 585495.523670037859119 ], [ 391332.290005514514633, 585488.673819199786521 ], [ 391336.209852153609972, 585482.766861652606167 ] ] ] } },
{ "type": "Feature", "properties": { "osm_id": "276735470", "building_tag": "house", "name": "", "amenity": "", "area_m2": 104.08 }, "geometry": { "type": "Polygon", "coordinates": [ [ [ 391419.105237921932712, 585344.9148765867576 ], [ 391425.402198789000977, 585334.385050390264951 ], [ 391432.692156396340579, 585338.711839959956706 ], [ 391426.395387747790664, 585349.252771964529529 ], [ 391419.105237921932712, 585344.9148765867576 ] ] ] } },
{ "type": "Feature", "properties": { "osm_id": "276735471", "building_tag": "house", "name": "", "amenity": "", "area_m2": 138.35 }, "geometry": { "type": "Polygon", "coordinates": [ [ [ 391331.304652851191349, 585475.951532227452844 ], [ 391336.173281615425367, 585468.42665556317661 ], [ 391349.158438601414673, 585476.775219959323294 ], [ 391344.297438466222957, 585484.299948791507632 ], [ 391331.304652851191349, 585475.951532227452844 ] ] ] } },
{ "type": "Feature", "properties": { "osm_id": "276735472", "building_tag": "house", "name": "", "amenity": "", "area_m2": 177.62 }, "geometry": { "type": "Polygon", "coordinates": [ [ [ 391473.177107918832917, 585720.362325777299702 ], [ 391476.527780557342339, 585704.893994545913301 ], [ 391487.502342983614653, 585707.253603435005061 ], [ 391484.144006989256013, 585722.722065754700452 ], [ 391473.177107918832917, 585720.362325777299702 ] ] ] } },
{ "type": "Feature", "properties": { "osm_id": "276735474", "building_tag": "yes", "name": "Centrul de cercetări pentru biodiversitate", "amenity": "research_institute", "area_m2": 586.74 }, "geometry": { "type": "Polygon", "coordinates": [ [ [ 391115.627778661786579, 585507.029845667188056 ], [ 391132.235908120812383, 585486.653083459241316 ], [ 391138.26773026783485, 585491.535823851125315 ], [ 391129.933700482419226, 585501.758081794017926 ], [ 391152.634580405778252, 585520.147506792796776 ], [ 391144.352826953982003, 585530.302101710345596 ], [ 391115.627778661786579, 585507.029845667188056 ] ] ] } },
{ "type": "Feature", "properties": { "osm_id": "276735475", "building_tag": "house", "name": "", "amenity": "", "area_m2": 112.83 }, "geometry": { "type": "Polygon", "coordinates": [ [ [ 391369.562986758945044, 585306.01859837025404 ], [ 391375.114692223898601, 585307.997572599211708 ], [ 391368.631794220884331, 585326.023617277736776 ], [ 391363.087740289862268, 585324.044511583517306 ], [ 391369.562986758945044, 585306.01859837025404 ] ] ] } },
{ "type": "Feature", "properties": { "osm_id": "276735476", "building_tag": "house", "name": "", "amenity": "", "area_m2": 111.81 }, "geometry": { "type": "Polygon", "coordinates": [ [ [ 391446.139039131696336, 585276.281876603141427 ], [ 391447.535026760946494, 585269.364274061168544 ], [ 391463.069937963562552, 585272.486746835289523 ], [ 391461.666295957460534, 585279.40448301914148 ], [ 391446.139039131696336, 585276.281876603141427 ] ] ] } },
{ "type": "Feature", "properties": { "osm_id": "276735477", "building_tag": "house", "name": "", "amenity": "", "area_m2": 90.67 }, "geometry": { "type": "Polygon", "coordinates": [ [ [ 391284.136135802138597, 585710.946102064568549 ], [ 391289.011116264911834, 585714.393499757628888 ], [ 391297.834033228864428, 585702.050428916234523 ], [ 391292.958848215406761, 585698.591910826740786 ], [ 391284.136135802138597, 585710.946102064568549 ] ] ] } },
{ "type": "Feature", "properties": { "osm_id": "276735478", "building_tag": "house", "name": "", "amenity": "", "area_m2": 105.21 }, "geometry": { "type": "Polygon", "coordinates": [ [ [ 391418.72372125054244, 585758.638938980991952 ], [ 391421.769058655947447, 585748.289862368372269 ], [ 391431.130721555789933, 585751.023004941409454 ], [ 391428.085369839507621, 585761.372076795203611 ], [ 391418.72372125054244, 585758.638938980991952 ] ] ] } },
{ "type": "Feature", "properties": { "osm_id": "276735481", "building_tag": "house", "name": "", "amenity": "", "area_m2": 118.21 }, "geometry": { "type": "Polygon", "coordinates": [ [ [ 391547.862709026201628, 585545.273338689934462 ], [ 391550.546291669947095, 585536.03141760348808 ], [ 391562.349639082909562, 585539.432388759334572 ], [ 391559.66604028060101, 585548.674304563784972 ], [ 391547.862709026201628, 585545.273338689934462 ] ] ] } },
{ "type": "Feature", "properties": { "osm_id": "276735483", "building_tag": "house", "name": "", "amenity": "", "area_m2": 134.97 }, "geometry": { "type": "Polygon", "coordinates": [ [ [ 391563.490197574195918, 585536.154637590865605 ], [ 391569.885422158811707, 585537.473850346403196 ], [ 391565.703370620729402, 585557.715098383952864 ], [ 391559.308365848381072, 585556.407003505737521 ], [ 391563.490197574195918, 585536.154637590865605 ] ] ] } },
{ "type": "Feature", "properties": { "osm_id": "276735484", "building_tag": "house", "name": "", "amenity": "", "area_m2": 141.76 }, "geometry": { "type": "Polygon", "coordinates": [ [ [ 391344.022244127467275, 585604.834882772760466 ], [ 391349.391886178695131, 585598.835133360349573 ], [ 391362.55150964227505, 585610.526784113957547 ], [ 391357.174228578980546, 585616.526659442693926 ], [ 391344.022244127467275, 585604.834882772760466 ] ] ] } },
{ "type": "Feature", "properties": { "osm_id": "276735485", "building_tag": "house", "name": "", "amenity": "", "area_m2": 160.66 }, "geometry": { "type": "Polygon", "coordinates": [ [ [ 391546.672824208741076, 585513.911591886775568 ], [ 391551.965792142727878, 585499.375598919345066 ], [ 391561.731646836851723, 585502.902108800131828 ], [ 391556.446296402893495, 585517.437955996021628 ], [ 391546.672824208741076, 585513.911591886775568 ] ] ] } },
{ "type": "Feature", "properties": { "osm_id": "276735486", "building_tag": "house", "name": "", "amenity": "", "area_m2": 136.12 }, "geometry": { "type": "Polygon", "coordinates": [ [ [ 391560.157673009671271, 585283.426481310627423 ], [ 391560.352899085497484, 585274.72953338176012 ], [ 391575.990584811195731, 585275.071215399191715 ], [ 391575.78789831220638, 585283.779413174604997 ], [ 391560.157673009671271, 585283.426481310627423 ] ] ] } },
{ "type": "Feature", "properties": { "osm_id": "276735487", "building_tag": "house", "name": "", "amenity": "", "area_m2": 161.37 }, "geometry": { "type": "Polygon", "coordinates": [ [ [ 391245.538082282873802, 585682.781737420940772 ], [ 391250.915665437933058, 585687.409565095324069 ], [ 391265.801326307817362, 585670.232522396021523 ], [ 391260.423540012794547, 585665.593568297335878 ], [ 391245.538082282873802, 585682.781737420940772 ] ] ] } },
{ "type": "Feature", "properties": { "osm_id": "276735489", "building_tag": "house", "name": "", "amenity": "", "area_m2": 41.21 }, "geometry": { "type": "Polygon", "coordinates": [ [ [ 391473.076598972198553, 585741.541923072421923 ], [ 391475.097588017233647, 585735.824827185482718 ], [ 391481.509407259407453, 585738.07746768835932 ], [ 391479.488413056707941, 585743.794561429996975 ], [ 391473.076598972198553, 585741.541923072421923 ] ] ] } },
{ "type": "Feature", "properties": { "osm_id": "276735490", "building_tag": "house", "name": "", "amenity": "", "area_m2": 213.15 }, "geometry": { "type": "Polygon", "coordinates": [ [ [ 391428.838239786680788, 585434.531369949458167 ], [ 391441.660932709113695, 585419.404069520533085 ], [ 391449.883677150588483, 585426.326585564762354 ], [ 391437.060979565489106, 585441.453868775628507 ], [ 391428.838239786680788, 585434.531369949458167 ] ] ] } },
{ "type": "Feature", "properties": { "osm_id": "276735492", "building_tag": "house", "name": "", "amenity": "", "area_m2": 142.22 }, "geometry": { "type": "Polygon", "coordinates": [ [ [ 391384.273936199140735, 585569.503446165355854 ], [ 391389.825344024749938, 585563.411529058474116 ], [ 391402.615975797001738, 585574.976501244935207 ], [ 391397.06476646324154, 585581.079520115861669 ], [ 391384.273936199140735, 585569.503446165355854 ] ] ] } },
{ "type": "Feature", "properties": { "osm_id": "276735493", "building_tag": "yes", "name": "", "amenity": "", "area_m2": 23.54 }, "geometry": { "type": "Polygon", "coordinates": [ [ [ 391332.525593760248739, 585613.379541076719761 ], [ 391335.157026100205258, 585610.597401935607195 ], [ 391339.633250767481513, 585614.807971618021838 ], [ 391336.994181179499719, 585617.590246308478527 ], [ 391332.525593760248739, 585613.379541076719761 ] ] ] } },
{ "type": "Feature", "properties": { "osm_id": "276735495", "building_tag": "house", "name": "", "amenity": "", "area_m2": 124.5 }, "geometry": { "type": "Polygon", "coordinates": [ [ [ 391213.699047670757864, 585626.9702101649018 ], [ 391222.741586847230792, 585621.304366460535675 ], [ 391216.520756412064657, 585611.433436662890017 ], [ 391207.478207649488468, 585617.099289454054087 ], [ 391213.699047670757864, 585626.9702101649018 ] ] ] } },
{ "type": "Feature", "properties": { "osm_id": "276735499", "building_tag": "house", "name": "", "amenity": "", "area_m2": 129.59 }, "geometry": { "type": "Polygon", "coordinates": [ [ [ 391360.73791054362664, 585514.4200340192765 ], [ 391367.03056598699186, 585508.336991912568919 ], [ 391377.359427131828852, 585518.945688262116164 ], [ 391371.066773093887605, 585525.028719784808345 ], [ 391360.73791054362664, 585514.4200340192765 ] ] ] } },
{ "type": "Feature", "properties": { "osm_id": "276735501", "building_tag": "house", "name": "", "amenity": "", "area_m2": 39.98 }, "geometry": { "type": "Polygon", "coordinates": [ [ [ 391527.483413277775981, 585576.077683678013273 ], [ 391540.236506484041456, 585579.617181742098182 ], [ 391539.425417333084624, 585582.522159551153891 ], [ 391526.672529353469145, 585578.993776566116139 ], [ 391527.483413277775981, 585576.077683678013273 ] ] ] } },
{ "type": "Feature", "properties": { "osm_id": "276735502", "building_tag": "house", "name": "", "amenity": "", "area_m2": 88.75 }, "geometry": { "type": "Polygon", "coordinates": [ [ [ 391222.445623122970574, 585666.778064414393157 ], [ 391226.309546927455813, 585670.499322146293707 ], [ 391237.814604974293616, 585658.619214597390965 ], [ 391233.94304406514857, 585654.898087220150046 ], [ 391222.445623122970574, 585666.778064414393157 ] ] ] } },
{ "type": "Feature", "properties": { "osm_id": "276735503", "building_tag": "house", "name": "", "amenity": "", "area_m2": 101.31 }, "geometry": { "type": "Polygon", "coordinates": [ [ [ 391523.353623963543214, 585508.660936608794145 ], [ 391527.504591553937644, 585495.623995163710788 ], [ 391534.565611976664513, 585497.853914440260269 ], [ 391530.414631038322113, 585510.89085100335069 ], [ 391523.353623963543214, 585508.660936608794145 ] ] ] } },
{ "type": "Feature", "properties": { "osm_id": "276735504", "building_tag": "house", "name": "", "amenity": "", "area_m2": 63.34 }, "geometry": { "type": "Polygon", "coordinates": [ [ [ 391532.27621773048304, 585286.239680629805662 ], [ 391532.357637085951865, 585280.991024933406152 ], [ 391544.432004540634807, 585281.163191876723431 ], [ 391544.35801264771726, 585286.40059677627869 ], [ 391532.27621773048304, 585286.239680629805662 ] ] ] } },
{ "type": "Feature", "properties": { "osm_id": "276735505", "building_tag": "house", "name": "", "amenity": "", "area_m2": 308.39 }, "geometry": { "type": "Polygon", "coordinates": [ [ [ 391231.491105742228683, 585673.574290842632763 ], [ 391242.123965396429412, 585681.976124226348475 ], [ 391256.295391285093501, 585664.167142519610934 ], [ 391245.670158876571804, 585655.765146908466704 ], [ 391231.491105742228683, 585673.574290842632763 ] ] ] } },
{ "type": "Feature", "properties": { "osm_id": "276735508", "building_tag": "house", "name": "", "amenity": "", "area_m2": 95.04 }, "geometry": { "type": "Polygon", "coordinates": [ [ [ 391431.6671450935537, 585354.360691985231824 ], [ 391436.244938366347924, 585341.271547312149778 ], [ 391442.718284904491156, 585343.523049047449604 ], [ 391438.140479673631489, 585356.612188800703734 ], [ 391431.6671450935537, 585354.360691985231824 ] ] ] } },
{ "type": "Feature", "properties": { "osm_id": "276735511", "building_tag": "house", "name": "", "amenity": "", "area_m2": 66.85 }, "geometry": { "type": "Polygon", "coordinates": [ [ [ 391399.738143538532313, 585553.872719304752536 ], [ 391404.409018571837805, 585548.519258997868747 ], [ 391411.517882502870634, 585554.683573381160386 ], [ 391406.847006324620452, 585560.037028266582638 ], [ 391399.738143538532313, 585553.872719304752536 ] ] ] } },
{ "type": "Feature", "properties": { "osm_id": "276735512", "building_tag": "house", "name": "", "amenity": "", "area_m2": 113.86 }, "geometry": { "type": "Polygon", "coordinates": [ [ [ 391196.708209567295853, 585637.126053250976838 ], [ 391188.939138507470489, 585628.672676237067208 ], [ 391196.251901460054796, 585621.981860644533299 ], [ 391204.02880766580347, 585630.446222604019567 ], [ 391196.708209567295853, 585637.126053250976838 ] ] ] } },
{ "type": "Feature", "properties": { "osm_id": "276735518", "building_tag": "house", "name": "", "amenity": "", "area_m2": 87.28 }, "geometry": { "type": "Polygon", "coordinates": [ [ [ 391387.196018611255568, 585314.928399738389999 ], [ 391392.482355113083031, 585317.445777048240416 ], [ 391386.023766073049046, 585330.880067903199233 ], [ 391380.737238275585696, 585328.351582880713977 ], [ 391387.196018611255568, 585314.928399738389999 ] ] ] } },
{ "type": "Feature", "properties": { "osm_id": "276735519", "building_tag": "house", "name": "", "amenity": "", "area_m2": 47.35 }, "geometry": { "type": "Polygon", "coordinates": [ [ [ 391228.516346639255062, 585641.611047573736869 ], [ 391225.061207252962049, 585637.682317030383274 ], [ 391231.890799277578481, 585631.733970758272335 ], [ 391235.338300213916227, 585635.662842729827389 ], [ 391228.516346639255062, 585641.611047573736869 ] ] ] } },
{ "type": "Feature", "properties": { "osm_id": "276735523", "building_tag": "house", "name": "", "amenity": "", "area_m2": 159.75 }, "geometry": { "type": "Polygon", "coordinates": [ [ [ 391354.493606004863977, 585653.505421861540526 ], [ 391363.194768712797668, 585643.299100442440249 ], [ 391372.651326037303079, 585650.021434826194309 ], [ 391362.543456589221023, 585661.020128136849962 ], [ 391354.493606004863977, 585653.505421861540526 ] ] ] } },
{ "type": "Feature", "properties": { "osm_id": "276735524", "building_tag": "house", "name": "", "amenity": "", "area_m2": 149.45 }, "geometry": { "type": "Polygon", "coordinates": [ [ [ 391427.233769670361653, 585460.862915273988619 ], [ 391435.201985542313196, 585452.359670621925034 ], [ 391444.580359892745037, 585461.095692451344803 ], [ 391436.61234307102859, 585469.610038269776851 ], [ 391427.233769670361653, 585460.862915273988619 ] ] ] } },
{ "type": "Feature", "properties": { "osm_id": "276735525", "building_tag": "house", "name": "", "amenity": "", "area_m2": 149.99 }, "geometry": { "type": "Polygon", "coordinates": [ [ [ 391446.713035575987305, 585238.095992939546704 ], [ 391459.133541719580535, 585238.817614821600728 ], [ 391459.833872208313551, 585226.776499137049541 ], [ 391447.413541351212189, 585226.065988985239528 ], [ 391446.713035575987305, 585238.095992939546704 ] ] ] } },
{ "type": "Feature", "properties": { "osm_id": "276735526", "building_tag": "house", "name": "", "amenity": "", "area_m2": 89.61 }, "geometry": { "type": "Polygon", "coordinates": [ [ [ 391554.415211475687101, 585336.323949726298451 ], [ 391555.953675002849195, 585328.825734006240964 ], [ 391567.425117569742724, 585331.165459963260219 ], [ 391565.886640622629784, 585338.663672702154145 ], [ 391554.415211475687101, 585336.323949726298451 ] ] ] } },
{ "type": "Feature", "properties": { "osm_id": "276735528", "building_tag": "house", "name": "", "amenity": "", "area_m2": 90.03 }, "geometry": { "type": "Polygon", "coordinates": [ [ [ 391377.413793908548541, 585327.499790206435136 ], [ 391382.662274461996276, 585311.352493941551074 ], [ 391377.621051459747832, 585309.72007016511634 ], [ 391372.365145078569185, 585325.878621604293585 ], [ 391377.413793908548541, 585327.499790206435136 ] ] ] } },
{ "type": "Feature", "properties": { "osm_id": "276735531", "building_tag": "yes", "name": "Sala de sport", "amenity": "", "area_m2": 504.29 }, "geometry": { "type": "Polygon", "coordinates": [ [ [ 391184.70070839964319, 585546.961603251635097 ], [ 391192.277097150799818, 585536.241696063312702 ], [ 391223.715210831782315, 585558.320372659945861 ], [ 391216.138796796905808, 585569.040240835747682 ], [ 391184.70070839964319, 585546.961603251635097 ] ] ] } },
{ "type": "Feature", "properties": { "osm_id": "276735532", "building_tag": "house", "name": "", "amenity": "", "area_m2": 52.86 }, "geometry": { "type": "Polygon", "coordinates": [ [ [ 391427.759504659567028, 585586.519419850665145 ], [ 391430.265440892835613, 585583.128148706629872 ], [ 391440.375727396225557, 585590.516964899376035 ], [ 391437.877625897934195, 585593.9192079086788 ], [ 391427.759504659567028, 585586.519419850665145 ] ] ] } },
{ "type": "Feature", "properties": { "osm_id": "276735538", "building_tag": "house", "name": "", "amenity": "", "area_m2": 107.88 }, "geometry": { "type": "Polygon", "coordinates": [ [ [ 391304.073248016939033, 585681.983141832519323 ], [ 391300.263272818061523, 585677.860653829644434 ], [ 391314.422233335557394, 585664.865679545444436 ], [ 391318.232206441229209, 585668.988176321843639 ], [ 391304.073248016939033, 585681.983141832519323 ] ] ] } },
{ "type": "Feature", "properties": { "osm_id": "276735539", "building_tag": "house", "name": "", "amenity": "", "area_m2": 36.37 }, "geometry": { "type": "Polygon", "coordinates": [ [ [ 391350.961073647951707, 585636.782401034608483 ], [ 391353.83052798215067, 585633.217799093574286 ], [ 391347.614329999429174, 585628.260349888121709 ], [ 391344.752713943365961, 585631.835930637549609 ], [ 391350.961073647951707, 585636.782401034608483 ] ] ] } },
{ "type": "Feature", "properties": { "osm_id": "276735540", "building_tag": "house", "name": "", "amenity": "", "area_m2": 122.26 }, "geometry": { "type": "Polygon", "coordinates": [ [ [ 391556.618951670709066, 585223.803237996762618 ], [ 391556.826798331341706, 585217.084878260502592 ], [ 391575.004927703994326, 585217.636618795222603 ], [ 391574.804698570340406, 585224.354840591899119 ], [ 391556.618951670709066, 585223.803237996762618 ] ] ] } },
{ "type": "Feature", "properties": { "osm_id": "276735542", "building_tag": "house", "name": "", "amenity": "", "area_m2": 108.4 }, "geometry": { "type": "Polygon", "coordinates": [ [ [ 391404.910041256458499, 585544.519261735957116 ], [ 391411.292155383620411, 585538.312369838356972 ], [ 391419.813866483746096, 585546.997060755384155 ], [ 391413.431953309627715, 585553.215057158377022 ], [ 391404.910041256458499, 585544.519261735957116 ] ] ] } },
{ "type": "Feature", "properties": { "osm_id": "276735543", "building_tag": "house", "name": "", "amenity": "", "area_m2": 134.9 }, "geometry": { "type": "Polygon", "coordinates": [ [ [ 391163.566655437578447, 585645.127380241989158 ], [ 391172.095902408647817, 585638.114443616592325 ], [ 391179.889651807548944, 585647.512296385131776 ], [ 391171.36061017983593, 585654.536335566896014 ], [ 391163.566655437578447, 585645.127380241989158 ] ] ] } },
{ "type": "Feature", "properties": { "osm_id": "276735546", "building_tag": "house", "name": "", "amenity": "", "area_m2": 80.38 }, "geometry": { "type": "Polygon", "coordinates": [ [ [ 391532.357637085951865, 585280.991024933406152 ], [ 391531.982149686780758, 585274.54994962469209 ], [ 391544.596403117117006, 585274.579014006303623 ], [ 391544.432004540634807, 585281.163191876723431 ], [ 391532.357637085951865, 585280.991024933406152 ] ] ] } },
{ "type": "Feature", "properties": { "osm_id": "276735547", "building_tag": "house", "name": "", "amenity": "", "area_m2": 117.83 }, "geometry": { "type": "Polygon", "coordinates": [ [ [ 391473.668685999931768, 585463.841074163792655 ], [ 391479.637279274116736, 585456.296543823205866 ], [ 391489.262114061624743, 585463.872040854301304 ], [ 391483.29351692617638, 585471.416561801917851 ], [ 391473.668685999931768, 585463.841074163792655 ] ] ] } },
{ "type": "Feature", "properties": { "osm_id": "276735549", "building_tag": "house", "name": "", "amenity": "", "area_m2": 53.78 }, "geometry": { "type": "Polygon", "coordinates": [ [ [ 391401.114411343587562, 585260.894252934493124 ], [ 391403.262231254135258, 585256.27543838287238 ], [ 391393.670632258523256, 585251.845567130367272 ], [ 391391.522617931477726, 585256.453271739534102 ], [ 391401.114411343587562, 585260.894252934493124 ] ] ] } },
{ "type": "Feature", "properties": { "osm_id": "276735553", "building_tag": "house", "name": "", "amenity": "", "area_m2": 129.55 }, "geometry": { "type": "Polygon", "coordinates": [ [ [ 391276.720586110604927, 585702.597419006284326 ], [ 391281.21126083645504, 585706.763217688072473 ], [ 391296.504121818463318, 585689.712320441380143 ], [ 391292.636819815728813, 585686.224536046618596 ], [ 391276.720586110604927, 585702.597419006284326 ] ] ] } },
{ "type": "Feature", "properties": { "osm_id": "276735558", "building_tag": "house", "name": "", "amenity": "", "area_m2": 188.11 }, "geometry": { "type": "Polygon", "coordinates": [ [ [ 391336.284906841989141, 585731.396166138816625 ], [ 391347.724473708658479, 585710.779519997420721 ], [ 391349.285682148998603, 585707.961063843104057 ], [ 391355.331657414149959, 585711.954402222414501 ], [ 391343.310947871650569, 585733.815476156771183 ], [ 391336.284906841989141, 585731.396166138816625 ] ] ] } },
{ "type": "Feature", "properties": { "osm_id": "276735559", "building_tag": "house", "name": "", "amenity": "", "area_m2": 83.33 }, "geometry": { "type": "Polygon", "coordinates": [ [ [ 391530.983822807495017, 585269.587500173714943 ], [ 391530.674376811017282, 585262.144714517169632 ], [ 391541.851040233159438, 585261.677107346942648 ], [ 391542.160472461779136, 585269.11989346134942 ], [ 391530.983822807495017, 585269.587500173714943 ] ] ] } },
{ "type": "Feature", "properties": { "osm_id": "276735560", "building_tag": "house", "name": "", "amenity": "", "area_m2": 111.89 }, "geometry": { "type": "Polygon", "coordinates": [ [ [ 391345.989102939842269, 585734.056310722255148 ], [ 391354.255418216926046, 585719.2220273995772 ], [ 391360.019482570758555, 585722.408906355267391 ], [ 391351.760795074398629, 585737.243044380098581 ], [ 391345.989102939842269, 585734.056310722255148 ] ] ] } },
{ "type": "Feature", "properties": { "osm_id": "276735561", "building_tag": "house", "name": "", "amenity": "", "area_m2": 26.99 }, "geometry": { "type": "Polygon", "coordinates": [ [ [ 391496.102110899111722, 585529.461342624737881 ], [ 391500.953185893828049, 585531.152862817049026 ], [ 391502.697645956533961, 585526.196704090223648 ], [ 391497.846567572501954, 585524.505182494176552 ], [ 391496.102110899111722, 585529.461342624737881 ] ] ] } },
{ "type": "Feature", "properties": { "osm_id": "276735562", "building_tag": "house", "name": "", "amenity": "", "area_m2": 51.93 }, "geometry": { "type": "Polygon", "coordinates": [ [ [ 391465.307106376916636, 585372.276633384055458 ], [ 391467.925929441698827, 585364.959073474048637 ], [ 391474.223376666079275, 585367.202653466840275 ], [ 391471.611984823597595, 585374.508959990460426 ], [ 391465.307106376916636, 585372.276633384055458 ] ] ] } },
{ "type": "Feature", "properties": { "osm_id": "276735564", "building_tag": "house", "name": "", "amenity": "", "area_m2": 209.49 }, "geometry": { "type": "Polygon", "coordinates": [ [ [ 391419.003281493030954, 585572.013655834482051 ], [ 391424.061191423155833, 585563.118059675209224 ], [ 391441.889846773003228, 585573.18064921873156 ], [ 391436.831920085591264, 585582.076230545178987 ], [ 391419.003281493030954, 585572.013655834482051 ] ] ] } },
{ "type": "Feature", "properties": { "osm_id": "276735570", "building_tag": "house", "name": "", "amenity": "", "area_m2": 72.02 }, "geometry": { "type": "Polygon", "coordinates": [ [ [ 391517.088782064500265, 585518.000576108344831 ], [ 391522.783004825643729, 585519.421272577135824 ], [ 391519.803508531011175, 585531.325473166187294 ], [ 391514.10929607891012, 585529.904779547359794 ], [ 391517.088782064500265, 585518.000576108344831 ] ] ] } },
{ "type": "Feature", "properties": { "osm_id": "276735571", "building_tag": "house", "name": "", "amenity": "", "area_m2": 125.8 }, "geometry": { "type": "Polygon", "coordinates": [ [ [ 391355.104659477248788, 585629.303934065625072 ], [ 391359.028630901011638, 585623.630369037855417 ], [ 391344.006651906413026, 585613.306281431228854 ], [ 391340.082887230615597, 585618.990969469188713 ], [ 391355.104659477248788, 585629.303934065625072 ] ] ] } },
{ "type": "Feature", "properties": { "osm_id": "276735573", "building_tag": "house", "name": "", "amenity": "", "area_m2": 84.61 }, "geometry": { "type": "Polygon", "coordinates": [ [ [ 391530.023301264911424, 585492.088018866954371 ], [ 391532.027015732193831, 585485.826529739773832 ], [ 391544.290257363696583, 585489.730583967640996 ], [ 391542.286531781486701, 585495.992069003521465 ], [ 391530.023301264911424, 585492.088018866954371 ] ] ] } },
{ "type": "Feature", "properties": { "osm_id": "276735574", "building_tag": "house", "name": "", "amenity": "", "area_m2": 81.14 }, "geometry": { "type": "Polygon", "coordinates": [ [ [ 391308.98396900924854, 585569.035393457743339 ], [ 391312.75729443365708, 585564.754130712710321 ], [ 391323.453451361740008, 585574.122141904663295 ], [ 391319.680124681268353, 585578.403398058842868 ], [ 391308.98396900924854, 585569.035393457743339 ] ] ] } },
{ "type": "Feature", "properties": { "osm_id": "276735575", "building_tag": "house", "name": "", "amenity": "", "area_m2": 105.25 }, "geometry": { "type": "Polygon", "coordinates": [ [ [ 391504.309794223168865, 585498.575478943181224 ], [ 391509.356574449629989, 585492.025835385778919 ], [ 391499.255098855937831, 585484.281003262032755 ], [ 391494.208322512044106, 585490.830655161873437 ], [ 391504.309794223168865, 585498.575478943181224 ] ] ] } },
{ "type": "Feature", "properties": { "osm_id": "276735577", "building_tag": "house", "name": "", "amenity": "", "area_m2": 123.09 }, "geometry": { "type": "Polygon", "coordinates": [ [ [ 391316.74677107471507, 585559.323932879720815 ], [ 391323.029462145175785, 585553.541178991436027 ], [ 391332.83055994741153, 585564.114833945524879 ], [ 391326.555508425459266, 585569.897440328262746 ], [ 391316.74677107471507, 585559.323932879720815 ] ] ] } },
{ "type": "Feature", "properties": { "osm_id": "276735578", "building_tag": "house", "name": "", "amenity": "", "area_m2": 86.3 }, "geometry": { "type": "Polygon", "coordinates": [ [ [ 391450.577516704448499, 585418.176508035627194 ], [ 391454.263207732408773, 585411.984802160528488 ], [ 391464.572048366535455, 585418.080526779056527 ], [ 391460.886350941844285, 585424.272226410568692 ], [ 391450.577516704448499, 585418.176508035627194 ] ] ] } },
{ "type": "Feature", "properties": { "osm_id": "276735579", "building_tag": "house", "name": "", "amenity": "", "area_m2": 115.18 }, "geometry": { "type": "Polygon", "coordinates": [ [ [ 391517.579070380539633, 585478.537741287844256 ], [ 391521.247167006600648, 585471.790545210125856 ], [ 391508.039821310027037, 585464.668473859666847 ], [ 391504.379371875023935, 585471.415540651069023 ], [ 391517.579070380539633, 585478.537741287844256 ] ] ] } },
{ "type": "Feature", "properties": { "osm_id": "276735580", "building_tag": "house", "name": "", "amenity": "", "area_m2": 128.34 }, "geometry": { "type": "Polygon", "coordinates": [ [ [ 391559.232886071084067, 585251.081702875322662 ], [ 391558.929315978428349, 585243.538759091519751 ], [ 391575.916254888870753, 585242.855683746864088 ], [ 391576.219803775078617, 585250.398628207389265 ], [ 391559.232886071084067, 585251.081702875322662 ] ] ] } },
{ "type": "Feature", "properties": { "osm_id": "276735581", "building_tag": "house", "name": "", "amenity": "", "area_m2": 141.74 }, "geometry": { "type": "Polygon", "coordinates": [ [ [ 391405.112667067500297, 585462.350263840518892 ], [ 391413.015071557427291, 585454.437370998319238 ], [ 391422.007368775317445, 585463.369291190407239 ], [ 391414.097327674855478, 585471.282309831818566 ], [ 391405.112667067500297, 585462.350263840518892 ] ] ] } },
{ "type": "Feature", "properties": { "osm_id": "276735584", "building_tag": "house", "name": "", "amenity": "", "area_m2": 127.37 }, "geometry": { "type": "Polygon", "coordinates": [ [ [ 391559.559586286195554, 585265.016467275447212 ], [ 391573.894966106628999, 585264.736754958401434 ], [ 391574.100645638245624, 585256.195257729967125 ], [ 391559.564124618773349, 585255.911618434824049 ], [ 391559.559586286195554, 585265.016467275447212 ] ] ] } },
{ "type": "Feature", "properties": { "osm_id": "276735585", "building_tag": "house", "name": "", "amenity": "", "area_m2": 100.23 }, "geometry": { "type": "Polygon", "coordinates": [ [ [ 391453.527306581381708, 585328.565396510181017 ], [ 391454.035602281801403, 585322.842150709126145 ], [ 391471.429072296188679, 585324.385970839182846 ], [ 391470.920560586615466, 585330.098101727082394 ], [ 391453.527306581381708, 585328.565396510181017 ] ] ] } },
{ "type": "Feature", "properties": { "osm_id": "276735590", "building_tag": "house", "name": "", "amenity": "", "area_m2": 101.39 }, "geometry": { "type": "Polygon", "coordinates": [ [ [ 391273.837552956014406, 585703.28301243763417 ], [ 391270.378582423552871, 585700.410437137121335 ], [ 391283.758601622364949, 585685.317195479059592 ], [ 391288.16533940716181, 585688.63962222088594 ], [ 391273.837552956014406, 585703.28301243763417 ] ] ] } },
{ "type": "Feature", "properties": { "osm_id": "276735591", "building_tag": "house", "name": "", "amenity": "", "area_m2": 177.13 }, "geometry": { "type": "Polygon", "coordinates": [ [ [ 391199.734274606336839, 585704.140141318668611 ], [ 391213.701631755975541, 585684.767240656539798 ], [ 391219.730819356103893, 585689.094257506891154 ], [ 391205.763253577635624, 585708.456031026435085 ], [ 391199.734274606336839, 585704.140141318668611 ] ] ] } },
{ "type": "Feature", "properties": { "osm_id": "276735593", "building_tag": "house", "name": "", "amenity": "", "area_m2": 124.87 }, "geometry": { "type": "Polygon", "coordinates": [ [ [ 391490.116665784502402, 585273.812615633243695 ], [ 391490.712074456503615, 585262.307002606103197 ], [ 391501.532668865285814, 585262.857361764181405 ], [ 391500.944877330912277, 585274.362836319254711 ], [ 391490.116665784502402, 585273.812615633243695 ] ] ] } },
{ "type": "Feature", "properties": { "osm_id": "276735595", "building_tag": "house", "name": "", "amenity": "", "area_m2": 216.05 }, "geometry": { "type": "Polygon", "coordinates": [ [ [ 391301.147169263742398, 585595.001184279331937 ], [ 391294.403149275458418, 585587.04059766093269 ], [ 391310.244540526880883, 585573.704051258973777 ], [ 391316.988553291768767, 585581.664655226515606 ], [ 391301.147169263742398, 585595.001184279331937 ] ] ] } },
{ "type": "Feature", "properties": { "osm_id": "276735596", "building_tag": "house", "name": "", "amenity": "", "area_m2": 93.9 }, "geometry": { "type": "Polygon", "coordinates": [ [ [ 391469.92144975613337, 585732.616152971866541 ], [ 391471.678362848469988, 585724.958337634801865 ], [ 391483.330542901880108, 585727.61703008657787 ], [ 391481.573616067355033, 585735.274841981125064 ], [ 391469.92144975613337, 585732.616152971866541 ] ] ] } },
{ "type": "Feature", "properties": { "osm_id": "276735597", "building_tag": "house", "name": "", "amenity": "", "area_m2": 40.76 }, "geometry": { "type": "Polygon", "coordinates": [ [ [ 391335.001355688087642, 585662.638665924081579 ], [ 391339.091689258464612, 585659.418938639690168 ], [ 391343.953989435103722, 585665.556911624735221 ], [ 391339.863657659792807, 585668.776635683141649 ], [ 391335.001355688087642, 585662.638665924081579 ] ] ] } },
{ "type": "Feature", "properties": { "osm_id": "276735598", "building_tag": "house", "name": "", "amenity": "", "area_m2": 65.24 }, "geometry": { "type": "Polygon", "coordinates": [ [ [ 391476.68032624037005, 585288.82854083692655 ], [ 391475.315351799596101, 585283.872690151678398 ], [ 391487.555523556715343, 585280.517694157781079 ], [ 391488.920488531934097, 585285.47354749252554 ], [ 391476.68032624037005, 585288.82854083692655 ] ] ] } },
{ "type": "Feature", "properties": { "osm_id": "276735599", "building_tag": "house", "name": "", "amenity": "", "area_m2": 140.02 }, "geometry": { "type": "Polygon", "coordinates": [ [ [ 391286.256989893561695, 585614.912981526576914 ], [ 391299.258494159032125, 585603.817586975637823 ], [ 391304.595782984804828, 585610.02479528170079 ], [ 391291.594483209424652, 585621.131291911005974 ], [ 391286.256989893561695, 585614.912981526576914 ] ] ] } },
{ "type": "Feature", "properties": { "osm_id": "276735600", "building_tag": "house", "name": "", "amenity": "", "area_m2": 135.25 }, "geometry": { "type": "Polygon", "coordinates": [ [ [ 391257.582569991704077, 585593.973719586152583 ], [ 391250.077661458286457, 585584.915191628970206 ], [ 391258.953200296498835, 585577.607104244059883 ], [ 391266.458103828656022, 585586.665643012966029 ], [ 391257.582569991704077, 585593.973719586152583 ] ] ] } },
{ "type": "Feature", "properties": { "osm_id": "276735602", "building_tag": "house", "name": "", "amenity": "", "area_m2": 58.03 }, "geometry": { "type": "Polygon", "coordinates": [ [ [ 391471.586511926259845, 585637.414016735041514 ], [ 391472.858609830960631, 585632.533040568465367 ], [ 391483.995436147437431, 585635.412225366570055 ], [ 391482.730967155483086, 585640.293061872362159 ], [ 391471.586511926259845, 585637.414016735041514 ] ] ] } },
{ "type": "Feature", "properties": { "osm_id": "276735608", "building_tag": "house", "name": "", "amenity": "", "area_m2": 133.29 }, "geometry": { "type": "Polygon", "coordinates": [ [ [ 391241.823233994888142, 585697.934380080550909 ], [ 391248.751386861607898, 585701.700497799087316 ], [ 391240.637841164541896, 585716.521061322069727 ], [ 391233.709699567058124, 585712.75495285121724 ], [ 391235.233070360787679, 585709.959381529712118 ], [ 391241.823233994888142, 585697.934380080550909 ] ] ] } },
{ "type": "Feature", "properties": { "osm_id": "276735611", "building_tag": "house", "name": "", "amenity": "", "area_m2": 78.97 }, "geometry": { "type": "Polygon", "coordinates": [ [ [ 391514.367473119404167, 585574.879291033372283 ], [ 391516.272806960972957, 585569.097590718884021 ], [ 391528.537890086765401, 585573.112746116821654 ], [ 391527.483413277775981, 585576.077683678013273 ], [ 391526.672529353469145, 585578.993776566116139 ], [ 391514.367473119404167, 585574.879291033372283 ] ] ] } },
{ "type": "Feature", "properties": { "osm_id": "276735612", "building_tag": "house", "name": "", "amenity": "", "area_m2": 196.6 }, "geometry": { "type": "Polygon", "coordinates": [ [ [ 391441.416761959844735, 585356.542156293289736 ], [ 391445.755350524035748, 585345.869696626323275 ], [ 391452.673817032831721, 585348.657935003051534 ], [ 391442.745584933552891, 585373.08250297117047 ], [ 391435.834778456599452, 585370.294138618279248 ], [ 391441.416761959844735, 585356.542156293289736 ] ] ] } },
{ "type": "Feature", "properties": { "osm_id": "276735613", "building_tag": "house", "name": "", "amenity": "", "area_m2": 177.2 }, "geometry": { "type": "Polygon", "coordinates": [ [ [ 391389.513477719156072, 585427.17895246297121 ], [ 391397.676614078169223, 585433.757846068125218 ], [ 391392.347717650409322, 585440.334893006714992 ], [ 391388.975470803910866, 585437.616326502640732 ], [ 391379.939631663146429, 585448.773558508139104 ], [ 391375.140909945359454, 585444.902269668178633 ], [ 391389.513477719156072, 585427.17895246297121 ] ] ] } },
{ "type": "Feature", "properties": { "osm_id": "276735614", "building_tag": "house", "name": "", "amenity": "", "area_m2": 156.29 }, "geometry": { "type": "Polygon", "coordinates": [ [ [ 391164.908900187117979, 585705.168133235536516 ], [ 391167.989762730780058, 585699.354000492137857 ], [ 391180.754103534156457, 585706.060872158850543 ], [ 391189.0143132036319, 585710.403225671732798 ], [ 391185.933436832332518, 585716.217347747529857 ], [ 391164.908900187117979, 585705.168133235536516 ] ] ] } },
{ "type": "Feature", "properties": { "osm_id": "276735617", "building_tag": "house", "name": "", "amenity": "", "area_m2": 85.66 }, "geometry": { "type": "Polygon", "coordinates": [ [ [ 391506.942375245154835, 585401.477277665981092 ], [ 391511.799947420484386, 585392.896640682825819 ], [ 391515.790243174822535, 585395.148373703006655 ], [ 391513.124445014924277, 585399.854275955120102 ], [ 391521.073874741094187, 585404.32495527039282 ], [ 391518.881894127349369, 585408.188570599537343 ], [ 391506.942375245154835, 585401.477277665981092 ] ] ] } },
{ "type": "Feature", "properties": { "osm_id": "276735618", "building_tag": "house", "name": "", "amenity": "", "area_m2": 102.1 }, "geometry": { "type": "Polygon", "coordinates": [ [ [ 391315.147660180809908, 585628.355654472485185 ], [ 391322.790522955940105, 585622.170432243263349 ], [ 391326.095063589746132, 585626.224214671645314 ], [ 391322.375332189258188, 585629.23717289546039 ], [ 391328.726575127860997, 585637.026988939382136 ], [ 391324.811084933229722, 585640.199107313877903 ], [ 391315.147660180809908, 585628.355654472485185 ] ] ] } },
{ "type": "Feature", "properties": { "osm_id": "276735620", "building_tag": "house", "name": "", "amenity": "", "area_m2": 85.17 }, "geometry": { "type": "Polygon", "coordinates": [ [ [ 391378.573849454172887, 585458.636630432098173 ], [ 391384.368417840916663, 585464.780095351743512 ], [ 391389.079059206065722, 585460.359733924851753 ], [ 391387.794102056999691, 585459.004350763279945 ], [ 391391.197642565181013, 585455.819255145732313 ], [ 391386.688032694044523, 585451.031166457105428 ], [ 391378.573849454172887, 585458.636630432098173 ] ] ] } },
{ "type": "Feature", "properties": { "osm_id": "276735621", "building_tag": "house", "name": "", "amenity": "", "area_m2": 76.62 }, "geometry": { "type": "Polygon", "coordinates": [ [ [ 391448.443630320834927, 585256.585692619089969 ], [ 391448.757081963762175, 585249.798724974622019 ], [ 391456.557247422984801, 585250.203209043829702 ], [ 391456.048699365288485, 585252.513558249571361 ], [ 391461.769784819160122, 585253.288937802193686 ], [ 391461.844310123007745, 585257.434215282206424 ], [ 391448.443630320834927, 585256.585692619089969 ] ] ] } },
{ "type": "Feature", "properties": { "osm_id": "276735623", "building_tag": "house", "name": "", "amenity": "", "area_m2": 142.71 }, "geometry": { "type": "Polygon", "coordinates": [ [ [ 391341.361900859163143, 585588.185105167445727 ], [ 391354.050690380448941, 585578.807472604326904 ], [ 391358.513301763741765, 585584.808130336459726 ], [ 391354.916960287489928, 585587.46310403640382 ], [ 391356.22437373129651, 585589.218286277609877 ], [ 391347.131933337252121, 585595.9409340278944 ], [ 391341.361900859163143, 585588.185105167445727 ] ] ] } },
{ "type": "Feature", "properties": { "osm_id": "276735624", "building_tag": "house", "name": "", "amenity": "", "area_m2": 93.83 }, "geometry": { "type": "Polygon", "coordinates": [ [ [ 391237.020654464839026, 585597.167856208048761 ], [ 391243.340749699331354, 585604.068790226592682 ], [ 391249.181139058899134, 585598.760836604749784 ], [ 391246.695024822547566, 585596.037502223625779 ], [ 391249.295848470530473, 585593.67832081078086 ], [ 391245.469306417973712, 585589.489462611963972 ], [ 391237.020654464839026, 585597.167856208048761 ] ] ] } },
{ "type": "Feature", "properties": { "osm_id": "276735626", "building_tag": "house", "name": "", "amenity": "", "area_m2": 115.06 }, "geometry": { "type": "Polygon", "coordinates": [ [ [ 391460.27776355081005, 585352.178691789740697 ], [ 391465.414328446320724, 585354.443134616944008 ], [ 391464.173542733478826, 585357.244676687987521 ], [ 391466.761116298497654, 585358.387669286457822 ], [ 391462.054303957673255, 585368.977798210107721 ], [ 391454.329977966786828, 585365.55925650021527 ], [ 391460.27776355081005, 585352.178691789740697 ] ] ] } },
{ "type": "Feature", "properties": { "osm_id": "276735628", "building_tag": "house", "name": "", "amenity": "", "area_m2": 148.85 }, "geometry": { "type": "Polygon", "coordinates": [ [ [ 391403.009532878699247, 585418.909725291188806 ], [ 391411.150200601376127, 585408.524584811297245 ], [ 391417.271515500498936, 585413.294819444767199 ], [ 391412.536539199994877, 585419.33866837003734 ], [ 391419.176944157632533, 585424.51089469564613 ], [ 391415.7712476355955, 585428.852174397441559 ], [ 391403.009532878699247, 585418.909725291188806 ] ] ] } },
{ "type": "Feature", "properties": { "osm_id": "276735629", "building_tag": "house", "name": "", "amenity": "", "area_m2": 201.07 }, "geometry": { "type": "Polygon", "coordinates": [ [ [ 391392.236109105404466, 585615.02862204646226 ], [ 391396.503397292864975, 585609.326672053779475 ], [ 391413.236211983079556, 585621.754567536176182 ], [ 391406.723315337090753, 585630.454010559711605 ], [ 391395.441646505554672, 585622.074682124773972 ], [ 391397.687246602901723, 585619.077173258760013 ], [ 391392.236109105404466, 585615.02862204646226 ] ] ] } },
{ "type": "Feature", "properties": { "osm_id": "276735631", "building_tag": "house", "name": "", "amenity": "", "area_m2": 116.1 }, "geometry": { "type": "Polygon", "coordinates": [ [ [ 391492.470160235418007, 585389.875608634203672 ], [ 391498.389575697830878, 585380.864548827405088 ], [ 391504.728585563716479, 585384.997292476706207 ], [ 391501.657407273887657, 585389.677134385914542 ], [ 391507.231112060486339, 585393.312255683122203 ], [ 391504.382867829524912, 585397.643464823137037 ], [ 391492.470160235418007, 585389.875608634203672 ] ] ] } },
{ "type": "Feature", "properties": { "osm_id": "276735633", "building_tag": "house", "name": "", "amenity": "", "area_m2": 129.0 }, "geometry": { "type": "Polygon", "coordinates": [ [ [ 391251.190351559431292, 585702.657085412647575 ], [ 391259.882302192680072, 585708.492546190856956 ], [ 391257.353285297285765, 585713.562969654565677 ], [ 391253.144651772861835, 585711.059651400893927 ], [ 391247.498442059499212, 585720.355096102459356 ], [ 391242.323766889108811, 585717.235522695700638 ], [ 391251.190351559431292, 585702.657085412647575 ] ] ] } },
{ "type": "Feature", "properties": { "osm_id": "276735639", "building_tag": "house", "name": "", "amenity": "", "area_m2": 144.95 }, "geometry": { "type": "Polygon", "coordinates": [ [ [ 391429.732558077725116, 585761.209047032753006 ], [ 391432.640047122782562, 585750.840221690363251 ], [ 391443.09738719498273, 585753.753781682113186 ], [ 391442.149662899668328, 585757.128144920687191 ], [ 391445.85811038169777, 585758.162032411666587 ], [ 391443.898525448457804, 585765.167601581080817 ], [ 391429.732558077725116, 585761.209047032753006 ] ] ] } },
{ "type": "Feature", "properties": { "osm_id": "276735640", "building_tag": "house", "name": "", "amenity": "", "area_m2": 138.66 }, "geometry": { "type": "Polygon", "coordinates": [ [ [ 391395.074107058113441, 585473.825669435202144 ], [ 391401.493916509265546, 585467.162297126837075 ], [ 391412.32264891982777, 585477.528604091377929 ], [ 391410.852718351234216, 585479.055832323501818 ], [ 391407.079909369116649, 585482.94792728102766 ], [ 391405.887364784139208, 585484.181126483832486 ], [ 391395.074107058113441, 585473.825669435202144 ] ] ] } },
{ "type": "Feature", "properties": { "osm_id": "276735641", "building_tag": "house", "name": "", "amenity": "", "area_m2": 90.78 }, "geometry": { "type": "Polygon", "coordinates": [ [ [ 391432.416365883836988, 585496.277229767641984 ], [ 391437.149272560374811, 585500.316500346525572 ], [ 391441.354903840867337, 585495.42723273660522 ], [ 391442.875598703802098, 585496.72280301223509 ], [ 391446.894101159123238, 585492.048126480774954 ], [ 391440.655772483267356, 585486.71300359047018 ], [ 391432.416365883836988, 585496.277229767641984 ] ] ] } },
{ "type": "Feature", "properties": { "osm_id": "276735642", "building_tag": "house", "name": "", "amenity": "", "area_m2": 137.69 }, "geometry": { "type": "Polygon", "coordinates": [ [ [ 391329.416489219816867, 585676.624279426643625 ], [ 391336.806713944883086, 585669.987825756310485 ], [ 391341.374669391254429, 585675.052750526578166 ], [ 391344.975823715562001, 585671.81959836743772 ], [ 391348.148528763791546, 585675.342151464195922 ], [ 391337.164589938300196, 585685.200495305820368 ], [ 391329.416489219816867, 585676.624279426643625 ] ] ] } },
{ "type": "Feature", "properties": { "osm_id": "276735643", "building_tag": "house", "name": "", "amenity": "", "area_m2": 148.79 }, "geometry": { "type": "Polygon", "coordinates": [ [ [ 391390.367645981430542, 585282.71002899389714 ], [ 391396.657730116916355, 585285.387223826604895 ], [ 391390.352525184629485, 585300.130547565757297 ], [ 391381.029259377042763, 585296.173898472217843 ], [ 391385.706882927683182, 585285.239606331451796 ], [ 391388.740081006661057, 585286.519069489673711 ], [ 391390.367645981430542, 585282.71002899389714 ] ] ] } },
{ "type": "Feature", "properties": { "osm_id": "276735644", "building_tag": "house", "name": "", "amenity": "", "area_m2": 109.66 }, "geometry": { "type": "Polygon", "coordinates": [ [ [ 391359.611577896517701, 585640.739984975545667 ], [ 391363.360254269326106, 585635.514255380723625 ], [ 391377.243452443915885, 585645.391968567157164 ], [ 391373.494770803081337, 585650.617689640377648 ], [ 391372.651326037303079, 585650.021434826194309 ], [ 391363.194768712797668, 585643.299100442440249 ], [ 391359.611577896517701, 585640.739984975545667 ] ] ] } },
{ "type": "Feature", "properties": { "osm_id": "276735648", "building_tag": "house", "name": "", "amenity": "", "area_m2": 177.75 }, "geometry": { "type": "Polygon", "coordinates": [ [ [ 391396.184480643481947, 585318.11289471143391 ], [ 391401.20753588527441, 585320.434910860029049 ], [ 391398.7284487207653, 585325.748937144875526 ], [ 391400.831685849057976, 585326.722743843914941 ], [ 391393.01992941374192, 585343.505335148889571 ], [ 391385.893655227904674, 585340.209523546742275 ], [ 391396.184480643481947, 585318.11289471143391 ] ] ] } },
{ "type": "Feature", "properties": { "osm_id": "276735649", "building_tag": "house", "name": "", "amenity": "", "area_m2": 133.55 }, "geometry": { "type": "Polygon", "coordinates": [ [ [ 391383.225525226967875, 585496.372788034612313 ], [ 391386.793102697876748, 585492.539954654988833 ], [ 391381.277027342293877, 585487.436469911481254 ], [ 391383.705530381586868, 585484.835877243545838 ], [ 391398.132957318448462, 585498.194571839878336 ], [ 391392.144513269595336, 585504.62784958188422 ], [ 391383.225525226967875, 585496.372788034612313 ] ] ] } },
{ "type": "Feature", "properties": { "osm_id": "276735650", "building_tag": "house", "name": "", "amenity": "", "area_m2": 102.37 }, "geometry": { "type": "Polygon", "coordinates": [ [ [ 391447.797676730435342, 585490.464389438857324 ], [ 391452.233885999594349, 585485.226358492276631 ], [ 391460.378759980609175, 585492.072468993603252 ], [ 391459.36146528867539, 585493.280272636446171 ], [ 391463.604413623572327, 585496.839227339951321 ], [ 391460.185696601984091, 585500.880559725686908 ], [ 391447.797676730435342, 585490.464389438857324 ] ] ] } },
{ "type": "Feature", "properties": { "osm_id": "276735651", "building_tag": "house", "name": "", "amenity": "", "area_m2": 81.71 }, "geometry": { "type": "Polygon", "coordinates": [ [ [ 391293.619117901427671, 585535.016255789785646 ], [ 391296.467479352664668, 585531.55206038733013 ], [ 391307.997380162472837, 585540.971734162420034 ], [ 391304.124724878696725, 585545.677232005866244 ], [ 391296.936931215459481, 585539.803502956521697 ], [ 391297.953585609560832, 585538.562331466120668 ], [ 391293.619117901427671, 585535.016255789785646 ] ] ] } },
{ "type": "Feature", "properties": { "osm_id": "276735653", "building_tag": "house", "name": "", "amenity": "", "area_m2": 192.73 }, "geometry": { "type": "Polygon", "coordinates": [ [ [ 391437.365309768996667, 585293.537495308672078 ], [ 391437.497076856321655, 585282.59605816937983 ], [ 391449.607816655305214, 585284.790664432453923 ], [ 391448.928740443952847, 585289.938900000997819 ], [ 391459.514100091531873, 585292.705683123902418 ], [ 391458.737881371169351, 585298.400393982417881 ], [ 391437.365309768996667, 585293.537495308672078 ] ] ] } },
{ "type": "Feature", "properties": { "osm_id": "276735654", "building_tag": "house", "name": "", "amenity": "", "area_m2": 184.76 }, "geometry": { "type": "Polygon", "coordinates": [ [ [ 391460.0814784472459, 585408.400588156306185 ], [ 391467.019680560799316, 585393.167925722897053 ], [ 391473.98286356870085, 585396.322242283495143 ], [ 391471.983597870217636, 585400.704907001229003 ], [ 391476.327868745836895, 585402.672327266074717 ], [ 391471.381275625550188, 585413.52245076186955 ], [ 391460.0814784472459, 585408.400588156306185 ] ] ] } },
{ "type": "Feature", "properties": { "osm_id": "276735655", "building_tag": "house", "name": "", "amenity": "", "area_m2": 87.71 }, "geometry": { "type": "Polygon", "coordinates": [ [ [ 391154.344322308083065, 585761.143548929365352 ], [ 391166.062624918762594, 585765.34569811145775 ], [ 391169.050934433354996, 585753.552305408054963 ], [ 391164.804837548581418, 585752.36152550461702 ], [ 391162.62931084993761, 585759.660128583782353 ], [ 391155.234041328541934, 585757.103164300555363 ], [ 391154.344322308083065, 585761.143548929365352 ] ] ] } },
{ "type": "Feature", "properties": { "osm_id": "276735656", "building_tag": "house", "name": "", "amenity": "", "area_m2": 237.82 }, "geometry": { "type": "Polygon", "coordinates": [ [ [ 391413.280966290622018, 585394.890236678067595 ], [ 391424.189486018498428, 585376.128741542692296 ], [ 391432.280086645972915, 585380.796872341423295 ], [ 391424.521120673511177, 585394.143340352340601 ], [ 391429.361561037891079, 585396.935574378934689 ], [ 391426.212188803649042, 585402.361697840271518 ], [ 391413.280966290622018, 585394.890236678067595 ] ] ] } },
{ "type": "Feature", "properties": { "osm_id": "276735657", "building_tag": "house", "name": "", "amenity": "", "area_m2": 204.92 }, "geometry": { "type": "Polygon", "coordinates": [ [ [ 391318.286104244645685, 585723.749334262916818 ], [ 391333.742905775725376, 585705.617235651938245 ], [ 391337.505288516287692, 585708.795659449882805 ], [ 391333.547716330096591, 585713.447086586034857 ], [ 391337.310094490123447, 585716.625510288635269 ], [ 391325.818897986435331, 585730.128254427108914 ], [ 391318.286104244645685, 585723.749334262916818 ] ] ] } },
{ "type": "Feature", "properties": { "osm_id": "276735659", "building_tag": "house", "name": "", "amenity": "", "area_m2": 94.66 }, "geometry": { "type": "Polygon", "coordinates": [ [ [ 391451.508389882743359, 585223.502168785082176 ], [ 391450.925665479502641, 585218.287686242372729 ], [ 391452.809170806780457, 585218.087067063432187 ], [ 391452.272228536952753, 585213.294204890378751 ], [ 391460.652239989081863, 585212.376471589319408 ], [ 391461.756416132091545, 585222.37297917320393 ], [ 391451.508389882743359, 585223.502168785082176 ] ] ] } },
{ "type": "Feature", "properties": { "osm_id": "276735662", "building_tag": "house", "name": "", "amenity": "", "area_m2": 230.05 }, "geometry": { "type": "Polygon", "coordinates": [ [ [ 391466.179286713537294, 585509.177209300803952 ], [ 391471.327970571117476, 585513.398018825100735 ], [ 391469.084935441729613, 585516.117527812137268 ], [ 391482.003234916948713, 585526.713195722433738 ], [ 391476.373040096601471, 585533.529042064794339 ], [ 391471.239850715734065, 585529.31906693126075 ], [ 391462.26845782797318, 585521.965306633617729 ], [ 391458.306262581725605, 585518.723696486558765 ], [ 391466.179286713537294, 585509.177209300803952 ] ] ] } },
{ "type": "Feature", "properties": { "osm_id": "276735664", "building_tag": "house", "name": "", "amenity": "", "area_m2": 222.13 }, "geometry": { "type": "Polygon", "coordinates": [ [ [ 391355.498491990729235, 585737.3536433147965 ], [ 391359.312580559984781, 585730.247965389396995 ], [ 391362.49826909636613, 585731.947111170971766 ], [ 391370.998850432457402, 585716.119226940674707 ], [ 391377.540047778282315, 585719.614529331331141 ], [ 391365.217721596593037, 585742.548213663161732 ], [ 391355.498491990729235, 585737.3536433147965 ] ] ] } },
{ "type": "Feature", "properties": { "osm_id": "276735666", "building_tag": "house", "name": "", "amenity": "", "area_m2": 234.6 }, "geometry": { "type": "Polygon", "coordinates": [ [ [ 391493.496796579915099, 585341.153849331545644 ], [ 391501.00934886460891, 585329.812954651657492 ], [ 391517.794301082845777, 585340.86170734197367 ], [ 391512.21555547817843, 585349.277425764128566 ], [ 391502.999612759740558, 585343.206445441232063 ], [ 391501.065792107430752, 585346.131603942019865 ], [ 391493.496796579915099, 585341.153849331545644 ] ] ] } },
{ "type": "Feature", "properties": { "osm_id": "276735667", "building_tag": "house", "name": "", "amenity": "", "area_m2": 59.21 }, "geometry": { "type": "Polygon", "coordinates": [ [ [ 391463.422902685415465, 585479.944736715289764 ], [ 391467.476821871183347, 585475.113800814026035 ], [ 391476.078087314788718, 585482.274118338362314 ], [ 391473.348001933656633, 585485.524877197109163 ], [ 391469.113288590218872, 585481.999118490726687 ], [ 391467.789453389705159, 585483.579290753579699 ], [ 391463.422902685415465, 585479.944736715289764 ] ] ] } },
{ "type": "Feature", "properties": { "osm_id": "276735668", "building_tag": "house", "name": "", "amenity": "", "area_m2": 149.48 }, "geometry": { "type": "Polygon", "coordinates": [ [ [ 391284.302659218665212, 585545.84518660325557 ], [ 391290.344073895248584, 585538.543721077730879 ], [ 391300.46358146663988, 585546.854849886964075 ], [ 391298.773783887736499, 585548.897445659851655 ], [ 391301.642988436971791, 585551.258160507539287 ], [ 391297.291367486352101, 585556.517018225160427 ], [ 391284.302659218665212, 585545.84518660325557 ] ] ] } },
{ "type": "Feature", "properties": { "osm_id": "276735669", "building_tag": "house", "name": "", "amenity": "", "area_m2": 126.57 }, "geometry": { "type": "Polygon", "coordinates": [ [ [ 391476.209525557467714, 585378.239420803380199 ], [ 391480.953313415055163, 585364.180153473513201 ], [ 391492.77465944836149, 585368.136520345346071 ], [ 391490.838326671859249, 585373.896547156269662 ], [ 391484.504902981803752, 585371.775883170892484 ], [ 391481.705268905323464, 585380.086093377671205 ], [ 391476.209525557467714, 585378.239420803380199 ] ] ] } },
{ "type": "Feature", "properties": { "osm_id": "276735670", "building_tag": "house", "name": "", "amenity": "", "area_m2": 119.96 }, "geometry": { "type": "Polygon", "coordinates": [ [ [ 391375.578886307368521, 585261.186896709259599 ], [ 391377.625758876092732, 585256.903397067100741 ], [ 391384.530443317373283, 585260.192070559598505 ], [ 391385.627659445512109, 585257.904474649345502 ], [ 391395.992412248975597, 585262.842920766794123 ], [ 391392.840674028906506, 585269.414146008202806 ], [ 391375.578886307368521, 585261.186896709259599 ] ] ] } },
{ "type": "Feature", "properties": { "osm_id": "276735672", "building_tag": "house", "name": "", "amenity": "", "area_m2": 106.24 }, "geometry": { "type": "Polygon", "coordinates": [ [ [ 391480.607795278425328, 585579.132440330111422 ], [ 391484.551432420616038, 585573.269619826693088 ], [ 391495.144854099256918, 585580.33856682269834 ], [ 391493.61937843891792, 585582.600492211175151 ], [ 391496.727885674743447, 585584.679072475293651 ], [ 391494.302080892492086, 585588.280096785747446 ], [ 391480.607795278425328, 585579.132440330111422 ] ] ] } },
{ "type": "Feature", "properties": { "osm_id": "276735674", "building_tag": "house", "name": "", "amenity": "", "area_m2": 154.47 }, "geometry": { "type": "Polygon", "coordinates": [ [ [ 391262.371491386555135, 585571.431204857071862 ], [ 391266.893200243124738, 585567.558876510243863 ], [ 391269.538466078171041, 585570.635095051373355 ], [ 391273.977571662457194, 585566.842078640707768 ], [ 391281.187478867010213, 585575.21669712732546 ], [ 391272.226669193361886, 585582.882029452361166 ], [ 391262.371491386555135, 585571.431204857071862 ] ] ] } },
{ "type": "Feature", "properties": { "osm_id": "276735675", "building_tag": "house", "name": "", "amenity": "", "area_m2": 128.72 }, "geometry": { "type": "Polygon", "coordinates": [ [ [ 391369.628238745848648, 585586.887081316788681 ], [ 391377.784009117342066, 585577.357617250760086 ], [ 391382.935500155959744, 585581.733939185505733 ], [ 391378.827661961899139, 585586.532556096091866 ], [ 391384.196585336234421, 585591.105071722413413 ], [ 391380.148650546558201, 585595.835908471024595 ], [ 391369.628238745848648, 585586.887081316788681 ] ] ] } },
{ "type": "Feature", "properties": { "osm_id": "276735676", "building_tag": "house", "name": "", "amenity": "", "area_m2": 94.42 }, "geometry": { "type": "Polygon", "coordinates": [ [ [ 391229.577002949197777, 585615.678305106703192 ], [ 391237.362300898239482, 585609.345886374823749 ], [ 391233.323577151051722, 585604.404905471252277 ], [ 391229.777128614950925, 585607.281395670841448 ], [ 391226.261902967176866, 585602.986887350794859 ], [ 391222.022849623055663, 585606.431710053468123 ], [ 391229.577002949197777, 585615.678305106703192 ] ] ] } },
{ "type": "Feature", "properties": { "osm_id": "276735677", "building_tag": "house", "name": "", "amenity": "", "area_m2": 61.12 }, "geometry": { "type": "Polygon", "coordinates": [ [ [ 391391.706379373674281, 585749.486578575102612 ], [ 391392.879748954554088, 585746.341603053733706 ], [ 391394.248731643485371, 585746.850586435641162 ], [ 391397.812672524363734, 585737.303704305784777 ], [ 391401.7041889752727, 585738.745598869747482 ], [ 391396.966871096868999, 585751.437453192775138 ], [ 391391.706379373674281, 585749.486578575102612 ] ] ] } },
{ "type": "Feature", "properties": { "osm_id": "276735679", "building_tag": "house", "name": "", "amenity": "", "area_m2": 126.39 }, "geometry": { "type": "Polygon", "coordinates": [ [ [ 391506.083681966527365, 585312.034714079811238 ], [ 391506.4726728235255, 585306.046811858192086 ], [ 391524.240862285776529, 585307.183840899961069 ], [ 391523.727808989584446, 585315.197252971818671 ], [ 391514.128518581273966, 585314.580441843834706 ], [ 391514.260397647391073, 585312.565906609408557 ], [ 391506.083681966527365, 585312.034714079811238 ] ] ] } },
{ "type": "Feature", "properties": { "osm_id": "276735681", "building_tag": "house", "name": "", "amenity": "", "area_m2": 52.51 }, "geometry": { "type": "Polygon", "coordinates": [ [ [ 391450.352013145224191, 585247.146450432948768 ], [ 391450.085007302812301, 585244.194146079593338 ], [ 391457.224702287989203, 585244.832845378434286 ], [ 391458.166798308724537, 585242.414649192010984 ], [ 391462.682945490931161, 585243.311745849205181 ], [ 391462.678315132681746, 585249.00370042969007 ], [ 391450.352013145224191, 585247.146450432948768 ] ] ] } },
{ "type": "Feature", "properties": { "osm_id": "276735682", "building_tag": "house", "name": "", "amenity": "", "area_m2": 89.12 }, "geometry": { "type": "Polygon", "coordinates": [ [ [ 391433.058128881733865, 585562.12247696146369 ], [ 391435.743902180634905, 585557.26053739793133 ], [ 391438.20516204443993, 585558.605892988969572 ], [ 391440.580169762950391, 585554.305391769390553 ], [ 391446.737435842165723, 585557.685388878453523 ], [ 391441.676647384709213, 585566.847823443007655 ], [ 391433.058128881733865, 585562.12247696146369 ] ] ] } },
{ "type": "Feature", "properties": { "osm_id": "276735685", "building_tag": "house", "name": "", "amenity": "", "area_m2": 160.56 }, "geometry": { "type": "Polygon", "coordinates": [ [ [ 391382.902709297777619, 585630.437890735338442 ], [ 391393.835872196708806, 585638.979103390243836 ], [ 391397.704734013415873, 585634.062508239061572 ], [ 391377.186434580595233, 585618.023059055674821 ], [ 391373.564004826359451, 585622.623958193929866 ], [ 391382.902709297777619, 585630.437890735338442 ] ] ] } },
{ "type": "Feature", "properties": { "osm_id": "276735687", "building_tag": "house", "name": "", "amenity": "", "area_m2": 136.39 }, "geometry": { "type": "Polygon", "coordinates": [ [ [ 391405.811944732733537, 585753.057038495084271 ], [ 391414.408789256762248, 585757.015662155929022 ], [ 391417.794221020769328, 585750.284592511714436 ], [ 391413.806514435796998, 585748.166283979197033 ], [ 391418.183531429909635, 585735.403106234734878 ], [ 391414.102691084262915, 585734.053542366600595 ], [ 391412.835024649044499, 585737.478133411728777 ], [ 391405.811944732733537, 585753.057038495084271 ] ] ] } },
{ "type": "Feature", "properties": { "osm_id": "276735688", "building_tag": "house", "name": "", "amenity": "", "area_m2": 149.92 }, "geometry": { "type": "Polygon", "coordinates": [ [ [ 391256.634543861960992, 585728.795035891816951 ], [ 391247.900914165191352, 585724.461120729101822 ], [ 391251.159756903827656, 585717.92122298956383 ], [ 391254.389504005259369, 585719.519466354744509 ], [ 391257.353285297285765, 585713.562969654565677 ], [ 391259.882302192680072, 585708.492546190856956 ], [ 391265.655697208072525, 585711.345659797312692 ], [ 391256.634543861960992, 585728.795035891816951 ] ] ] } },
{ "type": "Feature", "properties": { "osm_id": "276735690", "building_tag": "house", "name": "", "amenity": "", "area_m2": 258.42 }, "geometry": { "type": "Polygon", "coordinates": [ [ [ 391480.539422349538654, 585449.532343183062039 ], [ 391483.035566811566241, 585446.44143082620576 ], [ 391480.043390286911745, 585444.038373935036361 ], [ 391486.441150327387732, 585436.141511512105353 ], [ 391488.48758405004628, 585437.783385114511475 ], [ 391490.513169197307434, 585435.29013221943751 ], [ 391501.13358282437548, 585443.848277977551334 ], [ 391490.213885905744974, 585457.318171588121913 ], [ 391480.539422349538654, 585449.532343183062039 ] ] ] } },
{ "type": "Feature", "properties": { "osm_id": "276735691", "building_tag": "house", "name": "", "amenity": "", "area_m2": 185.83 }, "geometry": { "type": "Polygon", "coordinates": [ [ [ 391202.912105867057107, 585654.534568100119941 ], [ 391216.076505682547577, 585638.077676868648268 ], [ 391224.842667621152941, 585645.056799037731253 ], [ 391219.045029057073407, 585652.309476163587533 ], [ 391216.30887276888825, 585650.124274001223966 ], [ 391211.67660220246762, 585655.910753162112087 ], [ 391210.056812609371264, 585654.628143037785776 ], [ 391207.329953269101679, 585658.045725499629043 ], [ 391202.912105867057107, 585654.534568100119941 ] ] ] } },
{ "type": "Feature", "properties": { "osm_id": "276735692", "building_tag": "yes", "name": "", "amenity": "", "area_m2": 162.21 }, "geometry": { "type": "Polygon", "coordinates": [ [ [ 391399.404651956399903, 585337.431795641430654 ], [ 391413.957078312581871, 585345.83012630068697 ], [ 391418.425971157092135, 585338.156876624794677 ], [ 391412.990994479449, 585335.019602091051638 ], [ 391414.332207193947397, 585332.705388262867928 ], [ 391409.043935643916484, 585329.65441395889502 ], [ 391407.324805138981901, 585332.620209440705366 ], [ 391403.487976984819397, 585330.41025339148473 ], [ 391399.404651956399903, 585337.431795641430654 ] ] ] } },
{ "type": "Feature", "properties": { "osm_id": "276735693", "building_tag": "house", "name": "", "amenity": "", "area_m2": 460.28 }, "geometry": { "type": "Polygon", "coordinates": [ [ [ 391401.6718397011864, 585589.167596122599207 ], [ 391409.024750004638918, 585579.597033892758191 ], [ 391432.533898064808454, 585597.116939272615127 ], [ 391430.57184742402751, 585600.164919452276081 ], [ 391436.010252858395688, 585604.780698073329404 ], [ 391427.987336301768664, 585615.752896824735217 ], [ 391420.741048389289062, 585610.013480229652487 ], [ 391424.467801654769573, 585605.688657983904704 ], [ 391401.6718397011864, 585589.167596122599207 ] ] ] } },
{ "type": "Feature", "properties": { "osm_id": "276735697", "building_tag": "house", "name": "", "amenity": "", "area_m2": 171.99 }, "geometry": { "type": "Polygon", "coordinates": [ [ [ 391508.218808931706008, 585590.253356438945048 ], [ 391509.225291226408444, 585585.043654920649715 ], [ 391512.314665987971239, 585585.632916386239231 ], [ 391512.957970810413826, 585582.319622950977646 ], [ 391527.991435900970828, 585585.217799304868095 ], [ 391525.908060258254409, 585595.971969092730433 ], [ 391516.24866032495629, 585594.111148053780198 ], [ 391516.682222838921007, 585591.879967781249434 ], [ 391508.218808931706008, 585590.253356438945048 ] ] ] } },
{ "type": "Feature", "properties": { "osm_id": "276735699", "building_tag": "house", "name": "", "amenity": "", "area_m2": 102.18 }, "geometry": { "type": "Polygon", "coordinates": [ [ [ 391347.869204398768488, 585524.845878647407517 ], [ 391355.110133046458941, 585517.967569599044509 ], [ 391360.949695363058709, 585524.065734647563659 ], [ 391358.974291922233533, 585525.946698373416439 ], [ 391361.987516081077047, 585529.094152932637371 ], [ 391359.441081738565117, 585531.507889537955634 ], [ 391356.895093909231946, 585528.852290133130737 ], [ 391354.17600444535492, 585531.435890516033396 ], [ 391347.869204398768488, 585524.845878647407517 ] ] ] } },
{ "type": "Feature", "properties": { "osm_id": "276735700", "building_tag": "house", "name": "", "amenity": "", "area_m2": 82.74 }, "geometry": { "type": "Polygon", "coordinates": [ [ [ 391486.600688477687072, 585522.795207254122943 ], [ 391489.14690089673968, 585517.391071944031864 ], [ 391492.251693400728982, 585518.836051473626867 ], [ 391493.45122612954583, 585516.290944593492895 ], [ 391500.947819514258299, 585519.802560691023245 ], [ 391498.9463821099489, 585524.062971176579595 ], [ 391496.604276065248996, 585522.971139021101408 ], [ 391494.867597235308494, 585526.659828190575354 ], [ 391486.600688477687072, 585522.795207254122943 ] ] ] } },
{ "type": "Feature", "properties": { "osm_id": "276735701", "building_tag": "house", "name": "", "amenity": "", "area_m2": 106.39 }, "geometry": { "type": "Polygon", "coordinates": [ [ [ 391301.623966640327126, 585524.744570962153375 ], [ 391304.264930481731426, 585521.217412268626504 ], [ 391316.887167263892479, 585530.628551793168299 ], [ 391313.261291684349999, 585535.463003820972517 ], [ 391308.591991906636395, 585531.989647703245282 ], [ 391307.144578757986892, 585533.91670724877622 ], [ 391301.708378740004264, 585529.856849101837724 ], [ 391304.140699254465289, 585526.62248784408439 ], [ 391301.623966640327126, 585524.744570962153375 ] ] ] } },
{ "type": "Feature", "properties": { "osm_id": "276735702", "building_tag": "house", "name": "", "amenity": "", "area_m2": 242.08 }, "geometry": { "type": "Polygon", "coordinates": [ [ [ 391522.305476953042671, 585543.864891883684322 ], [ 391527.858661520818714, 585523.832429358153604 ], [ 391535.282843883149326, 585525.866835284279659 ], [ 391535.828133490518667, 585523.900456249597482 ], [ 391547.766787965607364, 585527.176682217163034 ], [ 391545.70786417578347, 585534.617554368916899 ], [ 391532.909056852338836, 585531.089981148950756 ], [ 391528.869872180977836, 585545.670166833326221 ], [ 391522.305476953042671, 585543.864891883684322 ] ] ] } },
{ "type": "Feature", "properties": { "osm_id": "276735706", "building_tag": "house", "name": "", "amenity": "", "area_m2": 116.72 }, "geometry": { "type": "Polygon", "coordinates": [ [ [ 391376.677686394541524, 585512.476774264709093 ], [ 391379.95739345124457, 585509.204963555908762 ], [ 391381.583182181289885, 585510.821019252180122 ], [ 391383.639608523109928, 585508.771851289551705 ], [ 391385.358643501182087, 585510.475165839656256 ], [ 391387.535068515571766, 585508.301553785917349 ], [ 391393.400556799722835, 585514.143593155313283 ], [ 391385.895636323606595, 585521.638036936754361 ], [ 391376.677686394541524, 585512.476774264709093 ] ] ] } },
{ "type": "Feature", "properties": { "osm_id": "276735710", "building_tag": "house", "name": "", "amenity": "", "area_m2": 362.9 }, "geometry": { "type": "Polygon", "coordinates": [ [ [ 391443.842382961360272, 585445.122798393364064 ], [ 391461.59036696475232, 585426.460723216179758 ], [ 391468.724773142137565, 585433.191609801724553 ], [ 391464.750883424247149, 585437.376322114141658 ], [ 391470.315351713798009, 585442.623531907331198 ], [ 391460.807788938749582, 585452.62184116395656 ], [ 391455.787328614736907, 585447.88735491305124 ], [ 391451.520995791361202, 585452.377492219093256 ], [ 391443.842382961360272, 585445.122798393364064 ] ] ] } },
{ "type": "Feature", "properties": { "osm_id": "276735711", "building_tag": "house", "name": "", "amenity": "", "area_m2": 172.95 }, "geometry": { "type": "Polygon", "coordinates": [ [ [ 391273.781921805348247, 585557.2516705483431 ], [ 391281.307666257373057, 585548.378204846172594 ], [ 391292.26116565184202, 585557.608124411548488 ], [ 391290.600121714058332, 585559.550152308773249 ], [ 391293.051510921795852, 585561.618229388375767 ], [ 391289.146730992943048, 585566.235380590078421 ], [ 391283.398484485980589, 585561.391854654997587 ], [ 391281.438560136593878, 585563.706127291545272 ], [ 391273.781921805348247, 585557.2516705483431 ] ] ] } },
{ "type": "Feature", "properties": { "osm_id": "276735713", "building_tag": "house", "name": "", "amenity": "", "area_m2": 280.13 }, "geometry": { "type": "Polygon", "coordinates": [ [ [ 391306.092532810638659, 585601.50449190963991 ], [ 391309.133131531358231, 585598.959547070786357 ], [ 391306.884598183445632, 585596.276378799462691 ], [ 391320.929110176977701, 585584.550821291515604 ], [ 391323.154129481350537, 585587.201067107263952 ], [ 391328.821714036166668, 585582.474385379697196 ], [ 391333.529173983202782, 585588.070407307008281 ], [ 391310.769051345181651, 585607.078819782473147 ], [ 391306.092532810638659, 585601.50449190963991 ] ] ] } },
{ "type": "Feature", "properties": { "osm_id": "276735714", "building_tag": "house", "name": "", "amenity": "", "area_m2": 151.38 }, "geometry": { "type": "Polygon", "coordinates": [ [ [ 391339.345858858432621, 585538.573087819153443 ], [ 391347.896679716417566, 585530.192637145286426 ], [ 391355.71754130080808, 585538.133901838911697 ], [ 391353.743144292500801, 585540.070434142253362 ], [ 391355.633999172830954, 585541.981870105722919 ], [ 391350.821726770431269, 585546.693130708183162 ], [ 391348.891885398188606, 585544.737930112401955 ], [ 391347.127735271584243, 585546.470575521234423 ], [ 391339.345858858432621, 585538.573087819153443 ] ] ] } },
{ "type": "Feature", "properties": { "osm_id": "276735715", "building_tag": "house", "name": "", "amenity": "", "area_m2": 349.83 }, "geometry": { "type": "Polygon", "coordinates": [ [ [ 391472.146579655527603, 585501.988434801576659 ], [ 391483.203470120904967, 585488.082476886105724 ], [ 391499.137104355613701, 585500.669496307615191 ], [ 391488.252064414089546, 585514.361114266095683 ], [ 391480.99044379661791, 585508.621900998638012 ], [ 391486.750548500102013, 585501.381281153764576 ], [ 391486.060840087069664, 585500.837831771466881 ], [ 391480.128873635316268, 585508.292763650650159 ], [ 391472.146579655527603, 585501.988434801576659 ] ] ] } },
{ "type": "Feature", "properties": { "osm_id": "276735716", "building_tag": "house", "name": "", "amenity": "", "area_m2": 247.52 }, "geometry": { "type": "Polygon", "coordinates": [ [ [ 391253.413871515775099, 585689.109922754461877 ], [ 391259.966923767002299, 585682.65520824957639 ], [ 391264.384887232095934, 585686.599965509492904 ], [ 391274.742328855325468, 585675.896764418226667 ], [ 391279.482383280643262, 585680.75843880395405 ], [ 391269.585198342858348, 585691.14206688827835 ], [ 391272.746328917623032, 585694.020006358274259 ], [ 391268.193614373973105, 585699.982880804454908 ], [ 391253.413871515775099, 585689.109922754461877 ] ] ] } },
{ "type": "Feature", "properties": { "osm_id": "276735717", "building_tag": "house", "name": "", "amenity": "", "area_m2": 148.25 }, "geometry": { "type": "Polygon", "coordinates": [ [ [ 391548.282450342783704, 585351.753254560055211 ], [ 391549.663007184281014, 585345.24728055705782 ], [ 391561.066881889244542, 585347.654909227858298 ], [ 391559.700390745711047, 585354.093926103902049 ], [ 391562.192755421914626, 585354.616120946709998 ], [ 391560.453617923543788, 585362.85165788361337 ], [ 391552.178840291628148, 585361.110420305281878 ], [ 391553.911527512595057, 585352.941698225564323 ], [ 391548.282450342783704, 585351.753254560055211 ] ] ] } },
{ "type": "Feature", "properties": { "osm_id": "276735718", "building_tag": "house", "name": "", "amenity": "", "area_m2": 169.06 }, "geometry": { "type": "Polygon", "coordinates": [ [ [ 391476.579066831909586, 585553.913814472500235 ], [ 391482.25156088283984, 585546.052214315510355 ], [ 391487.926173806888983, 585550.207998355152085 ], [ 391488.984938862035051, 585548.332437150995247 ], [ 391495.207628383184783, 585552.378323641372845 ], [ 391491.672075138194486, 585557.1443405066384 ], [ 391494.221726170857437, 585558.73270253604278 ], [ 391491.793928480125032, 585563.923486226936802 ], [ 391476.579066831909586, 585553.913814472500235 ] ] ] } },
{ "type": "Feature", "properties": { "osm_id": "276735719", "building_tag": "house", "name": "", "amenity": "", "area_m2": 150.36 }, "geometry": { "type": "Polygon", "coordinates": [ [ [ 391486.201138108735904, 585429.164387012366205 ], [ 391496.13678898778744, 585436.178461369359866 ], [ 391498.998038416379131, 585432.147170911310241 ], [ 391494.192697052145377, 585428.753936814144254 ], [ 391496.949821737012826, 585424.880154197569937 ], [ 391499.031447086832486, 585426.354644731152803 ], [ 391502.988038402458187, 585420.780649322085083 ], [ 391495.768458700098563, 585415.685444145579822 ], [ 391486.201138108735904, 585429.164387012366205 ] ] ] } },
{ "type": "Feature", "properties": { "osm_id": "276735720", "building_tag": "house", "name": "", "amenity": "", "area_m2": 158.78 }, "geometry": { "type": "Polygon", "coordinates": [ [ [ 391510.095034799480345, 585389.003000162309036 ], [ 391511.802498294156976, 585381.134874344337732 ], [ 391517.853813144785818, 585382.437982470262796 ], [ 391517.198049178579822, 585385.484690353740007 ], [ 391528.993769249413162, 585388.018619071342982 ], [ 391527.138280250015669, 585396.578649531584233 ], [ 391515.296551496197935, 585394.034434627741575 ], [ 391515.896206518518738, 585391.266658149426803 ], [ 391510.095034799480345, 585389.003000162309036 ] ] ] } },
{ "type": "Feature", "properties": { "osm_id": "276735721", "building_tag": "house", "name": "", "amenity": "", "area_m2": 269.95 }, "geometry": { "type": "Polygon", "coordinates": [ [ [ 391334.342564783524722, 585578.083859152975492 ], [ 391337.611538966943044, 585575.067906473530456 ], [ 391334.822603600798175, 585572.072063887957484 ], [ 391347.229622245125938, 585560.620620246510953 ], [ 391350.719908084138297, 585564.382032015360892 ], [ 391354.627461810247041, 585560.76539749559015 ], [ 391359.192880351911299, 585565.685861274949275 ], [ 391339.616775984293781, 585583.758619332802482 ], [ 391334.342564783524722, 585578.083859152975492 ] ] ] } },
{ "type": "Feature", "properties": { "osm_id": "276735722", "building_tag": "house", "name": "", "amenity": "", "area_m2": 135.81 }, "geometry": { "type": "Polygon", "coordinates": [ [ [ 391482.24766802432714, 585307.404918463318609 ], [ 391477.576871178345755, 585294.926739845890552 ], [ 391485.887069224962033, 585291.831373878056183 ], [ 391486.825809550588019, 585294.326928169466555 ], [ 391491.576763896155171, 585292.562877140007913 ], [ 391493.984484228712972, 585299.000776023371145 ], [ 391484.960956560447812, 585302.36464248271659 ], [ 391486.285075519699603, 585305.898261716356501 ], [ 391482.24766802432714, 585307.404918463318609 ] ] ] } },
{ "type": "Feature", "properties": { "osm_id": "276735724", "building_tag": "house", "name": "", "amenity": "", "area_m2": 178.05 }, "geometry": { "type": "Polygon", "coordinates": [ [ [ 391497.511575511016417, 585414.053275289130397 ], [ 391501.966803803108633, 585417.51950614945963 ], [ 391504.991448056069203, 585413.652036552433856 ], [ 391517.132621910073794, 585423.08335158531554 ], [ 391522.233543325855862, 585416.566100002382882 ], [ 391510.270422405912541, 585407.264978232444264 ], [ 391507.783482466358691, 585410.444648336153477 ], [ 391503.150195083930157, 585406.848210049211048 ], [ 391497.511575511016417, 585414.053275289130397 ] ] ] } },
{ "type": "Feature", "properties": { "osm_id": "276735726", "building_tag": "house", "name": "", "amenity": "", "area_m2": 129.23 }, "geometry": { "type": "Polygon", "coordinates": [ [ [ 391197.973004425992258, 585669.575900145689957 ], [ 391209.623105689592194, 585677.192272844375111 ], [ 391206.247001292416826, 585682.311335105681792 ], [ 391202.466601970838383, 585679.833684276905842 ], [ 391199.930860455788206, 585683.681387692107819 ], [ 391191.999268354615197, 585678.499323399038985 ], [ 391194.63148501777323, 585674.494240265339613 ], [ 391197.973004425992258, 585669.575900145689957 ] ] ] } },
{ "type": "Feature", "properties": { "osm_id": "276735727", "building_tag": "apartments", "name": "", "amenity": "", "area_m2": 277.7 }, "geometry": { "type": "Polygon", "coordinates": [ [ [ 391476.123980685602874, 585184.350467203534208 ], [ 391476.206393041124102, 585171.508927597198635 ], [ 391494.362007211777382, 585171.64950764446985 ], [ 391494.276760024018586, 585184.335459903813899 ], [ 391492.44856168248225, 585185.913571492419578 ], [ 391489.209434497344773, 585187.205768748885021 ], [ 391480.52536853204947, 585187.36185835627839 ], [ 391477.72437653481029, 585187.100932614994235 ], [ 391476.001791441405658, 585186.053554500336759 ], [ 391476.123980685602874, 585184.350467203534208 ] ] ] } },
{ "type": "Feature", "properties": { "osm_id": "276735728", "building_tag": "house", "name": "", "amenity": "", "area_m2": 145.46 }, "geometry": { "type": "Polygon", "coordinates": [ [ [ 391458.552300887764432, 585312.299903256935067 ], [ 391466.115466686664149, 585312.275098096113652 ], [ 391464.195442439056933, 585302.793517500394955 ], [ 391457.83136090222979, 585302.79676603153348 ], [ 391457.771745210746303, 585305.854995873989537 ], [ 391452.268401006993372, 585304.864484408404678 ], [ 391447.928425841266289, 585301.440683732391335 ], [ 391444.131741266057361, 585303.587820123881102 ], [ 391450.732433058030438, 585310.79519595077727 ], [ 391458.552300887764432, 585312.299903256935067 ] ] ] } },
{ "type": "Feature", "properties": { "osm_id": "276841291", "building_tag": "house", "name": "", "amenity": "", "area_m2": 130.31 }, "geometry": { "type": "Polygon", "coordinates": [ [ [ 390597.922251522308215, 585703.355247895349748 ], [ 390598.760540141374804, 585693.545986301032826 ], [ 390609.154778784664813, 585692.946291382657364 ], [ 390606.621358887990937, 585705.754506204277277 ], [ 390605.395619569986593, 585705.987941757426597 ], [ 390605.094881627825089, 585709.206202156143263 ], [ 390599.791698284214363, 585707.868217210285366 ], [ 390600.173991565301549, 585703.670183245558292 ], [ 390597.922251522308215, 585703.355247895349748 ] ] ] } },
{ "type": "Feature", "properties": { "osm_id": "276841292", "building_tag": "house", "name": "", "amenity": "", "area_m2": 254.5 }, "geometry": { "type": "Polygon", "coordinates": [ [ [ 390591.561584529350512, 585728.394823027192615 ], [ 390600.775850247417111, 585728.027721308753826 ], [ 390599.798344693146646, 585708.23495747114066 ], [ 390582.076557300810236, 585708.344931382103823 ], [ 390582.427189184294548, 585716.309459369047545 ], [ 390590.625360753852874, 585716.360972020658664 ], [ 390591.561584529350512, 585728.394823027192615 ] ] ] } },
{ "type": "Feature", "properties": { "osm_id": "276841293", "building_tag": "yes", "name": "Biserica Creștină Baptistă Mănăștur", "amenity": "place_of_worship", "area_m2": 553.95 }, "geometry": { "type": "Polygon", "coordinates": [ [ [ 390580.303158714261372, 585765.607356749475002 ], [ 390598.944203841674607, 585764.802576589165255 ], [ 390597.744500791770406, 585736.965135529986583 ], [ 390595.340049386664759, 585737.075414794380777 ], [ 390595.231821908499114, 585734.476000070339069 ], [ 390581.697431049542502, 585735.054819658398628 ], [ 390581.821157559636049, 585738.087516094674356 ], [ 390579.11886317061726, 585738.203200552030466 ], [ 390580.303158714261372, 585765.607356749475002 ] ] ] } },
{ "type": "Feature", "properties": { "osm_id": "276841296", "building_tag": "apartments", "name": "", "amenity": "", "area_m2": 707.85 }, "geometry": { "type": "Polygon", "coordinates": [ [ [ 390610.788934412237722, 585720.731389467953704 ], [ 390614.478415669989772, 585709.32520222151652 ], [ 390623.077233702526428, 585712.093161823926494 ], [ 390670.727420062525198, 585727.405189225217327 ], [ 390667.037644908879884, 585738.800228570937179 ], [ 390610.788934412237722, 585720.731389467953704 ] ] ] } },
{ "type": "Feature", "properties": { "osm_id": "276841298", "building_tag": "house", "name": "", "amenity": "", "area_m2": 152.68 }, "geometry": { "type": "Polygon", "coordinates": [ [ [ 390654.682508623634931, 585783.814370700391009 ], [ 390654.527072455559392, 585774.389978058519773 ], [ 390658.223364828387275, 585774.323023927514441 ], [ 390658.125922088278458, 585768.521719949552789 ], [ 390665.862379167811014, 585768.392707211663947 ], [ 390666.11523281870177, 585783.618404049077071 ], [ 390654.682508623634931, 585783.814370700391009 ] ] ] } },
{ "type": "Feature", "properties": { "osm_id": "276841299", "building_tag": "house", "name": "", "amenity": "", "area_m2": 130.44 }, "geometry": { "type": "Polygon", "coordinates": [ [ [ 390678.81297735410044, 585771.860113886417821 ], [ 390678.100917939445935, 585763.757607168750837 ], [ 390680.701706999563612, 585763.521518050692976 ], [ 390680.221240055805538, 585758.082894582068548 ], [ 390687.299510078504682, 585757.46556484955363 ], [ 390688.673746390501037, 585773.026697703870013 ], [ 390682.503287498373538, 585773.572001272113994 ], [ 390682.321556184848305, 585771.552000288385898 ], [ 390678.81297735410044, 585771.860113886417821 ] ] ] } },
{ "type": "Feature", "properties": { "osm_id": "282984038", "building_tag": "yes", "name": "", "amenity": "", "area_m2": 68.91 }, "geometry": { "type": "Polygon", "coordinates": [ [ [ 390653.703785272315145, 584879.399284457555041 ], [ 390659.610268587945029, 584880.259494399069808 ], [ 390660.201325149741024, 584876.191099063609727 ], [ 390662.683516646968201, 584876.557476441608742 ], [ 390663.288040716084652, 584872.388784959213808 ], [ 390655.183174072590191, 584871.223757972358726 ], [ 390654.836097275430802, 584873.575722897308879 ], [ 390652.522747417620849, 584873.250758733483963 ], [ 390651.864170490007382, 584877.809524167329073 ], [ 390653.894103883765638, 584878.095152948866598 ], [ 390653.703785272315145, 584879.399284457555041 ] ] ] } },
{ "type": "Feature", "properties": { "osm_id": "282984063", "building_tag": "yes", "name": "", "amenity": "", "area_m2": 33.98 }, "geometry": { "type": "Polygon", "coordinates": [ [ [ 390656.418423876864836, 584892.179098200518638 ], [ 390657.521822629962116, 584887.712330159847625 ], [ 390664.697445746453013, 584889.461152139003389 ], [ 390663.594042106065899, 584893.92791885137558 ], [ 390656.418423876864836, 584892.179098200518638 ] ] ] } },
{ "type": "Feature", "properties": { "osm_id": "282984084", "building_tag": "yes", "name": "", "amenity": "", "area_m2": 70.87 }, "geometry": { "type": "Polygon", "coordinates": [ [ [ 390617.620579792419448, 584912.903508169809356 ], [ 390626.944895230059046, 584914.746762148337439 ], [ 390628.401548152964097, 584907.427645393996499 ], [ 390619.077423368988093, 584905.595502439886332 ], [ 390617.620579792419448, 584912.903508169809356 ] ] ] } },
{ "type": "Feature", "properties": { "osm_id": "282984088", "building_tag": "yes", "name": "", "amenity": "", "area_m2": 118.54 }, "geometry": { "type": "Polygon", "coordinates": [ [ [ 390682.755195281002671, 584947.020207538967952 ], [ 390694.737284713948611, 584950.071660437737592 ], [ 390697.120989671151619, 584940.77919267967809 ], [ 390685.139084582100622, 584937.738848319626413 ], [ 390682.755195281002671, 584947.020207538967952 ] ] ] } },
{ "type": "Feature", "properties": { "osm_id": "282984095", "building_tag": "yes", "name": "", "amenity": "", "area_m2": 39.45 }, "geometry": { "type": "Polygon", "coordinates": [ [ [ 390628.259541249950416, 584860.783431888907216 ], [ 390637.963847847888246, 584863.353540883865207 ], [ 390638.972383093554527, 584859.555505679920316 ], [ 390629.275709073874168, 584856.985256687621586 ], [ 390628.259541249950416, 584860.783431888907216 ] ] ] } },
{ "type": "Feature", "properties": { "osm_id": "282984103", "building_tag": "yes", "name": "", "amenity": "", "area_m2": 55.84 }, "geometry": { "type": "Polygon", "coordinates": [ [ [ 390630.413036317797378, 584902.477509368676692 ], [ 390631.489047485112678, 584896.921769400360063 ], [ 390641.180613984703086, 584898.791744239395484 ], [ 390640.096956305322237, 584904.347620790358633 ], [ 390630.413036317797378, 584902.477509368676692 ] ] ] } },
{ "type": "Feature", "properties": { "osm_id": "282984106", "building_tag": "yes", "name": "", "amenity": "", "area_m2": 110.27 }, "geometry": { "type": "Polygon", "coordinates": [ [ [ 390680.630546290893108, 584933.062418448040262 ], [ 390682.508960334933363, 584925.824615200050175 ], [ 390696.787136660364922, 584929.512635672814213 ], [ 390694.908706992922816, 584936.750434421817772 ], [ 390680.630546290893108, 584933.062418448040262 ] ] ] } },
{ "type": "Feature", "properties": { "osm_id": "282984115", "building_tag": "apartments", "name": "", "amenity": "", "area_m2": 785.84 }, "geometry": { "type": "Polygon", "coordinates": [ [ [ 390568.947904695873149, 584834.788310635602102 ], [ 390571.292505842633545, 584826.296922619803809 ], [ 390575.512493289133999, 584823.474551301449537 ], [ 390634.061241516435985, 584836.032030797912739 ], [ 390630.209330276702531, 584848.208177075488493 ], [ 390568.947904695873149, 584834.788310635602102 ] ] ] } },
{ "type": "Feature", "properties": { "osm_id": "282984116", "building_tag": "yes", "name": "", "amenity": "car_wash", "area_m2": 118.3 }, "geometry": { "type": "Polygon", "coordinates": [ [ [ 390684.630059342482127, 584911.734369407058693 ], [ 390687.085333910072222, 584903.018684925860725 ], [ 390699.671927004819736, 584906.537234329036437 ], [ 390697.216636093566194, 584915.252913647913374 ], [ 390694.359788526722696, 584914.448626708006486 ], [ 390684.630059342482127, 584911.734369407058693 ] ] ] } },
{ "type": "Feature", "properties": { "osm_id": "282984117", "building_tag": "yes", "name": "", "amenity": "", "area_m2": 192.61 }, "geometry": { "type": "Polygon", "coordinates": [ [ [ 390691.490304116508923, 584926.451311530079693 ], [ 390706.829556151758879, 584930.086794628412463 ], [ 390709.663493664818816, 584918.229281671810895 ], [ 390697.216636093566194, 584915.252913647913374 ], [ 390694.359788526722696, 584914.448626708006486 ], [ 390691.490304116508923, 584926.451311530079693 ] ] ] } },
{ "type": "Feature", "properties": { "osm_id": "282984125", "building_tag": "yes", "name": "", "amenity": "", "area_m2": 126.26 }, "geometry": { "type": "Polygon", "coordinates": [ [ [ 390615.324521712376736, 584951.91007541352883 ], [ 390633.845219308917876, 584956.554964361246675 ], [ 390635.142936869466212, 584951.4287697840482 ], [ 390629.846943327691406, 584950.101730797323398 ], [ 390630.303364538121969, 584948.303631208837032 ], [ 390617.07100444228854, 584944.985914581106044 ], [ 390615.324521712376736, 584951.91007541352883 ] ] ] } },
{ "type": "Feature", "properties": { "osm_id": "282984129", "building_tag": "yes", "name": "", "amenity": "", "area_m2": 108.66 }, "geometry": { "type": "Polygon", "coordinates": [ [ [ 390595.708852579002269, 584956.412114962236956 ], [ 390603.130830712907482, 584957.845123411389068 ], [ 390602.271298692445271, 584962.274134003091604 ], [ 390607.469793155614752, 584963.28052321379073 ], [ 390606.365682817995548, 584968.970182075048797 ], [ 390593.737588647694793, 584966.530926266335882 ], [ 390595.708852579002269, 584956.412114962236956 ] ] ] } },
{ "type": "Feature", "properties": { "osm_id": "282984144", "building_tag": "yes", "name": "", "amenity": "", "area_m2": 251.53 }, "geometry": { "type": "Polygon", "coordinates": [ [ [ 390647.895600139338057, 584854.435722587862983 ], [ 390661.58840920944931, 584856.589008146780543 ], [ 390663.89158997964114, 584842.006313435034826 ], [ 390658.742454355931841, 584841.199085057713091 ], [ 390659.051353872928303, 584839.270256584743038 ], [ 390647.779809371277224, 584837.495567930280231 ], [ 390646.079580766265281, 584848.24311376712285 ], [ 390648.807412709342316, 584848.67173860326875 ], [ 390647.895600139338057, 584854.435722587862983 ] ] ] } },
{ "type": "Feature", "properties": { "osm_id": "282984146", "building_tag": "yes", "name": "Agrovet", "amenity": "", "area_m2": 411.37 }, "geometry": { "type": "Polygon", "coordinates": [ [ [ 390713.626887691323645, 584864.084640554501675 ], [ 390715.68565254798159, 584855.831942756194621 ], [ 390746.308984990115277, 584863.415350504103117 ], [ 390745.58921704342356, 584866.285433215554804 ], [ 390763.210975886206143, 584870.646830069832504 ], [ 390761.337472583574709, 584878.162439332227223 ], [ 390742.641371659643482, 584873.542565235984512 ], [ 390743.175617989967577, 584871.398441523197107 ], [ 390713.626887691323645, 584864.084640554501675 ] ] ] } },
{ "type": "Feature", "properties": { "osm_id": "282984147", "building_tag": "yes", "name": "", "amenity": "", "area_m2": 64.84 }, "geometry": { "type": "Polygon", "coordinates": [ [ [ 390645.630993593833409, 584866.505292532383464 ], [ 390655.871943746169563, 584868.331990784732625 ], [ 390656.670828810660169, 584863.926322537008673 ], [ 390653.995666117174551, 584863.452272622380406 ], [ 390654.314414704916999, 584861.645551951602101 ], [ 390652.060756372287869, 584861.241688085952774 ], [ 390652.199832547164988, 584860.483215831802227 ], [ 390646.887693504919298, 584859.534429430728778 ], [ 390645.630993593833409, 584866.505292532383464 ] ] ] } },
{ "type": "Feature", "properties": { "osm_id": "295330648", "building_tag": "apartments", "name": "", "amenity": "", "area_m2": 378.27 }, "geometry": { "type": "Polygon", "coordinates": [ [ [ 390608.740417105087545, 585900.674825329333544 ], [ 390605.312490588985384, 585880.137153543299064 ], [ 390623.226197965908796, 585877.155572184012271 ], [ 390626.661902801366523, 585897.704228474758565 ], [ 390624.605400514323264, 585898.04165012773592 ], [ 390608.740417105087545, 585900.674825329333544 ] ] ] } },
{ "type": "Feature", "properties": { "osm_id": "295330649", "building_tag": "apartments", "name": "", "amenity": "", "area_m2": 224.4 }, "geometry": { "type": "Polygon", "coordinates": [ [ [ 390624.605400514323264, 585898.04165012773592 ], [ 390626.661902801366523, 585897.704228474758565 ], [ 390637.538075458200183, 585895.895205147215165 ], [ 390640.364867547119502, 585912.775175234884955 ], [ 390627.424591331684496, 585914.921752910478972 ], [ 390624.605400514323264, 585898.04165012773592 ] ] ] } },
{ "type": "Feature", "properties": { "osm_id": "295330650", "building_tag": "apartments", "name": "", "amenity": "", "area_m2": 259.53 }, "geometry": { "type": "Polygon", "coordinates": [ [ [ 390660.661529653356411, 585888.261380934156477 ], [ 390658.839063140330836, 585872.419325721333735 ], [ 390675.008630341966636, 585870.5700747492956 ], [ 390676.831054714333732, 585886.412134428275749 ], [ 390660.661529653356411, 585888.261380934156477 ] ] ] } },
{ "type": "Feature", "properties": { "osm_id": "295330651", "building_tag": "apartments", "name": "", "amenity": "", "area_m2": 231.95 }, "geometry": { "type": "Polygon", "coordinates": [ [ [ 390676.831054714333732, 585886.412134428275749 ], [ 390678.589346380787902, 585901.666155922343023 ], [ 390693.592621574178338, 585899.960362052312121 ], [ 390691.834166312706657, 585884.695223208400421 ], [ 390676.831054714333732, 585886.412134428275749 ] ] ] } },
{ "type": "Feature", "properties": { "osm_id": "295330652", "building_tag": "apartments", "name": "", "amenity": "", "area_m2": 317.85 }, "geometry": { "type": "Polygon", "coordinates": [ [ [ 390715.205002408241853, 585881.014779781340621 ], [ 390713.00459536962444, 585862.433657994726673 ], [ 390729.874580158037134, 585860.449587092851289 ], [ 390732.074935658136383, 585879.030714519903995 ], [ 390728.743674255383667, 585879.424526957562193 ], [ 390715.205002408241853, 585881.014779781340621 ] ] ] } },
{ "type": "Feature", "properties": { "osm_id": "295330653", "building_tag": "apartments", "name": "", "amenity": "", "area_m2": 283.13 }, "geometry": { "type": "Polygon", "coordinates": [ [ [ 390728.743674255383667, 585879.424526957562193 ], [ 390732.074935658136383, 585879.030714519903995 ], [ 390744.889322827802971, 585877.520310908439569 ], [ 390746.936469552223571, 585894.814645448816009 ], [ 390730.790866889001336, 585896.718856475083157 ], [ 390728.743674255383667, 585879.424526957562193 ] ] ] } },
{ "type": "Feature", "properties": { "osm_id": "297185395", "building_tag": "apartments", "name": "", "amenity": "", "area_m2": 528.76 }, "geometry": { "type": "Polygon", "coordinates": [ [ [ 390835.929647570534144, 585857.796979916165583 ], [ 390842.903502456378192, 585905.485017252154648 ], [ 390853.761024960782379, 585903.910178046673536 ], [ 390846.787254750553984, 585856.222129046916962 ], [ 390835.929647570534144, 585857.796979916165583 ] ] ] } },
{ "type": "Feature", "properties": { "osm_id": "297540955", "building_tag": "school", "name": "Școala Internațională Spectrum", "amenity": "", "area_m2": 1200.43 }, "geometry": { "type": "Polygon", "coordinates": [ [ [ 390778.015721918840427, 585717.203094564494677 ], [ 390781.761580576130655, 585704.673182467930019 ], [ 390837.884880089550279, 585721.322896015481092 ], [ 390829.103731106675696, 585750.708240755135193 ], [ 390818.289132078934927, 585747.490920927026309 ], [ 390823.115280287514906, 585731.328477157279849 ], [ 390812.485138289048336, 585728.17453268088866 ], [ 390807.946604267461225, 585743.342371472739615 ], [ 390794.712650634988677, 585739.412901709089056 ], [ 390799.452728503383696, 585723.563270514365286 ], [ 390778.015721918840427, 585717.203094564494677 ] ] ] } },
{ "type": "Feature", "properties": { "osm_id": "297540956", "building_tag": "church", "name": "Biserica Catolică Sf. Maria", "amenity": "place_of_worship", "area_m2": 395.99 }, "geometry": { "type": "Polygon", "coordinates": [ [ [ 390886.339681640267372, 585764.28109975613188 ], [ 390897.37881965219276, 585735.54428550391458 ], [ 390907.680494185711723, 585739.971649314742535 ], [ 390903.406660000793636, 585751.199216993991286 ], [ 390907.060342030541506, 585752.578392629744485 ], [ 390902.981871366326232, 585763.202113744453527 ], [ 390900.458664257777855, 585762.236071180435829 ], [ 390897.970752519089729, 585768.717767498921603 ], [ 390886.339681640267372, 585764.28109975613188 ] ] ] } },
{ "type": "Feature", "properties": { "osm_id": "297540957", "building_tag": "apartments", "name": "", "amenity": "", "area_m2": 682.89 }, "geometry": { "type": "Polygon", "coordinates": [ [ [ 390686.591179888928309, 585704.42812571732793 ], [ 390691.2806790554896, 585684.955182928824797 ], [ 390695.0853730016388, 585685.808999723638408 ], [ 390710.557166946353391, 585689.27529473695904 ], [ 390717.315205796912778, 585690.79826122475788 ], [ 390714.219802880077623, 585722.37095414462965 ], [ 390711.076162209094036, 585722.583505451213568 ], [ 390706.429233615694102, 585722.889977691113017 ], [ 390705.512903194583487, 585709.410546623403206 ], [ 390690.114297629450448, 585705.342623006785288 ], [ 390686.591179888928309, 585704.42812571732793 ] ] ] } },
{ "type": "Feature", "properties": { "osm_id": "297540958", "building_tag": "yes", "name": "", "amenity": "", "area_m2": 237.71 }, "geometry": { "type": "Polygon", "coordinates": [ [ [ 390758.560546834138222, 585778.565151179442182 ], [ 390758.17797153868014, 585753.62555920239538 ], [ 390767.709541985881515, 585753.486425518640317 ], [ 390768.091876846621744, 585778.414904430974275 ], [ 390758.560546834138222, 585778.565151179442182 ] ] ] } },
{ "type": "Feature", "properties": { "osm_id": "297540959", "building_tag": "apartments", "name": "", "amenity": "", "area_m2": 712.99 }, "geometry": { "type": "Polygon", "coordinates": [ [ [ 390867.309235269785859, 585828.058614352717996 ], [ 390865.44877369038295, 585798.67671650450211 ], [ 390882.625652700255159, 585797.599121965584345 ], [ 390883.448336096422281, 585810.568884144769982 ], [ 390897.10737474297639, 585809.71055871329736 ], [ 390897.962980452575721, 585823.235576418461278 ], [ 390892.049201319168787, 585823.609273128444329 ], [ 390891.185603469028138, 585826.548648773110472 ], [ 390867.309235269785859, 585828.058614352717996 ] ] ] } },
{ "type": "Feature", "properties": { "osm_id": "297540960", "building_tag": "detached", "name": "", "amenity": "", "area_m2": 247.42 }, "geometry": { "type": "Polygon", "coordinates": [ [ [ 390739.874023546231911, 585835.099721956066787 ], [ 390739.573020309209824, 585826.06705870735459 ], [ 390744.611967298784293, 585825.898035319172777 ], [ 390744.265733350068331, 585815.632205252302811 ], [ 390754.717853802605532, 585815.287398303276859 ], [ 390755.357413172430824, 585834.586030862759799 ], [ 390739.874023546231911, 585835.099721956066787 ] ] ] } },
{ "type": "Feature", "properties": { "osm_id": "297540961", "building_tag": "house", "name": "", "amenity": "", "area_m2": 492.14 }, "geometry": { "type": "Polygon", "coordinates": [ [ [ 390850.357479117577896, 585755.393243414117023 ], [ 390858.049240031745285, 585726.172148760291748 ], [ 390877.200253134127706, 585731.173190030618571 ], [ 390875.055604567751288, 585739.316237194114365 ], [ 390869.12226009380538, 585737.767070401809178 ], [ 390866.713339506823104, 585746.926543822861277 ], [ 390868.885459897108376, 585747.487591466517188 ], [ 390865.747399578162003, 585759.417258579400368 ], [ 390850.357479117577896, 585755.393243414117023 ] ] ] } },
{ "type": "Feature", "properties": { "osm_id": "297540962", "building_tag": "apartments", "name": "", "amenity": "", "area_m2": 267.78 }, "geometry": { "type": "Polygon", "coordinates": [ [ [ 390872.513513325422537, 585840.41554733493831 ], [ 390880.091948147455696, 585834.931277925265022 ], [ 390883.53896422253456, 585839.671502873534337 ], [ 390887.724792800028808, 585837.950525665422902 ], [ 390892.111729082942475, 585843.974452343885787 ], [ 390888.182935894466937, 585846.813595637562685 ], [ 390894.677212727256119, 585855.734315682318993 ], [ 390887.46074078057427, 585860.956334011163563 ], [ 390872.513513325422537, 585840.41554733493831 ] ] ] } },
{ "type": "Feature", "properties": { "osm_id": "297540963", "building_tag": "house", "name": "", "amenity": "", "area_m2": 207.83 }, "geometry": { "type": "Polygon", "coordinates": [ [ [ 390596.99282569938805, 585861.989358601393178 ], [ 390594.726464448962361, 585851.591575405327603 ], [ 390597.039815008465666, 585851.093850932666101 ], [ 390595.257479839376174, 585842.955162391532212 ], [ 390604.608767391357105, 585840.884678170434199 ], [ 390608.80031722120475, 585859.296280351700261 ], [ 390596.99282569938805, 585861.989358601393178 ] ] ] } },
{ "type": "Feature", "properties": { "osm_id": "310374372", "building_tag": "residential", "name": "", "amenity": "", "area_m2": 192.81 }, "geometry": { "type": "Polygon", "coordinates": [ [ [ 390602.79302594641922, 585279.898848352022469 ], [ 390604.932089443667792, 585266.397427330492064 ], [ 390618.861561738711316, 585268.59077415918 ], [ 390616.715032040607184, 585282.103441793820821 ], [ 390602.79302594641922, 585279.898848352022469 ] ] ] } },
{ "type": "Feature", "properties": { "osm_id": "310374375", "building_tag": "residential", "name": "", "amenity": "", "area_m2": 280.1 }, "geometry": { "type": "Polygon", "coordinates": [ [ [ 390588.421271455998067, 585110.803270498407073 ], [ 390594.373213954968378, 585090.151244419510476 ], [ 390606.899587150372099, 585093.737386883585714 ], [ 390600.955244092212524, 585114.389262109994888 ], [ 390588.421271455998067, 585110.803270498407073 ] ] ] } },
{ "type": "Feature", "properties": { "osm_id": "310374376", "building_tag": "residential", "name": "", "amenity": "", "area_m2": 220.46 }, "geometry": { "type": "Polygon", "coordinates": [ [ [ 390596.903796231141314, 585301.050008475780487 ], [ 390597.390174393425696, 585289.524004260310903 ], [ 390616.474316389649175, 585290.323249775916338 ], [ 390615.988103394396603, 585301.860365518368781 ], [ 390596.903796231141314, 585301.050008475780487 ] ] ] } },
{ "type": "Feature", "properties": { "osm_id": "310374378", "building_tag": "residential", "name": "", "amenity": "", "area_m2": 117.8 }, "geometry": { "type": "Polygon", "coordinates": [ [ [ 390621.218098457204178, 585138.890798297710717 ], [ 390623.985994370363187, 585125.933847744949162 ], [ 390632.683482491236646, 585127.777341920882463 ], [ 390629.915569074219093, 585140.734288412844762 ], [ 390621.218098457204178, 585138.890798297710717 ] ] ] } },
{ "type": "Feature", "properties": { "osm_id": "310374379", "building_tag": "residential", "name": "", "amenity": "", "area_m2": 161.02 }, "geometry": { "type": "Polygon", "coordinates": [ [ [ 390650.436914896359667, 585263.460818819468841 ], [ 390655.610232771607116, 585249.593186612124555 ], [ 390665.809582105546724, 585253.377227546647191 ], [ 390660.636244702909607, 585267.244850998977199 ], [ 390650.436914896359667, 585263.460818819468841 ] ] ] } },
{ "type": "Feature", "properties": { "osm_id": "310374380", "building_tag": "residential", "name": "", "amenity": "", "area_m2": 111.31 }, "geometry": { "type": "Polygon", "coordinates": [ [ [ 390622.769468834449071, 585206.80963831837289 ], [ 390627.553019703365862, 585198.418596717063338 ], [ 390637.580478099291213, 585204.095591873629019 ], [ 390632.804556050279643, 585212.486487225745805 ], [ 390622.769468834449071, 585206.80963831837289 ] ] ] } },
{ "type": "Feature", "properties": { "osm_id": "310374381", "building_tag": "residential", "name": "", "amenity": "", "area_m2": 129.7 }, "geometry": { "type": "Polygon", "coordinates": [ [ [ 390527.344705327763222, 585154.210520782275125 ], [ 390530.035150656476617, 585139.943122276454233 ], [ 390538.813039641303476, 585141.584918342996389 ], [ 390536.130212367279455, 585155.852174359722994 ], [ 390527.344705327763222, 585154.210520782275125 ] ] ] } },
{ "type": "Feature", "properties": { "osm_id": "310374384", "building_tag": "residential", "name": "", "amenity": "", "area_m2": 111.54 }, "geometry": { "type": "Polygon", "coordinates": [ [ [ 390622.451656911405735, 585484.873283470282331 ], [ 390628.664146653667558, 585476.089480650844052 ], [ 390637.145406329596881, 585482.050170848844573 ], [ 390630.940548337181099, 585490.83382667414844 ], [ 390622.451656911405735, 585484.873283470282331 ] ] ] } },
{ "type": "Feature", "properties": { "osm_id": "310374388", "building_tag": "residential", "name": "", "amenity": "", "area_m2": 104.72 }, "geometry": { "type": "Polygon", "coordinates": [ [ [ 390611.789221892075147, 585458.88598062552046 ], [ 390616.764901132672094, 585450.991702058585361 ], [ 390626.277453234302811, 585456.944808890344575 ], [ 390621.301767030730844, 585464.839079684927128 ], [ 390611.789221892075147, 585458.88598062552046 ] ] ] } },
{ "type": "Feature", "properties": { "osm_id": "310374390", "building_tag": "residential", "name": "", "amenity": "", "area_m2": 211.08 }, "geometry": { "type": "Polygon", "coordinates": [ [ [ 390644.891681334062014, 585223.051002478809096 ], [ 390649.260710123111494, 585211.176756677450612 ], [ 390664.935385272197891, 585216.918267720378935 ], [ 390660.558491737290751, 585228.781527154962532 ], [ 390644.891681334062014, 585223.051002478809096 ] ] ] } },
{ "type": "Feature", "properties": { "osm_id": "310374391", "building_tag": "residential", "name": "", "amenity": "", "area_m2": 137.05 }, "geometry": { "type": "Polygon", "coordinates": [ [ [ 390631.622324089694303, 585103.361460445798002 ], [ 390634.917758939205669, 585093.37430907075759 ], [ 390647.307636074488983, 585097.441036746720783 ], [ 390644.011982169176918, 585107.417068000533618 ], [ 390631.622324089694303, 585103.361460445798002 ] ] ] } },
{ "type": "Feature", "properties": { "osm_id": "310374392", "building_tag": "residential", "name": "", "amenity": "", "area_m2": 220.25 }, "geometry": { "type": "Polygon", "coordinates": [ [ [ 390655.025008738273755, 585151.051816812716424 ], [ 390658.920204993919469, 585132.41592841478996 ], [ 390670.247491671121679, 585134.767697871197015 ], [ 390666.352262551838066, 585153.403578818542883 ], [ 390655.025008738273755, 585151.051816812716424 ] ] ] } },
{ "type": "Feature", "properties": { "osm_id": "310374393", "building_tag": "residential", "name": "", "amenity": "", "area_m2": 136.83 }, "geometry": { "type": "Polygon", "coordinates": [ [ [ 390629.294721150770783, 585281.063993300893344 ], [ 390630.158537975279614, 585266.75191211712081 ], [ 390639.688487234991044, 585267.3241126248613 ], [ 390638.824446727696341, 585281.625078956014477 ], [ 390629.294721150770783, 585281.063993300893344 ] ] ] } },
{ "type": "Feature", "properties": { "osm_id": "310374394", "building_tag": "residential", "name": "", "amenity": "", "area_m2": 227.68 }, "geometry": { "type": "Polygon", "coordinates": [ [ [ 390594.859148192161229, 585041.917013122234493 ], [ 390598.000306752161123, 585029.320150002022274 ], [ 390615.023138350166846, 585033.536322615225799 ], [ 390611.881947159126867, 585046.133176757604815 ], [ 390594.859148192161229, 585041.917013122234493 ] ] ] } },
{ "type": "Feature", "properties": { "osm_id": "310374396", "building_tag": "residential", "name": "", "amenity": "", "area_m2": 208.26 }, "geometry": { "type": "Polygon", "coordinates": [ [ [ 390539.576638524129521, 585160.103075346443802 ], [ 390544.335824720968958, 585143.207921179826371 ], [ 390555.762467920954805, 585146.40256584843155 ], [ 390551.003252961905673, 585163.297710921615362 ], [ 390539.576638524129521, 585160.103075346443802 ] ] ] } },
{ "type": "Feature", "properties": { "osm_id": "310374398", "building_tag": "residential", "name": "", "amenity": "", "area_m2": 170.61 }, "geometry": { "type": "Polygon", "coordinates": [ [ [ 390617.790209338301793, 585031.496253265417181 ], [ 390621.674854021111969, 585016.918230923474766 ], [ 390632.607224389677867, 585019.81070412916597 ], [ 390628.722555716405623, 585034.388719356968068 ], [ 390617.790209338301793, 585031.496253265417181 ] ] ] } },
{ "type": "Feature", "properties": { "osm_id": "310374404", "building_tag": "residential", "name": "", "amenity": "", "area_m2": 156.26 }, "geometry": { "type": "Polygon", "coordinates": [ [ [ 390644.732407354633324, 585403.638066688552499 ], [ 390635.746342884202022, 585390.060260893078521 ], [ 390643.772152276884299, 585384.789946307893842 ], [ 390652.750366980966646, 585398.356788769480772 ], [ 390644.732407354633324, 585403.638066688552499 ] ] ] } },
{ "type": "Feature", "properties": { "osm_id": "310374407", "building_tag": "residential", "name": "", "amenity": "", "area_m2": 170.85 }, "geometry": { "type": "Polygon", "coordinates": [ [ [ 390597.787841866957024, 585087.588049577083439 ], [ 390600.558463389112148, 585078.577565179904923 ], [ 390617.891125504393131, 585083.877591840806417 ], [ 390615.11284332734067, 585092.888206608127803 ], [ 390597.787841866957024, 585087.588049577083439 ] ] ] } },
{ "type": "Feature", "properties": { "osm_id": "310374408", "building_tag": "residential", "name": "", "amenity": "", "area_m2": 131.77 }, "geometry": { "type": "Polygon", "coordinates": [ [ [ 390651.682293080724776, 585174.458000999409705 ], [ 390655.077029032399878, 585165.313949905801564 ], [ 390667.752773734449875, 585169.986972038866952 ], [ 390664.358021749416366, 585179.131015994236805 ], [ 390651.682293080724776, 585174.458000999409705 ] ] ] } },
{ "type": "Feature", "properties": { "osm_id": "310374409", "building_tag": "residential", "name": "", "amenity": "", "area_m2": 230.51 }, "geometry": { "type": "Polygon", "coordinates": [ [ [ 390636.304848145926371, 585240.804716776125133 ], [ 390639.785095605999231, 585230.058260448626243 ], [ 390659.212444904260337, 585236.298745870357379 ], [ 390655.739804947806988, 585247.045052610919811 ], [ 390636.304848145926371, 585240.804716776125133 ] ] ] } },
{ "type": "Feature", "properties": { "osm_id": "310374410", "building_tag": "residential", "name": "", "amenity": "", "area_m2": 160.65 }, "geometry": { "type": "Polygon", "coordinates": [ [ [ 390653.093405110121239, 585210.607074066763744 ], [ 390656.597104258311447, 585203.261998618487269 ], [ 390674.44457391340984, 585211.698957975837402 ], [ 390670.940858712652698, 585219.044023106922396 ], [ 390653.093405110121239, 585210.607074066763744 ] ] ] } },
{ "type": "Feature", "properties": { "osm_id": "310374411", "building_tag": "residential", "name": "", "amenity": "", "area_m2": 147.06 }, "geometry": { "type": "Polygon", "coordinates": [ [ [ 390608.855626955977641, 585171.331772076082416 ], [ 390612.627002402557991, 585157.256051672506146 ], [ 390622.377075520576909, 585159.847530206898227 ], [ 390618.613317161449231, 585173.923106080153957 ], [ 390608.855626955977641, 585171.331772076082416 ] ] ] } },
{ "type": "Feature", "properties": { "osm_id": "310374413", "building_tag": "residential", "name": "", "amenity": "", "area_m2": 108.46 }, "geometry": { "type": "Polygon", "coordinates": [ [ [ 390604.750467275152914, 585262.698764766333625 ], [ 390605.71816835203208, 585254.966047532740049 ], [ 390619.539719409367535, 585256.683322064927779 ], [ 390618.571799745666794, 585264.40492365474347 ], [ 390604.750467275152914, 585262.698764766333625 ] ] ] } },
{ "type": "Feature", "properties": { "osm_id": "310374415", "building_tag": "residential", "name": "", "amenity": "", "area_m2": 227.68 }, "geometry": { "type": "Polygon", "coordinates": [ [ [ 390592.649426761374343, 585481.544609306729399 ], [ 390600.752159465570003, 585468.301960421493277 ], [ 390613.282116751302965, 585475.923499343800358 ], [ 390605.179368015436921, 585489.166131552075967 ], [ 390592.649426761374343, 585481.544609306729399 ] ] ] } },
{ "type": "Feature", "properties": { "osm_id": "310374416", "building_tag": "residential", "name": "", "amenity": "", "area_m2": 145.65 }, "geometry": { "type": "Polygon", "coordinates": [ [ [ 390598.714593913871795, 585331.411016340367496 ], [ 390598.944406307884492, 585322.591086742351763 ], [ 390615.446941924281418, 585323.014664010028355 ], [ 390615.217105528165121, 585331.834592797560617 ], [ 390598.714593913871795, 585331.411016340367496 ] ] ] } },
{ "type": "Feature", "properties": { "osm_id": "310374417", "building_tag": "residential", "name": "", "amenity": "", "area_m2": 192.19 }, "geometry": { "type": "Polygon", "coordinates": [ [ [ 390597.395900848670863, 585347.599002573406324 ], [ 390597.811365319765173, 585337.219330907333642 ], [ 390616.298221011646092, 585337.951577023137361 ], [ 390615.882724959403276, 585348.331247180700302 ], [ 390597.395900848670863, 585347.599002573406324 ] ] ] } },
{ "type": "Feature", "properties": { "osm_id": "310374418", "building_tag": "residential", "name": "", "amenity": "", "area_m2": 128.92 }, "geometry": { "type": "Polygon", "coordinates": [ [ [ 390650.976808305480517, 585058.309548030490987 ], [ 390654.167183776211459, 585048.42436535214074 ], [ 390665.986701971152797, 585052.212421521544456 ], [ 390662.796309625671711, 585062.097597920452245 ], [ 390650.976808305480517, 585058.309548030490987 ] ] ] } },
{ "type": "Feature", "properties": { "osm_id": "310374422", "building_tag": "residential", "name": "", "amenity": "", "area_m2": 127.24 }, "geometry": { "type": "Polygon", "coordinates": [ [ [ 390614.932756697118748, 585492.391194545314647 ], [ 390620.095705096086022, 585483.870973102282733 ], [ 390622.451656911405735, 585484.873283470282331 ], [ 390630.940548337181099, 585490.83382667414844 ], [ 390625.700197465717793, 585498.877410834887996 ], [ 390614.932756697118748, 585492.391194545314647 ] ] ] } },
{ "type": "Feature", "properties": { "osm_id": "310374423", "building_tag": "residential", "name": "Chiș Dorel. Monumente Funerare", "amenity": "", "area_m2": 163.33 }, "geometry": { "type": "Polygon", "coordinates": [ [ [ 390591.776726462936494, 585134.488319864729419 ], [ 390594.258070524898358, 585125.116212707711384 ], [ 390600.783418041071855, 585126.832269099657424 ], [ 390601.798711070907302, 585122.989632886718027 ], [ 390608.730874937376939, 585124.809496055822819 ], [ 390605.22657705063466, 585138.024371040635742 ], [ 390591.776726462936494, 585134.488319864729419 ] ] ] } },
{ "type": "Feature", "properties": { "osm_id": "310374424", "building_tag": "residential", "name": "", "amenity": "", "area_m2": 245.48 }, "geometry": { "type": "Polygon", "coordinates": [ [ [ 390600.078617621504236, 585238.881919526262209 ], [ 390601.053351432434283, 585231.115723622264341 ], [ 390611.413879484985955, 585232.406550935003906 ], [ 390612.161770358565263, 585226.456534633645788 ], [ 390623.915981464320794, 585227.922237372258678 ], [ 390622.193317808327265, 585241.638444326003082 ], [ 390600.078617621504236, 585238.881919526262209 ] ] ] } },
{ "type": "Feature", "properties": { "osm_id": "310403851", "building_tag": "residential", "name": "", "amenity": "", "area_m2": 205.87 }, "geometry": { "type": "Polygon", "coordinates": [ [ [ 390530.598452845762949, 585116.231513118371367 ], [ 390547.821051204460673, 585119.676798937609419 ], [ 390549.49644685362, 585107.995835278532468 ], [ 390532.093934569333214, 585104.742794657708146 ], [ 390530.598452845762949, 585116.231513118371367 ] ] ] } },
{ "type": "Feature", "properties": { "osm_id": "316635651", "building_tag": "house", "name": "", "amenity": "", "area_m2": 214.97 }, "geometry": { "type": "Polygon", "coordinates": [ [ [ 390830.474226691527292, 585799.876101952744648 ], [ 390831.6886850183364, 585785.924558968399651 ], [ 390836.616126496344805, 585786.346829834626988 ], [ 390836.29356688138796, 585790.054618190741166 ], [ 390839.576046781556215, 585790.339884625631385 ], [ 390839.993065774906427, 585785.518690120778047 ], [ 390847.996388840780128, 585786.207740700454451 ], [ 390846.852837150974665, 585799.435393428662792 ], [ 390841.626963880320545, 585798.985160185489804 ], [ 390841.46156307234196, 585800.822453294182196 ], [ 390830.474226691527292, 585799.876101952744648 ] ] ] } },
{ "type": "Feature", "properties": { "osm_id": "316635652", "building_tag": "residential", "name": "", "amenity": "", "area_m2": 43.3 }, "geometry": { "type": "Polygon", "coordinates": [ [ [ 390695.914687778626103, 585844.677982278168201 ], [ 390694.228384198388085, 585838.038322974578477 ], [ 390700.357756642682943, 585836.493244394776411 ], [ 390702.04405380418757, 585843.132905333070084 ], [ 390695.914687778626103, 585844.677982278168201 ] ] ] } },
{ "type": "Feature", "properties": { "osm_id": "316635655", "building_tag": "residential", "name": "", "amenity": "", "area_m2": 67.23 }, "geometry": { "type": "Polygon", "coordinates": [ [ [ 390706.446930589096155, 585843.697971218032762 ], [ 390704.165335100726224, 585835.823984845774248 ], [ 390712.046359229367226, 585833.557949355104938 ], [ 390714.327945102064405, 585841.431938582565635 ], [ 390706.446930589096155, 585843.697971218032762 ] ] ] } },
{ "type": "Feature", "properties": { "osm_id": "316635657", "building_tag": "house", "name": "", "amenity": "", "area_m2": 169.51 }, "geometry": { "type": "Polygon", "coordinates": [ [ [ 390844.559523835312575, 585824.278851086623035 ], [ 390844.469907898455858, 585804.536710127722472 ], [ 390853.055824051843956, 585804.492628002655692 ], [ 390853.145411955192685, 585824.234768866095692 ], [ 390844.559523835312575, 585824.278851086623035 ] ] ] } },
{ "type": "Feature", "properties": { "osm_id": "316635671", "building_tag": "house", "name": "", "amenity": "", "area_m2": 165.21 }, "geometry": { "type": "Polygon", "coordinates": [ [ [ 390930.643721781380009, 585794.874777267104946 ], [ 390936.587322233535815, 585779.236970107769594 ], [ 390945.825364215648733, 585782.727554035373032 ], [ 390939.88174395239912, 585798.365352086606435 ], [ 390930.643721781380009, 585794.874777267104946 ] ] ] } },
{ "type": "Feature", "properties": { "osm_id": "316635672", "building_tag": "house", "name": "", "amenity": "", "area_m2": 180.62 }, "geometry": { "type": "Polygon", "coordinates": [ [ [ 390825.553883404179942, 585823.499743572087027 ], [ 390825.295797699771356, 585806.695531902369112 ], [ 390836.041554320603609, 585806.534544042311609 ], [ 390836.299610144924372, 585823.338755928445607 ], [ 390825.553883404179942, 585823.499743572087027 ] ] ] } },
{ "type": "Feature", "properties": { "osm_id": "316635674", "building_tag": "house", "name": "", "amenity": "", "area_m2": 114.39 }, "geometry": { "type": "Polygon", "coordinates": [ [ [ 390766.086171895381995, 585828.844497446785681 ], [ 390761.999247340718284, 585814.922168980701827 ], [ 390769.568210588593502, 585812.717442024615593 ], [ 390773.655118848895654, 585826.639775402494706 ], [ 390766.086171895381995, 585828.844497446785681 ] ] ] } },
{ "type": "Feature", "properties": { "osm_id": "316635675", "building_tag": "house", "name": "", "amenity": "", "area_m2": 169.49 }, "geometry": { "type": "Polygon", "coordinates": [ [ [ 390790.521423320751637, 585827.40183907689061 ], [ 390799.475273051299155, 585825.316615097806789 ], [ 390795.269821619149297, 585807.372061837464571 ], [ 390786.308510480273981, 585809.468543271534145 ], [ 390790.521423320751637, 585827.40183907689061 ] ] ] } },
{ "type": "Feature", "properties": { "osm_id": "316635679", "building_tag": "house", "name": "", "amenity": "", "area_m2": 125.48 }, "geometry": { "type": "Polygon", "coordinates": [ [ [ 390816.269624448905233, 585825.057289680233225 ], [ 390813.877788987301756, 585806.435136114014313 ], [ 390820.501010955078527, 585805.5816183447605 ], [ 390822.900664081040304, 585824.214749557431787 ], [ 390816.269624448905233, 585825.057289680233225 ] ] ] } },
{ "type": "Feature", "properties": { "osm_id": "316635680", "building_tag": "house", "name": "", "amenity": "", "area_m2": 148.01 }, "geometry": { "type": "Polygon", "coordinates": [ [ [ 390662.622891543607693, 585851.039511585840955 ], [ 390657.38510994578246, 585834.747939492110163 ], [ 390665.626249170454685, 585832.119576251250692 ], [ 390670.863809058093466, 585848.400041870190762 ], [ 390662.622891543607693, 585851.039511585840955 ] ] ] } },
{ "type": "Feature", "properties": { "osm_id": "316635681", "building_tag": "house", "name": "", "amenity": "", "area_m2": 246.46 }, "geometry": { "type": "Polygon", "coordinates": [ [ [ 390778.809453230875079, 585829.470278946799226 ], [ 390774.844672889797948, 585808.364159499527887 ], [ 390786.128210888302419, 585806.258996560587548 ], [ 390786.308510480273981, 585809.468543271534145 ], [ 390790.521423320751637, 585827.40183907689061 ], [ 390778.809453230875079, 585829.470278946799226 ] ] ] } },
{ "type": "Feature", "properties": { "osm_id": "316635684", "building_tag": "house", "name": "", "amenity": "", "area_m2": 89.55 }, "geometry": { "type": "Polygon", "coordinates": [ [ [ 390648.791297698917333, 585844.475344498408958 ], [ 390651.143882893084083, 585851.625421415781602 ], [ 390654.978961947432254, 585850.366431673290208 ], [ 390649.821165067551192, 585834.695968331769109 ], [ 390643.555761386756785, 585836.743827481754124 ], [ 390646.361186631838791, 585845.27532301528845 ], [ 390648.791297698917333, 585844.475344498408958 ] ] ] } },
{ "type": "Feature", "properties": { "osm_id": "316635689", "building_tag": "house", "name": "", "amenity": "", "area_m2": 301.27 }, "geometry": { "type": "Polygon", "coordinates": [ [ [ 390919.869540412793867, 585755.83764551312197 ], [ 390932.638096392329317, 585761.076481423806399 ], [ 390930.156789448170457, 585767.08001421415247 ], [ 390938.522833620198071, 585770.508524407166988 ], [ 390945.059154557005968, 585754.693264414439909 ], [ 390923.924520277418196, 585746.025900685926899 ], [ 390919.869540412793867, 585755.83764551312197 ] ] ] } },
{ "type": "Feature", "properties": { "osm_id": "316635695", "building_tag": "house", "name": "", "amenity": "", "area_m2": 207.05 }, "geometry": { "type": "Polygon", "coordinates": [ [ [ 390907.060342030541506, 585752.578392629744485 ], [ 390919.475411973136943, 585757.278857595752925 ], [ 390919.869540412793867, 585755.83764551312197 ], [ 390923.924520277418196, 585746.025900685926899 ], [ 390907.680494185711723, 585739.971649314742535 ], [ 390903.406660000793636, 585751.199216993991286 ], [ 390907.060342030541506, 585752.578392629744485 ] ] ] } },
{ "type": "Feature", "properties": { "osm_id": "316635702", "building_tag": "house", "name": "", "amenity": "", "area_m2": 196.12 }, "geometry": { "type": "Polygon", "coordinates": [ [ [ 390622.47031647991389, 585853.990334074478596 ], [ 390616.415140340221114, 585833.91159353707917 ], [ 390621.042447430256288, 585832.527056804974563 ], [ 390619.855569803505205, 585828.579796213889495 ], [ 390626.336821581411641, 585826.639171536895446 ], [ 390629.522783990832977, 585837.198174666031264 ], [ 390624.409134401357733, 585838.724921126849949 ], [ 390628.472834957647137, 585852.191789371077903 ], [ 390622.47031647991389, 585853.990334074478596 ] ] ] } },
{ "type": "Feature", "properties": { "osm_id": "316635709", "building_tag": "house", "name": "", "amenity": "", "area_m2": 205.33 }, "geometry": { "type": "Polygon", "coordinates": [ [ [ 390945.761533229495399, 585778.34861829073634 ], [ 390948.390570498711895, 585772.064498760271817 ], [ 390951.839034900302067, 585773.50299318949692 ], [ 390954.636704645992722, 585766.826736173825338 ], [ 390949.710494175786152, 585764.78126818628516 ], [ 390952.954949999693781, 585757.04082659247797 ], [ 390963.438628548523411, 585761.398293932201341 ], [ 390954.767442695097998, 585782.099099942948669 ], [ 390945.761533229495399, 585778.34861829073634 ] ] ] } },
{ "type": "Feature", "properties": { "osm_id": "316635711", "building_tag": "house", "name": "", "amenity": "", "area_m2": 163.18 }, "geometry": { "type": "Polygon", "coordinates": [ [ [ 390721.179804823477753, 585839.707046023570001 ], [ 390720.235916159232147, 585833.142875971738249 ], [ 390725.41733473102795, 585832.404290743172169 ], [ 390723.930754762666766, 585822.025700341560878 ], [ 390730.445624551153742, 585821.096225699409842 ], [ 390732.047164292947855, 585832.339861555257812 ], [ 390734.78257302811835, 585831.945720263523981 ], [ 390735.596403131145053, 585837.656238219584338 ], [ 390721.179804823477753, 585839.707046023570001 ] ] ] } },
{ "type": "Feature", "properties": { "osm_id": "316635714", "building_tag": "house", "name": "", "amenity": "", "area_m2": 488.98 }, "geometry": { "type": "Polygon", "coordinates": [ [ [ 390553.561251917271875, 585867.790437777410261 ], [ 390552.57347820547875, 585859.23714177752845 ], [ 390552.136907231353689, 585853.697675383416936 ], [ 390558.645696209568996, 585852.857060235575773 ], [ 390558.920476700877771, 585858.321641262620687 ], [ 390570.421188989654183, 585858.090906252968125 ], [ 390570.232722336775623, 585845.587701136129908 ], [ 390567.185607783030719, 585845.642941289930604 ], [ 390567.037669386249036, 585836.218409873195924 ], [ 390578.906001649971586, 585836.036612565512769 ], [ 390580.043360320152715, 585865.487153786234558 ], [ 390553.561251917271875, 585867.790437777410261 ] ] ] } },
{ "type": "Feature", "properties": { "osm_id": "316635719", "building_tag": "house", "name": "", "amenity": "", "area_m2": 121.48 }, "geometry": { "type": "Polygon", "coordinates": [ [ [ 390905.932523499592207, 585766.261541231535375 ], [ 390907.999004823272116, 585759.709645777824335 ], [ 390910.864670864364598, 585760.602800784399733 ], [ 390911.803855572245084, 585757.617595088900998 ], [ 390922.67525532428408, 585761.023042713524774 ], [ 390920.515502682304941, 585767.910127529990859 ], [ 390916.005688542150892, 585766.501947113312781 ], [ 390915.175033033068758, 585769.151681634131819 ], [ 390905.932523499592207, 585766.261541231535375 ] ] ] } },
{ "type": "Feature", "properties": { "osm_id": "317835102", "building_tag": "garages", "name": "", "amenity": "", "area_m2": 762.8 }, "geometry": { "type": "Polygon", "coordinates": [ [ [ 391446.953544553078245, 585192.834621876128949 ], [ 391460.008671290415805, 585193.578187879407778 ], [ 391463.323885280755349, 585135.321438624174334 ], [ 391450.276271499576978, 585134.577727249357849 ], [ 391446.953544553078245, 585192.834621876128949 ] ] ] } },
{ "type": "Feature", "properties": { "osm_id": "317836478", "building_tag": "apartments", "name": "", "amenity": "", "area_m2": 56.0 }, "geometry": { "type": "Polygon", "coordinates": [ [ [ 391415.15445608709706, 585235.272857250645757 ], [ 391421.923107304726727, 585238.219394968007691 ], [ 391424.968809635669459, 585231.272117789601907 ], [ 391418.200152367120609, 585228.325576659291983 ], [ 391415.15445608709706, 585235.272857250645757 ] ] ] } },
{ "type": "Feature", "properties": { "osm_id": "317837786", "building_tag": "garage", "name": "", "amenity": "", "area_m2": 195.02 }, "geometry": { "type": "Polygon", "coordinates": [ [ [ 391088.891655204584822, 585035.841979205142707 ], [ 391093.715800414443947, 585031.352646735613234 ], [ 391073.47654042893555, 585009.761789801996201 ], [ 391068.652391882031225, 585014.251138150459155 ], [ 391088.891655204584822, 585035.841979205142707 ] ] ] } },
{ "type": "Feature", "properties": { "osm_id": "317837788", "building_tag": "garage", "name": "", "amenity": "", "area_m2": 122.18 }, "geometry": { "type": "Polygon", "coordinates": [ [ [ 391066.434077055426314, 585011.989953919081017 ], [ 391058.894375129893888, 584999.363738697371446 ], [ 391066.038040760031436, 584995.121572712087072 ], [ 391073.577732433681376, 585007.747796624433249 ], [ 391066.434077055426314, 585011.989953919081017 ] ] ] } },
{ "type": "Feature", "properties": { "osm_id": "317837789", "building_tag": "garage", "name": "", "amenity": "", "area_m2": 300.28 }, "geometry": { "type": "Polygon", "coordinates": [ [ [ 391058.185976096545346, 584996.51946538197808 ], [ 391065.822209834412206, 584994.169409398571588 ], [ 391054.684172197885346, 584958.273651617229916 ], [ 391047.047896485426463, 584960.623721127514727 ], [ 391058.185976096545346, 584996.51946538197808 ] ] ] } },
{ "type": "Feature", "properties": { "osm_id": "317837791", "building_tag": "garage", "name": "", "amenity": "", "area_m2": 523.4 }, "geometry": { "type": "Polygon", "coordinates": [ [ [ 391062.495276813046075, 584887.695742727140896 ], [ 391053.901545795670245, 584947.081891260691918 ], [ 391045.268240466539282, 584945.836945759016089 ], [ 391053.861889371706638, 584886.450784486136399 ], [ 391062.495276813046075, 584887.695742727140896 ] ] ] } },
{ "type": "Feature", "properties": { "osm_id": "376498891", "building_tag": "yes", "name": "Piața Zorilor", "amenity": "marketplace", "area_m2": 575.39 }, "geometry": { "type": "Polygon", "coordinates": [ [ [ 391492.491339009313378, 584878.807656995486468 ], [ 391520.887304564996157, 584885.389997693477198 ], [ 391525.37075077497866, 584866.166105499840342 ], [ 391496.974701344850473, 584859.583743393537588 ], [ 391492.491339009313378, 584878.807656995486468 ] ] ] } },
{ "type": "Feature", "properties": { "osm_id": "409036509", "building_tag": "apartments", "name": "", "amenity": "", "area_m2": 797.97 }, "geometry": { "type": "Polygon", "coordinates": [ [ [ 391141.622040603018831, 585835.134046613005921 ], [ 391151.047385184501763, 585818.944527086568996 ], [ 391151.788522248971276, 585819.798286310629919 ], [ 391164.833943518227898, 585834.90447976172436 ], [ 391175.892433202592656, 585815.22817856085021 ], [ 391186.387910469085909, 585819.407942121149972 ], [ 391182.211919569293968, 585826.764834867790341 ], [ 391177.392060015234165, 585833.577490123920143 ], [ 391173.241027914977167, 585840.622664829017594 ], [ 391163.100601825397462, 585856.980680770822801 ], [ 391143.510450028406922, 585837.33450242492836 ], [ 391141.622040603018831, 585835.134046613005921 ] ] ] } },
{ "type": "Feature", "properties": { "osm_id": "409036551", "building_tag": "house", "name": "", "amenity": "", "area_m2": 188.06 }, "geometry": { "type": "Polygon", "coordinates": [ [ [ 391120.011210752883926, 585789.021527925156988 ], [ 391131.058159217413049, 585790.734400325804017 ], [ 391134.03006140794605, 585771.681903349468485 ], [ 391123.817914279410616, 585770.087371386005543 ], [ 391122.242216947721317, 585780.14329711953178 ], [ 391126.218224306881893, 585780.760835961438715 ], [ 391125.615525730536319, 585784.618177425465547 ], [ 391120.812525170040317, 585783.893268864136189 ], [ 391120.011210752883926, 585789.021527925156988 ] ] ] } },
{ "type": "Feature", "properties": { "osm_id": "409037413", "building_tag": "house", "name": "", "amenity": "", "area_m2": 79.66 }, "geometry": { "type": "Polygon", "coordinates": [ [ [ 391454.258497855626047, 585885.444615353830159 ], [ 391463.443628619075753, 585890.693409499595873 ], [ 391465.811355340061709, 585881.7461550347507 ], [ 391459.634752251498867, 585878.121919046738185 ], [ 391454.258497855626047, 585885.444615353830159 ] ] ] } },
{ "type": "Feature", "properties": { "osm_id": "409042015", "building_tag": "house", "name": "", "amenity": "", "area_m2": 42.94 }, "geometry": { "type": "Polygon", "coordinates": [ [ [ 391451.340805849002209, 585863.807902508182451 ], [ 391457.852849892457016, 585867.392747727921233 ], [ 391460.649651958839968, 585862.339827495976351 ], [ 391454.129967491782736, 585858.755116612417623 ], [ 391451.340805849002209, 585863.807902508182451 ] ] ] } },
{ "type": "Feature", "properties": { "osm_id": "409042017", "building_tag": "house", "name": "", "amenity": "", "area_m2": 88.18 }, "geometry": { "type": "Polygon", "coordinates": [ [ [ 391448.602189446624834, 585847.882086286088452 ], [ 391446.247013527085073, 585852.004362680250779 ], [ 391462.416691623104271, 585861.196358815068379 ], [ 391464.764437509293202, 585857.0853393569123 ], [ 391448.602189446624834, 585847.882086286088452 ] ] ] } },
{ "type": "Feature", "properties": { "osm_id": "409042018", "building_tag": "house", "name": "", "amenity": "", "area_m2": 104.64 }, "geometry": { "type": "Polygon", "coordinates": [ [ [ 391453.91824796970468, 585847.830957153462805 ], [ 391468.203682787774596, 585854.622238932643086 ], [ 391470.964601397281513, 585848.847367190872319 ], [ 391466.456315758114215, 585846.238122334354557 ], [ 391456.686593535356224, 585842.04482822783757 ], [ 391453.91824796970468, 585847.830957153462805 ] ] ] } },
{ "type": "Feature", "properties": { "osm_id": "409042020", "building_tag": "house", "name": "", "amenity": "", "area_m2": 84.29 }, "geometry": { "type": "Polygon", "coordinates": [ [ [ 391470.964601397281513, 585848.847367190872319 ], [ 391472.894797547254711, 585849.979943852405995 ], [ 391477.653009412926622, 585841.845722982077859 ], [ 391468.010649344185367, 585836.238267772831023 ], [ 391466.091444304503966, 585839.541159532382153 ], [ 391469.287479449878447, 585841.395811124588363 ], [ 391466.456315758114215, 585846.238122334354557 ], [ 391470.964601397281513, 585848.847367190872319 ] ] ] } },
{ "type": "Feature", "properties": { "osm_id": "409042722", "building_tag": "house", "name": "", "amenity": "", "area_m2": 69.2 }, "geometry": { "type": "Polygon", "coordinates": [ [ [ 391467.943647490697913, 585835.06107536458876 ], [ 391478.312911199871451, 585840.733280734508298 ], [ 391481.131255526619498, 585835.602165145101026 ], [ 391470.769622893829364, 585829.929817658499815 ], [ 391467.943647490697913, 585835.06107536458876 ] ] ] } },
{ "type": "Feature", "properties": { "osm_id": "409045222", "building_tag": "house", "name": "", "amenity": "", "area_m2": 167.81 }, "geometry": { "type": "Polygon", "coordinates": [ [ [ 391407.537440392305143, 585886.340534796472639 ], [ 391426.527296276995912, 585903.674898049561307 ], [ 391430.948053783795331, 585898.87067655636929 ], [ 391411.95055963716004, 585881.536436995957047 ], [ 391407.537440392305143, 585886.340534796472639 ] ] ] } },
{ "type": "Feature", "properties": { "osm_id": "411077254", "building_tag": "garage", "name": "", "amenity": "", "area_m2": 334.45 }, "geometry": { "type": "Polygon", "coordinates": [ [ [ 391217.831981096125674, 585158.460714136948809 ], [ 391214.23372244706843, 585162.716638154350221 ], [ 391260.220209420484025, 585201.319986571907066 ], [ 391263.810837841650937, 585197.064227140741423 ], [ 391217.831981096125674, 585158.460714136948809 ] ] ] } },
{ "type": "Feature", "properties": { "osm_id": "411077255", "building_tag": "garage", "name": "", "amenity": "", "area_m2": 303.87 }, "geometry": { "type": "Polygon", "coordinates": [ [ [ 391264.523419111559633, 585190.814787358976901 ], [ 391268.405922962527256, 585186.220265832263976 ], [ 391229.734706032904796, 585153.755013371235691 ], [ 391225.844571226916742, 585158.349697021883912 ], [ 391264.523419111559633, 585190.814787358976901 ] ] ] } },
{ "type": "Feature", "properties": { "osm_id": "411077637", "building_tag": "garage", "name": "", "amenity": "", "area_m2": 517.62 }, "geometry": { "type": "Polygon", "coordinates": [ [ [ 391222.767254328588024, 585148.26648805977311 ], [ 391226.90723722637631, 585143.54501481843181 ], [ 391164.761859490012284, 585089.313714511343278 ], [ 391160.621684635290876, 585094.024116409476846 ], [ 391222.767254328588024, 585148.26648805977311 ] ] ] } },
{ "type": "Feature", "properties": { "osm_id": "411077638", "building_tag": "garage", "name": "", "amenity": "", "area_m2": 333.32 }, "geometry": { "type": "Polygon", "coordinates": [ [ [ 391229.734706032904796, 585153.755013371235691 ], [ 391268.405922962527256, 585186.220265832263976 ], [ 391272.66231256473111, 585181.174335830379277 ], [ 391233.991088140523061, 585148.709056491032243 ], [ 391229.734706032904796, 585153.755013371235691 ] ] ] } },
{ "type": "Feature", "properties": { "osm_id": "411089286", "building_tag": "house", "name": "", "amenity": "", "area_m2": 136.46 }, "geometry": { "type": "Polygon", "coordinates": [ [ [ 391330.929131670447532, 585729.246953524532728 ], [ 391343.349169249471743, 585707.078508624224924 ], [ 391348.098396253248211, 585709.483222847688012 ], [ 391336.077707168762572, 585731.344311199500225 ], [ 391330.929131670447532, 585729.246953524532728 ] ] ] } },
{ "type": "Feature", "properties": { "osm_id": "411091349", "building_tag": "yes", "name": "", "amenity": "", "area_m2": 38.93 }, "geometry": { "type": "Polygon", "coordinates": [ [ [ 391292.659975968650542, 585741.386466466938145 ], [ 391296.171467783511616, 585742.935190015821718 ], [ 391300.311636072874535, 585733.577975241583772 ], [ 391297.364310762321111, 585731.541060662595555 ], [ 391292.659975968650542, 585741.386466466938145 ] ] ] } },
{ "type": "Feature", "properties": { "osm_id": "411091351", "building_tag": "house", "name": "", "amenity": "", "area_m2": 82.74 }, "geometry": { "type": "Polygon", "coordinates": [ [ [ 391265.655697208072525, 585711.345659797312692 ], [ 391269.301647154497914, 585713.14763635257259 ], [ 391260.54254723538179, 585730.725689855287783 ], [ 391256.634543861960992, 585728.795035891816951 ], [ 391265.655697208072525, 585711.345659797312692 ] ] ] } },
{ "type": "Feature", "properties": { "osm_id": "411091352", "building_tag": "yes", "name": "", "amenity": "", "area_m2": 86.66 }, "geometry": { "type": "Polygon", "coordinates": [ [ [ 391198.018827945983503, 585692.887343339505605 ], [ 391201.501750754949171, 585695.815031306818128 ], [ 391213.736678128305357, 585680.353175480500795 ], [ 391210.117460702604149, 585677.917083083419129 ], [ 391198.018827945983503, 585692.887343339505605 ] ] ] } },
{ "type": "Feature", "properties": { "osm_id": "411091353", "building_tag": "house", "name": "", "amenity": "", "area_m2": 53.42 }, "geometry": { "type": "Polygon", "coordinates": [ [ [ 391194.63148501777323, 585674.494240265339613 ], [ 391188.423782205441967, 585670.437272655661218 ], [ 391187.155873866926413, 585669.604121250100434 ], [ 391190.427654684870504, 585664.631449211738072 ], [ 391197.973004425992258, 585669.575900145689957 ], [ 391194.63148501777323, 585674.494240265339613 ] ] ] } },
{ "type": "Feature", "properties": { "osm_id": "411091355", "building_tag": "yes", "name": "", "amenity": "", "area_m2": 159.88 }, "geometry": { "type": "Polygon", "coordinates": [ [ [ 391407.40948066074634, 585772.216162622557022 ], [ 391413.83052528090775, 585774.557500918628648 ], [ 391405.216734030749649, 585797.257641770411283 ], [ 391399.025017506210133, 585794.923304104828276 ], [ 391401.128645204997156, 585789.982880515162833 ], [ 391407.40948066074634, 585772.216162622557022 ] ] ] } },
{ "type": "Feature", "properties": { "osm_id": "411091357", "building_tag": "yes", "name": "", "amenity": "", "area_m2": 213.66 }, "geometry": { "type": "Polygon", "coordinates": [ [ [ 391401.128645204997156, 585789.982880515162833 ], [ 391390.427039841713849, 585786.228900187416002 ], [ 391396.71548550913576, 585768.462033731047995 ], [ 391407.40948066074634, 585772.216162622557022 ], [ 391401.128645204997156, 585789.982880515162833 ] ] ] } },
{ "type": "Feature", "properties": { "osm_id": "411091358", "building_tag": "yes", "name": "", "amenity": "", "area_m2": 94.58 }, "geometry": { "type": "Polygon", "coordinates": [ [ [ 391342.345339985680766, 585749.774573325412348 ], [ 391346.70608404208906, 585751.819419105537236 ], [ 391338.117202029097825, 585769.950141745037399 ], [ 391333.941355436167214, 585767.990909512620419 ], [ 391342.345339985680766, 585749.774573325412348 ] ] ] } },
{ "type": "Feature", "properties": { "osm_id": "411091936", "building_tag": "house", "name": "", "amenity": "", "area_m2": 104.98 }, "geometry": { "type": "Polygon", "coordinates": [ [ [ 391373.564004826359451, 585622.623958193929866 ], [ 391368.104240681335796, 585629.559132232447155 ], [ 391377.689368275809102, 585637.05734760966152 ], [ 391382.902709297777619, 585630.437890735338442 ], [ 391373.564004826359451, 585622.623958193929866 ] ] ] } },
{ "type": "Feature", "properties": { "osm_id": "411801540", "building_tag": "house", "name": "", "amenity": "", "area_m2": 373.5 }, "geometry": { "type": "Polygon", "coordinates": [ [ [ 390727.605970945907757, 585714.024342476855963 ], [ 390729.607216348405927, 585698.813432020950131 ], [ 390748.923246973427013, 585704.900549106881954 ], [ 390752.488360712188296, 585706.025545126758516 ], [ 390750.84480674326187, 585722.008162272628397 ], [ 390747.193280950828921, 585720.751327529083937 ], [ 390727.605970945907757, 585714.024342476855963 ] ] ] } },
{ "type": "Feature", "properties": { "osm_id": "411801676", "building_tag": "house", "name": "", "amenity": "", "area_m2": 84.73 }, "geometry": { "type": "Polygon", "coordinates": [ [ [ 390718.303567420050967, 585699.396032163524069 ], [ 390724.789475213969126, 585701.079570964095183 ], [ 390727.798664218687918, 585688.796415413497016 ], [ 390721.312744329683483, 585687.112873342237435 ], [ 390718.303567420050967, 585699.396032163524069 ] ] ] } },
{ "type": "Feature", "properties": { "osm_id": "411802003", "building_tag": "industrial", "name": "", "amenity": "", "area_m2": 49.39 }, "geometry": { "type": "Polygon", "coordinates": [ [ [ 390718.587645149847958, 585715.088073116960004 ], [ 390723.750285535177682, 585714.994614439550787 ], [ 390723.839949325076304, 585705.599138594698161 ], [ 390718.419854154344648, 585705.819544601836242 ], [ 390718.587645149847958, 585715.088073116960004 ] ] ] } },
{ "type": "Feature", "properties": { "osm_id": "586389605", "building_tag": "garages", "name": "", "amenity": "", "area_m2": 443.55 }, "geometry": { "type": "Polygon", "coordinates": [ [ [ 390584.195063437800854, 585923.420391791849397 ], [ 390577.962221579859033, 585881.744577891775407 ], [ 390588.466623206040822, 585880.07560993230436 ], [ 390594.485563703812659, 585921.755309532978572 ], [ 390584.195063437800854, 585923.420391791849397 ] ] ] } },
{ "type": "Feature", "properties": { "osm_id": "586389606", "building_tag": "garages", "name": "", "amenity": "", "area_m2": 217.33 }, "geometry": { "type": "Polygon", "coordinates": [ [ [ 390752.081853098701686, 585866.339845742331818 ], [ 390748.528597110998817, 585846.026714901672676 ], [ 390758.908496962394565, 585844.226895515574142 ], [ 390762.469355568289757, 585864.539893894456327 ], [ 390752.081853098701686, 585866.339845742331818 ] ] ] } },
{ "type": "Feature", "properties": { "osm_id": "586400666", "building_tag": "roof", "name": "", "amenity": "", "area_m2": 233.97 }, "geometry": { "type": "Polygon", "coordinates": [ [ [ 390657.120380917447619, 585607.565947912517004 ], [ 390647.882777515449561, 585633.224525583907962 ], [ 390653.308635578316171, 585635.427456710138358 ], [ 390656.01764387259027, 585636.523436589515768 ], [ 390660.319400818087161, 585623.4831132494146 ], [ 390665.173872012703214, 585610.588421093765646 ], [ 390657.120380917447619, 585607.565947912517004 ] ] ] } },
{ "type": "Feature", "properties": { "osm_id": "701516646", "building_tag": "semidetached_house", "name": "", "amenity": "", "area_m2": 132.11 }, "geometry": { "type": "Polygon", "coordinates": [ [ [ 390545.734327366983052, 585868.821714907069691 ], [ 390553.561251917271875, 585867.790437777410261 ], [ 390550.406460687983781, 585851.794693480827846 ], [ 390542.015415862784721, 585853.314234292018227 ], [ 390545.734327366983052, 585868.821714907069691 ] ] ] } },
{ "type": "Feature", "properties": { "osm_id": "701516655", "building_tag": "apartments", "name": "", "amenity": "", "area_m2": 403.65 }, "geometry": { "type": "Polygon", "coordinates": [ [ [ 390593.258216286369134, 585450.217031230102293 ], [ 390609.738024177029729, 585408.507632303517312 ], [ 390601.366069376526866, 585405.213073281920515 ], [ 390584.87867123511387, 585446.922633490990847 ], [ 390593.258216286369134, 585450.217031230102293 ] ] ] } },
{ "type": "Feature", "properties": { "osm_id": "701516656", "building_tag": "greenhouse", "name": "Sere legumicultură", "amenity": "", "area_m2": 1450.58 }, "geometry": { "type": "Polygon", "coordinates": [ [ [ 390708.015979949268512, 585598.284318545716815 ], [ 390741.085210400051437, 585611.203954926459119 ], [ 390756.043362893047743, 585573.19109551073052 ], [ 390722.973761186061893, 585560.260263820993714 ], [ 390708.015979949268512, 585598.284318545716815 ] ] ] } },
{ "type": "Feature", "properties": { "osm_id": "701516657", "building_tag": "greenhouse", "name": "Sere legumicultură", "amenity": "", "area_m2": 224.45 }, "geometry": { "type": "Polygon", "coordinates": [ [ [ 390752.368848484766204, 585604.440722570288926 ], [ 390787.12979140272364, 585619.242112911771983 ], [ 390789.467932283994742, 585613.774726776988246 ], [ 390754.707165736355819, 585598.984436329919845 ], [ 390752.368848484766204, 585604.440722570288926 ] ] ] } },
{ "type": "Feature", "properties": { "osm_id": "701516658", "building_tag": "greenhouse", "name": "", "amenity": "", "area_m2": 895.61 }, "geometry": { "type": "Polygon", "coordinates": [ [ [ 390676.345238098176196, 585513.679461637395434 ], [ 390719.427239393640775, 585536.111679530702531 ], [ 390728.03015634563053, 585519.680693922447972 ], [ 390705.519813518796582, 585508.09297136508394 ], [ 390688.878331419895403, 585499.545164353214204 ], [ 390684.948275508999359, 585497.259528320049867 ], [ 390676.345238098176196, 585513.679461637395434 ] ] ] } },
{ "type": "Feature", "properties": { "osm_id": "701516659", "building_tag": "greenhouse", "name": "", "amenity": "", "area_m2": 404.36 }, "geometry": { "type": "Polygon", "coordinates": [ [ [ 390688.878331419895403, 585499.545164353214204 ], [ 390705.519813518796582, 585508.09297136508394 ], [ 390715.44796382606728, 585488.903199722408317 ], [ 390698.806243683560751, 585480.344252155045979 ], [ 390688.878331419895403, 585499.545164353214204 ] ] ] } },
{ "type": "Feature", "properties": { "osm_id": "701516660", "building_tag": "apartments", "name": "", "amenity": "", "area_m2": 548.67 }, "geometry": { "type": "Polygon", "coordinates": [ [ [ 390695.820038438367192, 585751.274750844575465 ], [ 390696.167628345603589, 585790.300203965511173 ], [ 390710.229461491457187, 585790.167884692549706 ], [ 390709.8743253677967, 585751.14256977092009 ], [ 390695.820038438367192, 585751.274750844575465 ] ] ] } },
{ "type": "Feature", "properties": { "osm_id": "701516661", "building_tag": "apartments", "name": "", "amenity": "", "area_m2": 410.25 }, "geometry": { "type": "Polygon", "coordinates": [ [ [ 390736.387182497768663, 585751.774313668836839 ], [ 390736.403206451272126, 585784.735888901515864 ], [ 390748.855262794764712, 585784.721733946353197 ], [ 390748.831870843539946, 585751.771410787943751 ], [ 390736.387182497768663, 585751.774313668836839 ] ] ] } },
{ "type": "Feature", "properties": { "osm_id": "714476777", "building_tag": "house", "name": "", "amenity": "", "area_m2": 161.6 }, "geometry": { "type": "Polygon", "coordinates": [ [ [ 391148.360698965087067, 585746.632634221576154 ], [ 391151.869015154312365, 585736.564102737000212 ], [ 391165.907521204673685, 585742.336375719169155 ], [ 391162.399185636255424, 585752.404899051529355 ], [ 391148.360698965087067, 585746.632634221576154 ] ] ] } },
{ "type": "Feature", "properties": { "osm_id": "863499033", "building_tag": "parking", "name": "Parking Hașdeu", "amenity": "parking", "area_m2": 1693.08 }, "geometry": { "type": "Polygon", "coordinates": [ [ [ 391505.134788461844437, 585714.929752826923504 ], [ 391539.245487394626252, 585720.475559686077759 ], [ 391547.177801025274675, 585672.141080843983218 ], [ 391543.055669967783615, 585671.470305317547172 ], [ 391513.059003100672271, 585666.584251706488431 ], [ 391505.85777935909573, 585710.525563892675564 ], [ 391505.134788461844437, 585714.929752826923504 ] ] ] } },
{ "type": "Feature", "properties": { "osm_id": "863499149", "building_tag": "house", "name": "", "amenity": "", "area_m2": 108.96 }, "geometry": { "type": "Polygon", "coordinates": [ [ [ 391534.51143573934678, 585742.294253050815314 ], [ 391543.512464660801925, 585743.666664002346806 ], [ 391545.332056629646104, 585731.838890911778435 ], [ 391536.331010708818212, 585730.466477161739022 ], [ 391534.51143573934678, 585742.294253050815314 ] ] ] } },
{ "type": "Feature", "properties": { "osm_id": "863499150", "building_tag": "apartments", "name": "", "amenity": "", "area_m2": 302.03 }, "geometry": { "type": "Polygon", "coordinates": [ [ [ 391545.807511917548254, 585749.372891162987798 ], [ 391548.344085261167493, 585734.930871660122648 ], [ 391572.336952134384774, 585739.458018294535577 ], [ 391570.199505560449325, 585750.179797042394057 ], [ 391555.555107703781687, 585747.652512196917087 ], [ 391555.150544422853272, 585751.07268289278727 ], [ 391545.807511917548254, 585749.372891162987798 ] ] ] } },
{ "type": "Feature", "properties": { "osm_id": "942818037", "building_tag": "yes", "name": "Institutul de Cercetări Horticole Avansate al Transilvaniei", "amenity": "research_institute", "area_m2": 3393.59 }, "geometry": { "type": "Polygon", "coordinates": [ [ [ 390946.944197496690322, 585277.118692607851699 ], [ 390956.39604770677397, 585254.336066766525619 ], [ 390959.925033515784889, 585245.834554519387893 ], [ 390970.500567167240661, 585213.771233460167423 ], [ 390975.567721825325862, 585215.136047095991671 ], [ 390971.851276690198574, 585227.220594648038968 ], [ 390985.00219664722681, 585231.151972117135301 ], [ 390981.694811763067264, 585241.350361369550228 ], [ 391013.344406318035908, 585252.162689288146794 ], [ 391008.675030551035888, 585263.942025192431174 ], [ 391030.157965175400022, 585270.657960096956231 ], [ 391026.73062318644952, 585278.446109715849161 ], [ 391016.220514860004187, 585302.292719248798676 ], [ 390946.944197496690322, 585277.118692607851699 ] ] ] } },
{ "type": "Feature", "properties": { "osm_id": "951910496", "building_tag": "yes", "name": "Urgențe medical veterinare", "amenity": "veterinary", "area_m2": 267.19 }, "geometry": { "type": "Polygon", "coordinates": [ [ [ 390799.927541683253367, 585400.117342469166033 ], [ 390801.646145408623852, 585393.338253605528735 ], [ 390838.692963344336022, 585402.673531600390561 ], [ 390836.974321499292273, 585409.45260978420265 ], [ 390799.927541683253367, 585400.117342469166033 ] ] ] } },
{ "type": "Feature", "properties": { "osm_id": "951910497", "building_tag": "yes", "name": "Centru vânzare cărți", "amenity": "", "area_m2": 25.44 }, "geometry": { "type": "Polygon", "coordinates": [ [ [ 391078.989842913579196, 585747.661612467025407 ], [ 391079.885965153982397, 585743.131953453528695 ], [ 391085.291106264572591, 585744.201709098182619 ], [ 391084.394980192359071, 585748.731367299100384 ], [ 391078.989842913579196, 585747.661612467025407 ] ] ] } },
{ "type": "Feature", "properties": { "osm_id": "951910498", "building_tag": "university", "name": "Centrul de consiliere și orientare în carieră", "amenity": "", "area_m2": 183.07 }, "geometry": { "type": "Polygon", "coordinates": [ [ [ 391027.424136735731736, 585601.70375244144816 ], [ 391035.045486042858101, 585594.340150084579363 ], [ 391047.087878252670635, 585606.740548883914016 ], [ 391039.466330387862399, 585614.093022952554747 ], [ 391027.424136735731736, 585601.70375244144816 ] ] ] } },
{ "type": "Feature", "properties": { "osm_id": "987958676", "building_tag": "house", "name": "", "amenity": "", "area_m2": 114.28 }, "geometry": { "type": "Polygon", "coordinates": [ [ [ 390608.80031722120475, 585859.296280351700261 ], [ 390614.704368796665221, 585857.966419934760779 ], [ 390610.512836306006648, 585839.55481385672465 ], [ 390604.608767391357105, 585840.884678170434199 ], [ 390608.80031722120475, 585859.296280351700261 ] ] ] } },
{ "type": "Feature", "properties": { "osm_id": "987958677", "building_tag": "house", "name": "", "amenity": "", "area_m2": 149.08 }, "geometry": { "type": "Polygon", "coordinates": [ [ [ 390628.472834957647137, 585852.191789371077903 ], [ 390629.237214723660145, 585854.745965448557399 ], [ 390637.777361068699975, 585852.178847434930503 ], [ 390632.949503155017737, 585836.168909910134971 ], [ 390629.522783990832977, 585837.198174666031264 ], [ 390624.409134401357733, 585838.724921126849949 ], [ 390628.472834957647137, 585852.191789371077903 ] ] ] } },
{ "type": "Feature", "properties": { "osm_id": "987958678", "building_tag": "house", "name": "", "amenity": "", "area_m2": 119.83 }, "geometry": { "type": "Polygon", "coordinates": [ [ [ 390640.701490749197546, 585852.50384865666274 ], [ 390646.799456231121439, 585850.06992451811675 ], [ 390640.014535169408191, 585833.139374507823959 ], [ 390633.908917971479241, 585835.573443635250442 ], [ 390640.701490749197546, 585852.50384865666274 ] ] ] } },
{ "type": "Feature", "properties": { "osm_id": "987958679", "building_tag": "yes", "name": "Goofy", "amenity": "", "area_m2": 117.07 }, "geometry": { "type": "Polygon", "coordinates": [ [ [ 390670.863809058093466, 585848.400041870190762 ], [ 390677.766301432333421, 585846.940990319242701 ], [ 390671.912775488861371, 585830.393750509480014 ], [ 390665.626249170454685, 585832.119576251250692 ], [ 390670.863809058093466, 585848.400041870190762 ] ] ] } },
{ "type": "Feature", "properties": { "osm_id": "1075024428", "building_tag": "apartments", "name": "", "amenity": "", "area_m2": 684.13 }, "geometry": { "type": "Polygon", "coordinates": [ [ [ 390614.478415669989772, 585709.32520222151652 ], [ 390627.760239576222375, 585667.395833148504607 ], [ 390652.837492202001158, 585674.367680051014759 ], [ 390648.106206474592909, 585690.684187317616306 ], [ 390631.311897029052489, 585685.485527636599727 ], [ 390623.077233702526428, 585712.093161823926494 ], [ 390614.478415669989772, 585709.32520222151652 ] ] ] } },
{ "type": "Feature", "properties": { "osm_id": "1075024429", "building_tag": "apartments", "name": "", "amenity": "", "area_m2": 296.9 }, "geometry": { "type": "Polygon", "coordinates": [ [ [ 390648.106206474592909, 585690.684187317616306 ], [ 390647.193069950735662, 585693.835719512077048 ], [ 390661.269718925468624, 585697.883011361700483 ], [ 390666.914181777159683, 585678.414985175477341 ], [ 390652.837492202001158, 585674.367680051014759 ], [ 390648.106206474592909, 585690.684187317616306 ] ] ] } },
{ "type": "Feature", "properties": { "osm_id": "1081092459", "building_tag": "yes", "name": "", "amenity": "", "area_m2": 221.13 }, "geometry": { "type": "Polygon", "coordinates": [ [ [ 391541.078180454554968, 585416.827823502826504 ], [ 391561.198416846920736, 585415.79936166794505 ], [ 391561.492137706722133, 585426.621982077835128 ], [ 391541.593171951361001, 585428.057795271161012 ], [ 391541.078180454554968, 585416.827823502826504 ] ] ] } },
{ "type": "Feature", "properties": { "osm_id": "1136509597", "building_tag": "yes", "name": "", "amenity": "", "area_m2": 223.98 }, "geometry": { "type": "Polygon", "coordinates": [ [ [ 390943.714428854174912, 585907.753885444137268 ], [ 390932.082813068991527, 585919.75916144112125 ], [ 390933.457013305742294, 585920.979433292523026 ], [ 390943.983327545865905, 585919.677547950064763 ], [ 390951.588909158250317, 585911.046770079992712 ], [ 390960.77517652255483, 585889.691857903031632 ], [ 390943.714428854174912, 585907.753885444137268 ] ] ] } },
{ "type": "Feature", "properties": { "osm_id": "1136512913", "building_tag": "house", "name": "", "amenity": "", "area_m2": 269.89 }, "geometry": { "type": "Polygon", "coordinates": [ [ [ 391133.262706976267509, 585826.135537440422922 ], [ 391135.24706245289417, 585822.642372110625729 ], [ 391135.772847490385175, 585821.7212982152123 ], [ 391142.932668856694363, 585809.107821115874685 ], [ 391146.271906219830271, 585803.222312543541193 ], [ 391150.102306285989471, 585805.510037582949735 ], [ 391147.725983896874823, 585810.144196476787329 ], [ 391149.802358709450345, 585811.329620619420893 ], [ 391147.731715837493539, 585815.969384487951174 ], [ 391151.047385184501763, 585818.944527086568996 ], [ 391141.622040603018831, 585835.134046613005921 ], [ 391133.262706976267509, 585826.135537440422922 ] ] ] } },
{ "type": "Feature", "properties": { "osm_id": "1138270879", "building_tag": "commercial", "name": "", "amenity": "car_wash", "area_m2": 291.08 }, "geometry": { "type": "Polygon", "coordinates": [ [ [ 390533.975700075330678, 584975.496082309982739 ], [ 390532.711783182341605, 584952.140005577704869 ], [ 390545.138401487201918, 584951.470035854261369 ], [ 390546.402270360500552, 584974.82611476269085 ], [ 390533.975700075330678, 584975.496082309982739 ] ] ] } },
{ "type": "Feature", "properties": { "osm_id": "1138270880", "building_tag": "commercial", "name": "", "amenity": "car_wash", "area_m2": 240.33 }, "geometry": { "type": "Polygon", "coordinates": [ [ [ 390552.988021536089946, 584974.806780884042382 ], [ 390551.971202961343806, 584956.226520349504426 ], [ 390564.863127842370886, 584955.514805215410888 ], [ 390565.880108219338581, 584974.106180885108188 ], [ 390552.988021536089946, 584974.806780884042382 ] ] ] } },
{ "type": "Feature", "properties": { "osm_id": "1138270883", "building_tag": "yes", "name": "Romstal", "amenity": "", "area_m2": 671.88 }, "geometry": { "type": "Polygon", "coordinates": [ [ [ 390694.503299483854789, 584902.539761518011801 ], [ 390701.671623264206573, 584876.874330885475501 ], [ 390713.912132564466447, 584880.26577232114505 ], [ 390715.052967694064137, 584876.176315133809112 ], [ 390725.458109238417819, 584879.056269610882737 ], [ 390717.141219173325226, 584908.811266542994417 ], [ 390694.503299483854789, 584902.539761518011801 ] ] ] } },
{ "type": "Feature", "properties": { "osm_id": "1138270884", "building_tag": "warehouse", "name": "", "amenity": "", "area_m2": 407.89 }, "geometry": { "type": "Polygon", "coordinates": [ [ [ 390735.556042510259431, 584914.358857959508896 ], [ 390742.383833360800054, 584889.711284881457686 ], [ 390757.764554007386323, 584893.946463817614131 ], [ 390750.936505413032137, 584918.582906010444276 ], [ 390735.556042510259431, 584914.358857959508896 ] ] ] } },
{ "type": "Feature", "properties": { "osm_id": "1138270885", "building_tag": "warehouse", "name": "", "amenity": "", "area_m2": 407.73 }, "geometry": { "type": "Polygon", "coordinates": [ [ [ 390751.547753674094565, 584919.005407270044088 ], [ 390758.368166106520221, 584894.369103954755701 ], [ 390773.748862796172034, 584898.604323425213806 ], [ 390766.920755689381622, 584923.240747376228683 ], [ 390751.547753674094565, 584919.005407270044088 ] ] ] } },
{ "type": "Feature", "properties": { "osm_id": "1138270886", "building_tag": "warehouse", "name": "", "amenity": "", "area_m2": 206.62 }, "geometry": { "type": "Polygon", "coordinates": [ [ [ 390769.445512995473109, 584919.626526328851469 ], [ 390775.210349945002235, 584899.144849268486723 ], [ 390784.563778997748159, 584901.754888897412457 ], [ 390778.798913498991169, 584922.236556941992603 ], [ 390769.445512995473109, 584919.626526328851469 ] ] ] } },
{ "type": "Feature", "properties": { "osm_id": "1138270892", "building_tag": "residential", "name": "New City Frunzișului", "amenity": "", "area_m2": 1121.4 }, "geometry": { "type": "Polygon", "coordinates": [ [ [ 390704.701594247191679, 584840.811645825975575 ], [ 390709.415280079178046, 584822.627911060815677 ], [ 390767.249165683693718, 584837.500822565867566 ], [ 390762.542757861199789, 584855.673260131501593 ], [ 390704.701594247191679, 584840.811645825975575 ] ] ] } },
{ "type": "Feature", "properties": { "osm_id": "1149874711", "building_tag": "ruins", "name": "", "amenity": "", "area_m2": 467.44 }, "geometry": { "type": "Polygon", "coordinates": [ [ [ 390589.021268904907629, 585004.780949534848332 ], [ 390590.623918403289281, 584995.824979806202464 ], [ 390621.354243648354895, 584989.520710384240374 ], [ 390619.158185310021508, 585011.27193577052094 ], [ 390589.021268904907629, 585004.780949534848332 ] ] ] } },
{ "type": "Feature", "properties": { "osm_id": "1189558788", "building_tag": "house", "name": "", "amenity": "", "area_m2": 279.76 }, "geometry": { "type": "Polygon", "coordinates": [ [ [ 390902.853527987317648, 585850.784000147250481 ], [ 390892.981219857989345, 585833.3309021666646 ], [ 390902.925914849736728, 585827.737190737854689 ], [ 390917.248800619272515, 585836.560918378410861 ], [ 390902.853527987317648, 585850.784000147250481 ] ] ] } },
{ "type": "Feature", "properties": { "osm_id": "1190224045", "building_tag": "house", "name": "", "amenity": "", "area_m2": 138.2 }, "geometry": { "type": "Polygon", "coordinates": [ [ [ 390528.771047841175459, 585288.911339637590572 ], [ 390526.717807408596855, 585277.642600341583602 ], [ 390538.589760231552646, 585275.492981448071077 ], [ 390540.642978992371354, 585286.761724547133781 ], [ 390528.771047841175459, 585288.911339637590572 ] ] ] } },
{ "type": "Feature", "properties": { "osm_id": "1190224046", "building_tag": "house", "name": "", "amenity": "", "area_m2": 143.35 }, "geometry": { "type": "Polygon", "coordinates": [ [ [ 390525.600759686552919, 585324.743277550442144 ], [ 390527.072424541693181, 585317.001404929789715 ], [ 390533.726802437391598, 585318.259248916408978 ], [ 390534.647504482360091, 585313.417784197605215 ], [ 390543.011505820322782, 585315.000383244710974 ], [ 390541.441961775824893, 585323.244290255010128 ], [ 390537.210121593729127, 585322.442777195828967 ], [ 390536.37963945697993, 585326.782341549289413 ], [ 390525.600759686552919, 585324.743277550442144 ] ] ] } },
{ "type": "Feature", "properties": { "osm_id": "1190224047", "building_tag": "house", "name": "", "amenity": "", "area_m2": 97.02 }, "geometry": { "type": "Polygon", "coordinates": [ [ [ 390528.517170691455249, 585309.460126729449257 ], [ 390529.553905609063804, 585301.748375765397213 ], [ 390541.914989935234189, 585303.403017543372698 ], [ 390540.87060213892255, 585311.114904772490263 ], [ 390528.517170691455249, 585309.460126729449257 ] ] ] } },
{ "type": "Feature", "properties": { "osm_id": "1190224050", "building_tag": "yes", "name": "", "amenity": "", "area_m2": 244.43 }, "geometry": { "type": "Polygon", "coordinates": [ [ [ 390571.203213989210781, 585166.622383300215006 ], [ 390575.680489143007435, 585149.765716309892014 ], [ 390589.230211504385807, 585153.333272218238562 ], [ 390584.760539676761255, 585170.189790627569892 ], [ 390571.203213989210781, 585166.622383300215006 ] ] ] } },
{ "type": "Feature", "properties": { "osm_id": "1190224053", "building_tag": "yes", "name": "", "amenity": "", "area_m2": 210.59 }, "geometry": { "type": "Polygon", "coordinates": [ [ [ 390706.214184903539717, 585086.446932272869162 ], [ 390708.761451066005975, 585076.906930585508235 ], [ 390729.366832749801688, 585082.359254224924371 ], [ 390726.81973814428784, 585091.910360452835448 ], [ 390706.214184903539717, 585086.446932272869162 ] ] ] } },
{ "type": "Feature", "properties": { "osm_id": "1190231011", "building_tag": "house", "name": "", "amenity": "", "area_m2": 255.63 }, "geometry": { "type": "Polygon", "coordinates": [ [ [ 390654.593923648586497, 585431.807740452815779 ], [ 390661.6582842337084, 585422.808440241613425 ], [ 390649.138835421646945, 585418.721810266841203 ], [ 390642.337411060696468, 585401.747095999540761 ], [ 390635.79903579223901, 585404.355742931598797 ], [ 390643.264175691176206, 585422.963740598526783 ], [ 390654.593923648586497, 585431.807740452815779 ] ] ] } },
{ "type": "Feature", "properties": { "osm_id": "1190231012", "building_tag": "house", "name": "", "amenity": "", "area_m2": 87.56 }, "geometry": { "type": "Polygon", "coordinates": [ [ [ 390631.017520493129268, 585144.205055603059009 ], [ 390634.413885979622137, 585129.246787233510986 ], [ 390639.983676955627743, 585130.513282375759445 ], [ 390636.587097320239991, 585145.460434238659218 ], [ 390631.017520493129268, 585144.205055603059009 ] ] ] } },
{ "type": "Feature", "properties": { "osm_id": "1190231013", "building_tag": "yes", "name": "", "amenity": "", "area_m2": 146.43 }, "geometry": { "type": "Polygon", "coordinates": [ [ [ 390643.736848351778463, 585145.37539296480827 ], [ 390647.485611222218722, 585131.311224381555803 ], [ 390657.212393367721234, 585133.880947509082034 ], [ 390653.463609903177712, 585147.945109987747855 ], [ 390643.736848351778463, 585145.37539296480827 ] ] ] } },
{ "type": "Feature", "properties": { "osm_id": "1190231014", "building_tag": "yes", "name": "", "amenity": "", "area_m2": 144.92 }, "geometry": { "type": "Polygon", "coordinates": [ [ [ 390566.137312309117988, 585129.928132469882257 ], [ 390567.388649017899297, 585123.513190049910918 ], [ 390571.751472203643061, 585124.367938125971705 ], [ 390572.268728745984845, 585121.712722800089978 ], [ 390584.590194404881913, 585124.113015668466687 ], [ 390582.821377843501978, 585133.172055482398719 ], [ 390566.137312309117988, 585129.928132469882257 ] ] ] } },
{ "type": "Feature", "properties": { "osm_id": "1190363255", "building_tag": "yes", "name": "", "amenity": "", "area_m2": 123.35 }, "geometry": { "type": "Polygon", "coordinates": [ [ [ 390610.455798905633856, 585221.696028237813152 ], [ 390611.871652757748961, 585211.709564018878154 ], [ 390623.981655021198094, 585213.413394541363232 ], [ 390622.565781777142547, 585223.399855816271156 ], [ 390610.455798905633856, 585221.696028237813152 ] ] ] } },
{ "type": "Feature", "properties": { "osm_id": "1190363256", "building_tag": "yes", "name": "", "amenity": "", "area_m2": 64.91 }, "geometry": { "type": "Polygon", "coordinates": [ [ [ 390677.075301379838493, 585154.876945079420693 ], [ 390681.068887346074916, 585147.578600658918731 ], [ 390687.921040100627579, 585151.312121018534526 ], [ 390683.919810906925704, 585158.610599225619808 ], [ 390677.075301379838493, 585154.876945079420693 ] ] ] } },
{ "type": "Feature", "properties": { "osm_id": "1190363257", "building_tag": "yes", "name": "", "amenity": "", "area_m2": 224.64 }, "geometry": { "type": "Polygon", "coordinates": [ [ [ 390635.122291908715852, 585069.235660510254093 ], [ 390637.59548044152325, 585059.407927201944403 ], [ 390659.101253204862587, 585064.78812008863315 ], [ 390656.62039470608579, 585074.615982802584767 ], [ 390635.122291908715852, 585069.235660510254093 ] ] ] } },
{ "type": "Feature", "properties": { "osm_id": "1190363258", "building_tag": "yes", "name": "", "amenity": "", "area_m2": 217.01 }, "geometry": { "type": "Polygon", "coordinates": [ [ [ 390597.045273276162334, 585055.884783349465579 ], [ 390599.200031970161945, 585046.196206997497939 ], [ 390620.548890352365561, 585050.92320678406395 ], [ 390618.386461820919067, 585060.611913762288168 ], [ 390597.045273276162334, 585055.884783349465579 ] ] ] } },
{ "type": "Feature", "properties": { "osm_id": "1190363259", "building_tag": "garages", "name": "", "amenity": "", "area_m2": 481.45 }, "geometry": { "type": "Polygon", "coordinates": [ [ [ 391168.276485820766538, 584886.288339619757608 ], [ 391200.896510495920666, 584907.200599803356454 ], [ 391207.630559082783293, 584896.751620515598916 ], [ 391175.010704215092119, 584875.850437624030747 ], [ 391168.276485820766538, 584886.288339619757608 ] ] ] } },
{ "type": "Feature", "properties": { "osm_id": "1190363260", "building_tag": "garages", "name": "", "amenity": "", "area_m2": 192.42 }, "geometry": { "type": "Polygon", "coordinates": [ [ [ 391180.866692839364987, 584914.187266518827528 ], [ 391184.566689850762486, 584908.362006692448631 ], [ 391160.987118462449871, 584893.478993985452689 ], [ 391157.287134035956115, 584899.30426813440863 ], [ 391180.866692839364987, 584914.187266518827528 ] ] ] } },
{ "type": "Feature", "properties": { "osm_id": "1190447494", "building_tag": "house", "name": "", "amenity": "", "area_m2": 104.01 }, "geometry": { "type": "Polygon", "coordinates": [ [ [ 390532.137279238202609, 585298.855585104902275 ], [ 390532.631954536074772, 585291.164780857856385 ], [ 390542.965637902263552, 585291.822307635564357 ], [ 390542.827853849739768, 585293.914798265555874 ], [ 390547.134256602264941, 585294.192465760861523 ], [ 390546.777348381758202, 585299.790778157068416 ], [ 390532.137279238202609, 585298.855585104902275 ] ] ] } },
{ "type": "Feature", "properties": { "osm_id": "1190447500", "building_tag": "house", "name": "", "amenity": "", "area_m2": 227.96 }, "geometry": { "type": "Polygon", "coordinates": [ [ [ 390523.852658654213883, 585355.580139454687014 ], [ 390524.916945228877012, 585348.546022783964872 ], [ 390528.364302497997414, 585349.061593413935043 ], [ 390528.739225043798797, 585346.564590496942401 ], [ 390535.588115372462198, 585347.596568990964442 ], [ 390534.974290043232031, 585351.665397925302386 ], [ 390538.237739974516444, 585352.150957798818126 ], [ 390538.817208402440883, 585348.293974872445688 ], [ 390545.773221336537972, 585349.335139501839876 ], [ 390546.755152898607776, 585342.813901823596098 ], [ 390550.509019157383591, 585343.379512986633927 ], [ 390548.661488723591901, 585355.675040304544382 ], [ 390545.643046084675007, 585355.218383749364875 ], [ 390546.061869482160546, 585358.934979767771438 ], [ 390523.852658654213883, 585355.580139454687014 ] ] ] } },
{ "type": "Feature", "properties": { "osm_id": "1190447503", "building_tag": "yes", "name": "", "amenity": "", "area_m2": 146.12 }, "geometry": { "type": "Polygon", "coordinates": [ [ [ 390622.697605366935022, 585118.920145175303333 ], [ 390626.117145499447361, 585106.084794797701761 ], [ 390636.749869294115342, 585108.893764544744045 ], [ 390633.322872138232924, 585121.740360520081595 ], [ 390622.697605366935022, 585118.920145175303333 ] ] ] } },
{ "type": "Feature", "properties": { "osm_id": "1190447504", "building_tag": "yes", "name": "", "amenity": "", "area_m2": 108.44 }, "geometry": { "type": "Polygon", "coordinates": [ [ [ 390729.031115993566345, 585078.163117055781186 ], [ 390731.66285103384871, 585069.488720803754404 ], [ 390743.10922363755526, 585072.927936000749469 ], [ 390740.485312991600949, 585081.613302327576093 ], [ 390729.031115993566345, 585078.163117055781186 ] ] ] } },
{ "type": "Feature", "properties": { "osm_id": "1201361213", "building_tag": "residential", "name": "", "amenity": "", "area_m2": 241.73 }, "geometry": { "type": "Polygon", "coordinates": [ [ [ 391538.302648222830612, 585773.020077975117601 ], [ 391539.578490816173144, 585758.56735510728322 ], [ 391557.580845847376622, 585758.355090915691108 ], [ 391557.552732380921952, 585769.972805858473293 ], [ 391538.302648222830612, 585773.020077975117601 ] ] ] } },
{ "type": "Feature", "properties": { "osm_id": "1205472902", "building_tag": "hotel", "name": "Dafo", "amenity": "", "area_m2": 159.55 }, "geometry": { "type": "Polygon", "coordinates": [ [ [ 391553.507899712538347, 585133.122739878017455 ], [ 391553.776487931027077, 585119.577496706740931 ], [ 391565.554300022136886, 585119.81062560447026 ], [ 391565.278047710773535, 585133.356005229637958 ], [ 391553.507899712538347, 585133.122739878017455 ] ] ] } },
{ "type": "Feature", "properties": { "osm_id": "1207097776", "building_tag": "yes", "name": "", "amenity": "", "area_m2": 103.22 }, "geometry": { "type": "Polygon", "coordinates": [ [ [ 391465.921456143085379, 584959.360439794952981 ], [ 391466.939590947469696, 584951.393534494331107 ], [ 391476.106047332345042, 584952.551677691633813 ], [ 391474.551572797819972, 584964.685952574713156 ], [ 391468.624391989898868, 584963.936493122135289 ], [ 391467.689960953430273, 584963.808770442032255 ], [ 391468.24979759613052, 584959.674326718784869 ], [ 391465.921456143085379, 584959.360439794952981 ] ] ] } },
{ "type": "Feature", "properties": { "osm_id": "1207987817", "building_tag": "yes", "name": "", "amenity": "", "area_m2": 33.93 }, "geometry": { "type": "Polygon", "coordinates": [ [ [ 390875.030084748577792, 585066.306514803785831 ], [ 390874.113020264543593, 585059.108184207696468 ], [ 390878.755443869507872, 585058.524012332316488 ], [ 390879.672302008257248, 585065.711230251006782 ], [ 390875.030084748577792, 585066.306514803785831 ] ] ] } },
{ "type": "Feature", "properties": { "osm_id": "1207987818", "building_tag": "yes", "name": "", "amenity": "", "area_m2": 17.48 }, "geometry": { "type": "Polygon", "coordinates": [ [ [ 390860.544070030038711, 585067.580004474380985 ], [ 390859.111597685143352, 585064.415332052623853 ], [ 390863.69674627087079, 585062.353628259617835 ], [ 390865.129417515359819, 585065.529415061580949 ], [ 390860.544070030038711, 585067.580004474380985 ] ] ] } },
{ "type": "Feature", "properties": { "osm_id": "1223710266", "building_tag": "shed", "name": "", "amenity": "", "area_m2": 30.62 }, "geometry": { "type": "Polygon", "coordinates": [ [ [ 391078.467848493717611, 585902.052420581807382 ], [ 391084.136862899758853, 585899.548861850053072 ], [ 391082.304614671913441, 585894.957261389004998 ], [ 391076.598615786992013, 585897.528190940851346 ], [ 391078.467848493717611, 585902.052420581807382 ] ] ] } },
{ "type": "Feature", "properties": { "osm_id": "1225634546", "building_tag": "yes", "name": "", "amenity": "", "area_m2": 233.24 }, "geometry": { "type": "Polygon", "coordinates": [ [ [ 391163.100601825397462, 585856.980680770822801 ], [ 391183.450627429760061, 585828.098774666781537 ], [ 391187.206534879631363, 585832.188814106513746 ], [ 391177.741223877761513, 585846.58916455891449 ], [ 391173.012404136010446, 585853.789276836672798 ], [ 391174.341302069718949, 585855.888659576303326 ], [ 391169.697077591554262, 585863.543045512400568 ], [ 391163.100601825397462, 585856.980680770822801 ] ] ] } },
{ "type": "Feature", "properties": { "osm_id": "1225634547", "building_tag": "retail", "name": "", "amenity": "", "area_m2": 319.25 }, "geometry": { "type": "Polygon", "coordinates": [ [ [ 391201.188122761959676, 585841.174993196618743 ], [ 391205.057361485436559, 585845.196298860944808 ], [ 391178.387825608078856, 585873.980834407382645 ], [ 391169.697077591554262, 585863.543045512400568 ], [ 391174.341302069718949, 585855.888659576303326 ], [ 391179.23657543893205, 585862.159312789328396 ], [ 391201.188122761959676, 585841.174993196618743 ] ] ] } },
{ "type": "Feature", "properties": { "osm_id": "1227377016", "building_tag": "shed", "name": "", "amenity": "", "area_m2": 41.4 }, "geometry": { "type": "Polygon", "coordinates": [ [ [ 390566.999996657075826, 585825.291085166041739 ], [ 390566.209319318179041, 585819.602400155039504 ], [ 390572.061775208567269, 585818.795933202956803 ], [ 390573.357229879766237, 585818.616811391199008 ], [ 390574.147699097986333, 585824.294383927597664 ], [ 390566.999996657075826, 585825.291085166041739 ] ] ] } },
{ "type": "Feature", "properties": { "osm_id": "1227377021", "building_tag": "yes", "name": "Ambulatoriu Clinic de Psihiatrie Pedriatică", "amenity": "hospital", "area_m2": 1203.06 }, "geometry": { "type": "Polygon", "coordinates": [ [ [ 390598.998291424359195, 585801.087463564355858 ], [ 390613.07652434805641, 585772.350597277865745 ], [ 390618.30311956256628, 585752.601046301773749 ], [ 390638.128350473649334, 585758.122732541989535 ], [ 390630.572717538685538, 585804.072745535871945 ], [ 390613.731316603894811, 585800.053395424038172 ], [ 390612.107441420143005, 585804.874246170278639 ], [ 390598.998291424359195, 585801.087463564355858 ] ] ] } },
{ "type": "Feature", "properties": { "osm_id": "1232848008", "building_tag": "yes", "name": "", "amenity": "", "area_m2": 50.11 }, "geometry": { "type": "Polygon", "coordinates": [ [ [ 390993.663885756162927, 585741.708981726085767 ], [ 390996.121564033266623, 585735.238991120480932 ], [ 391002.89813374762889, 585737.795817588805221 ], [ 391000.432812453538645, 585744.265943330829032 ], [ 390993.663885756162927, 585741.708981726085767 ] ] ] } },
{ "type": "Feature", "properties": { "osm_id": "1290674878", "building_tag": "house", "name": "", "amenity": "", "area_m2": 146.55 }, "geometry": { "type": "Polygon", "coordinates": [ [ [ 390602.068083925871179, 585514.358015323057771 ], [ 390604.99900987901492, 585509.146621519699693 ], [ 390626.385877101682127, 585521.12119007401634 ], [ 390623.454939261719119, 585526.332573566003703 ], [ 390602.068083925871179, 585514.358015323057771 ] ] ] } },
{ "type": "Feature", "properties": { "osm_id": "1323698485", "building_tag": "house", "name": "Vechea Vamă", "amenity": "", "area_m2": 325.99 }, "geometry": { "type": "Polygon", "coordinates": [ [ [ 391080.735271696001291, 585798.245684120687656 ], [ 391105.749025441531558, 585807.266052149701864 ], [ 391109.395937185618095, 585796.416803524945863 ], [ 391100.257260345621035, 585793.769069710746408 ], [ 391101.897381451330148, 585789.403863081010059 ], [ 391095.470025423564948, 585786.295896116760559 ], [ 391093.338501458754763, 585791.370339365676045 ], [ 391084.385536751884501, 585788.007792529650033 ], [ 391080.735271696001291, 585798.245684120687656 ] ] ] } },
{ "type": "Feature", "properties": { "osm_id": "1323698486", "building_tag": "apartments", "name": "", "amenity": "", "area_m2": 209.63 }, "geometry": { "type": "Polygon", "coordinates": [ [ [ 391105.749025441531558, 585807.266052149701864 ], [ 391116.340879663475789, 585810.43231281125918 ], [ 391122.888697016111109, 585793.961145748617128 ], [ 391111.998834235128015, 585789.521797264111228 ], [ 391109.395937185618095, 585796.416803524945863 ], [ 391105.749025441531558, 585807.266052149701864 ] ] ] } },
{ "type": "Feature", "properties": { "osm_id": "1329098532", "building_tag": "yes", "name": "", "amenity": "", "area_m2": 60.48 }, "geometry": { "type": "Polygon", "coordinates": [ [ [ 390650.873427800252102, 585335.646558406297117 ], [ 390655.935214344062842, 585332.497708324925043 ], [ 390650.484238005883526, 585325.548275173758157 ], [ 390644.387758017983288, 585328.5157663236605 ], [ 390644.038529468351044, 585331.590378108317964 ], [ 390649.485317745595239, 585332.403309764922597 ], [ 390650.873427800252102, 585335.646558406297117 ] ] ] } },
{ "type": "Feature", "properties": { "osm_id": "1414835114", "building_tag": "yes", "name": "", "amenity": "", "area_m2": 155.14 }, "geometry": { "type": "Polygon", "coordinates": [ [ [ 391563.330693507101387, 585476.237200305564329 ], [ 391570.394316883408464, 585478.611634977976792 ], [ 391577.076608102943283, 585458.903571815462783 ], [ 391570.005327522521839, 585456.529266470344737 ], [ 391563.330693507101387, 585476.237200305564329 ] ] ] } },
{ "type": "Feature", "properties": { "osm_id": "1513750104", "building_tag": "yes", "name": "", "amenity": "", "area_m2": 403.71 }, "geometry": { "type": "Polygon", "coordinates": [ [ [ 390573.559830762504134, 585171.026459920103662 ], [ 390572.433708014432341, 585177.183441989007406 ], [ 390577.201492715568747, 585178.041970097343437 ], [ 390573.43429080786882, 585198.665539779001847 ], [ 390586.925577419577166, 585201.12244965415448 ], [ 390591.826601395616308, 585174.341771614854224 ], [ 390573.559830762504134, 585171.026459920103662 ] ] ] } },
{ "type": "Feature", "properties": { "osm_id": "1513750105", "building_tag": "yes", "name": "", "amenity": "", "area_m2": 145.24 }, "geometry": { "type": "Polygon", "coordinates": [ [ [ 390598.072023128042929, 585150.493854187312536 ], [ 390595.150106543442234, 585165.488016720744781 ], [ 390604.488513869291637, 585167.286504086572677 ], [ 390607.410653777711559, 585152.303459505666979 ], [ 390598.072023128042929, 585150.493854187312536 ] ] ] } },
{ "type": "Feature", "properties": { "osm_id": "1513750106", "building_tag": "yes", "name": "", "amenity": "", "area_m2": 86.69 }, "geometry": { "type": "Polygon", "coordinates": [ [ [ 390637.747414704179391, 585158.902069944539107 ], [ 390636.371728122816421, 585169.843857343308628 ], [ 390642.260241547599435, 585170.570965523598716 ], [ 390643.094580422155559, 585163.907902889302932 ], [ 390647.995414885284845, 585164.51950340217445 ], [ 390648.536776363675017, 585160.240780501393601 ], [ 390637.747414704179391, 585158.902069944539107 ] ] ] } },
{ "type": "Feature", "properties": { "osm_id": "1528367261", "building_tag": "yes", "name": "", "amenity": "", "area_m2": 149.24 }, "geometry": { "type": "Polygon", "coordinates": [ [ [ 391428.583945772552397, 585224.12561395089142 ], [ 391429.479815786762629, 585209.790888217627071 ], [ 391439.85128856258234, 585210.427034878521226 ], [ 391438.955394172749948, 585224.761758900713176 ], [ 391428.583945772552397, 585224.12561395089142 ] ] ] } },
{ "type": "Feature", "properties": { "osm_id": "1528367262", "building_tag": "yes", "name": "", "amenity": "", "area_m2": 209.73 }, "geometry": { "type": "Polygon", "coordinates": [ [ [ 391400.79318170552142, 585215.854194915038534 ], [ 391418.686671338626184, 585223.091865706490353 ], [ 391422.35612431797199, 585213.443070471985266 ], [ 391417.918808089918457, 585211.833101465599611 ], [ 391419.014604759518988, 585209.890163043513894 ], [ 391413.425079488952179, 585207.511617569951341 ], [ 391412.447846993396524, 585209.674763237824664 ], [ 391404.464610358583741, 585206.316522226901725 ], [ 391400.79318170552142, 585215.854194915038534 ] ] ] } },
{ "type": "Feature", "properties": { "osm_id": "1528374103", "building_tag": "yes", "name": "", "amenity": "", "area_m2": 92.11 }, "geometry": { "type": "Polygon", "coordinates": [ [ [ 391457.238870969507843, 585528.192291446845047 ], [ 391466.6062000162201, 585535.472224194440059 ], [ 391471.239850715734065, 585529.31906693126075 ], [ 391462.26845782797318, 585521.965306633617729 ], [ 391457.238870969507843, 585528.192291446845047 ] ] ] } },
{ "type": "Feature", "properties": { "osm_id": "1528374104", "building_tag": "yes", "name": "", "amenity": "", "area_m2": 113.14 }, "geometry": { "type": "Polygon", "coordinates": [ [ [ 391400.14920081931632, 585515.144995085662231 ], [ 391409.35806774586672, 585505.541049728635699 ], [ 391415.495481013203971, 585511.211464388528839 ], [ 391406.435720234294422, 585521.035057238652371 ], [ 391400.14920081931632, 585515.144995085662231 ] ] ] } },
{ "type": "Feature", "properties": { "osm_id": "1528374105", "building_tag": "yes", "name": "", "amenity": "", "area_m2": 153.19 }, "geometry": { "type": "Polygon", "coordinates": [ [ [ 391414.737707805586979, 585497.54013378045056 ], [ 391425.044968397065531, 585486.137745947111398 ], [ 391432.460730411927216, 585492.79682808869984 ], [ 391422.153468077245634, 585504.1992034468567 ], [ 391414.737707805586979, 585497.54013378045056 ] ] ] } },
{ "type": "Feature", "properties": { "osm_id": "1528374106", "building_tag": "yes", "name": "", "amenity": "", "area_m2": 115.85 }, "geometry": { "type": "Polygon", "coordinates": [ [ [ 391374.022698545479216, 585539.427563705248758 ], [ 391382.348646017489955, 585531.284665254876018 ], [ 391389.124994409619831, 585538.922374204150401 ], [ 391380.944795288261957, 585546.673547859187238 ], [ 391374.022698545479216, 585539.427563705248758 ] ] ] } },
{ "type": "Feature", "properties": { "osm_id": "1528374107", "building_tag": "yes", "name": "", "amenity": "", "area_m2": 265.19 }, "geometry": { "type": "Polygon", "coordinates": [ [ [ 391475.729920926853083, 585623.543394898995757 ], [ 391475.581088143691886, 585607.61548595095519 ], [ 391492.250387104868423, 585607.593758431030437 ], [ 391492.803991154767573, 585623.091946988832206 ], [ 391475.729920926853083, 585623.543394898995757 ] ] ] } }
]
}
