  0
SECTION
  2
HEADER
  9
$ACADVER
  1
AC1024
  9
$ACADMAINTVER
 70
6
  9
$DWGCODEPAGE
  3
ANSI_1252
  9
$LASTSAVEDBY
  1
ezdxf
  9
$INSBASE
 10
0.0
 20
0.0
 30
0.0
  9
$EXTMIN
 10
1e+20
 20
1e+20
 30
1e+20
  9
$EXTMAX
 10
-1e+20
 20
-1e+20
 30
-1e+20
  9
$LIMMIN
 10
0.0
 20
0.0
  9
$LIMMAX
 10
420.0
 20
297.0
  9
$ORTHOMODE
 70
0
  9
$REGENMODE
 70
1
  9
$FILLMODE
 70
1
  9
$QTEXTMODE
 70
0
  9
$MIRRTEXT
 70
1
  9
$LTSCALE
 40
1.0
  9
$ATTMODE
 70
1
  9
$TEXTSIZE
 40
2.5
  9
$TRACEWID
 40
1.0
  9
$TEXTSTYLE
  7
Standard
  9
$CLAYER
  8
0
  9
$CELTYPE
  6
ByLayer
  9
$CECOLOR
 62
256
  9
$CELTSCALE
 40
1.0
  9
$DISPSILH
 70
0
  9
$DIMSCALE
 40
1.0
  9
$DIMASZ
 40
2.5
  9
$DIMEXO
 40
0.625
  9
$DIMDLI
 40
3.75
  9
$DIMRND
 40
0.0
  9
$DIMDLE
 40
0.0
  9
$DIMEXE
 40
1.25
  9
$DIMTP
 40
0.0
  9
$DIMTM
 40
0.0
  9
$DIMTXT
 40
2.5
  9
$DIMCEN
 40
2.5
  9
$DIMTSZ
 40
0.0
  9
$DIMTOL
 70
0
  9
$DIMLIM
 70
0
  9
$DIMTIH
 70
0
  9
$DIMTOH
 70
0
  9
$DIMSE1
 70
0
  9
$DIMSE2
 70
0
  9
$DIMTAD
 70
1
  9
$DIMZIN
 70
8
  9
$DIMBLK
  1

  9
$DIMASO
 70
1
  9
$DIMSHO
 70
1
  9
$DIMPOST
  1

  9
$DIMAPOST
  1

  9
$DIMALT
 70
0
  9
$DIMALTD
 70
3
  9
$DIMALTF
 40
0.03937007874
  9
$DIMLFAC
 40
1.0
  9
$DIMTOFL
 70
1
  9
$DIMTVP
 40
0.0
  9
$DIMTIX
 70
0
  9
$DIMSOXD
 70
0
  9
$DIMSAH
 70
0
  9
$DIMBLK1
  1

  9
$DIMBLK2
  1

  9
$DIMSTYLE
  2
ISO-25
  9
$DIMCLRD
 70
0
  9
$DIMCLRE
 70
0
  9
$DIMCLRT
 70
0
  9
$DIMTFAC
 40
1.0
  9
$DIMGAP
 40
0.625
  9
$DIMJUST
 70
0
  9
$DIMSD1
 70
0
  9
$DIMSD2
 70
0
  9
$DIMTOLJ
 70
0
  9
$DIMTZIN
 70
8
  9
$DIMALTZ
 70
0
  9
$DIMALTTZ
 70
0
  9
$DIMUPT
 70
0
  9
$DIMDEC
 70
2
  9
$DIMTDEC
 70
2
  9
$DIMALTU
 70
2
  9
$DIMALTTD
 70
3
  9
$DIMTXSTY
  7
Standard
  9
$DIMAUNIT
 70
0
  9
$DIMADEC
 70
0
  9
$DIMALTRND
 40
0.0
  9
$DIMAZIN
 70
0
  9
$DIMDSEP
 70
44
  9
$DIMATFIT
 70
3
  9
$DIMFRAC
 70
0
  9
$DIMLDRBLK
  1

  9
$DIMLUNIT
 70
2
  9
$DIMLWD
 70
-2
  9
$DIMLWE
 70
-2
  9
$DIMTMOVE
 70
0
  9
$DIMFXL
 40
1.0
  9
$DIMFXLON
 70
0
  9
$DIMJOGANG
 40
0.785398163397
  9
$DIMTFILL
 70
0
  9
$DIMTFILLCLR
 70
0
  9
$DIMARCSYM
 70
0
  9
$DIMLTYPE
  6

  9
$DIMLTEX1
  6

  9
$DIMLTEX2
  6

  9
$DIMTXTDIRECTION
 70
0
  9
$LUNITS
 70
2
  9
$LUPREC
 70
4
  9
$SKETCHINC
 40
1.0
  9
$FILLETRAD
 40
10.0
  9
$AUNITS
 70
0
  9
$AUPREC
 70
2
  9
$MENU
  1
.
  9
$ELEVATION
 40
0.0
  9
$PELEVATION
 40
0.0
  9
$THICKNESS
 40
0.0
  9
$LIMCHECK
 70
0
  9
$CHAMFERA
 40
0.0
  9
$CHAMFERB
 40
0.0
  9
$CHAMFERC
 40
0.0
  9
$CHAMFERD
 40
0.0
  9
$SKPOLY
 70
0
  9
$TDCREATE
 40
2461301.881273148
  9
$TDUCREATE
 40
2458532.153996898
  9
$TDUPDATE
 40
2461301.881273148
  9
$TDUUPDATE
 40
2458532.1544311
  9
$TDINDWG
 40
0.0
  9
$TDUSRTIMER
 40
0.0
  9
$USRTIMER
 70
1
  9
$ANGBASE
 50
0.0
  9
$ANGDIR
 70
0
  9
$PDMODE
 70
0
  9
$PDSIZE
 40
0.0
  9
$PLINEWID
 40
0.0
  9
$SPLFRAME
 70
0
  9
$SPLINETYPE
 70
6
  9
$SPLINESEGS
 70
8
  9
$HANDSEED
  5
D36
  9
$SURFTAB1
 70
6
  9
$SURFTAB2
 70
6
  9
$SURFTYPE
 70
6
  9
$SURFU
 70
6
  9
$SURFV
 70
6
  9
$UCSBASE
  2

  9
$UCSNAME
  2

  9
$UCSORG
 10
0.0
 20
0.0
 30
0.0
  9
$UCSXDIR
 10
1.0
 20
0.0
 30
0.0
  9
$UCSYDIR
 10
0.0
 20
1.0
 30
0.0
  9
$UCSORTHOREF
  2

  9
$UCSORTHOVIEW
 70
0
  9
$UCSORGTOP
 10
0.0
 20
0.0
 30
0.0
  9
$UCSORGBOTTOM
 10
0.0
 20
0.0
 30
0.0
  9
$UCSORGLEFT
 10
0.0
 20
0.0
 30
0.0
  9
$UCSORGRIGHT
 10
0.0
 20
0.0
 30
0.0
  9
$UCSORGFRONT
 10
0.0
 20
0.0
 30
0.0
  9
$UCSORGBACK
 10
0.0
 20
0.0
 30
0.0
  9
$PUCSBASE
  2

  9
$PUCSNAME
  2

  9
$PUCSORG
 10
0.0
 20
0.0
 30
0.0
  9
$PUCSXDIR
 10
1.0
 20
0.0
 30
0.0
  9
$PUCSYDIR
 10
0.0
 20
1.0
 30
0.0
  9
$PUCSORTHOREF
  2

  9
$PUCSORTHOVIEW
 70
0
  9
$PUCSORGTOP
 10
0.0
 20
0.0
 30
0.0
  9
$PUCSORGBOTTOM
 10
0.0
 20
0.0
 30
0.0
  9
$PUCSORGLEFT
 10
0.0
 20
0.0
 30
0.0
  9
$PUCSORGRIGHT
 10
0.0
 20
0.0
 30
0.0
  9
$PUCSORGFRONT
 10
0.0
 20
0.0
 30
0.0
  9
$PUCSORGBACK
 10
0.0
 20
0.0
 30
0.0
  9
$USERI1
 70
0
  9
$USERI2
 70
0
  9
$USERI3
 70
0
  9
$USERI4
 70
0
  9
$USERI5
 70
0
  9
$USERR1
 40
0.0
  9
$USERR2
 40
0.0
  9
$USERR3
 40
0.0
  9
$USERR4
 40
0.0
  9
$USERR5
 40
0.0
  9
$WORLDVIEW
 70
1
  9
$SHADEDGE
 70
3
  9
$SHADEDIF
 70
70
  9
$TILEMODE
 70
1
  9
$MAXACTVP
 70
64
  9
$PINSBASE
 10
0.0
 20
0.0
 30
0.0
  9
$PLIMCHECK
 70
0
  9
$PEXTMIN
 10
1e+20
 20
1e+20
 30
1e+20
  9
$PEXTMAX
 10
-1e+20
 20
-1e+20
 30
-1e+20
  9
$PLIMMIN
 10
0.0
 20
0.0
  9
$PLIMMAX
 10
420.0
 20
297.0
  9
$UNITMODE
 70
0
  9
$VISRETAIN
 70
1
  9
$PLINEGEN
 70
0
  9
$PSLTSCALE
 70
1
  9
$TREEDEPTH
 70
3020
  9
$CMLSTYLE
  2
Standard
  9
$CMLJUST
 70
0
  9
$CMLSCALE
 40
20.0
  9
$PROXYGRAPHICS
 70
1
  9
$MEASUREMENT
 70
1
  9
$CELWEIGHT
370
-1
  9
$ENDCAPS
280
0
  9
$JOINSTYLE
280
0
  9
$LWDISPLAY
290
0
  9
$INSUNITS
 70
6
  9
$HYPERLINKBASE
  1

  9
$STYLESHEET
  1

  9
$XEDIT
290
1
  9
$CEPSNTYPE
380
0
  9
$PSTYLEMODE
290
1
  9
$FINGERPRINTGUID
  2
{D2F0E4D7-E9DE-4F6E-8056-543DB6FF86E8}
  9
$VERSIONGUID
  2
{313C25F3-750B-4B0A-93C1-4E62A8358FE2}
  9
$EXTNAMES
290
1
  9
$PSVPSCALE
 40
0.0
  9
$OLESTARTUP
290
0
  9
$SORTENTS
280
127
  9
$INDEXCTL
280
0
  9
$HIDETEXT
280
1
  9
$XCLIPFRAME
280
1
  9
$HALOGAP
280
0
  9
$OBSCOLOR
 70
257
  9
$OBSLTYPE
280
0
  9
$INTERSECTIONDISPLAY
280
0
  9
$INTERSECTIONCOLOR
 70
257
  9
$DIMASSOC
280
2
  9
$PROJECTNAME
  1

  9
$CAMERADISPLAY
290
0
  9
$LENSLENGTH
 40
50.0
  9
$CAMERAHEIGHT
 40
0.0
  9
$STEPSPERSEC
 40
24.0
  9
$STEPSIZE
 40
100.0
  9
$3DDWFPREC
 40
2.0
  9
$PSOLWIDTH
 40
0.005
  9
$PSOLHEIGHT
 40
0.08
  9
$LOFTANG1
 40
1.570796326795
  9
$LOFTANG2
 40
1.570796326795
  9
$LOFTMAG1
 40
0.0
  9
$LOFTMAG2
 40
0.0
  9
$LOFTPARAM
 70
7
  9
$LOFTNORMALS
280
1
  9
$LATITUDE
 40
37.795
  9
$LONGITUDE
 40
-122.394
  9
$NORTHDIRECTION
 40
0.0
  9
$TIMEZONE
 70
-8000
  9
$LIGHTGLYPHDISPLAY
280
1
  9
$TILEMODELIGHTSYNCH
280
1
  9
$CMATERIAL
347
20
  9
$SOLIDHIST
280
0
  9
$SHOWHIST
280
1
  9
$DWFFRAME
280
2
  9
$DGNFRAME
280
2
  9
$REALWORLDSCALE
290
1
  9
$INTERFERECOLOR
 62
256
  9
$CSHADOW
280
0
  9
$SHADOWPLANELOCATION
 40
0.0
  0
ENDSEC
  0
SECTION
  2
CLASSES
  0
CLASS
  1
ACDBDICTIONARYWDFLT
  2
AcDbDictionaryWithDefault
  3
ObjectDBX Classes
 90
0
 91
0
280
0
281
0
  0
CLASS
  1
SUN
  2
AcDbSun
  3
SCENEOE
 90
1153
 91
0
280
0
281
0
  0
CLASS
  1
VISUALSTYLE
  2
AcDbVisualStyle
  3
ObjectDBX Classes
 90
4095
 91
0
280
0
281
0
  0
CLASS
  1
MATERIAL
  2
AcDbMaterial
  3
ObjectDBX Classes
 90
1153
 91
0
280
0
281
0
  0
CLASS
  1
SCALE
  2
AcDbScale
  3
ObjectDBX Classes
 90
1153
 91
0
280
0
281
0
  0
CLASS
  1
TABLESTYLE
  2
AcDbTableStyle
  3
ObjectDBX Classes
 90
4095
 91
0
280
0
281
0
  0
CLASS
  1
MLEADERSTYLE
  2
AcDbMLeaderStyle
  3
ACDB_MLEADERSTYLE_CLASS
 90
4095
 91
0
280
0
281
0
  0
CLASS
  1
DICTIONARYVAR
  2
AcDbDictionaryVar
  3
ObjectDBX Classes
 90
0
 91
0
280
0
281
0
  0
CLASS
  1
CELLSTYLEMAP
  2
AcDbCellStyleMap
  3
ObjectDBX Classes
 90
1152
 91
0
280
0
281
0
  0
CLASS
  1
MENTALRAYRENDERSETTINGS
  2
AcDbMentalRayRenderSettings
  3
SCENEOE
 90
1024
 91
0
280
0
281
0
  0
CLASS
  1
ACDBDETAILVIEWSTYLE
  2
AcDbDetailViewStyle
  3
ObjectDBX Classes
 90
1025
 91
0
280
0
281
0
  0
CLASS
  1
ACDBSECTIONVIEWSTYLE
  2
AcDbSectionViewStyle
  3
ObjectDBX Classes
 90
1025
 91
0
280
0
281
0
  0
CLASS
  1
RASTERVARIABLES
  2
AcDbRasterVariables
  3
ISM
 90
0
 91
0
280
0
281
0
  0
CLASS
  1
ACDBPLACEHOLDER
  2
AcDbPlaceHolder
  3
ObjectDBX Classes
 90
0
 91
0
280
0
281
0
  0
CLASS
  1
LAYOUT
  2
AcDbLayout
  3
ObjectDBX Classes
 90
0
 91
0
280
0
281
0
  0
ENDSEC
  0
SECTION
  2
TABLES
  0
TABLE
  2
VPORT
  5
8
330
0
100
AcDbSymbolTable
 70
1
  0
VPORT
  5
23
330
8
100
AcDbSymbolTableRecord
100
AcDbViewportTableRecord
  2
*Active
 70
0
 10
0.0
 20
0.0
 11
1.0
 21
1.0
 12
0.0
 22
0.0
 13
0.0
 23
0.0
 14
0.5
 24
0.5
 15
0.5
 25
0.5
 16
0.0
 26
0.0
 36
1.0
 17
0.0
 27
0.0
 37
0.0
 40
1000.0
 41
1.34
 42
50.0
 43
0.0
 44
0.0
 50
0.0
 51
0.0
 71
0
 72
1000
 73
1
 74
3
 75
0
 76
0
 77
0
 78
0
281
0
 65
0
146
0.0
  0
ENDTAB
  0
TABLE
  2
LTYPE
  5
2
330
0
100
AcDbSymbolTable
 70
3
  0
LTYPE
  5
24
330
2
100
AcDbSymbolTableRecord
100
AcDbLinetypeTableRecord
  2
ByBlock
 70
0
  3

 72
65
 73
0
 40
0.0
  0
LTYPE
  5
25
330
2
100
AcDbSymbolTableRecord
100
AcDbLinetypeTableRecord
  2
ByLayer
 70
0
  3

 72
65
 73
0
 40
0.0
  0
LTYPE
  5
26
330
2
100
AcDbSymbolTableRecord
100
AcDbLinetypeTableRecord
  2
Continuous
 70
0
  3

 72
65
 73
0
 40
0.0
  0
ENDTAB
  0
TABLE
  2
LAYER
  5
1
330
0
100
AcDbSymbolTable
 70
15
  0
LAYER
  5
27
330
1
100
AcDbSymbolTableRecord
100
AcDbLayerTableRecord
  2
0
 70
0
 62
7
  6
Continuous
370
-3
390
13
347
21
  0
LAYER
  5
28
330
1
100
AcDbSymbolTableRecord
100
AcDbLayerTableRecord
  2
Defpoints
 70
0
 62
7
  6
Continuous
290
0
370
-3
390
13
347
21
  0
LAYER
  5
2F
330
1
100
AcDbSymbolTableRecord
100
AcDbLayerTableRecord
  2
1CC
 70
0
 62
1
  6
Continuous
370
-3
390
13
347
21
  0
LAYER
  5
30
330
1
100
AcDbSymbolTableRecord
100
AcDbLayerTableRecord
  2
2CC
 70
0
 62
2
  6
Continuous
370
-3
390
13
347
21
  0
LAYER
  5
31
330
1
100
AcDbSymbolTableRecord
100
AcDbLayerTableRecord
  2
CP
 70
0
 62
3
  6
Continuous
370
-3
390
13
347
21
  0
LAYER
  5
32
330
1
100
AcDbSymbolTableRecord
100
AcDbLayerTableRecord
  2
VARFURI
 70
0
 62
4
  6
Continuous
370
-3
390
13
347
21
  0
LAYER
  5
33
330
1
100
AcDbSymbolTableRecord
100
AcDbLayerTableRecord
  2
NUMERE_PCT
 70
0
 62
2
  6
Continuous
370
-3
390
13
347
21
  0
LAYER
  5
34
330
1
100
AcDbSymbolTableRecord
100
AcDbLayerTableRecord
  2
TABEL_PAD
 70
0
 62
7
  6
Continuous
370
-3
390
13
347
21
  0
LAYER
  5
35
330
1
100
AcDbSymbolTableRecord
100
AcDbLayerTableRecord
  2
CONSTRUCTII
 70
0
 62
1
  6
Continuous
370
-3
390
13
347
21
  0
LAYER
  5
36
330
1
100
AcDbSymbolTableRecord
100
AcDbLayerTableRecord
  2
ANEXE
 70
0
 62
2
  6
Continuous
370
-3
390
13
347
21
  0
LAYER
  5
37
330
1
100
AcDbSymbolTableRecord
100
AcDbLayerTableRecord
  2
PARCELE
 70
0
 62
3
  6
Continuous
370
-3
390
13
347
21
  0
LAYER
  5
38
330
1
100
AcDbSymbolTableRecord
100
AcDbLayerTableRecord
  2
GARDURI
 70
0
 62
4
  6
Continuous
370
-3
390
13
347
21
  0
LAYER
  5
39
330
1
100
AcDbSymbolTableRecord
100
AcDbLayerTableRecord
  2
ARBORI
 70
0
 62
3
  6
Continuous
370
-3
390
13
347
21
  0
LAYER
  5
3A
330
1
100
AcDbSymbolTableRecord
100
AcDbLayerTableRecord
  2
STALPI
 70
0
 62
4
  6
Continuous
370
-3
390
13
347
21
  0
LAYER
  5
3B
330
1
100
AcDbSymbolTableRecord
100
AcDbLayerTableRecord
  2
TEXTE
 70
0
 62
7
  6
Continuous
370
-3
390
13
347
21
  0
ENDTAB
  0
TABLE
  2
STYLE
  5
5
330
0
100
AcDbSymbolTable
 70
1
  0
STYLE
  5
29
330
5
100
AcDbSymbolTableRecord
100
AcDbTextStyleTableRecord
  2
Standard
 70
0
 40
0.0
 41
1.0
 50
0.0
 71
0
 42
2.5
  3
txt
  4

  0
ENDTAB
  0
TABLE
  2
VIEW
  5
7
330
0
100
AcDbSymbolTable
 70
0
  0
ENDTAB
  0
TABLE
  2
UCS
  5
6
330
0
100
AcDbSymbolTable
 70
0
  0
ENDTAB
  0
TABLE
  2
APPID
  5
3
330
0
100
AcDbSymbolTable
 70
3
  0
APPID
  5
2A
330
3
100
AcDbSymbolTableRecord
100
AcDbRegAppTableRecord
  2
ACAD
 70
0
  0
APPID
  5
D33
330
3
100
AcDbSymbolTableRecord
100
AcDbRegAppTableRecord
  2
HATCHBACKGROUNDCOLOR
 70
0
  0
APPID
  5
D34
330
3
100
AcDbSymbolTableRecord
100
AcDbRegAppTableRecord
  2
EZDXF
 70
0
  0
ENDTAB
  0
TABLE
  2
DIMSTYLE
  5
4
330
0
100
AcDbSymbolTable
 70
1
100
AcDbDimStyleTable
  0
DIMSTYLE
105
2B
330
4
100
AcDbSymbolTableRecord
100
AcDbDimStyleTableRecord
  2
Standard
 70
0
 40
1.0
 41
2.5
 42
0.625
 43
3.75
 44
1.25
 45
0.0
 46
0.0
 47
0.0
 48
0.0
 49
2.5
140
2.5
141
2.5
142
0.0
143
0.03937007874
144
1.0
145
0.0
146
1.0
147
0.625
148
0.0
 69
0
 70
0
 71
0
 72
0
 73
0
 74
0
 75
0
 76
0
 77
1
 78
8
 79
3
170
0
171
3
172
1
173
0
174
0
175
0
176
0
177
0
178
0
179
2
271
2
272
2
273
2
274
3
275
0
276
0
277
2
278
44
279
0
280
0
281
0
282
0
283
0
284
8
285
0
286
0
288
0
289
3
290
0
371
-2
372
-2
  0
ENDTAB
  0
TABLE
  2
BLOCK_RECORD
  5
9
330
0
100
AcDbSymbolTable
 70
2
  0
BLOCK_RECORD
  5
17
330
9
100
AcDbSymbolTableRecord
100
AcDbBlockTableRecord
  2
*Model_Space
340
1A
 70
0
280
1
281
0
  0
BLOCK_RECORD
  5
1B
330
9
100
AcDbSymbolTableRecord
100
AcDbBlockTableRecord
  2
*Paper_Space
340
1E
 70
0
280
1
281
0
  0
ENDTAB
  0
ENDSEC
  0
SECTION
  2
BLOCKS
  0
BLOCK
  5
18
330
17
100
AcDbEntity
  8
0
100
AcDbBlockBegin
  2
*Model_Space
 70
0
 10
0.0
 20
0.0
 30
0.0
  3
*Model_Space
  1

  0
ENDBLK
  5
19
330
17
100
AcDbEntity
  8
0
100
AcDbBlockEnd
  0
BLOCK
  5
1C
330
1B
100
AcDbEntity
  8
0
100
AcDbBlockBegin
  2
*Paper_Space
 70
0
 10
0.0
 20
0.0
 30
0.0
  3
*Paper_Space
  1

  0
ENDBLK
  5
1D
330
1B
100
AcDbEntity
  8
0
100
AcDbBlockEnd
  0
ENDSEC
  0
SECTION
  2
ENTITIES
  0
LWPOLYLINE
  5
3C
330
17
100
AcDbEntity
  8
CONSTRUCTII
 62
1
100
AcDbPolyline
 90
55
 70
1
 10
391214.147
 20
585791.955
 10
391213.547
 20
585791.655
 10
391213.547
 20
585791.055
 10
391214.147
 20
585790.905
 10
391214.147
 20
585790.155
 10
391192.547
 20
585790.155
 10
391191.797
 20
585791.355
 10
391191.797
 20
585791.805
 10
391190.747
 20
585792.555
 10
391190.597
 20
585793.155
 10
391189.847
 20
585794.055
 10
391189.547
 20
585795.855
 10
391188.047
 20
585797.655
 10
391187.897
 20
585798.405
 10
391186.847
 20
585799.455
 10
391186.247
 20
585801.105
 10
391185.197
 20
585802.155
 10
391183.547
 20
585806.805
 10
391182.647
 20
585807.405
 10
391182.047
 20
585808.455
 10
391179.497
 20
585810.705
 10
391178.147
 20
585814.755
 10
391176.797
 20
585815.805
 10
391176.347
 20
585817.155
 10
391175.147
 20
585818.355
 10
391174.697
 20
585819.705
 10
391173.347
 20
585821.355
 10
391173.047
 20
585822.705
 10
391171.247
 20
585824.205
 10
391170.797
 20
585825.405
 10
391169.447
 20
585826.605
 10
391169.297
 20
585827.055
 10
391168.247
 20
585827.655
 10
391167.947
 20
585828.555
 10
391166.297
 20
585829.905
 10
391163.297
 20
585830.205
 10
391161.797
 20
585829.755
 10
391161.347
 20
585829.005
 10
391159.697
 20
585828.705
 10
391158.647
 20
585827.805
 10
391157.897
 20
585827.655
 10
391156.697
 20
585828.105
 10
391156.247
 20
585828.705
 10
391155.047
 20
585829.005
 10
391153.95
 20
585830.205
 10
391153.95
 20
585879.255
 10
391222.397
 20
585879.255
 10
391222.397
 20
585849.105
 10
391221.797
 20
585849.855
 10
391221.797
 20
585850.605
 10
391222.247
 20
585851.505
 10
391221.647
 20
585852.705
 10
391221.497
 20
585858.105
 10
391214.147
 20
585858.105
 10
391214.147
 20
585791.955
  0
TEXT
  5
3D
330
17
100
AcDbEntity
  8
TEXTE
 62
7
100
AcDbText
 10
391189.077
 20
585842.549
 30
0.0
 40
1.5
  1
C1: 4500.4mp
 72
1
 11
391189.077
 21
585842.549
 31
0.0
100
AcDbText
 73
2
  0
LWPOLYLINE
  5
3E
330
17
100
AcDbEntity
  8
CONSTRUCTII
 62
1
100
AcDbPolyline
 90
132
 70
1
 10
391153.95
 20
585830.205
 10
391152.947
 20
585831.105
 10
391152.347
 20
585831.255
 10
391151.597
 20
585832.155
 10
391151.897
 20
585836.505
 10
391151.297
 20
585839.205
 10
391149.647
 20
585840.255
 10
391148.897
 20
585841.605
 10
391148.147
 20
585842.055
 10
391147.097
 20
585842.205
 10
391146.347
 20
585843.105
 10
391145.597
 20
585845.205
 10
391144.847
 20
585846.105
 10
391144.397
 20
585847.455
 10
391143.497
 20
585848.505
 10
391142.297
 20
585851.205
 10
391141.847
 20
585851.505
 10
391140.047
 20
585854.955
 10
391138.847
 20
585855.405
 10
391138.847
 20
585855.657
 10
391137.54
 20
585855.657
 10
391137.54
 20
585854.657
 10
391136.54
 20
585854.657
 10
391136.54
 20
585855.657
 10
391135.54
 20
585855.657
 10
391135.54
 20
585854.657
 10
391134.54
 20
585854.657
 10
391134.54
 20
585853.657
 10
391133.54
 20
585853.657
 10
391133.54
 20
585851.657
 10
391132.54
 20
585851.657
 10
391132.54
 20
585850.657
 10
391131.54
 20
585850.657
 10
391131.54
 20
585849.657
 10
391130.54
 20
585849.657
 10
391130.54
 20
585848.657
 10
391129.54
 20
585848.657
 10
391129.54
 20
585847.657
 10
391128.54
 20
585847.657
 10
391128.54
 20
585845.657
 10
391127.54
 20
585845.657
 10
391127.54
 20
585844.657
 10
391126.54
 20
585844.657
 10
391126.54
 20
585843.657
 10
391125.54
 20
585843.657
 10
391125.54
 20
585842.657
 10
391124.54
 20
585842.657
 10
391124.54
 20
585840.657
 10
391123.54
 20
585840.657
 10
391123.54
 20
585839.657
 10
391122.54
 20
585839.657
 10
391122.54
 20
585837.657
 10
391120.54
 20
585837.657
 10
391120.54
 20
585838.657
 10
391119.54
 20
585838.657
 10
391119.54
 20
585839.657
 10
391118.54
 20
585839.657
 10
391118.54
 20
585841.657
 10
391117.54
 20
585841.657
 10
391117.54
 20
585842.657
 10
391116.54
 20
585842.657
 10
391116.54
 20
585844.657
 10
391114.54
 20
585844.657
 10
391114.54
 20
585846.657
 10
391113.54
 20
585846.657
 10
391113.54
 20
585847.657
 10
391112.54
 20
585847.657
 10
391112.54
 20
585849.657
 10
391111.54
 20
585849.657
 10
391111.54
 20
585850.657
 10
391110.54
 20
585850.657
 10
391110.54
 20
585851.657
 10
391109.54
 20
585851.657
 10
391109.54
 20
585852.657
 10
391108.54
 20
585852.657
 10
391108.54
 20
585854.657
 10
391107.54
 20
585854.657
 10
391107.54
 20
585855.657
 10
391106.54
 20
585855.657
 10
391106.54
 20
585856.657
 10
391104.54
 20
585856.657
 10
391104.54
 20
585858.657
 10
391102.54
 20
585858.657
 10
391102.54
 20
585859.657
 10
391101.54
 20
585859.657
 10
391101.54
 20
585860.657
 10
391100.54
 20
585860.657
 10
391100.54
 20
585861.657
 10
391098.54
 20
585861.657
 10
391098.54
 20
585862.657
 10
391097.54
 20
585862.657
 10
391097.54
 20
585863.657
 10
391095.54
 20
585863.657
 10
391095.54
 20
585864.657
 10
391094.54
 20
585864.657
 10
391094.54
 20
585865.657
 10
391093.54
 20
585865.657
 10
391093.54
 20
585866.657
 10
391092.54
 20
585866.657
 10
391092.54
 20
585867.657
 10
391091.54
 20
585867.657
 10
391091.54
 20
585869.657
 10
391089.54
 20
585869.657
 10
391089.54
 20
585870.657
 10
391087.54
 20
585870.657
 10
391087.54
 20
585871.657
 10
391085.54
 20
585871.657
 10
391085.54
 20
585872.657
 10
391084.54
 20
585872.657
 10
391084.54
 20
585873.657
 10
391085.54
 20
585873.657
 10
391085.54
 20
585874.657
 10
391086.54
 20
585874.657
 10
391086.54
 20
585876.657
 10
391087.54
 20
585876.657
 10
391087.54
 20
585877.657
 10
391123.54
 20
585877.657
 10
391123.54
 20
585876.657
 10
391124.54
 20
585876.657
 10
391124.54
 20
585875.657
 10
391127.54
 20
585875.657
 10
391127.54
 20
585877.657
 10
391128.54
 20
585877.657
 10
391128.54
 20
585876.657
 10
391129.54
 20
585876.657
 10
391129.54
 20
585877.657
 10
391133.54
 20
585877.657
 10
391133.54
 20
585875.657
 10
391133.897
 20
585875.657
 10
391133.897
 20
585879.255
 10
391153.95
 20
585879.255
 10
391153.95
 20
585830.205
  0
TEXT
  5
3F
330
17
100
AcDbEntity
  8
TEXTE
 62
7
100
AcDbText
 10
391126.125
 20
585862.923
 30
0.0
 40
1.5
  1
C3: 1780.9mp
 72
1
 11
391126.125
 21
585862.923
 31
0.0
100
AcDbText
 73
2
  0
LWPOLYLINE
  5
40
330
17
100
AcDbEntity
  8
CONSTRUCTII
 62
1
100
AcDbPolyline
 90
95
 70
1
 10
390555.941
 20
585694.305
 10
390576.85
 20
585694.155
 10
390576.85
 20
585637.155
 10
390574.991
 20
585637.305
 10
390572.891
 20
585636.555
 10
390570.941
 20
585636.405
 10
390569.741
 20
585635.355
 10
390569.141
 20
585635.205
 10
390566.591
 20
585635.205
 10
390565.541
 20
585635.655
 10
390562.241
 20
585635.805
 10
390561.791
 20
585635.505
 10
390559.841
 20
585635.505
 10
390558.791
 20
585634.905
 10
390557.141
 20
585634.755
 10
390554.741
 20
585633.105
 10
390554.591
 20
585631.605
 10
390554.891
 20
585631.605
 10
390555.941
 20
585630.555
 10
390556.391
 20
585629.055
 10
390556.091
 20
585628.605
 10
390555.491
 20
585628.755
 10
390555.191
 20
585629.355
 10
390554.741
 20
585629.505
 10
390553.991
 20
585629.355
 10
390553.541
 20
585628.905
 10
390551.891
 20
585629.505
 10
390551.291
 20
585629.055
 10
390551.141
 20
585628.455
 10
390550.241
 20
585628.305
 10
390549.791
 20
585628.755
 10
390549.641
 20
585629.805
 10
390549.041
 20
585630.105
 10
390549.041
 20
585630.555
 10
390549.641
 20
585631.155
 10
390549.641
 20
585632.205
 10
390549.041
 20
585632.805
 10
390549.041
 20
585634.455
 10
390548.741
 20
585634.605
 10
390548.591
 20
585636.255
 10
390547.991
 20
585636.705
 10
390547.991
 20
585637.755
 10
390548.291
 20
585638.055
 10
390548.291
 20
585638.655
 10
390547.991
 20
585638.955
 10
390547.991
 20
585640.755
 10
390548.291
 20
585641.055
 10
390547.991
 20
585641.805
 10
390547.991
 20
585643.455
 10
390548.291
 20
585643.905
 10
390547.991
 20
585644.355
 10
390547.991
 20
585646.155
 10
390548.291
 20
585646.455
 10
390547.991
 20
585647.205
 10
390547.991
 20
585676.305
 10
390548.291
 20
585676.605
 10
390548.291
 20
585677.805
 10
390548.591
 20
585677.955
 10
390547.991
 20
585679.905
 10
390547.991
 20
585681.255
 10
390548.441
 20
585681.705
 10
390548.591
 20
585682.755
 10
390549.641
 20
585683.505
 10
390549.491
 20
585683.955
 10
390548.441
 20
585684.855
 10
390548.891
 20
585685.605
 10
390549.341
 20
585685.605
 10
390549.941
 20
585686.205
 10
390549.641
 20
585687.105
 10
390548.891
 20
585687.705
 10
390549.341
 20
585688.005
 10
390550.241
 20
585688.005
 10
390551.141
 20
585688.755
 10
390551.891
 20
585688.755
 10
390552.191
 20
585689.205
 10
390550.691
 20
585689.655
 10
390550.541
 20
585690.105
 10
390549.041
 20
585690.255
 10
390549.041
 20
585690.555
 10
390550.091
 20
585690.705
 10
390550.541
 20
585691.905
 10
390551.141
 20
585691.455
 10
390552.041
 20
585691.455
 10
390552.341
 20
585691.755
 10
390552.041
 20
585692.205
 10
390551.441
 20
585692.205
 10
390551.141
 20
585692.655
 10
390551.141
 20
585693.255
 10
390551.741
 20
585693.705
 10
390552.791
 20
585693.555
 10
390552.941
 20
585692.955
 10
390553.391
 20
585692.805
 10
390553.841
 20
585693.705
 10
390555.491
 20
585693.855
 10
390555.941
 20
585694.305
  0
TEXT
  5
41
330
17
100
AcDbEntity
  8
TEXTE
 62
7
100
AcDbText
 10
390562.346
 20
585663.759
 30
0.0
 40
1.5
  1
C4: 1698.9mp
 72
1
 11
390562.346
 21
585663.759
 31
0.0
100
AcDbText
 73
2
  0
LWPOLYLINE
  5
42
330
17
100
AcDbEntity
  8
CONSTRUCTII
 62
1
100
AcDbPolyline
 90
238
 70
1
 10
390581.009
 20
585693.778
 10
390582.228
 20
585693.783
 10
390582.984
 20
585692.091
 10
390583.548
 20
585691.841
 10
390583.533
 20
585695.651
 10
390586.538
 20
585695.663
 10
390586.542
 20
585694.655
 10
390587.542
 20
585694.659
 10
390587.538
 20
585695.643
 10
390594.542
 20
585695.671
 10
390594.538
 20
585696.659
 10
390593.546
 20
585696.655
 10
390593.534
 20
585699.655
 10
390594.542
 20
585699.659
 10
390594.538
 20
585700.655
 10
390595.542
 20
585700.659
 10
390595.538
 20
585701.659
 10
390594.546
 20
585701.655
 10
390594.534
 20
585704.655
 10
390595.542
 20
585704.659
 10
390595.538
 20
585705.663
 10
390592.544
 20
585705.651
 10
390592.536
 20
585707.663
 10
390589.542
 20
585707.651
 10
390589.538
 20
585708.661
 10
390587.534
 20
585708.653
 10
390587.546
 20
585705.667
 10
390582.542
 20
585705.647
 10
390582.538
 20
585706.659
 10
390581.542
 20
585706.655
 10
390581.538
 20
585707.655
 10
390582.55
 20
585707.659
 10
390582.53
 20
585712.655
 10
390583.542
 20
585712.659
 10
390583.538
 20
585713.659
 10
390582.544
 20
585713.655
 10
390582.536
 20
585715.647
 10
390587.538
 20
585715.667
 10
390587.542
 20
585714.655
 10
390588.538
 20
585714.659
 10
390588.542
 20
585713.653
 10
390590.542
 20
585713.661
 10
390590.538
 20
585714.655
 10
390591.544
 20
585714.659
 10
390591.536
 20
585716.659
 10
390590.558
 20
585716.655
 10
390590.522
 20
585725.653
 10
390592.538
 20
585725.661
 10
390592.542
 20
585724.653
 10
390594.542
 20
585724.661
 10
390594.538
 20
585725.655
 10
390595.542
 20
585725.659
 10
390595.538
 20
585726.655
 10
390596.538
 20
585726.659
 10
390596.542
 20
585725.655
 10
390597.542
 20
585725.659
 10
390597.538
 20
585726.655
 10
390598.538
 20
585726.659
 10
390598.542
 20
585725.653
 10
390600.528
 20
585725.661
 10
390600.552
 20
585719.659
 10
390599.542
 20
585719.655
 10
390599.538
 20
585720.659
 10
390598.536
 20
585720.655
 10
390598.544
 20
585718.659
 10
390597.538
 20
585718.655
 10
390597.542
 20
585717.655
 10
390598.538
 20
585717.659
 10
390598.542
 20
585716.659
 10
390597.536
 20
585716.655
 10
390597.544
 20
585714.655
 10
390598.542
 20
585714.659
 10
390598.538
 20
585715.653
 10
390600.532
 20
585715.661
 10
390600.548
 20
585711.659
 10
390599.534
 20
585711.655
 10
390599.546
 20
585708.647
 10
390604.538
 20
585708.667
 10
390604.542
 20
585707.655
 10
390605.538
 20
585707.659
 10
390605.542
 20
585706.659
 10
390604.538
 20
585706.655
 10
390604.542
 20
585705.655
 10
390605.536
 20
585705.659
 10
390605.544
 20
585703.659
 10
390604.538
 20
585703.655
 10
390604.542
 20
585702.653
 10
390606.534
 20
585702.661
 10
390606.546
 20
585699.655
 10
390607.53
 20
585699.659
 10
390607.55
 20
585694.655
 10
390608.528
 20
585694.659
 10
390608.552
 20
585688.675
 10
390599.534
 20
585688.639
 10
390599.546
 20
585685.659
 10
390598.538
 20
585685.655
 10
390598.542
 20
585684.655
 10
390599.538
 20
585684.659
 10
390599.542
 20
585683.659
 10
390598.536
 20
585683.655
 10
390598.544
 20
585681.653
 10
390600.538
 20
585681.661
 10
390600.542
 20
585680.649
 10
390604.534
 20
585680.665
 10
390604.546
 20
585677.661
 10
390602.538
 20
585677.653
 10
390602.542
 20
585676.659
 10
390601.536
 20
585676.655
 10
390601.544
 20
585674.655
 10
390602.538
 20
585674.659
 10
390602.542
 20
585673.655
 10
390603.536
 20
585673.659
 10
390603.544
 20
585671.655
 10
390604.534
 20
585671.659
 10
390604.546
 20
585668.655
 10
390605.534
 20
585668.659
 10
390605.546
 20
585665.655
 10
390606.532
 20
585665.659
 10
390606.548
 20
585661.655
 10
390607.534
 20
585661.659
 10
390607.546
 20
585658.655
 10
390608.534
 20
585658.659
 10
390608.546
 20
585655.659
 10
390607.534
 20
585655.655
 10
390607.546
 20
585652.659
 10
390606.536
 20
585652.655
 10
390606.544
 20
585650.655
 10
390607.542
 20
585650.659
 10
390607.538
 20
585651.655
 10
390608.542
 20
585651.659
 10
390608.538
 20
585652.655
 10
390609.544
 20
585652.659
 10
390609.536
 20
585654.655
 10
390610.542
 20
585654.659
 10
390610.538
 20
585655.655
 10
390611.542
 20
585655.659
 10
390611.538
 20
585656.655
 10
390612.536
 20
585656.659
 10
390612.544
 20
585654.655
 10
390613.53
 20
585654.659
 10
390613.55
 20
585649.659
 10
390612.538
 20
585649.655
 10
390612.542
 20
585648.659
 10
390611.544
 20
585648.655
 10
390611.536
 20
585650.659
 10
390610.538
 20
585650.655
 10
390610.542
 20
585649.659
 10
390609.536
 20
585649.655
 10
390609.544
 20
585647.659
 10
390608.538
 20
585647.655
 10
390608.542
 20
585646.661
 10
390606.538
 20
585646.653
 10
390606.542
 20
585645.663
 10
390603.546
 20
585645.651
 10
390603.534
 20
585648.659
 10
390602.538
 20
585648.655
 10
390602.542
 20
585647.661
 10
390600.538
 20
585647.653
 10
390600.542
 20
585646.659
 10
390599.542
 20
585646.655
 10
390599.538
 20
585647.659
 10
390598.538
 20
585647.655
 10
390598.542
 20
585646.661
 10
390596.53
 20
585646.653
 10
390596.55
 20
585641.661
 10
390594.538
 20
585641.653
 10
390594.542
 20
585640.661
 10
390592.544
 20
585640.653
 10
390592.536
 20
585642.659
 10
390591.534
 20
585642.655
 10
390591.546
 20
585639.661
 10
390589.538
 20
585639.653
 10
390589.542
 20
585638.659
 10
390588.544
 20
585638.655
 10
390588.536
 20
585640.659
 10
390587.554
 20
585640.655
 10
390587.526
 20
585647.659
 10
390586.546
 20
585647.655
 10
390586.534
 20
585650.655
 10
390587.542
 20
585650.659
 10
390587.538
 20
585651.653
 10
390589.542
 20
585651.661
 10
390589.538
 20
585652.651
 10
390592.538
 20
585652.663
 10
390592.542
 20
585651.653
 10
390594.536
 20
585651.661
 10
390594.544
 20
585649.655
 10
390595.536
 20
585649.659
 10
390595.544
 20
585647.655
 10
390596.546
 20
585647.659
 10
390596.534
 20
585650.659
 10
390595.546
 20
585650.655
 10
390595.534
 20
585653.659
 10
390594.552
 20
585653.655
 10
390594.528
 20
585659.659
 10
390593.548
 20
585659.655
 10
390593.532
 20
585663.659
 10
390592.544
 20
585663.655
 10
390592.536
 20
585665.655
 10
390593.542
 20
585665.659
 10
390593.538
 20
585666.655
 10
390594.538
 20
585666.659
 10
390594.542
 20
585665.655
 10
390595.542
 20
585665.659
 10
390595.538
 20
585666.651
 10
390598.546
 20
585666.663
 10
390598.534
 20
585669.659
 10
390597.544
 20
585669.655
 10
390597.536
 20
585671.659
 10
390596.538
 20
585671.655
 10
390596.542
 20
585670.663
 10
390593.538
 20
585670.651
 10
390593.542
 20
585669.659
 10
390592.542
 20
585669.655
 10
390592.538
 20
585670.659
 10
390591.538
 20
585670.655
 10
390591.542
 20
585669.663
 10
390588.546
 20
585669.651
 10
390588.534
 20
585672.655
 10
390589.542
 20
585672.659
 10
390589.538
 20
585673.659
 10
390588.546
 20
585673.655
 10
390588.534
 20
585676.651
 10
390591.55
 20
585676.663
 10
390591.53
 20
585681.655
 10
390592.542
 20
585681.659
 10
390592.538
 20
585682.661
 10
390590.538
 20
585682.653
 10
390590.542
 20
585681.668
 10
390584.959
 20
585681.646
 10
390585.123
 20
585639.975
 10
390581.594
 20
585639.241
 10
390577.68
 20
585637.156
 10
390576.962
 20
585637.153
 10
390576.85
 20
585665.655
 10
390576.85
 20
585694.076
 10
390580.898
 20
585694.092
 10
390581.009
 20
585693.778
  0
TEXT
  5
43
330
17
100
AcDbEntity
  8
TEXTE
 62
7
100
AcDbText
 10
390592.53
 20
585677.971
 30
0.0
 40
1.5
  1
C5: 1647.1mp
 72
1
 11
390592.53
 21
585677.971
 31
0.0
100
AcDbText
 73
2
  0
LWPOLYLINE
  5
44
330
17
100
AcDbEntity
  8
CONSTRUCTII
 62
1
100
AcDbPolyline
 90
134
 70
1
 10
391141.397
 20
585652.305
 10
391145.447
 20
585652.305
 10
391145.447
 20
585651.405
 10
391145.297
 20
585651.105
 10
391143.947
 20
585650.955
 10
391142.897
 20
585649.605
 10
391143.047
 20
585649.005
 10
391143.947
 20
585648.255
 10
391143.797
 20
585647.505
 10
391142.597
 20
585646.605
 10
391140.497
 20
585646.305
 10
391140.047
 20
585645.405
 10
391139.447
 20
585645.405
 10
391139.597
 20
585645.105
 10
391140.497
 20
585644.805
 10
391140.797
 20
585643.905
 10
391139.447
 20
585643.755
 10
391138.997
 20
585644.205
 10
391138.847
 20
585639.855
 10
391139.897
 20
585639.255
 10
391141.397
 20
585639.255
 10
391141.397
 20
585639.855
 10
391141.697
 20
585640.155
 10
391144.097
 20
585639.855
 10
391145.897
 20
585640.155
 10
391146.197
 20
585639.855
 10
391146.047
 20
585637.155
 10
391147.097
 20
585635.955
 10
391146.947
 20
585632.655
 10
391147.697
 20
585631.305
 10
391148.447
 20
585628.755
 10
391149.047
 20
585628.755
 10
391149.197
 20
585629.055
 10
391150.097
 20
585629.355
 10
391151.597
 20
585629.355
 10
391152.197
 20
585629.055
 10
391152.347
 20
585628.605
 10
391153.097
 20
585628.605
 10
391153.847
 20
585628.905
 10
391154.297
 20
585629.505
 10
391155.197
 20
585629.805
 10
391156.097
 20
585629.205
 10
391157.747
 20
585626.055
 10
391158.047
 20
585624.405
 10
391158.797
 20
585623.355
 10
391158.947
 20
585622.005
 10
391159.397
 20
585621.105
 10
391158.797
 20
585619.455
 10
391158.197
 20
585618.855
 10
391156.547
 20
585618.555
 10
391155.947
 20
585619.455
 10
391155.647
 20
585619.455
 10
391153.847
 20
585621.255
 10
391152.347
 20
585621.555
 10
391151.147
 20
585621.105
 10
391148.447
 20
585620.955
 10
391147.547
 20
585620.055
 10
391145.897
 20
585617.355
 10
391142.897
 20
585617.055
 10
391139.897
 20
585615.05
 10
391138.247
 20
585615.105
 10
391136.297
 20
585618.855
 10
391135.697
 20
585619.005
 10
391134.947
 20
585619.905
 10
391134.347
 20
585619.905
 10
391134.047
 20
585619.605
 10
391134.047
 20
585619.155
 10
391133.147
 20
585618.555
 10
391132.997
 20
585617.655
 10
391132.397
 20
585617.205
 10
391131.497
 20
585617.055
 10
391131.047
 20
585616.605
 10
391129.097
 20
585616.305
 10
391126.697
 20
585616.155
 10
391124.897
 20
585616.455
 10
391124.447
 20
585616.155
 10
391124.147
 20
585615.105
 10
391123.397
 20
585615.255
 10
391122.797
 20
585616.005
 10
391121.297
 20
585615.855
 10
391120.697
 20
585615.255
 10
391117.997
 20
585615.255
 10
391117.697
 20
585615.05
 10
391090.397
 20
585615.105
 10
391089.647
 20
585617.955
 10
391088.747
 20
585618.855
 10
391087.697
 20
585622.905
 10
391086.647
 20
585624.705
 10
391086.047
 20
585626.505
 10
391085.747
 20
585628.755
 10
391085.297
 20
585629.955
 10
391085.747
 20
585631.755
 10
391087.397
 20
585632.355
 10
391091.147
 20
585632.655
 10
391091.897
 20
585633.255
 10
391094.897
 20
585634.005
 10
391095.947
 20
585634.755
 10
391098.047
 20
585635.055
 10
391100.447
 20
585636.105
 10
391101.797
 20
585636.255
 10
391103.597
 20
585637.455
 10
391107.497
 20
585638.355
 10
391108.097
 20
585638.955
 10
391109.147
 20
585639.255
 10
391109.897
 20
585639.855
 10
391112.597
 20
585640.905
 10
391115.897
 20
585640.905
 10
391117.097
 20
585642.105
 10
391118.597
 20
585641.955
 10
391118.897
 20
585642.705
 10
391119.497
 20
585642.855
 10
391119.647
 20
585643.155
 10
391122.947
 20
585644.205
 10
391123.847
 20
585644.205
 10
391124.897
 20
585644.955
 10
391126.847
 20
585645.555
 10
391128.047
 20
585646.305
 10
391129.547
 20
585646.455
 10
391130.297
 20
585647.055
 10
391132.397
 20
585647.505
 10
391134.797
 20
585648.705
 10
391136.147
 20
585648.705
 10
391137.647
 20
585649.305
 10
391139.297
 20
585649.455
 10
391140.047
 20
585647.205
 10
391140.347
 20
585646.905
 10
391141.247
 20
585647.055
 10
391142.147
 20
585647.655
 10
391142.147
 20
585648.105
 10
391141.697
 20
585648.255
 10
391140.797
 20
585649.455
 10
391140.797
 20
585650.805
 10
391141.247
 20
585651.255
 10
391141.397
 20
585652.305
  0
TEXT
  5
45
330
17
100
AcDbEntity
  8
TEXTE
 62
7
100
AcDbText
 10
391121.621
 20
585628.753
 30
0.0
 40
1.5
  1
C6: 1592.4mp
 72
1
 11
391121.621
 21
585628.753
 31
0.0
100
AcDbText
 73
2
  0
LWPOLYLINE
  5
46
330
17
100
AcDbEntity
  8
CONSTRUCTII
 62
1
100
AcDbPolyline
 90
117
 70
1
 10
390876.641
 20
585532.46
 10
390878.891
 20
585532.01
 10
390878.891
 20
585516.86
 10
390877.991
 20
585516.86
 10
390875.591
 20
585516.11
 10
390874.391
 20
585515.36
 10
390872.741
 20
585515.06
 10
390871.241
 20
585514.46
 10
390870.041
 20
585513.41
 10
390865.841
 20
585512.21
 10
390864.641
 20
585511.46
 10
390862.391
 20
585510.86
 10
390860.891
 20
585510.11
 10
390860.591
 20
585509.66
 10
390859.391
 20
585509.51
 10
390855.191
 20
585507.71
 10
390852.341
 20
585506.96
 10
390850.841
 20
585505.91
 10
390849.491
 20
585505.76
 10
390847.991
 20
585505.16
 10
390842.741
 20
585502.61
 10
390841.541
 20
585502.46
 10
390840.041
 20
585501.41
 10
390838.241
 20
585501.11
 10
390837.341
 20
585500.36
 10
390835.841
 20
585499.76
 10
390833.891
 20
585499.31
 10
390831.941
 20
585498.41
 10
390828.491
 20
585497.81
 10
390825.641
 20
585496.01
 10
390823.841
 20
585495.56
 10
390822.341
 20
585494.66
 10
390821.291
 20
585494.51
 10
390819.191
 20
585493.61
 10
390818.141
 20
585492.56
 10
390816.791
 20
585492.56
 10
390814.091
 20
585491.81
 10
390808.391
 20
585488.21
 10
390806.741
 20
585487.91
 10
390804.341
 20
585486.71
 10
390802.391
 20
585486.11
 10
390801.491
 20
585484.01
 10
390799.541
 20
585482.66
 10
390797.591
 20
585482.36
 10
390796.091
 20
585482.81
 10
390792.791
 20
585482.21
 10
390791.291
 20
585481.61
 10
390790.991
 20
585481.16
 10
390789.491
 20
585481.31
 10
390788.741
 20
585482.06
 10
390788.291
 20
585483.41
 10
390787.541
 20
585484.16
 10
390787.391
 20
585484.91
 10
390786.491
 20
585485.51
 10
390786.191
 20
585487.01
 10
390785.141
 20
585489.26
 10
390784.991
 20
585491.36
 10
390783.941
 20
585494.66
 10
390784.091
 20
585496.46
 10
390785.441
 20
585497.51
 10
390786.641
 20
585497.81
 10
390787.841
 20
585498.56
 10
390790.541
 20
585499.16
 10
390794.741
 20
585501.26
 10
390799.691
 20
585502.91
 10
390801.941
 20
585504.26
 10
390804.641
 20
585504.86
 10
390806.891
 20
585506.21
 10
390810.041
 20
585507.11
 10
390811.241
 20
585507.86
 10
390812.741
 20
585508.16
 10
390813.641
 20
585507.86
 10
390814.091
 20
585507.26
 10
390815.441
 20
585507.11
 10
390816.041
 20
585507.41
 10
390816.191
 20
585508.76
 10
390816.641
 20
585509.06
 10
390817.241
 20
585508.91
 10
390817.841
 20
585508.31
 10
390819.941
 20
585508.76
 10
390820.241
 20
585509.21
 10
390820.991
 20
585509.36
 10
390822.191
 20
585510.41
 10
390823.691
 20
585510.41
 10
390823.841
 20
585510.71
 10
390825.191
 20
585510.86
 10
390827.141
 20
585511.91
 10
390827.741
 20
585511.91
 10
390828.791
 20
585512.51
 10
390829.241
 20
585513.41
 10
390829.841
 20
585513.86
 10
390830.441
 20
585513.86
 10
390832.841
 20
585515.06
 10
390834.791
 20
585515.51
 10
390838.391
 20
585517.46
 10
390842.891
 20
585518.96
 10
390845.441
 20
585520.46
 10
390848.741
 20
585521.06
 10
390849.491
 20
585521.66
 10
390850.991
 20
585521.96
 10
390852.041
 20
585522.86
 10
390854.891
 20
585523.91
 10
390856.391
 20
585524.06
 10
390857.141
 20
585524.81
 10
390858.791
 20
585525.56
 10
390859.691
 20
585525.71
 10
390860.291
 20
585526.16
 10
390862.541
 20
585526.46
 10
390863.141
 20
585527.06
 10
390864.041
 20
585527.21
 10
390865.541
 20
585528.26
 10
390867.491
 20
585528.56
 10
390868.541
 20
585529.46
 10
390870.491
 20
585529.91
 10
390873.941
 20
585531.71
 10
390875.891
 20
585531.86
 10
390876.641
 20
585532.46
  0
TEXT
  5
47
330
17
100
AcDbEntity
  8
TEXTE
 62
7
100
AcDbText
 10
390831.093
 20
585506.34
 30
0.0
 40
1.5
  1
C7: 1547.2mp
 72
1
 11
390831.093
 21
585506.34
 31
0.0
100
AcDbText
 73
2
  0
LWPOLYLINE
  5
48
330
17
100
AcDbEntity
  8
CONSTRUCTII
 62
1
100
AcDbPolyline
 90
139
 70
1
 10
390850.841
 20
585451.2
 10
390851.141
 20
585450.41
 10
390850.841
 20
585448.61
 10
390851.591
 20
585447.56
 10
390852.491
 20
585447.26
 10
390853.991
 20
585447.41
 10
390854.891
 20
585450.41
 10
390855.791
 20
585450.41
 10
390857.141
 20
585449.66
 10
390859.691
 20
585449.96
 10
390860.141
 20
585450.26
 10
390861.941
 20
585450.26
 10
390862.541
 20
585449.36
 10
390862.991
 20
585447.11
 10
390864.641
 20
585446.51
 10
390865.241
 20
585444.71
 10
390866.291
 20
585443.36
 10
390866.441
 20
585441.86
 10
390868.091
 20
585439.01
 10
390868.391
 20
585436.16
 10
390867.641
 20
585435.11
 10
390864.191
 20
585433.91
 10
390862.241
 20
585432.56
 10
390860.291
 20
585432.11
 10
390859.241
 20
585431.36
 10
390857.891
 20
585431.06
 10
390858.191
 20
585430.16
 10
390859.091
 20
585429.71
 10
390858.641
 20
585428.06
 10
390859.391
 20
585427.31
 10
390860.141
 20
585427.01
 10
390859.841
 20
585426.56
 10
390859.691
 20
585425.21
 10
390859.091
 20
585424.46
 10
390855.941
 20
585425.51
 10
390854.741
 20
585427.61
 10
390854.591
 20
585429.11
 10
390853.541
 20
585429.56
 10
390852.191
 20
585428.66
 10
390850.691
 20
585428.36
 10
390849.791
 20
585427.46
 10
390847.991
 20
585426.56
 10
390845.141
 20
585425.96
 10
390843.791
 20
585425.21
 10
390838.841
 20
585423.86
 10
390838.391
 20
585423.41
 10
390836.891
 20
585422.81
 10
390835.991
 20
585421.91
 10
390834.641
 20
585421.46
 10
390834.941
 20
585420.41
 10
390835.991
 20
585420.26
 10
390835.991
 20
585419.96
 10
390835.091
 20
585419.66
 10
390834.641
 20
585418.16
 10
390834.191
 20
585418.46
 10
390834.041
 20
585419.96
 10
390833.291
 20
585420.11
 10
390832.991
 20
585420.56
 10
390831.491
 20
585420.56
 10
390830.291
 20
585419.81
 10
390828.941
 20
585419.66
 10
390826.391
 20
585418.46
 10
390823.391
 20
585417.56
 10
390821.141
 20
585416.06
 10
390819.491
 20
585415.76
 10
390819.041
 20
585415.16
 10
390817.241
 20
585414.41
 10
390811.241
 20
585412.91
 10
390810.041
 20
585412.31
 10
390808.691
 20
585412.16
 10
390807.491
 20
585413.66
 10
390807.191
 20
585415.76
 10
390806.441
 20
585414.86
 10
390805.841
 20
585414.86
 10
390805.541
 20
585415.16
 10
390804.641
 20
585417.41
 10
390803.891
 20
585417.86
 10
390803.891
 20
585419.06
 10
390803.591
 20
585419.81
 10
390803.141
 20
585419.96
 10
390802.991
 20
585421.61
 10
390802.241
 20
585422.81
 10
390801.941
 20
585424.16
 10
390800.591
 20
585425.21
 10
390799.841
 20
585425.21
 10
390799.466
 20
585424.76
 10
390799.466
 20
585430.16
 10
390799.841
 20
585430.16
 10
390799.991
 20
585430.46
 10
390800.141
 20
585432.41
 10
390805.091
 20
585433.16
 10
390805.541
 20
585433.46
 10
390807.791
 20
585433.46
 10
390808.541
 20
585434.06
 10
390808.991
 20
585433.61
 10
390810.191
 20
585433.46
 10
390810.491
 20
585434.06
 10
390810.191
 20
585434.81
 10
390809.741
 20
585435.11
 10
390813.191
 20
585435.86
 10
390813.791
 20
585436.61
 10
390813.941
 20
585437.36
 10
390814.991
 20
585437.51
 10
390816.641
 20
585438.41
 10
390818.291
 20
585438.41
 10
390819.341
 20
585439.16
 10
390820.241
 20
585438.86
 10
390822.341
 20
585439.01
 10
390823.541
 20
585438.71
 10
390824.141
 20
585439.01
 10
390824.141
 20
585439.61
 10
390823.691
 20
585440.06
 10
390822.191
 20
585439.76
 10
390821.741
 20
585440.21
 10
390821.591
 20
585440.81
 10
390822.191
 20
585441.41
 10
390823.991
 20
585441.11
 10
390824.891
 20
585441.56
 10
390826.541
 20
585441.56
 10
390827.591
 20
585441.86
 10
390829.091
 20
585441.71
 10
390829.091
 20
585442.46
 10
390827.741
 20
585442.76
 10
390827.591
 20
585443.51
 10
390832.091
 20
585444.26
 10
390832.691
 20
585444.56
 10
390833.141
 20
585445.91
 10
390834.641
 20
585445.91
 10
390834.791
 20
585447.56
 10
390833.891
 20
585448.61
 10
390833.291
 20
585451.2
 10
390840.791
 20
585451.2
 10
390841.241
 20
585449.06
 10
390842.141
 20
585449.21
 10
390843.191
 20
585449.96
 10
390843.191
 20
585450.26
 10
390842.741
 20
585450.41
 10
390842.141
 20
585451.2
 10
390850.841
 20
585451.2
  0
TEXT
  5
49
330
17
100
AcDbEntity
  8
TEXTE
 62
7
100
AcDbText
 10
390833.815
 20
585433.016
 30
0.0
 40
1.5
  1
C8: 1461.0mp
 72
1
 11
390833.815
 21
585433.016
 31
0.0
100
AcDbText
 73
2
  0
LWPOLYLINE
  5
4A
330
17
100
AcDbEntity
  8
CONSTRUCTII
 62
1
100
AcDbPolyline
 90
128
 70
1
 10
390990.6
 20
585773.205
 10
390989.897
 20
585772.305
 10
390987.947
 20
585771.705
 10
390987.197
 20
585770.805
 10
390985.547
 20
585770.505
 10
390983.447
 20
585769.305
 10
390982.247
 20
585769.005
 10
390981.647
 20
585768.405
 10
390979.547
 20
585767.805
 10
390978.497
 20
585766.905
 10
390977.447
 20
585766.605
 10
390976.247
 20
585765.405
 10
390973.547
 20
585765.405
 10
390973.397
 20
585766.905
 10
390972.797
 20
585767.505
 10
390971.897
 20
585769.455
 10
390971.747
 20
585772.455
 10
390970.247
 20
585774.555
 10
390969.197
 20
585775.455
 10
390968.597
 20
585776.655
 10
390966.797
 20
585777.405
 10
390966.647
 20
585780.405
 10
390966.197
 20
585781.905
 10
390965.747
 20
585782.805
 10
390965.297
 20
585783.105
 10
390964.697
 20
585784.905
 10
390963.347
 20
585785.955
 10
390963.347
 20
585788.805
 10
390963.047
 20
585788.955
 10
390962.297
 20
585790.905
 10
390961.547
 20
585791.505
 10
390961.547
 20
585791.955
 10
390960.947
 20
585792.855
 10
390960.947
 20
585794.205
 10
390960.197
 20
585795.405
 10
390959.747
 20
585796.905
 10
390959.297
 20
585797.205
 10
390958.997
 20
585798.255
 10
390957.947
 20
585799.005
 10
390957.647
 20
585800.055
 10
390956.747
 20
585800.805
 10
390955.997
 20
585803.205
 10
390954.647
 20
585803.055
 10
390954.197
 20
585803.655
 10
390954.347
 20
585804.405
 10
390954.797
 20
585804.855
 10
390954.647
 20
585805.305
 10
390954.047
 20
585805.605
 10
390953.747
 20
585806.355
 10
390953.897
 20
585807.255
 10
390954.347
 20
585807.705
 10
390954.347
 20
585810.105
 10
390955.247
 20
585810.855
 10
390956.297
 20
585810.855
 10
390956.897
 20
585811.155
 10
390958.847
 20
585812.655
 10
390961.547
 20
585813.105
 10
390963.497
 20
585814.305
 10
390964.247
 20
585814.455
 10
390964.397
 20
585815.055
 10
390963.047
 20
585815.955
 10
390960.047
 20
585815.955
 10
390958.247
 20
585815.355
 10
390957.497
 20
585814.605
 10
390955.997
 20
585814.905
 10
390955.997
 20
585813.255
 10
390955.097
 20
585812.805
 10
390953.447
 20
585814.455
 10
390951.947
 20
585815.355
 10
390951.947
 20
585818.355
 10
390953.447
 20
585818.205
 10
390953.447
 20
585817.905
 10
390954.197
 20
585817.455
 10
390956.147
 20
585816.855
 10
390956.597
 20
585817.455
 10
390958.547
 20
585818.055
 10
390958.697
 20
585818.805
 10
390959.897
 20
585818.955
 10
390960.047
 20
585819.255
 10
390961.247
 20
585819.255
 10
390961.397
 20
585820.155
 10
390962.297
 20
585820.305
 10
390962.747
 20
585820.755
 10
390962.897
 20
585821.505
 10
390964.397
 20
585822.105
 10
390965.147
 20
585821.505
 10
390965.297
 20
585820.455
 10
390965.597
 20
585820.455
 10
390965.747
 20
585817.755
 10
390965.597
 20
585817.305
 10
390965.297
 20
585817.305
 10
390964.097
 20
585818.055
 10
390963.797
 20
585817.305
 10
390964.697
 20
585817.005
 10
390964.847
 20
585815.955
 10
390965.297
 20
585815.655
 10
390966.947
 20
585815.955
 10
390967.097
 20
585815.505
 10
390967.997
 20
585814.755
 10
390968.297
 20
585813.705
 10
390968.897
 20
585814.005
 10
390968.897
 20
585814.605
 10
390969.197
 20
585814.755
 10
390970.547
 20
585814.755
 10
390971.297
 20
585814.155
 10
390972.647
 20
585814.155
 10
390973.247
 20
585814.605
 10
390975.197
 20
585814.905
 10
390976.247
 20
585815.505
 10
390976.397
 20
585815.955
 10
390978.197
 20
585816.555
 10
390980.747
 20
585816.705
 10
390981.347
 20
585815.955
 10
390982.247
 20
585812.055
 10
390983.447
 20
585811.305
 10
390984.047
 20
585810.105
 10
390985.547
 20
585809.205
 10
390985.997
 20
585808.155
 10
390987.497
 20
585808.455
 10
390987.947
 20
585809.205
 10
390988.697
 20
585809.355
 10
390990.047
 20
585810.705
 10
390990.6
 20
585810.855
 10
390990.6
 20
585798.405
 10
390989.897
 20
585798.255
 10
390990.047
 20
585797.505
 10
390990.6
 20
585797.505
 10
390990.6
 20
585773.205
  0
TEXT
  5
4B
330
17
100
AcDbEntity
  8
TEXTE
 62
7
100
AcDbText
 10
390974.737
 20
585794.564
 30
0.0
 40
1.5
  1
C9: 1325.1mp
 72
1
 11
390974.737
 21
585794.564
 31
0.0
100
AcDbText
 73
2
  0
LWPOLYLINE
  5
4C
330
17
100
AcDbEntity
  8
CONSTRUCTII
 62
1
100
AcDbPolyline
 90
132
 70
1
 10
390799.466
 20
585426.05
 10
390799.241
 20
585423.26
 10
390798.641
 20
585422.66
 10
390797.741
 20
585422.51
 10
390797.141
 20
585421.76
 10
390797.591
 20
585419.66
 10
390799.091
 20
585419.66
 10
390799.466
 20
585419.36
 10
390799.466
 20
585415.46
 10
390798.941
 20
585415.31
 10
390798.941
 20
585415.01
 10
390798.491
 20
585414.71
 10
390798.941
 20
585414.26
 10
390799.466
 20
585414.26
 10
390799.466
 20
585409.76
 10
390797.441
 20
585409.76
 10
390796.541
 20
585408.26
 10
390794.891
 20
585408.41
 10
390793.691
 20
585406.91
 10
390792.941
 20
585406.76
 10
390792.491
 20
585406.31
 10
390789.191
 20
585406.01
 10
390788.141
 20
585405.26
 10
390786.641
 20
585405.26
 10
390785.591
 20
585404.21
 10
390783.941
 20
585404.36
 10
390783.791
 20
585403.76
 10
390782.741
 20
585402.86
 10
390780.641
 20
585402.56
 10
390780.041
 20
585401.96
 10
390778.691
 20
585402.71
 10
390777.641
 20
585402.56
 10
390777.341
 20
585402.26
 10
390776.141
 20
585402.56
 10
390774.941
 20
585402.11
 10
390772.991
 20
585402.26
 10
390771.791
 20
585399.86
 10
390770.291
 20
585399.86
 10
390769.241
 20
585398.96
 10
390767.591
 20
585398.96
 10
390766.241
 20
585397.76
 10
390764.741
 20
585397.61
 10
390763.691
 20
585397.01
 10
390762.191
 20
585396.71
 10
390761.441
 20
585395.96
 10
390759.491
 20
585395.51
 10
390758.141
 20
585394.61
 10
390755.741
 20
585394.46
 10
390753.791
 20
585395.06
 10
390753.041
 20
585396.26
 10
390752.291
 20
585396.26
 10
390752.141
 20
585395.96
 10
390751.241
 20
585395.66
 10
390750.641
 20
585394.61
 10
390750.041
 20
585394.16
 10
390748.691
 20
585394.01
 10
390747.641
 20
585393.41
 10
390745.841
 20
585393.11
 10
390745.691
 20
585392.81
 10
390744.341
 20
585392.66
 10
390743.441
 20
585392.21
 10
390742.691
 20
585392.36
 10
390741.491
 20
585394.16
 10
390738.791
 20
585395.36
 10
390738.341
 20
585397.01
 10
390737.291
 20
585398.21
 10
390736.691
 20
585401.06
 10
390735.491
 20
585403.61
 10
390735.491
 20
585405.11
 10
390735.941
 20
585405.71
 10
390737.141
 20
585406.31
 10
390739.091
 20
585406.46
 10
390738.341
 20
585407.21
 10
390738.341
 20
585407.81
 10
390738.941
 20
585407.96
 10
390739.691
 20
585408.86
 10
390739.241
 20
585411.11
 10
390739.241
 20
585412.76
 10
390739.691
 20
585413.36
 10
390741.491
 20
585413.66
 10
390742.391
 20
585413.36
 10
390742.841
 20
585412.01
 10
390742.841
 20
585410.36
 10
390743.591
 20
585410.06
 10
390744.191
 20
585409.01
 10
390744.791
 20
585409.01
 10
390745.091
 20
585409.46
 10
390746.141
 20
585409.76
 10
390747.041
 20
585410.51
 10
390750.191
 20
585411.26
 10
390751.241
 20
585412.01
 10
390752.591
 20
585411.71
 10
390752.741
 20
585412.46
 10
390752.291
 20
585412.91
 10
390752.291
 20
585413.36
 10
390754.241
 20
585413.21
 10
390756.791
 20
585414.11
 10
390757.841
 20
585414.11
 10
390758.591
 20
585414.41
 10
390759.341
 20
585415.16
 10
390763.841
 20
585416.66
 10
390764.291
 20
585417.11
 10
390764.291
 20
585418.76
 10
390763.841
 20
585420.11
 10
390763.241
 20
585420.86
 10
390763.091
 20
585421.61
 10
390761.891
 20
585423.11
 10
390761.291
 20
585426.05
 10
390775.091
 20
585426.05
 10
390775.691
 20
585424.01
 10
390776.141
 20
585423.71
 10
390776.291
 20
585422.81
 10
390777.041
 20
585421.91
 10
390777.791
 20
585420.11
 10
390778.541
 20
585419.51
 10
390779.441
 20
585419.36
 10
390780.041
 20
585419.36
 10
390780.791
 20
585419.96
 10
390780.791
 20
585421.76
 10
390781.691
 20
585422.21
 10
390782.891
 20
585422.36
 10
390784.091
 20
585423.26
 10
390785.441
 20
585423.56
 10
390786.791
 20
585424.91
 10
390787.991
 20
585425.36
 10
390789.941
 20
585425.51
 10
390790.841
 20
585426.05
 10
390794.891
 20
585426.05
 10
390795.491
 20
585425.21
 10
390796.391
 20
585424.61
 10
390796.991
 20
585426.05
 10
390799.466
 20
585426.05
  0
TEXT
  5
4D
330
17
100
AcDbEntity
  8
TEXTE
 62
7
100
AcDbText
 10
390768.542
 20
585409.964
 30
0.0
 40
1.5
  1
C10: 1231.8mp
 72
1
 11
390768.542
 21
585409.964
 31
0.0
100
AcDbText
 73
2
  0
LWPOLYLINE
  5
4E
330
17
100
AcDbEntity
  8
CONSTRUCTII
 62
1
100
AcDbPolyline
 90
53
 70
1
 10
390741.341
 20
585607.155
 10
390742.541
 20
585607.155
 10
390743.141
 20
585606.855
 10
390743.591
 20
585605.055
 10
390744.491
 20
585603.705
 10
390744.791
 20
585602.205
 10
390745.241
 20
585601.755
 10
390745.391
 20
585600.855
 10
390745.841
 20
585600.405
 10
390746.741
 20
585597.855
 10
390747.341
 20
585597.105
 10
390748.091
 20
585594.405
 10
390749.141
 20
585592.455
 10
390749.441
 20
585591.255
 10
390749.891
 20
585590.805
 10
390750.191
 20
585589.155
 10
390751.541
 20
585586.455
 10
390752.141
 20
585584.055
 10
390753.041
 20
585582.555
 10
390753.041
 20
585569.355
 10
390751.541
 20
585569.055
 10
390747.191
 20
585566.955
 10
390744.341
 20
585566.205
 10
390741.941
 20
585565.155
 10
390741.491
 20
585564.705
 10
390739.541
 20
585564.105
 10
390720.491
 20
585564.105
 10
390716.891
 20
585573.105
 10
390716.891
 20
585583.605
 10
390717.341
 20
585583.755
 10
390717.341
 20
585584.205
 10
390716.891
 20
585584.355
 10
390716.891
 20
585593.655
 10
390717.791
 20
585593.955
 10
390718.391
 20
585595.005
 10
390720.041
 20
585594.705
 10
390720.491
 20
585595.155
 10
390721.241
 20
585597.405
 10
390721.991
 20
585597.105
 10
390722.741
 20
585597.255
 10
390722.591
 20
585598.905
 10
390725.891
 20
585599.505
 10
390726.341
 20
585599.805
 10
390726.491
 20
585600.405
 10
390727.391
 20
585600.555
 10
390728.441
 20
585601.305
 10
390733.391
 20
585602.655
 10
390735.041
 20
585604.305
 10
390737.741
 20
585605.205
 10
390738.191
 20
585605.805
 10
390738.941
 20
585606.105
 10
390740.741
 20
585606.555
 10
390741.341
 20
585607.155
  0
TEXT
  5
4F
330
17
100
AcDbEntity
  8
TEXTE
 62
7
100
AcDbText
 10
390734.552
 20
585582.979
 30
0.0
 40
1.5
  1
C12: 1227.3mp
 72
1
 11
390734.552
 21
585582.979
 31
0.0
100
AcDbText
 73
2
  0
LWPOLYLINE
  5
50
330
17
100
AcDbEntity
  8
CONSTRUCTII
 62
1
100
AcDbPolyline
 90
126
 70
1
 10
390911.747
 20
585581.75
 10
390912.197
 20
585581.355
 10
390912.347
 20
585580.755
 10
390912.54
 20
585580.755
 10
390912.54
 20
585581.657
 10
390917.597
 20
585581.75
 10
390917.747
 20
585580.905
 10
390917.54
 20
585580.657
 10
390918.54
 20
585580.657
 10
390918.54
 20
585579.657
 10
390919.54
 20
585579.657
 10
390919.54
 20
585577.657
 10
390918.54
 20
585577.657
 10
390918.54
 20
585574.657
 10
390917.54
 20
585574.657
 10
390917.54
 20
585572.657
 10
390918.54
 20
585572.657
 10
390918.54
 20
585571.657
 10
390915.797
 20
585571.657
 10
390915.797
 20
585571.455
 10
390916.247
 20
585570.405
 10
390917.597
 20
585569.205
 10
390917.747
 20
585567.405
 10
390918.797
 20
585565.155
 10
390919.247
 20
585564.855
 10
390919.247
 20
585563.657
 10
390919.54
 20
585563.657
 10
390919.547
 20
585562.455
 10
390919.847
 20
585562.155
 10
390919.997
 20
585560.955
 10
390920.54
 20
585560.657
 10
390921.497
 20
585558.255
 10
390921.947
 20
585558.105
 10
390922.697
 20
585554.955
 10
390923.297
 20
585553.657
 10
390923.54
 20
585553.657
 10
390923.54
 20
585551.955
 10
390924.797
 20
585550.455
 10
390925.097
 20
585549.555
 10
390925.097
 20
585546.855
 10
390923.147
 20
585545.505
 10
390920.297
 20
585544.755
 10
390919.097
 20
585544.005
 10
390916.097
 20
585543.255
 10
390915.54
 20
585542.955
 10
390915.54
 20
585542.657
 10
390910.54
 20
585541.305
 10
390910.54
 20
585540.657
 10
390908.54
 20
585540.657
 10
390908.54
 20
585541.305
 10
390908.147
 20
585541.605
 10
390907.847
 20
585542.655
 10
390907.54
 20
585542.657
 10
390907.397
 20
585544.155
 10
390907.097
 20
585544.605
 10
390906.54
 20
585544.657
 10
390906.497
 20
585546.705
 10
390906.047
 20
585547.657
 10
390905.54
 20
585547.657
 10
390905.447
 20
585549.555
 10
390904.847
 20
585551.655
 10
390904.54
 20
585551.657
 10
390904.247
 20
585553.657
 10
390903.54
 20
585553.657
 10
390903.497
 20
585556.657
 10
390902.54
 20
585556.657
 10
390902.54
 20
585557.805
 10
390901.247
 20
585558.105
 10
390900.54
 20
585557.955
 10
390900.54
 20
585557.657
 10
390898.697
 20
585557.655
 10
390898.397
 20
585557.205
 10
390897.54
 20
585556.905
 10
390897.54
 20
585556.657
 10
390896.447
 20
585556.605
 10
390895.54
 20
585556.155
 10
390895.54
 20
585555.657
 10
390894.54
 20
585555.657
 10
390894.54
 20
585553.657
 10
390893.54
 20
585553.657
 10
390893.54
 20
585552.657
 10
390892.54
 20
585552.657
 10
390892.54
 20
585551.657
 10
390891.54
 20
585551.657
 10
390891.54
 20
585554.655
 10
390890.597
 20
585554.355
 10
390890.54
 20
585553.657
 10
390888.797
 20
585553.605
 10
390886.54
 20
585552.657
 10
390884.54
 20
585552.657
 10
390884.54
 20
585554.655
 10
390883.54
 20
585554.657
 10
390883.54
 20
585556.657
 10
390880.54
 20
585556.657
 10
390880.54
 20
585561.657
 10
390879.54
 20
585561.657
 10
390879.54
 20
585564.657
 10
390878.54
 20
585564.657
 10
390878.54
 20
585566.657
 10
390879.54
 20
585566.657
 10
390879.54
 20
585567.657
 10
390878.54
 20
585567.657
 10
390878.54
 20
585568.657
 10
390881.54
 20
585568.657
 10
390881.54
 20
585569.657
 10
390878.54
 20
585569.657
 10
390878.54
 20
585570.657
 10
390877.54
 20
585570.657
 10
390877.54
 20
585571.657
 10
390878.54
 20
585571.657
 10
390878.54
 20
585572.657
 10
390879.54
 20
585572.657
 10
390879.54
 20
585573.657
 10
390883.54
 20
585573.657
 10
390883.54
 20
585575.657
 10
390886.54
 20
585575.657
 10
390886.54
 20
585576.657
 10
390889.54
 20
585576.657
 10
390889.54
 20
585577.657
 10
390890.54
 20
585577.657
 10
390890.54
 20
585578.657
 10
390893.54
 20
585578.657
 10
390893.54
 20
585581.205
 10
390893.147
 20
585581.657
 10
390892.54
 20
585581.75
 10
390911.747
 20
585581.75
  0
TEXT
  5
51
330
17
100
AcDbEntity
  8
TEXTE
 62
7
100
AcDbText
 10
390902.987
 20
585563.967
 30
0.0
 40
1.5
  1
C14: 1194.7mp
 72
1
 11
390902.987
 21
585563.967
 31
0.0
100
AcDbText
 73
2
  0
LWPOLYLINE
  5
52
330
17
100
AcDbEntity
  8
CONSTRUCTII
 62
1
100
AcDbPolyline
 90
68
 70
1
 10
390689.54
 20
585207.6
 10
390690.941
 20
585206.21
 10
390691.541
 20
585204.657
 10
390692.54
 20
585204.657
 10
390692.54
 20
585201.657
 10
390693.54
 20
585201.657
 10
390693.54
 20
585199.91
 10
390693.791
 20
585199.657
 10
390694.54
 20
585199.657
 10
390694.541
 20
585197.66
 10
390695.54
 20
585197.657
 10
390695.54
 20
585195.657
 10
390696.54
 20
585195.657
 10
390696.54
 20
585193.657
 10
390696.191
 20
585193.61
 10
390697.241
 20
585192.11
 10
390697.841
 20
585189.71
 10
390698.741
 20
585188.21
 10
390698.741
 20
585187.31
 10
390697.54
 20
585187.31
 10
390697.54
 20
585182.657
 10
390698.54
 20
585182.657
 10
390698.54
 20
585180.657
 10
390699.54
 20
585180.657
 10
390699.54
 20
585176.657
 10
390697.54
 20
585176.657
 10
390697.54
 20
585177.657
 10
390696.54
 20
585177.657
 10
390696.54
 20
585178.657
 10
390695.54
 20
585178.657
 10
390695.54
 20
585179.657
 10
390694.54
 20
585179.657
 10
390694.54
 20
585180.657
 10
390693.54
 20
585180.657
 10
390693.54
 20
585183.657
 10
390692.54
 20
585183.657
 10
390692.54
 20
585185.657
 10
390691.54
 20
585185.657
 10
390691.54
 20
585187.31
 10
390690.54
 20
585187.31
 10
390690.54
 20
585186.657
 10
390689.54
 20
585186.657
 10
390689.54
 20
585187.31
 10
390684.341
 20
585187.31
 10
390684.341
 20
585188.06
 10
390684.041
 20
585188.06
 10
390684.041
 20
585187.31
 10
390672.54
 20
585187.31
 10
390672.54
 20
585186.657
 10
390667.54
 20
585186.657
 10
390667.54
 20
585187.31
 10
390651.941
 20
585187.31
 10
390651.941
 20
585188.06
 10
390651.191
 20
585188.06
 10
390651.191
 20
585187.31
 10
390649.241
 20
585187.31
 10
390649.241
 20
585188.06
 10
390647.741
 20
585188.06
 10
390647.741
 20
585187.31
 10
390647.441
 20
585187.31
 10
390647.441
 20
585188.06
 10
390646.541
 20
585188.36
 10
390643.916
 20
585188.51
 10
390643.916
 20
585207.6
 10
390644.441
 20
585207.26
 10
390645.041
 20
585207.26
 10
390645.341
 20
585207.6
 10
390689.54
 20
585207.6
  0
TEXT
  5
53
330
17
100
AcDbEntity
  8
TEXTE
 62
7
100
AcDbText
 10
390670.769
 20
585196.53
 30
0.0
 40
1.5
  1
C16: 1079.9mp
 72
1
 11
390670.769
 21
585196.53
 31
0.0
100
AcDbText
 73
2
  0
LWPOLYLINE
  5
54
330
17
100
AcDbEntity
  8
CONSTRUCTII
 62
1
100
AcDbPolyline
 90
128
 70
1
 10
390831.491
 20
585732.35
 10
390831.491
 20
585731.205
 10
390832.391
 20
585730.155
 10
390832.541
 20
585728.805
 10
390832.991
 20
585728.055
 10
390833.141
 20
585726.255
 10
390834.641
 20
585726.705
 10
390835.691
 20
585728.505
 10
390835.691
 20
585729.105
 10
390836.141
 20
585729.555
 10
390836.141
 20
585730.605
 10
390835.691
 20
585730.905
 10
390835.691
 20
585731.955
 10
390835.991
 20
585732.35
 10
390838.391
 20
585732.35
 10
390837.941
 20
585731.805
 10
390836.591
 20
585731.655
 10
390836.441
 20
585731.205
 10
390836.891
 20
585730.905
 10
390837.941
 20
585730.905
 10
390838.541
 20
585730.605
 10
390838.691
 20
585730.155
 10
390839.741
 20
585730.005
 10
390839.291
 20
585729.555
 10
390839.291
 20
585728.355
 10
390839.741
 20
585727.755
 10
390840.641
 20
585727.455
 10
390840.491
 20
585727.005
 10
390839.291
 20
585726.705
 10
390838.991
 20
585725.805
 10
390837.191
 20
585725.655
 10
390836.141
 20
585724.605
 10
390835.691
 20
585724.605
 10
390834.791
 20
585725.355
 10
390834.191
 20
585725.205
 10
390833.741
 20
585723.105
 10
390834.341
 20
585722.055
 10
390834.491
 20
585720.405
 10
390836.141
 20
585721.305
 10
390836.441
 20
585721.905
 10
390838.091
 20
585722.205
 10
390838.841
 20
585722.805
 10
390840.641
 20
585723.105
 10
390842.741
 20
585722.805
 10
390843.491
 20
585723.105
 10
390843.041
 20
585723.855
 10
390842.291
 20
585724.155
 10
390842.141
 20
585724.605
 10
390842.591
 20
585725.055
 10
390843.491
 20
585725.205
 10
390843.641
 20
585726.555
 10
390845.291
 20
585727.455
 10
390845.441
 20
585725.655
 10
390845.891
 20
585724.905
 10
390845.891
 20
585724.005
 10
390845.441
 20
585723.105
 10
390846.041
 20
585722.655
 10
390846.341
 20
585721.755
 10
390842.741
 20
585721.005
 10
390841.541
 20
585720.105
 10
390840.041
 20
585719.655
 10
390836.891
 20
585719.955
 10
390835.991
 20
585718.905
 10
390834.341
 20
585718.455
 10
390833.741
 20
585717.855
 10
390831.641
 20
585717.105
 10
390828.491
 20
585716.505
 10
390824.891
 20
585715.155
 10
390823.841
 20
585715.155
 10
390821.891
 20
585714.255
 10
390819.191
 20
585713.805
 10
390818.291
 20
585713.355
 10
390816.491
 20
585713.355
 10
390814.691
 20
585712.605
 10
390813.641
 20
585711.705
 10
390811.091
 20
585711.255
 10
390809.891
 20
585710.655
 10
390803.441
 20
585708.855
 10
390803.141
 20
585708.555
 10
390797.891
 20
585707.205
 10
390797.141
 20
585706.905
 10
390796.091
 20
585705.555
 10
390794.891
 20
585705.105
 10
390790.541
 20
585704.655
 10
390789.341
 20
585704.205
 10
390787.991
 20
585704.205
 10
390785.441
 20
585703.305
 10
390782.291
 20
585703.155
 10
390780.041
 20
585702.555
 10
390779.141
 20
585702.855
 10
390777.941
 20
585703.905
 10
390777.941
 20
585705.105
 10
390778.541
 20
585705.105
 10
390778.541
 20
585705.555
 10
390777.941
 20
585705.405
 10
390777.941
 20
585711.555
 10
390778.391
 20
585711.105
 10
390778.691
 20
585711.255
 10
390778.841
 20
585712.905
 10
390778.541
 20
585715.005
 10
390779.441
 20
585715.755
 10
390780.341
 20
585718.005
 10
390781.091
 20
585718.605
 10
390782.741
 20
585719.055
 10
390782.741
 20
585719.355
 10
390783.491
 20
585719.955
 10
390787.241
 20
585720.255
 10
390788.741
 20
585720.855
 10
390790.241
 20
585720.855
 10
390790.991
 20
585719.955
 10
390792.191
 20
585719.505
 10
390793.841
 20
585719.505
 10
390794.891
 20
585720.255
 10
390796.391
 20
585720.105
 10
390796.841
 20
585721.005
 10
390796.991
 20
585722.655
 10
390798.041
 20
585724.455
 10
390797.891
 20
585724.905
 10
390796.991
 20
585725.655
 10
390796.691
 20
585729.405
 10
390797.141
 20
585730.905
 10
390797.741
 20
585731.055
 10
390797.891
 20
585730.455
 10
390798.791
 20
585729.705
 10
390800.591
 20
585729.555
 10
390803.441
 20
585730.755
 10
390804.641
 20
585732.35
 10
390831.491
 20
585732.35
  0
TEXT
  5
55
330
17
100
AcDbEntity
  8
TEXTE
 62
7
100
AcDbText
 10
390808.198
 20
585719.257
 30
0.0
 40
1.5
  1
C17: 1063.1mp
 72
1
 11
390808.198
 21
585719.257
 31
0.0
100
AcDbText
 73
2
  0
LWPOLYLINE
  5
56
330
17
100
AcDbEntity
  8
CONSTRUCTII
 62
1
100
AcDbPolyline
 90
151
 70
1
 10
390834.341
 20
585498.41
 10
390835.241
 20
585498.26
 10
390835.841
 20
585497.81
 10
390836.741
 20
585495.56
 10
390837.191
 20
585495.26
 10
390837.791
 20
585494.06
 10
390838.091
 20
585492.26
 10
390838.841
 20
585491.21
 10
390839.141
 20
585489.11
 10
390839.141
 20
585488.06
 10
390838.691
 20
585487.46
 10
390837.491
 20
585487.76
 10
390835.841
 20
585487.61
 10
390835.391
 20
585487.16
 10
390835.391
 20
585486.71
 10
390836.291
 20
585486.26
 10
390837.041
 20
585485.21
 10
390837.641
 20
585485.21
 10
390838.391
 20
585486.26
 10
390839.141
 20
585485.81
 10
390839.141
 20
585485.21
 10
390838.091
 20
585484.76
 10
390838.091
 20
585484.01
 10
390838.541
 20
585483.41
 10
390839.441
 20
585483.56
 10
390840.041
 20
585484.46
 10
390840.941
 20
585483.86
 10
390842.591
 20
585483.71
 10
390843.941
 20
585481.91
 10
390844.991
 20
585481.61
 10
390844.991
 20
585479.81
 10
390843.941
 20
585479.51
 10
390843.641
 20
585478.91
 10
390843.941
 20
585478.46
 10
390844.541
 20
585478.46
 10
390844.841
 20
585478.16
 10
390844.841
 20
585476.81
 10
390844.541
 20
585476.36
 10
390843.791
 20
585476.21
 10
390842.741
 20
585476.81
 10
390841.991
 20
585478.16
 10
390842.141
 20
585481.61
 10
390841.691
 20
585482.06
 10
390840.641
 20
585482.06
 10
390840.041
 20
585482.36
 10
390839.591
 20
585481.91
 10
390839.891
 20
585480.41
 10
390840.641
 20
585480.11
 10
390840.641
 20
585478.76
 10
390841.091
 20
585477.86
 10
390841.091
 20
585475.16
 10
390842.291
 20
585474.26
 10
390842.891
 20
585473.36
 10
390843.191
 20
585472.16
 10
390843.041
 20
585470.51
 10
390843.941
 20
585469.31
 10
390843.791
 20
585467.66
 10
390844.391
 20
585467.21
 10
390844.841
 20
585465.71
 10
390845.591
 20
585465.26
 10
390846.041
 20
585465.56
 10
390846.041
 20
585468.26
 10
390846.491
 20
585469.31
 10
390846.791
 20
585469.61
 10
390847.391
 20
585469.46
 10
390847.991
 20
585469.01
 10
390848.141
 20
585468.41
 10
390848.741
 20
585468.41
 10
390848.891
 20
585466.01
 10
390849.341
 20
585465.71
 10
390850.991
 20
585465.71
 10
390851.291
 20
585465.41
 10
390851.441
 20
585464.21
 10
390851.741
 20
585463.91
 10
390851.291
 20
585463.16
 10
390851.291
 20
585461.96
 10
390851.741
 20
585461.36
 10
390851.441
 20
585459.11
 10
390852.341
 20
585458.66
 10
390852.941
 20
585457.46
 10
390853.541
 20
585457.01
 10
390853.541
 20
585454.76
 10
390854.141
 20
585454.91
 10
390854.291
 20
585455.51
 10
390854.891
 20
585455.81
 10
390856.241
 20
585455.66
 10
390857.141
 20
585454.31
 10
390856.391
 20
585453.11
 10
390854.891
 20
585452.66
 10
390854.441
 20
585453.41
 10
390853.541
 20
585453.56
 10
390852.791
 20
585452.51
 10
390852.191
 20
585452.36
 10
390851.891
 20
585454.16
 10
390850.991
 20
585456.26
 10
390850.391
 20
585456.71
 10
390850.091
 20
585457.46
 10
390849.341
 20
585457.61
 10
390849.191
 20
585456.41
 10
390849.641
 20
585455.66
 10
390849.491
 20
585454.01
 10
390849.791
 20
585453.86
 10
390850.091
 20
585452.36
 10
390850.841
 20
585451.2
 10
390842.141
 20
585451.2
 10
390841.541
 20
585452.21
 10
390840.941
 20
585451.91
 10
390840.791
 20
585451.2
 10
390833.291
 20
585451.2
 10
390832.541
 20
585452.36
 10
390831.941
 20
585455.66
 10
390830.141
 20
585458.21
 10
390830.291
 20
585459.86
 10
390829.541
 20
585460.91
 10
390828.941
 20
585461.06
 10
390829.091
 20
585462.26
 10
390829.391
 20
585462.41
 10
390828.791
 20
585462.71
 10
390828.041
 20
585464.36
 10
390828.041
 20
585465.56
 10
390827.441
 20
585466.46
 10
390827.591
 20
585467.96
 10
390826.541
 20
585469.16
 10
390826.091
 20
585471.41
 10
390824.891
 20
585471.56
 10
390824.741
 20
585471.86
 10
390824.891
 20
585473.66
 10
390824.441
 20
585474.56
 10
390824.591
 20
585476.06
 10
390824.141
 20
585476.66
 10
390823.841
 20
585478.61
 10
390822.641
 20
585479.36
 10
390822.191
 20
585479.36
 10
390821.441
 20
585481.01
 10
390820.841
 20
585481.61
 10
390820.541
 20
585484.46
 10
390819.941
 20
585485.21
 10
390819.341
 20
585485.36
 10
390819.041
 20
585489.86
 10
390818.441
 20
585490.31
 10
390817.991
 20
585491.21
 10
390818.891
 20
585492.26
 10
390821.591
 20
585493.01
 10
390822.341
 20
585493.61
 10
390823.391
 20
585493.76
 10
390824.891
 20
585494.81
 10
390826.991
 20
585495.56
 10
390827.591
 20
585496.16
 10
390829.091
 20
585496.46
 10
390829.691
 20
585496.91
 10
390834.341
 20
585498.41
  0
TEXT
  5
57
330
17
100
AcDbEntity
  8
TEXTE
 62
7
100
AcDbText
 10
390835.433
 20
585473.062
 30
0.0
 40
1.5
  1
C19: 883.6mp
 72
1
 11
390835.433
 21
585473.062
 31
0.0
100
AcDbText
 73
2
  0
LWPOLYLINE
  5
58
330
17
100
AcDbEntity
  8
CONSTRUCTII
 62
1
100
AcDbPolyline
 90
86
 70
1
 10
390686.741
 20
585590.355
 10
390687.641
 20
585590.205
 10
390688.241
 20
585589.605
 10
390688.391
 20
585589.005
 10
390689.891
 20
585588.255
 10
390690.041
 20
585586.005
 10
390690.341
 20
585585.555
 10
390691.241
 20
585585.555
 10
390692.291
 20
585586.305
 10
390694.241
 20
585586.755
 10
390695.141
 20
585587.355
 10
390696.491
 20
585587.655
 10
390696.941
 20
585587.505
 10
390698.141
 20
585586.455
 10
390699.191
 20
585583.605
 10
390700.241
 20
585582.555
 10
390700.691
 20
585580.605
 10
390701.291
 20
585580.305
 10
390701.441
 20
585579.705
 10
390702.191
 20
585578.805
 10
390702.041
 20
585576.255
 10
390702.941
 20
585575.505
 10
390703.391
 20
585573.855
 10
390704.291
 20
585573.105
 10
390704.741
 20
585571.155
 10
390705.341
 20
585570.555
 10
390705.941
 20
585570.405
 10
390705.191
 20
585569.655
 10
390705.041
 20
585568.755
 10
390706.391
 20
585566.205
 10
390707.441
 20
585562.005
 10
390708.341
 20
585561.105
 10
390708.791
 20
585559.455
 10
390709.241
 20
585559.155
 10
390709.841
 20
585557.505
 10
390710.141
 20
585555.705
 10
390711.041
 20
585554.505
 10
390711.491
 20
585551.055
 10
390712.091
 20
585550.755
 10
390712.391
 20
585550.155
 10
390712.691
 20
585548.055
 10
390712.391
 20
585547.305
 10
390711.641
 20
585547.155
 10
390711.641
 20
585546.555
 10
390712.991
 20
585546.555
 10
390713.291
 20
585545.805
 10
390713.141
 20
585545.355
 10
390712.541
 20
585545.205
 10
390712.091
 20
585544.605
 10
390712.991
 20
585541.305
 10
390711.491
 20
585539.055
 10
390710.141
 20
585538.905
 10
390709.241
 20
585538.305
 10
390707.591
 20
585537.855
 10
390705.191
 20
585537.555
 10
390705.191
 20
585536.805
 10
390696.041
 20
585536.805
 10
390696.041
 20
585537.555
 10
390695.591
 20
585537.705
 10
390694.691
 20
585538.905
 10
390694.091
 20
585541.755
 10
390695.741
 20
585542.805
 10
390696.191
 20
585545.055
 10
390695.891
 20
585547.305
 10
390694.991
 20
585549.705
 10
390694.091
 20
585551.055
 10
390693.941
 20
585551.955
 10
390693.191
 20
585552.855
 10
390692.591
 20
585555.705
 10
390691.541
 20
585556.905
 10
390691.391
 20
585558.255
 10
390690.791
 20
585559.305
 10
390689.891
 20
585563.205
 10
390689.141
 20
585563.355
 10
390689.141
 20
585564.855
 10
390688.541
 20
585566.355
 10
390688.091
 20
585566.655
 10
390687.641
 20
585567.555
 10
390687.191
 20
585570.105
 10
390686.291
 20
585570.705
 10
390685.391
 20
585572.505
 10
390684.641
 20
585577.155
 10
390684.041
 20
585577.755
 10
390683.3
 20
585577.755
 10
390683.3
 20
585589.155
 10
390686.741
 20
585590.355
  0
TEXT
  5
59
330
17
100
AcDbEntity
  8
TEXTE
 62
7
100
AcDbText
 10
390698.187
 20
585562.599
 30
0.0
 40
1.5
  1
C20: 883.5mp
 72
1
 11
390698.187
 21
585562.599
 31
0.0
100
AcDbText
 73
2
  0
LWPOLYLINE
  5
5A
330
17
100
AcDbEntity
  8
CONSTRUCTII
 62
1
100
AcDbPolyline
 90
197
 70
1
 10
390668.54
 20
585677.657
 10
390668.54
 20
585681.657
 10
390667.54
 20
585681.657
 10
390667.54
 20
585689.657
 10
390668.54
 20
585689.657
 10
390668.54
 20
585690.657
 10
390669.54
 20
585690.657
 10
390669.54
 20
585691.657
 10
390668.54
 20
585691.657
 10
390668.54
 20
585692.657
 10
390669.54
 20
585692.657
 10
390669.54
 20
585693.657
 10
390671.54
 20
585693.657
 10
390671.54
 20
585692.657
 10
390673.54
 20
585692.657
 10
390673.54
 20
585693.657
 10
390672.54
 20
585693.657
 10
390672.54
 20
585697.657
 10
390671.54
 20
585697.657
 10
390671.54
 20
585699.657
 10
390675.041
 20
585699.657
 10
390675.341
 20
585699.855
 10
390674.591
 20
585700.455
 10
390673.841
 20
585700.605
 10
390673.391
 20
585701.355
 10
390673.091
 20
585701.355
 10
390672.941
 20
585702.855
 10
390673.241
 20
585703.305
 10
390673.991
 20
585703.605
 10
390674.291
 20
585704.655
 10
390675.191
 20
585705.255
 10
390675.191
 20
585705.705
 10
390674.441
 20
585706.005
 10
390673.991
 20
585706.605
 10
390673.991
 20
585707.205
 10
390674.291
 20
585707.505
 10
390674.891
 20
585707.505
 10
390675.191
 20
585707.805
 10
390675.191
 20
585708.855
 10
390674.591
 20
585709.305
 10
390674.591
 20
585709.605
 10
390676.091
 20
585710.205
 10
390675.941
 20
585711.405
 10
390675.191
 20
585711.855
 10
390674.591
 20
585711.855
 10
390674.291
 20
585712.305
 10
390675.341
 20
585712.905
 10
390675.791
 20
585714.855
 10
390676.241
 20
585714.855
 10
390676.841
 20
585715.905
 10
390678.191
 20
585716.205
 10
390677.891
 20
585716.805
 10
390676.691
 20
585717.405
 10
390676.691
 20
585717.855
 10
390677.891
 20
585718.305
 10
390678.641
 20
585719.505
 10
390679.241
 20
585719.505
 10
390679.541
 20
585718.905
 10
390680.291
 20
585718.455
 10
390680.741
 20
585718.905
 10
390680.741
 20
585719.505
 10
390679.991
 20
585720.105
 10
390679.991
 20
585720.555
 10
390681.791
 20
585721.155
 10
390683.141
 20
585720.555
 10
390683.141
 20
585720.255
 10
390682.391
 20
585719.805
 10
390682.391
 20
585718.605
 10
390682.991
 20
585718.005
 10
390683.891
 20
585718.005
 10
390684.041
 20
585717.555
 10
390684.491
 20
585717.405
 10
390684.491
 20
585718.005
 10
390684.041
 20
585718.005
 10
390684.041
 20
585719.205
 10
390684.641
 20
585719.355
 10
390684.941
 20
585718.455
 10
390685.841
 20
585718.305
 10
390686.441
 20
585719.055
 10
390686.141
 20
585720.405
 10
390686.891
 20
585720.555
 10
390687.491
 20
585721.455
 10
390688.541
 20
585721.755
 10
390687.341
 20
585722.355
 10
390686.891
 20
585723.105
 10
390686.591
 20
585723.105
 10
390687.341
 20
585724.005
 10
390688.541
 20
585724.155
 10
390688.841
 20
585724.455
 10
390688.541
 20
585724.905
 10
390687.641
 20
585725.205
 10
390687.641
 20
585726.255
 10
390688.241
 20
585726.705
 10
390689.291
 20
585726.705
 10
390689.591
 20
585726.405
 10
390689.591
 20
585725.805
 10
390690.041
 20
585725.655
 10
390690.191
 20
585726.255
 10
390690.491
 20
585726.405
 10
390691.991
 20
585726.405
 10
390692.591
 20
585726.105
 10
390692.95
 20
585726.555
 10
390692.95
 20
585693.705
 10
390692.441
 20
585693.405
 10
390692.291
 20
585692.505
 10
390691.691
 20
585691.905
 10
390691.091
 20
585691.755
 10
390690.341
 20
585690.705
 10
390689.441
 20
585690.255
 10
390688.991
 20
585689.205
 10
390686.891
 20
585689.055
 10
390687.041
 20
585688.755
 10
390688.991
 20
585688.755
 10
390689.891
 20
585687.405
 10
390690.341
 20
585688.155
 10
390691.391
 20
585688.455
 10
390691.991
 20
585689.205
 10
390692.891
 20
585689.205
 10
390692.95
 20
585685.905
 10
390692.741
 20
585685.155
 10
390692.291
 20
585685.005
 10
390691.841
 20
585685.455
 10
390691.391
 20
585686.805
 10
390690.791
 20
585686.805
 10
390690.491
 20
585686.505
 10
390690.791
 20
585683.505
 10
390691.691
 20
585682.455
 10
390691.841
 20
585681.855
 10
390692.891
 20
585680.955
 10
390692.591
 20
585680.055
 10
390691.991
 20
585679.455
 10
390691.841
 20
585678.705
 10
390690.941
 20
585678.405
 10
390690.941
 20
585677.655
 10
390692.591
 20
585677.355
 10
390692.591
 20
585676.755
 10
390690.491
 20
585676.605
 10
390688.541
 20
585676.155
 10
390687.341
 20
585675.555
 10
390685.541
 20
585675.555
 10
390684.641
 20
585676.305
 10
390684.341
 20
585677.205
 10
390684.041
 20
585685.155
 10
390684.641
 20
585686.055
 10
390684.941
 20
585687.705
 10
390684.341
 20
585687.705
 10
390682.991
 20
585688.605
 10
390681.791
 20
585688.455
 10
390680.141
 20
585687.657
 10
390678.941
 20
585686.355
 10
390677.441
 20
585685.905
 10
390677.441
 20
585685.455
 10
390676.841
 20
585685.005
 10
390676.991
 20
585684.405
 10
390677.291
 20
585684.255
 10
390679.091
 20
585684.405
 10
390680.291
 20
585683.655
 10
390680.141
 20
585682.605
 10
390678.641
 20
585682.455
 10
390678.491
 20
585681.105
 10
390677.441
 20
585680.955
 10
390677.441
 20
585680.655
 10
390677.891
 20
585680.505
 10
390678.191
 20
585678.855
 10
390679.391
 20
585678.405
 10
390679.241
 20
585677.205
 10
390678.341
 20
585676.755
 10
390679.541
 20
585676.455
 10
390680.141
 20
585675.705
 10
390680.141
 20
585675.105
 10
390679.241
 20
585673.905
 10
390677.741
 20
585674.055
 10
390677.441
 20
585674.505
 10
390677.441
 20
585678.405
 10
390676.391
 20
585679.755
 10
390676.091
 20
585679.755
 10
390675.491
 20
585683.055
 10
390674.741
 20
585683.355
 10
390674.591
 20
585683.805
 10
390674.54
 20
585681.657
 10
390673.54
 20
585681.657
 10
390673.54
 20
585680.657
 10
390674.54
 20
585680.657
 10
390674.54
 20
585679.657
 10
390675.54
 20
585679.657
 10
390675.54
 20
585677.657
 10
390676.54
 20
585677.657
 10
390676.54
 20
585675.657
 10
390675.54
 20
585675.657
 10
390675.54
 20
585674.657
 10
390676.54
 20
585674.657
 10
390676.54
 20
585673.657
 10
390672.54
 20
585673.657
 10
390672.54
 20
585674.657
 10
390669.54
 20
585674.657
 10
390669.54
 20
585677.657
 10
390668.54
 20
585677.657
  0
TEXT
  5
5B
330
17
100
AcDbEntity
  8
TEXTE
 62
7
100
AcDbText
 10
390682.264
 20
585698.154
 30
0.0
 40
1.5
  1
C22: 857.2mp
 72
1
 11
390682.264
 21
585698.154
 31
0.0
100
AcDbText
 73
2
  0
LWPOLYLINE
  5
5C
330
17
100
AcDbEntity
  8
CONSTRUCTII
 62
1
100
AcDbPolyline
 90
75
 70
1
 10
390624.191
 20
585707.205
 10
390639.15
 20
585707.205
 10
390639.15
 20
585668.805
 10
390638.441
 20
585667.905
 10
390637.391
 20
585667.455
 10
390636.941
 20
585666.855
 10
390635.441
 20
585666.405
 10
390634.991
 20
585665.805
 10
390633.791
 20
585665.205
 10
390630.791
 20
585664.155
 10
390629.441
 20
585662.955
 10
390627.341
 20
585662.055
 10
390627.191
 20
585661.755
 10
390626.891
 20
585661.755
 10
390626.141
 20
585663.255
 10
390624.641
 20
585664.455
 10
390623.891
 20
585664.455
 10
390622.991
 20
585663.855
 10
390621.341
 20
585663.705
 10
390620.291
 20
585662.655
 10
390619.991
 20
585662.655
 10
390618.491
 20
585664.305
 10
390617.891
 20
585664.605
 10
390617.891
 20
585676.305
 10
390618.941
 20
585676.755
 10
390618.491
 20
585677.205
 10
390618.341
 20
585678.555
 10
390617.891
 20
585679.005
 10
390618.191
 20
585681.555
 10
390618.341
 20
585681.855
 10
390618.941
 20
585682.005
 10
390618.941
 20
585682.605
 10
390618.491
 20
585683.205
 10
390618.491
 20
585684.255
 10
390618.941
 20
585685.005
 10
390618.341
 20
585685.605
 10
390618.341
 20
585686.505
 10
390619.091
 20
585687.105
 10
390619.391
 20
585688.605
 10
390619.691
 20
585688.905
 10
390620.291
 20
585688.905
 10
390620.141
 20
585689.205
 10
390619.541
 20
585689.205
 10
390619.241
 20
585689.505
 10
390618.491
 20
585691.905
 10
390619.241
 20
585692.505
 10
390619.541
 20
585693.855
 10
390620.591
 20
585694.305
 10
390620.291
 20
585695.205
 10
390619.991
 20
585695.205
 10
390619.541
 20
585695.805
 10
390620.891
 20
585697.155
 10
390620.741
 20
585697.755
 10
390619.991
 20
585698.355
 10
390619.991
 20
585698.805
 10
390621.041
 20
585699.105
 10
390621.491
 20
585699.705
 10
390623.141
 20
585699.855
 10
390622.991
 20
585700.155
 10
390621.491
 20
585700.155
 10
390621.341
 20
585700.755
 10
390620.291
 20
585701.355
 10
390621.191
 20
585701.805
 10
390621.491
 20
585702.855
 10
390622.241
 20
585702.405
 10
390623.141
 20
585702.555
 10
390622.841
 20
585703.005
 10
390621.791
 20
585703.005
 10
390621.791
 20
585704.355
 10
390623.441
 20
585705.255
 10
390623.441
 20
585706.005
 10
390622.691
 20
585706.605
 10
390622.691
 20
585706.905
 10
390623.741
 20
585706.905
 10
390624.191
 20
585707.205
  0
TEXT
  5
5D
330
17
100
AcDbEntity
  8
TEXTE
 62
7
100
AcDbText
 10
390628.987
 20
585684.893
 30
0.0
 40
1.5
  1
C23: 848.0mp
 72
1
 11
390628.987
 21
585684.893
 31
0.0
100
AcDbText
 73
2
  0
LWPOLYLINE
  5
5E
330
17
100
AcDbEntity
  8
CONSTRUCTII
 62
1
100
AcDbPolyline
 90
106
 70
1
 10
391007.447
 20
585811.455
 10
391006.097
 20
585811.305
 10
391005.197
 20
585810.255
 10
391003.697
 20
585810.855
 10
391002.797
 20
585809.505
 10
391002.797
 20
585808.905
 10
391003.097
 20
585808.755
 10
391003.697
 20
585807.405
 10
391004.447
 20
585807.555
 10
391005.047
 20
585808.455
 10
391005.497
 20
585808.455
 10
391005.797
 20
585807.555
 10
391006.997
 20
585806.805
 10
391006.997
 20
585806.205
 10
391006.397
 20
585805.005
 10
391005.347
 20
585803.805
 10
391005.797
 20
585802.305
 10
391006.847
 20
585801.255
 10
391007.747
 20
585799.455
 10
391009.397
 20
585798.255
 10
391010.147
 20
585794.055
 10
391010.447
 20
585793.455
 10
391011.647
 20
585792.555
 10
391012.097
 20
585791.355
 10
391012.397
 20
585791.205
 10
391013.147
 20
585788.355
 10
391014.797
 20
585786.855
 10
391014.797
 20
585785.205
 10
391014.047
 20
585784.455
 10
391012.547
 20
585784.005
 10
391011.797
 20
585783.105
 10
391009.397
 20
585782.805
 10
391006.847
 20
585781.155
 10
391004.447
 20
585780.405
 10
391003.697
 20
585779.055
 10
391001.897
 20
585778.155
 10
391001.597
 20
585777.705
 10
390999.047
 20
585776.955
 10
390998.447
 20
585776.355
 10
390996.347
 20
585775.755
 10
390995.447
 20
585775.005
 10
390993.197
 20
585774.555
 10
390993.047
 20
585774.255
 10
390991.097
 20
585773.655
 10
390990.6
 20
585773.205
 10
390990.6
 20
585797.505
 10
390991.697
 20
585797.655
 10
390991.547
 20
585798.555
 10
390990.6
 20
585798.405
 10
390990.6
 20
585810.855
 10
390991.247
 20
585811.155
 10
390992.747
 20
585811.155
 10
390993.947
 20
585811.005
 10
390994.397
 20
585810.405
 10
390995.747
 20
585810.405
 10
390995.597
 20
585810.855
 10
390994.997
 20
585810.855
 10
390994.247
 20
585811.305
 10
390994.247
 20
585812.055
 10
390995.597
 20
585813.255
 10
390995.597
 20
585813.705
 10
390997.247
 20
585813.555
 10
390997.397
 20
585813.855
 10
390998.297
 20
585814.155
 10
390998.747
 20
585814.755
 10
391001.597
 20
585815.805
 10
391002.347
 20
585816.705
 10
391003.697
 20
585816.105
 10
391005.197
 20
585816.255
 10
391005.797
 20
585815.655
 10
391006.697
 20
585815.505
 10
391007.147
 20
585815.955
 10
391006.847
 20
585817.455
 10
391007.447
 20
585818.055
 10
391007.897
 20
585819.255
 10
391008.797
 20
585819.405
 10
391010.147
 20
585820.905
 10
391011.797
 20
585821.355
 10
391012.547
 20
585822.405
 10
391014.797
 20
585823.155
 10
391015.697
 20
585821.505
 10
391015.847
 20
585819.855
 10
391016.447
 20
585818.805
 10
391017.797
 20
585817.605
 10
391018.397
 20
585816.105
 10
391018.547
 20
585814.755
 10
391019.597
 20
585813.555
 10
391020.047
 20
585811.755
 10
391018.997
 20
585810.855
 10
391015.697
 20
585810.405
 10
391014.347
 20
585809.655
 10
391012.547
 20
585809.505
 10
391012.097
 20
585808.905
 10
391011.347
 20
585809.805
 10
391010.147
 20
585809.805
 10
391009.847
 20
585809.505
 10
391009.997
 20
585807.705
 10
391009.697
 20
585807.555
 10
391009.247
 20
585806.355
 10
391008.797
 20
585806.805
 10
391007.147
 20
585807.405
 10
391007.147
 20
585808.455
 10
391008.197
 20
585808.905
 10
391008.197
 20
585809.505
 10
391007.447
 20
585810.255
 10
391007.447
 20
585811.455
  0
TEXT
  5
5F
330
17
100
AcDbEntity
  8
TEXTE
 62
7
100
AcDbText
 10
391001.985
 20
585797.751
 30
0.0
 40
1.5
  1
C25: 803.5mp
 72
1
 11
391001.985
 21
585797.751
 31
0.0
100
AcDbText
 73
2
  0
LWPOLYLINE
  5
60
330
17
100
AcDbEntity
  8
CONSTRUCTII
 62
1
100
AcDbPolyline
 90
77
 70
1
 10
390690.54
 20
585208.657
 10
390690.54
 20
585209.657
 10
390691.54
 20
585209.657
 10
390691.54
 20
585207.657
 10
390645.341
 20
585207.6
 10
390645.491
 20
585209.36
 10
390645.041
 20
585209.81
 10
390644.291
 20
585209.81
 10
390643.916
 20
585209.36
 10
390644.141
 20
585209.96
 10
390645.341
 20
585210.11
 10
390645.641
 20
585212.06
 10
390646.241
 20
585212.36
 10
390645.941
 20
585214.31
 10
390646.391
 20
585215.06
 10
390646.391
 20
585216.11
 10
390646.54
 20
585216.657
 10
390646.54
 20
585217.657
 10
390645.54
 20
585217.657
 10
390645.54
 20
585219.657
 10
390644.54
 20
585219.657
 10
390644.54
 20
585220.657
 10
390645.54
 20
585220.657
 10
390645.54
 20
585221.657
 10
390648.54
 20
585221.657
 10
390648.54
 20
585222.657
 10
390651.54
 20
585222.657
 10
390651.54
 20
585223.657
 10
390652.391
 20
585223.657
 10
390652.391
 20
585223.91
 10
390653.291
 20
585224.21
 10
390653.891
 20
585224.81
 10
390653.891
 20
585225.71
 10
390654.191
 20
585226.01
 10
390655.241
 20
585226.46
 10
390656.54
 20
585226.46
 10
390656.54
 20
585226.657
 10
390659.141
 20
585227.21
 10
390659.441
 20
585227.51
 10
390659.441
 20
585228.26
 10
390659.891
 20
585228.26
 10
390660.041
 20
585227.36
 10
390661.091
 20
585226.61
 10
390664.241
 20
585227.06
 10
390664.841
 20
585227.51
 10
390664.841
 20
585228.26
 10
390665.891
 20
585228.26
 10
390665.741
 20
585227.51
 10
390666.341
 20
585227.21
 10
390667.391
 20
585227.36
 10
390668.441
 20
585228.26
 10
390671.591
 20
585228.26
 10
390671.291
 20
585227.51
 10
390671.891
 20
585226.91
 10
390673.241
 20
585227.21
 10
390673.391
 20
585227.66
 10
390674.891
 20
585227.36
 10
390675.041
 20
585227.66
 10
390674.141
 20
585227.96
 10
390674.141
 20
585228.26
 10
390678.941
 20
585228.26
 10
390679.691
 20
585226.16
 10
390680.141
 20
585226.01
 10
390681.791
 20
585224.21
 10
390682.391
 20
585222.41
 10
390682.691
 20
585222.26
 10
390683.441
 20
585219.56
 10
390684.641
 20
585217.76
 10
390685.241
 20
585215.81
 10
390686.141
 20
585214.46
 10
390686.141
 20
585210.71
 10
390687.191
 20
585210.71
 10
390688.391
 20
585208.91
 10
390688.54
 20
585209.657
 10
390689.54
 20
585209.657
 10
390689.54
 20
585208.657
 10
390690.54
 20
585208.657
  0
TEXT
  5
61
330
17
100
AcDbEntity
  8
TEXTE
 62
7
100
AcDbText
 10
390666.232
 20
585216.697
 30
0.0
 40
1.5
  1
C29: 732.1mp
 72
1
 11
390666.232
 21
585216.697
 31
0.0
100
AcDbText
 73
2
  0
LWPOLYLINE
  5
62
330
17
100
AcDbEntity
  8
CONSTRUCTII
 62
1
100
AcDbPolyline
 90
88
 70
1
 10
391009.697
 20
585553.3
 10
391009.697
 20
585552.405
 10
391008.647
 20
585551.955
 10
391008.54
 20
585551.657
 10
391004.147
 20
585550.005
 10
391003.547
 20
585550.005
 10
391003.54
 20
585549.657
 10
391002.347
 20
585549.555
 10
390999.497
 20
585548.205
 10
390998.54
 20
585548.055
 10
390998.54
 20
585547.657
 10
390997.547
 20
585547.605
 10
390997.097
 20
585547.155
 10
390996.54
 20
585547.155
 10
390996.54
 20
585546.657
 10
390994.547
 20
585546.405
 10
390994.54
 20
585545.657
 10
390992.597
 20
585545.655
 10
390991.697
 20
585545.205
 10
390991.54
 20
585544.657
 10
390990.347
 20
585544.605
 10
390990.047
 20
585544.305
 10
390988.54
 20
585544.005
 10
390988.54
 20
585543.657
 10
390987.54
 20
585543.657
 10
390987.497
 20
585544.305
 10
390985.997
 20
585544.455
 10
390985.547
 20
585544.155
 10
390985.54
 20
585543.657
 10
390984.647
 20
585543.657
 10
390983.897
 20
585543.255
 10
390983.297
 20
585542.355
 10
390981.947
 20
585542.205
 10
390979.697
 20
585541.155
 10
390978.047
 20
585540.855
 10
390977.597
 20
585540.405
 10
390977.54
 20
585539.657
 10
390976.847
 20
585539.655
 10
390976.097
 20
585539.055
 10
390973.547
 20
585538.155
 10
390973.54
 20
585537.657
 10
390970.847
 20
585537.555
 10
390970.847
 20
585536.805
 10
390970.54
 20
585536.657
 10
390968.54
 20
585536.657
 10
390968.54
 20
585535.657
 10
390966.54
 20
585535.657
 10
390966.54
 20
585534.657
 10
390963.54
 20
585534.657
 10
390963.54
 20
585533.657
 10
390961.54
 20
585533.657
 10
390961.54
 20
585532.657
 10
390958.54
 20
585532.657
 10
390958.54
 20
585531.657
 10
390954.54
 20
585531.657
 10
390954.54
 20
585533.657
 10
390953.54
 20
585533.657
 10
390953.54
 20
585535.657
 10
390952.54
 20
585535.657
 10
390952.54
 20
585538.605
 10
390951.54
 20
585538.657
 10
390951.54
 20
585540.657
 10
390950.54
 20
585540.657
 10
390950.54
 20
585543.657
 10
390949.54
 20
585543.657
 10
390949.54
 20
585545.657
 10
390948.54
 20
585545.657
 10
390948.497
 20
585548.355
 10
390948.347
 20
585548.657
 10
390947.54
 20
585548.657
 10
390947.54
 20
585549.657
 10
390948.54
 20
585549.657
 10
390948.54
 20
585550.657
 10
390950.54
 20
585550.657
 10
390950.54
 20
585551.657
 10
390951.54
 20
585551.657
 10
390951.54
 20
585552.657
 10
390952.54
 20
585552.657
 10
390952.54
 20
585553.3
 10
390954.54
 20
585553.3
 10
390954.54
 20
585552.657
 10
390956.54
 20
585552.657
 10
390956.54
 20
585553.3
 10
390957.54
 20
585553.3
 10
390957.54
 20
585552.657
 10
390959.54
 20
585552.657
 10
390959.54
 20
585553.3
 10
391009.697
 20
585553.3
  0
TEXT
  5
63
330
17
100
AcDbEntity
  8
TEXTE
 62
7
100
AcDbText
 10
390971.487
 20
585545.706
 30
0.0
 40
1.5
  1
C31: 719.0mp
 72
1
 11
390971.487
 21
585545.706
 31
0.0
100
AcDbText
 73
2
  0
LWPOLYLINE
  5
64
330
17
100
AcDbEntity
  8
CONSTRUCTII
 62
1
100
AcDbPolyline
 90
55
 70
1
 10
390703.841
 20
585629.5
 10
390703.841
 20
585626.655
 10
390704.141
 20
585625.305
 10
390705.041
 20
585624.705
 10
390705.491
 20
585624.705
 10
390706.391
 20
585623.955
 10
390706.991
 20
585622.305
 10
390707.291
 20
585619.905
 10
390708.941
 20
585616.605
 10
390709.091
 20
585615.555
 10
390708.941
 20
585614.805
 10
390707.591
 20
585613.305
 10
390706.391
 20
585612.855
 10
390704.741
 20
585613.155
 10
390704.291
 20
585612.705
 10
390704.591
 20
585609.405
 10
390704.591
 20
585606.705
 10
390704.291
 20
585606.105
 10
390703.691
 20
585605.505
 10
390701.141
 20
585604.905
 10
390700.241
 20
585604.305
 10
390697.391
 20
585603.405
 10
390695.591
 20
585602.355
 10
390693.941
 20
585602.055
 10
390690.041
 20
585600.255
 10
390687.641
 20
585599.655
 10
390685.841
 20
585598.605
 10
390685.241
 20
585598.755
 10
390684.341
 20
585599.655
 10
390683.741
 20
585601.005
 10
390683.441
 20
585601.155
 10
390682.241
 20
585605.055
 10
390681.191
 20
585607.305
 10
390679.991
 20
585608.355
 10
390679.541
 20
585611.055
 10
390678.341
 20
585613.605
 10
390676.991
 20
585617.955
 10
390677.441
 20
585619.605
 10
390678.791
 20
585620.805
 10
390678.791
 20
585621.405
 10
390679.241
 20
585622.005
 10
390679.091
 20
585622.605
 10
390678.341
 20
585623.355
 10
390678.341
 20
585623.955
 10
390679.991
 20
585624.705
 10
390681.491
 20
585624.255
 10
390682.091
 20
585624.705
 10
390681.791
 20
585625.605
 10
390681.041
 20
585626.205
 10
390680.891
 20
585626.955
 10
390680.141
 20
585627.555
 10
390680.441
 20
585628.005
 10
390680.441
 20
585629.205
 10
390679.991
 20
585629.5
 10
390703.841
 20
585629.5
  0
TEXT
  5
65
330
17
100
AcDbEntity
  8
TEXTE
 62
7
100
AcDbText
 10
390692.373
 20
585615.983
 30
0.0
 40
1.5
  1
C32: 714.4mp
 72
1
 11
390692.373
 21
585615.983
 31
0.0
100
AcDbText
 73
2
  0
LWPOLYLINE
  5
66
330
17
100
AcDbEntity
  8
CONSTRUCTII
 62
1
100
AcDbPolyline
 90
94
 70
1
 10
390938.597
 20
585767.655
 10
390939.347
 20
585767.505
 10
390940.247
 20
585766.455
 10
390940.847
 20
585764.055
 10
390941.447
 20
585763.155
 10
390941.897
 20
585761.655
 10
390941.897
 20
585760.005
 10
390942.497
 20
585759.405
 10
390943.397
 20
585757.155
 10
390943.847
 20
585756.705
 10
390944.447
 20
585754.005
 10
390944.897
 20
585753.105
 10
390942.797
 20
585751.755
 10
390941.597
 20
585751.605
 10
390939.647
 20
585750.705
 10
390936.647
 20
585749.955
 10
390935.747
 20
585749.355
 10
390934.397
 20
585749.205
 10
390932.897
 20
585747.555
 10
390930.647
 20
585747.105
 10
390930.047
 20
585746.355
 10
390928.847
 20
585746.205
 10
390927.197
 20
585745.005
 10
390921.797
 20
585743.955
 10
390916.397
 20
585741.405
 10
390913.547
 20
585740.805
 10
390912.797
 20
585740.355
 10
390909.497
 20
585740.655
 10
390907.997
 20
585739.455
 10
390906.797
 20
585739.305
 10
390906.797
 20
585751.005
 10
390907.397
 20
585751.305
 10
390907.697
 20
585751.905
 10
390909.647
 20
585752.955
 10
390911.447
 20
585753.105
 10
390912.047
 20
585754.455
 10
390910.997
 20
585755.655
 10
390909.497
 20
585755.505
 10
390908.297
 20
585757.305
 10
390907.847
 20
585759.255
 10
390907.847
 20
585762.855
 10
390909.047
 20
585763.305
 10
390909.647
 20
585764.205
 10
390912.497
 20
585764.505
 10
390913.847
 20
585764.955
 10
390915.197
 20
585764.955
 10
390916.547
 20
585765.705
 10
390916.847
 20
585764.505
 10
390917.747
 20
585763.605
 10
390918.947
 20
585764.055
 10
390920.597
 20
585764.055
 10
390921.197
 20
585763.455
 10
390921.947
 20
585761.655
 10
390922.397
 20
585758.505
 10
390922.997
 20
585757.755
 10
390924.047
 20
585757.305
 10
390924.947
 20
585757.305
 10
390925.847
 20
585758.055
 10
390926.747
 20
585758.205
 10
390927.797
 20
585758.955
 10
390928.697
 20
585758.955
 10
390929.897
 20
585759.405
 10
390930.497
 20
585759.855
 10
390930.647
 20
585761.055
 10
390931.397
 20
585761.805
 10
390932.897
 20
585761.355
 10
390932.897
 20
585762.105
 10
390932.297
 20
585763.305
 10
390932.297
 20
585764.205
 10
390932.747
 20
585764.205
 10
390934.097
 20
585765.405
 10
390933.797
 20
585765.705
 10
390933.797
 20
585766.905
 10
390933.347
 20
585767.505
 10
390932.897
 20
585769.305
 10
390931.997
 20
585770.655
 10
390931.697
 20
585771.855
 10
390930.347
 20
585774.555
 10
390930.497
 20
585776.505
 10
390931.247
 20
585777.705
 10
390931.397
 20
585778.605
 10
390931.697
 20
585779.205
 10
390932.747
 20
585779.955
 10
390933.647
 20
585779.355
 10
390934.097
 20
585778.605
 10
390934.097
 20
585778.155
 10
390934.697
 20
585777.255
 10
390935.147
 20
585775.155
 10
390936.497
 20
585772.905
 10
390936.797
 20
585771.405
 10
390937.697
 20
585770.205
 10
390938.147
 20
585768.705
 10
390938.597
 20
585768.405
 10
390938.597
 20
585767.655
  0
TEXT
  5
67
330
17
100
AcDbEntity
  8
TEXTE
 62
7
100
AcDbText
 10
390924.416
 20
585755.406
 30
0.0
 40
1.5
  1
C33: 688.2mp
 72
1
 11
390924.416
 21
585755.406
 31
0.0
100
AcDbText
 73
2
  0
LWPOLYLINE
  5
68
330
17
100
AcDbEntity
  8
CONSTRUCTII
 62
1
100
AcDbPolyline
 90
83
 70
1
 10
390692.95
 20
585726.555
 10
390693.791
 20
585726.855
 10
390694.991
 20
585726.855
 10
390695.291
 20
585727.155
 10
390695.441
 20
585726.405
 10
390696.941
 20
585726.255
 10
390697.991
 20
585725.205
 10
390698.591
 20
585726.555
 10
390699.641
 20
585727.005
 10
390700.241
 20
585726.405
 10
390700.541
 20
585725.355
 10
390701.291
 20
585725.055
 10
390701.54
 20
585724.657
 10
390701.54
 20
585729.657
 10
390702.54
 20
585729.657
 10
390702.54
 20
585728.657
 10
390703.54
 20
585728.657
 10
390703.54
 20
585729.657
 10
390704.54
 20
585729.657
 10
390704.54
 20
585726.657
 10
390703.54
 20
585726.657
 10
390703.54
 20
585725.657
 10
390704.54
 20
585725.657
 10
390704.54
 20
585724.657
 10
390706.54
 20
585724.657
 10
390706.54
 20
585725.657
 10
390708.54
 20
585725.657
 10
390708.54
 20
585724.657
 10
390710.54
 20
585724.657
 10
390710.54
 20
585721.657
 10
390709.54
 20
585721.657
 10
390709.54
 20
585720.657
 10
390710.54
 20
585720.657
 10
390710.54
 20
585718.657
 10
390708.54
 20
585718.657
 10
390708.54
 20
585714.657
 10
390707.54
 20
585714.657
 10
390707.54
 20
585713.657
 10
390708.54
 20
585713.657
 10
390708.54
 20
585709.657
 10
390709.54
 20
585709.657
 10
390709.54
 20
585705.657
 10
390710.54
 20
585705.657
 10
390710.54
 20
585700.657
 10
390711.54
 20
585700.657
 10
390711.54
 20
585695.657
 10
390712.54
 20
585695.657
 10
390712.54
 20
585689.657
 10
390714.54
 20
585689.657
 10
390714.54
 20
585690.657
 10
390715.54
 20
585690.657
 10
390715.54
 20
585689.657
 10
390717.54
 20
585689.657
 10
390717.54
 20
585682.657
 10
390715.54
 20
585682.657
 10
390715.54
 20
585681.657
 10
390713.54
 20
585681.657
 10
390713.54
 20
585682.657
 10
390712.54
 20
585682.657
 10
390712.54
 20
585680.657
 10
390708.54
 20
585680.657
 10
390708.54
 20
585682.657
 10
390707.54
 20
585682.657
 10
390707.54
 20
585687.657
 10
390706.54
 20
585687.657
 10
390706.54
 20
585692.657
 10
390705.54
 20
585692.657
 10
390705.54
 20
585696.657
 10
390704.54
 20
585696.657
 10
390704.54
 20
585697.657
 10
390705.54
 20
585697.657
 10
390705.54
 20
585698.657
 10
390704.54
 20
585698.657
 10
390704.54
 20
585702.657
 10
390704.141
 20
585702.657
 10
390704.141
 20
585696.405
 10
390703.391
 20
585696.255
 10
390701.741
 20
585694.155
 10
390700.541
 20
585693.555
 10
390696.791
 20
585695.355
 10
390695.141
 20
585695.505
 10
390693.941
 20
585694.905
 10
390692.95
 20
585726.555
  0
TEXT
  5
69
330
17
100
AcDbEntity
  8
TEXTE
 62
7
100
AcDbText
 10
390703.453
 20
585706.388
 30
0.0
 40
1.5
  1
C37: 630.2mp
 72
1
 11
390703.453
 21
585706.388
 31
0.0
100
AcDbText
 73
2
  0
LWPOLYLINE
  5
6A
330
17
100
AcDbEntity
  8
CONSTRUCTII
 62
1
100
AcDbPolyline
 90
118
 70
1
 10
391228.397
 20
585640.605
 10
391230.492
 20
585640.305
 10
391231.992
 20
585638.505
 10
391233.342
 20
585637.755
 10
391236.342
 20
585634.905
 10
391236.492
 20
585633.555
 10
391236.042
 20
585631.305
 10
391235.142
 20
585630.255
 10
391233.192
 20
585629.955
 10
391232.292
 20
585629.205
 10
391231.242
 20
585629.055
 10
391230.492
 20
585628.305
 10
391228.397
 20
585628.455
 10
391228.397
 20
585627.105
 10
391227.047
 20
585627.105
 10
391226.147
 20
585627.705
 10
391226.147
 20
585628.305
 10
391225.547
 20
585629.055
 10
391224.947
 20
585629.055
 10
391224.347
 20
585629.655
 10
391223.897
 20
585630.555
 10
391223.897
 20
585632.355
 10
391224.347
 20
585633.105
 10
391224.497
 20
585635.205
 10
391223.5
 20
585635.205
 10
391223.5
 20
585636.555
 10
391223.897
 20
585636.705
 10
391224.197
 20
585637.305
 10
391224.497
 20
585639.405
 10
391224.197
 20
585640.155
 10
391223.5
 20
585640.155
 10
391223.5
 20
585644.205
 10
391224.647
 20
585643.005
 10
391225.397
 20
585643.005
 10
391225.547
 20
585642.255
 10
391226.447
 20
585642.255
 10
391226.597
 20
585641.955
 10
391227.197
 20
585642.105
 10
391227.197
 20
585643.605
 10
391226.297
 20
585643.605
 10
391225.997
 20
585643.905
 10
391225.997
 20
585644.955
 10
391225.697
 20
585645.255
 10
391224.947
 20
585645.255
 10
391225.397
 20
585645.555
 10
391225.397
 20
585646.905
 10
391225.097
 20
585647.355
 10
391224.197
 20
585647.505
 10
391224.197
 20
585648.255
 10
391223.5
 20
585648.705
 10
391223.5
 20
585668.055
 10
391225.247
 20
585668.355
 10
391226.297
 20
585669.105
 10
391227.497
 20
585669.255
 10
391228.397
 20
585669.255
 10
391228.397
 20
585667.155
 10
391229.142
 20
585667.155
 10
391230.492
 20
585666.555
 10
391231.392
 20
585665.655
 10
391231.842
 20
585664.605
 10
391234.542
 20
585662.205
 10
391234.542
 20
585661.905
 10
391235.292
 20
585661.305
 10
391235.742
 20
585660.105
 10
391236.642
 20
585659.655
 10
391237.242
 20
585658.155
 10
391237.542
 20
585658.155
 10
391238.292
 20
585657.255
 10
391238.742
 20
585657.105
 10
391240.092
 20
585657.555
 10
391240.392
 20
585658.755
 10
391240.692
 20
585659.055
 10
391241.442
 20
585659.055
 10
391241.742
 20
585657.705
 10
391243.542
 20
585656.655
 10
391245.042
 20
585654.705
 10
391245.942
 20
585654.255
 10
391246.842
 20
585653.355
 10
391247.442
 20
585652.005
 10
391248.642
 20
585651.105
 10
391249.092
 20
585649.005
 10
391249.392
 20
585648.405
 10
391249.992
 20
585648.105
 10
391249.392
 20
585647.355
 10
391249.242
 20
585646.605
 10
391248.642
 20
585646.305
 10
391247.892
 20
585645.105
 10
391247.142
 20
585643.305
 10
391246.242
 20
585642.705
 10
391245.792
 20
585641.355
 10
391244.442
 20
585640.305
 10
391244.442
 20
585639.705
 10
391245.042
 20
585638.805
 10
391245.192
 20
585637.305
 10
391245.042
 20
585636.705
 10
391244.742
 20
585636.555
 10
391242.792
 20
585635.955
 10
391241.292
 20
585635.955
 10
391239.942
 20
585636.855
 10
391238.592
 20
585637.005
 10
391237.992
 20
585637.605
 10
391236.942
 20
585638.055
 10
391234.992
 20
585640.455
 10
391234.092
 20
585640.755
 10
391233.642
 20
585641.355
 10
391232.892
 20
585641.655
 10
391231.992
 20
585643.005
 10
391230.042
 20
585643.455
 10
391229.142
 20
585644.505
 10
391228.397
 20
585644.505
 10
391228.397
 20
585644.055
 10
391227.347
 20
585644.055
 10
391227.347
 20
585643.755
 10
391228.397
 20
585643.755
 10
391228.397
 20
585641.505
 10
391227.647
 20
585641.355
 10
391228.397
 20
585641.355
 10
391228.397
 20
585640.605
  0
TEXT
  5
6B
330
17
100
AcDbEntity
  8
TEXTE
 62
7
100
AcDbText
 10
391233.697
 20
585648.015
 30
0.0
 40
1.5
  1
C39: 642.4mp
 72
1
 11
391233.697
 21
585648.015
 31
0.0
100
AcDbText
 73
2
  0
LWPOLYLINE
  5
6C
330
17
100
AcDbEntity
  8
CONSTRUCTII
 62
1
100
AcDbPolyline
 90
62
 70
1
 10
390981.347
 20
585747.405
 10
390983.447
 20
585747.705
 10
390984.047
 20
585747.105
 10
390984.497
 20
585745.605
 10
390984.797
 20
585745.455
 10
390985.547
 20
585743.805
 10
390985.697
 20
585742.455
 10
390986.447
 20
585741.255
 10
390986.597
 20
585739.455
 10
390987.047
 20
585738.405
 10
390987.047
 20
585736.455
 10
390987.497
 20
585735.555
 10
390987.497
 20
585731.205
 10
390985.397
 20
585729.705
 10
390983.447
 20
585729.105
 10
390982.397
 20
585728.205
 10
390980.447
 20
585727.605
 10
390978.797
 20
585726.555
 10
390976.997
 20
585726.105
 10
390975.797
 20
585725.205
 10
390974.447
 20
585724.905
 10
390973.097
 20
585723.855
 10
390970.997
 20
585723.555
 10
390970.247
 20
585722.655
 10
390969.047
 20
585722.355
 10
390967.547
 20
585721.305
 10
390964.847
 20
585720.555
 10
390964.397
 20
585720.105
 10
390962.447
 20
585719.505
 10
390960.347
 20
585718.305
 10
390959.147
 20
585718.005
 10
390957.497
 20
585718.305
 10
390957.047
 20
585718.755
 10
390956.147
 20
585721.605
 10
390954.797
 20
585723.105
 10
390954.647
 20
585724.155
 10
390954.347
 20
585724.605
 10
390952.847
 20
585725.205
 10
390952.397
 20
585726.555
 10
390951.347
 20
585727.605
 10
390951.047
 20
585729.105
 10
390949.997
 20
585731.055
 10
390949.847
 20
585732.705
 10
390950.147
 20
585733.305
 10
390951.197
 20
585733.905
 10
390954.497
 20
585734.355
 10
390955.697
 20
585735.855
 10
390957.047
 20
585736.155
 10
390960.047
 20
585737.955
 10
390967.247
 20
585740.655
 10
390967.397
 20
585740.955
 10
390969.347
 20
585741.705
 10
390969.497
 20
585742.005
 10
390971.597
 20
585743.055
 10
390972.497
 20
585743.205
 10
390973.247
 20
585743.805
 10
390975.047
 20
585744.555
 10
390976.397
 20
585744.705
 10
390977.747
 20
585745.755
 10
390978.947
 20
585745.905
 10
390979.547
 20
585746.505
 10
390981.347
 20
585747.405
  0
TEXT
  5
6D
330
17
100
AcDbEntity
  8
TEXTE
 62
7
100
AcDbText
 10
390969.818
 20
585732.619
 30
0.0
 40
1.5
  1
C41: 630.6mp
 72
1
 11
390969.818
 21
585732.619
 31
0.0
100
AcDbText
 73
2
  0
LWPOLYLINE
  5
6E
330
17
100
AcDbEntity
  8
CONSTRUCTII
 62
1
100
AcDbPolyline
 90
59
 70
1
 10
391048.997
 20
585839.505
 10
391049.4
 20
585839.355
 10
391049.4
 20
585831.105
 10
391045.997
 20
585831.105
 10
391046.597
 20
585829.605
 10
391045.847
 20
585828.555
 10
391045.847
 20
585826.755
 10
391046.147
 20
585824.655
 10
391046.747
 20
585824.205
 10
391049.4
 20
585824.205
 10
391049.4
 20
585805.455
 10
391048.997
 20
585805.155
 10
391047.647
 20
585805.005
 10
391046.897
 20
585804.405
 10
391046.147
 20
585804.255
 10
391045.097
 20
585803.055
 10
391037.747
 20
585803.055
 10
391037.747
 20
585805.155
 10
391036.847
 20
585806.805
 10
391036.697
 20
585808.005
 10
391035.797
 20
585808.605
 10
391035.347
 20
585809.505
 10
391033.097
 20
585810.705
 10
391032.347
 20
585812.955
 10
391032.197
 20
585814.605
 10
391030.847
 20
585817.305
 10
391031.147
 20
585818.955
 10
391030.697
 20
585818.355
 10
391029.497
 20
585818.355
 10
391028.747
 20
585820.005
 10
391027.397
 20
585821.355
 10
391026.647
 20
585825.555
 10
391025.147
 20
585827.655
 10
391024.247
 20
585830.205
 10
391023.497
 20
585831.255
 10
391022.897
 20
585831.405
 10
391022.897
 20
585831.705
 10
391022.147
 20
585832.305
 10
391020.947
 20
585836.805
 10
391021.547
 20
585837.255
 10
391023.047
 20
585837.255
 10
391023.947
 20
585837.855
 10
391025.747
 20
585838.005
 10
391026.347
 20
585837.255
 10
391027.997
 20
585836.655
 10
391029.647
 20
585835.155
 10
391030.847
 20
585834.705
 10
391035.797
 20
585834.855
 10
391036.697
 20
585834.555
 10
391043.147
 20
585835.305
 10
391044.797
 20
585835.155
 10
391045.697
 20
585835.905
 10
391045.697
 20
585836.355
 10
391046.147
 20
585836.805
 10
391046.897
 20
585837.105
 10
391047.497
 20
585838.005
 10
391048.547
 20
585838.605
 10
391048.547
 20
585839.055
 10
391048.997
 20
585839.505
  0
TEXT
  5
6F
330
17
100
AcDbEntity
  8
TEXTE
 62
7
100
AcDbText
 10
391038.278
 20
585821.981
 30
0.0
 40
1.5
  1
C42: 627.9mp
 72
1
 11
391038.278
 21
585821.981
 31
0.0
100
AcDbText
 73
2
  0
LWPOLYLINE
  5
70
330
17
100
AcDbEntity
  8
CONSTRUCTII
 62
1
100
AcDbPolyline
 90
104
 70
1
 10
390743.141
 20
585667.155
 10
390744.491
 20
585667.155
 10
390744.941
 20
585666.255
 10
390746.291
 20
585665.055
 10
390746.741
 20
585664.005
 10
390747.641
 20
585662.955
 10
390748.391
 20
585660.405
 10
390749.441
 20
585659.055
 10
390751.691
 20
585649.905
 10
390752.291
 20
585648.405
 10
390752.741
 20
585647.955
 10
390753.491
 20
585644.055
 10
390754.091
 20
585642.855
 10
390754.391
 20
585640.155
 10
390755.441
 20
585638.655
 10
390754.541
 20
585635.655
 10
390753.791
 20
585634.305
 10
390752.591
 20
585633.555
 10
390750.941
 20
585634.005
 10
390750.191
 20
585634.605
 10
390750.041
 20
585635.655
 10
390749.741
 20
585635.955
 10
390748.391
 20
585636.105
 10
390747.491
 20
585638.655
 10
390746.441
 20
585639.555
 10
390745.991
 20
585640.605
 10
390745.241
 20
585640.905
 10
390744.641
 20
585641.655
 10
390744.191
 20
585641.655
 10
390743.291
 20
585641.055
 10
390741.941
 20
585641.055
 10
390740.591
 20
585640.455
 10
390738.491
 20
585640.005
 10
390738.191
 20
585639.255
 10
390738.191
 20
585635.655
 10
390737.141
 20
585634.455
 10
390737.141
 20
585634.005
 10
390736.241
 20
585632.955
 10
390736.091
 20
585632.355
 10
390734.441
 20
585632.205
 10
390734.441
 20
585633.105
 10
390734.141
 20
585633.255
 10
390732.941
 20
585633.255
 10
390732.341
 20
585632.955
 10
390730.841
 20
585633.105
 10
390729.491
 20
585634.305
 10
390729.191
 20
585634.905
 10
390728.891
 20
585636.405
 10
390727.541
 20
585639.705
 10
390727.391
 20
585641.055
 10
390726.791
 20
585641.955
 10
390726.191
 20
585643.905
 10
390725.741
 20
585646.605
 10
390724.991
 20
585647.205
 10
390724.541
 20
585648.255
 10
390724.391
 20
585650.955
 10
390723.791
 20
585652.005
 10
390723.641
 20
585653.805
 10
390722.741
 20
585656.205
 10
390723.191
 20
585657.855
 10
390723.041
 20
585658.605
 10
390722.591
 20
585658.755
 10
390722.591
 20
585659.355
 10
390722.891
 20
585659.355
 10
390723.191
 20
585660.555
 10
390724.391
 20
585660.705
 10
390725.741
 20
585659.355
 10
390726.641
 20
585659.055
 10
390726.191
 20
585658.455
 10
390725.141
 20
585657.855
 10
390725.441
 20
585657.255
 10
390726.041
 20
585657.105
 10
390726.641
 20
585656.505
 10
390728.141
 20
585656.955
 10
390728.741
 20
585656.355
 10
390728.291
 20
585654.855
 10
390728.741
 20
585654.255
 10
390728.891
 20
585653.355
 10
390727.391
 20
585652.755
 10
390727.241
 20
585652.155
 10
390726.341
 20
585651.105
 10
390726.791
 20
585649.155
 10
390727.391
 20
585648.555
 10
390728.441
 20
585648.105
 10
390727.691
 20
585646.605
 10
390729.191
 20
585646.005
 10
390729.791
 20
585646.155
 10
390730.541
 20
585646.905
 10
390731.141
 20
585647.505
 10
390733.841
 20
585647.355
 10
390734.891
 20
585646.905
 10
390735.791
 20
585649.605
 10
390735.041
 20
585651.855
 10
390733.991
 20
585653.805
 10
390733.541
 20
585656.205
 10
390731.591
 20
585659.805
 10
390731.141
 20
585662.205
 10
390732.791
 20
585662.655
 10
390735.791
 20
585662.805
 10
390736.841
 20
585663.555
 10
390737.441
 20
585664.755
 10
390739.091
 20
585664.905
 10
390741.641
 20
585665.805
 10
390743.141
 20
585667.155
  0
TEXT
  5
71
330
17
100
AcDbEntity
  8
TEXTE
 62
7
100
AcDbText
 10
390739.901
 20
585649.043
 30
0.0
 40
1.5
  1
C43: 626.7mp
 72
1
 11
390739.901
 21
585649.043
 31
0.0
100
AcDbText
 73
2
  0
LWPOLYLINE
  5
72
330
17
100
AcDbEntity
  8
CONSTRUCTII
 62
1
100
AcDbPolyline
 90
84
 70
1
 10
390585.065
 20
585587.657
 10
390587.54
 20
585588.405
 10
390587.54
 20
585588.657
 10
390588.941
 20
585588.705
 10
390589.54
 20
585589.005
 10
390589.54
 20
585592.657
 10
390591.491
 20
585592.755
 10
390591.54
 20
585593.657
 10
390593.54
 20
585593.657
 10
390593.54
 20
585594.657
 10
390594.54
 20
585594.657
 10
390594.641
 20
585593.805
 10
390595.54
 20
585594.105
 10
390595.54
 20
585594.657
 10
390597.791
 20
585594.705
 10
390599.291
 20
585595.305
 10
390599.54
 20
585595.657
 10
390600.341
 20
585595.755
 10
390600.54
 20
585596.657
 10
390601.54
 20
585596.657
 10
390601.541
 20
585596.355
 10
390601.991
 20
585596.655
 10
390604.691
 20
585597.105
 10
390607.091
 20
585598.005
 10
390607.54
 20
585598.305
 10
390607.54
 20
585598.657
 10
390608.141
 20
585598.657
 10
390608.441
 20
585599.055
 10
390609.641
 20
585599.505
 10
390613.54
 20
585600.255
 10
390613.54
 20
585600.657
 10
390616.091
 20
585600.855
 10
390616.54
 20
585601.005
 10
390616.54
 20
585601.657
 10
390618.791
 20
585601.755
 10
390619.54
 20
585602.205
 10
390619.54
 20
585602.657
 10
390621.791
 20
585602.657
 10
390622.54
 20
585602.955
 10
390622.54
 20
585603.657
 10
390624.641
 20
585603.705
 10
390625.54
 20
585604.155
 10
390625.54
 20
585604.657
 10
390626.54
 20
585604.657
 10
390626.591
 20
585604.155
 10
390626.891
 20
585604.455
 10
390629.441
 20
585605.055
 10
390631.54
 20
585604.657
 10
390631.991
 20
585603.705
 10
390632.54
 20
585603.657
 10
390633.641
 20
585599.655
 10
390634.241
 20
585599.205
 10
390634.541
 20
585597.255
 10
390634.841
 20
585596.657
 10
390635.54
 20
585596.657
 10
390635.591
 20
585593.657
 10
390636.54
 20
585593.657
 10
390636.54
 20
585591.255
 10
390636.941
 20
585590.505
 10
390636.941
 20
585589.755
 10
390637.54
 20
585589.657
 10
390637.54
 20
585588.657
 10
390637.091
 20
585588.657
 10
390637.241
 20
585587.955
 10
390636.641
 20
585587.505
 10
390635.291
 20
585587.505
 10
390633.041
 20
585586.605
 10
390627.041
 20
585585.405
 10
390625.991
 20
585585.405
 10
390625.241
 20
585585.855
 10
390624.791
 20
585587.655
 10
390624.54
 20
585587.657
 10
390624.491
 20
585589.605
 10
390623.591
 20
585590.655
 10
390622.391
 20
585590.655
 10
390621.491
 20
585589.905
 10
390621.041
 20
585589.905
 10
390618.641
 20
585588.555
 10
390613.691
 20
585587.055
 10
390613.391
 20
585586.605
 10
390611.741
 20
585586.305
 10
390610.091
 20
585585.405
 10
390585.065
 20
585585.35
 10
390585.065
 20
585587.657
  0
TEXT
  5
73
330
17
100
AcDbEntity
  8
TEXTE
 62
7
100
AcDbText
 10
390614.868
 20
585593.21
 30
0.0
 40
1.5
  1
C44: 614.5mp
 72
1
 11
390614.868
 21
585593.21
 31
0.0
100
AcDbText
 73
2
  0
LWPOLYLINE
  5
74
330
17
100
AcDbEntity
  8
CONSTRUCTII
 62
1
100
AcDbPolyline
 90
80
 70
1
 10
391144.397
 20
585801.705
 10
391145.897
 20
585801.255
 10
391146.347
 20
585800.505
 10
391146.797
 20
585799.155
 10
391146.797
 20
585798.105
 10
391147.547
 20
585797.055
 10
391147.847
 20
585795.555
 10
391148.447
 20
585794.655
 10
391148.447
 20
585794.205
 10
391149.347
 20
585793.455
 10
391150.547
 20
585789.255
 10
391151.597
 20
585787.905
 10
391151.747
 20
585787.005
 10
391152.347
 20
585786.255
 10
391152.497
 20
585784.005
 10
391153.547
 20
585781.455
 10
391154.447
 20
585780.555
 10
391154.597
 20
585779.055
 10
391155.797
 20
585775.005
 10
391156.547
 20
585774.405
 10
391156.847
 20
585774.405
 10
391157.147
 20
585775.005
 10
391157.447
 20
585778.305
 10
391157.297
 20
585780.255
 10
391156.397
 20
585781.755
 10
391156.547
 20
585782.355
 10
391157.297
 20
585783.105
 10
391156.997
 20
585784.155
 10
391156.547
 20
585784.455
 10
391156.997
 20
585785.655
 10
391156.997
 20
585786.555
 10
391156.397
 20
585787.755
 10
391155.047
 20
585787.905
 10
391153.997
 20
585788.655
 10
391152.197
 20
585788.655
 10
391152.647
 20
585789.705
 10
391152.347
 20
585791.805
 10
391152.797
 20
585792.405
 10
391153.847
 20
585791.955
 10
391155.647
 20
585792.105
 10
391156.847
 20
585791.655
 10
391157.447
 20
585794.055
 10
391157.897
 20
585794.955
 10
391158.197
 20
585794.955
 10
391158.947
 20
585792.555
 10
391159.997
 20
585791.505
 10
391160.147
 20
585789.705
 10
391160.597
 20
585789.105
 10
391160.897
 20
585789.105
 10
391161.497
 20
585784.455
 10
391162.247
 20
585783.705
 10
391162.997
 20
585780.405
 10
391163.447
 20
585780.105
 10
391164.347
 20
585778.155
 10
391164.347
 20
585775.455
 10
391165.547
 20
585771.255
 10
391166.297
 20
585766.3
 10
391141.247
 20
585766.305
 10
391140.797
 20
585767.955
 10
391140.797
 20
585770.655
 10
391140.197
 20
585772.905
 10
391140.047
 20
585779.655
 10
391139.597
 20
585781.755
 10
391139.597
 20
585784.155
 10
391139.147
 20
585787.005
 10
391139.147
 20
585790.455
 10
391140.197
 20
585792.705
 10
391140.797
 20
585792.855
 10
391141.547
 20
585793.605
 10
391143.197
 20
585793.755
 10
391143.497
 20
585795.705
 10
391143.047
 20
585796.455
 10
391141.397
 20
585796.905
 10
391140.947
 20
585798.405
 10
391141.547
 20
585799.755
 10
391142.147
 20
585799.755
 10
391142.747
 20
585800.205
 10
391142.897
 20
585801.105
 10
391143.797
 20
585801.255
 10
391144.397
 20
585801.705
  0
TEXT
  5
75
330
17
100
AcDbEntity
  8
TEXTE
 62
7
100
AcDbText
 10
391150.934
 20
585779.858
 30
0.0
 40
1.5
  1
C45: 605.1mp
 72
1
 11
391150.934
 21
585779.858
 31
0.0
100
AcDbText
 73
2
  0
LWPOLYLINE
  5
76
330
17
100
AcDbEntity
  8
CONSTRUCTII
 62
1
100
AcDbPolyline
 90
57
 70
1
 10
390644.141
 20
585535.4
 10
390646.391
 20
585531.71
 10
390647.141
 20
585529.76
 10
390647.591
 20
585529.31
 10
390648.641
 20
585526.76
 10
390648.941
 20
585526.61
 10
390649.841
 20
585524.06
 10
390650.891
 20
585522.56
 10
390651.191
 20
585521.51
 10
390651.641
 20
585521.21
 10
390651.791
 20
585520.31
 10
390652.241
 20
585519.86
 10
390652.241
 20
585518.36
 10
390652.991
 20
585516.41
 10
390655.241
 20
585514.16
 10
390655.541
 20
585513.26
 10
390655.241
 20
585511.16
 10
390654.041
 20
585509.36
 10
390652.991
 20
585508.76
 10
390650.141
 20
585508.46
 10
390649.541
 20
585507.86
 10
390648.491
 20
585507.56
 10
390647.141
 20
585506.66
 10
390645.341
 20
585506.21
 10
390644.441
 20
585506.21
 10
390643.091
 20
585506.96
 10
390640.541
 20
585512.06
 10
390638.291
 20
585513.86
 10
390636.941
 20
585517.16
 10
390636.341
 20
585517.91
 10
390633.941
 20
585522.86
 10
390631.991
 20
585522.26
 10
390630.641
 20
585521.36
 10
390629.441
 20
585521.06
 10
390629.291
 20
585520.76
 10
390627.941
 20
585520.46
 10
390627.191
 20
585519.86
 10
390626.441
 20
585520.01
 10
390625.391
 20
585520.76
 10
390624.341
 20
585522.26
 10
390623.441
 20
585521.81
 10
390623.141
 20
585520.91
 10
390622.691
 20
585520.91
 10
390622.241
 20
585522.56
 10
390623.441
 20
585522.86
 10
390623.891
 20
585523.91
 10
390623.291
 20
585525.41
 10
390622.241
 20
585526.46
 10
390621.641
 20
585528.71
 10
390620.741
 20
585529.76
 10
390619.841
 20
585531.41
 10
390619.841
 20
585532.01
 10
390618.941
 20
585533.36
 10
390618.941
 20
585533.81
 10
390618.041
 20
585535.16
 10
390618.041
 20
585535.4
 10
390644.141
 20
585535.4
  0
TEXT
  5
77
330
17
100
AcDbEntity
  8
TEXTE
 62
7
100
AcDbText
 10
390638.624
 20
585523.458
 30
0.0
 40
1.5
  1
C50: 583.5mp
 72
1
 11
390638.624
 21
585523.458
 31
0.0
100
AcDbText
 73
2
  0
LWPOLYLINE
  5
78
330
17
100
AcDbEntity
  8
CONSTRUCTII
 62
1
100
AcDbPolyline
 90
53
 70
1
 10
390574.54
 20
585463.657
 10
390574.54
 20
585460.657
 10
390575.54
 20
585460.657
 10
390575.54
 20
585457.657
 10
390576.54
 20
585457.657
 10
390576.54
 20
585454.657
 10
390577.54
 20
585454.657
 10
390577.54
 20
585451.657
 10
390578.54
 20
585451.657
 10
390578.54
 20
585448.657
 10
390579.54
 20
585448.657
 10
390579.54
 20
585445.657
 10
390577.54
 20
585445.657
 10
390577.54
 20
585444.657
 10
390574.54
 20
585444.657
 10
390574.54
 20
585443.657
 10
390572.54
 20
585443.657
 10
390572.54
 20
585442.657
 10
390569.54
 20
585442.657
 10
390569.54
 20
585441.657
 10
390567.54
 20
585441.657
 10
390567.54
 20
585442.657
 10
390565.54
 20
585442.657
 10
390565.54
 20
585443.657
 10
390564.54
 20
585443.657
 10
390564.54
 20
585442.657
 10
390561.54
 20
585442.657
 10
390561.54
 20
585441.657
 10
390562.54
 20
585441.657
 10
390562.54
 20
585440.657
 10
390561.54
 20
585440.657
 10
390561.54
 20
585439.657
 10
390559.54
 20
585439.657
 10
390559.54
 20
585438.657
 10
390553.54
 20
585438.657
 10
390553.54
 20
585440.657
 10
390552.54
 20
585440.657
 10
390552.54
 20
585443.657
 10
390551.54
 20
585443.657
 10
390551.54
 20
585461.657
 10
390552.54
 20
585461.657
 10
390552.54
 20
585462.657
 10
390553.54
 20
585462.657
 10
390553.54
 20
585461.657
 10
390554.54
 20
585461.657
 10
390554.54
 20
585462.657
 10
390556.54
 20
585462.657
 10
390556.54
 20
585463.657
 10
390554.54
 20
585463.657
 10
390554.54
 20
585464.8
 10
390573.54
 20
585464.8
 10
390573.54
 20
585463.657
 10
390574.54
 20
585463.657
  0
TEXT
  5
79
330
17
100
AcDbEntity
  8
TEXTE
 62
7
100
AcDbText
 10
390563.964
 20
585452.584
 30
0.0
 40
1.5
  1
C51: 576.7mp
 72
1
 11
390563.964
 21
585452.584
 31
0.0
100
AcDbText
 73
2
  0
LWPOLYLINE
  5
7A
330
17
100
AcDbEntity
  8
CONSTRUCTII
 62
1
100
AcDbPolyline
 90
88
 70
1
 10
390683.3
 20
585577.755
 10
390682.841
 20
585577.905
 10
390682.391
 20
585576.855
 10
390681.641
 20
585576.105
 10
390680.141
 20
585575.655
 10
390679.391
 20
585574.905
 10
390679.241
 20
585572.805
 10
390678.941
 20
585571.605
 10
390678.491
 20
585571.005
 10
390677.741
 20
585570.555
 10
390675.941
 20
585570.555
 10
390675.341
 20
585569.805
 10
390673.991
 20
585569.355
 10
390673.541
 20
585568.905
 10
390672.041
 20
585568.905
 10
390672.191
 20
585568.455
 10
390673.241
 20
585568.455
 10
390673.541
 20
585568.155
 10
390673.541
 20
585567.255
 10
390672.041
 20
585567.255
 10
390671.741
 20
585568.005
 10
390670.691
 20
585568.155
 10
390669.791
 20
585567.855
 10
390668.441
 20
585566.505
 10
390666.041
 20
585566.205
 10
390666.041
 20
585565.305
 10
390665.291
 20
585564.705
 10
390663.791
 20
585565.005
 10
390663.791
 20
585564.255
 10
390664.691
 20
585564.105
 10
390664.691
 20
585563.655
 10
390665.291
 20
585562.905
 10
390665.441
 20
585562.005
 10
390665.141
 20
585561.705
 10
390663.941
 20
585561.255
 10
390662.891
 20
585561.255
 10
390662.591
 20
585560.655
 10
390662.441
 20
585561.255
 10
390661.991
 20
585561.555
 10
390660.191
 20
585561.555
 10
390659.891
 20
585560.505
 10
390658.391
 20
585560.805
 10
390658.091
 20
585559.905
 10
390657.491
 20
585559.455
 10
390657.491
 20
585558.255
 10
390657.191
 20
585557.805
 10
390656.441
 20
585557.955
 10
390655.991
 20
585558.405
 10
390654.941
 20
585558.105
 10
390654.341
 20
585557.505
 10
390652.841
 20
585557.505
 10
390652.541
 20
585557.805
 10
390651.491
 20
585557.955
 10
390652.091
 20
585558.405
 10
390652.241
 20
585559.155
 10
390651.941
 20
585560.205
 10
390651.191
 20
585560.655
 10
390651.191
 20
585560.955
 10
390651.641
 20
585561.255
 10
390651.791
 20
585562.155
 10
390650.591
 20
585563.355
 10
390650.891
 20
585564.105
 10
390650.591
 20
585566.205
 10
390649.541
 20
585567.555
 10
390649.391
 20
585568.905
 10
390648.341
 20
585570.705
 10
390647.441
 20
585573.555
 10
390647.441
 20
585574.605
 10
390648.341
 20
585575.505
 10
390651.191
 20
585576.255
 10
390653.291
 20
585577.455
 10
390656.141
 20
585578.055
 10
390657.341
 20
585578.805
 10
390659.441
 20
585579.255
 10
390660.641
 20
585580.305
 10
390662.891
 20
585580.755
 10
390664.091
 20
585581.655
 10
390666.641
 20
585582.255
 10
390667.691
 20
585583.155
 10
390670.391
 20
585583.755
 10
390673.691
 20
585585.555
 10
390675.041
 20
585585.855
 10
390676.691
 20
585586.755
 10
390677.891
 20
585586.905
 10
390680.291
 20
585588.255
 10
390682.541
 20
585588.705
 10
390683.291
 20
585589.155
 10
390683.3
 20
585577.755
  0
TEXT
  5
7B
330
17
100
AcDbEntity
  8
TEXTE
 62
7
100
AcDbText
 10
390665.408
 20
585573.503
 30
0.0
 40
1.5
  1
C52: 575.1mp
 72
1
 11
390665.408
 21
585573.503
 31
0.0
100
AcDbText
 73
2
  0
LWPOLYLINE
  5
7C
330
17
100
AcDbEntity
  8
CONSTRUCTII
 62
1
100
AcDbPolyline
 90
91
 70
1
 10
390722.741
 20
585711.105
 10
390722.741
 20
585710.355
 10
390721.991
 20
585710.055
 10
390721.841
 20
585709.455
 10
390722.291
 20
585709.005
 10
390722.741
 20
585709.005
 10
390723.341
 20
585710.055
 10
390724.841
 20
585709.905
 10
390724.991
 20
585709.005
 10
390724.091
 20
585706.755
 10
390724.991
 20
585705.855
 10
390725.441
 20
585705.855
 10
390725.741
 20
585706.455
 10
390725.741
 20
585709.455
 10
390726.041
 20
585709.755
 10
390727.54
 20
585709.657
 10
390727.54
 20
585710.657
 10
390726.54
 20
585710.657
 10
390726.54
 20
585711.657
 10
390731.54
 20
585711.657
 10
390731.54
 20
585709.657
 10
390732.54
 20
585709.657
 10
390732.54
 20
585711.7
 10
390738.54
 20
585711.7
 10
390738.54
 20
585708.657
 10
390739.54
 20
585708.657
 10
390739.54
 20
585705.657
 10
390740.54
 20
585705.657
 10
390740.54
 20
585704.657
 10
390741.54
 20
585704.657
 10
390741.54
 20
585702.657
 10
390743.54
 20
585702.657
 10
390743.54
 20
585701.657
 10
390744.54
 20
585701.657
 10
390744.54
 20
585696.657
 10
390745.54
 20
585696.657
 10
390745.54
 20
585689.657
 10
390743.54
 20
585689.657
 10
390743.54
 20
585688.657
 10
390742.54
 20
585688.657
 10
390742.54
 20
585690.657
 10
390740.54
 20
585690.657
 10
390740.54
 20
585689.657
 10
390741.54
 20
585689.657
 10
390741.54
 20
585688.657
 10
390739.54
 20
585688.657
 10
390739.54
 20
585687.657
 10
390736.54
 20
585687.657
 10
390736.54
 20
585688.657
 10
390735.54
 20
585688.657
 10
390735.54
 20
585686.657
 10
390731.54
 20
585686.657
 10
390731.54
 20
585685.657
 10
390730.54
 20
585685.657
 10
390730.54
 20
585687.657
 10
390729.54
 20
585687.657
 10
390729.54
 20
585693.657
 10
390728.741
 20
585693.657
 10
390728.741
 20
585692.955
 10
390729.041
 20
585692.655
 10
390729.041
 20
585686.955
 10
390726.191
 20
585685.455
 10
390723.941
 20
585685.155
 10
390722.741
 20
585684.255
 10
390721.991
 20
585684.555
 10
390721.541
 20
585685.155
 10
390720.941
 20
585689.205
 10
390720.491
 20
585690.105
 10
390720.041
 20
585696.405
 10
390719.141
 20
585698.805
 10
390718.841
 20
585700.905
 10
390718.541
 20
585701.205
 10
390718.991
 20
585703.005
 10
390718.241
 20
585704.055
 10
390717.791
 20
585706.005
 10
390717.041
 20
585706.305
 10
390716.141
 20
585707.505
 10
390715.991
 20
585709.605
 10
390716.291
 20
585709.605
 10
390716.291
 20
585709.305
 10
390717.791
 20
585709.155
 10
390717.941
 20
585707.655
 10
390718.841
 20
585706.755
 10
390718.841
 20
585706.455
 10
390719.441
 20
585705.855
 10
390720.641
 20
585705.855
 10
390720.791
 20
585706.905
 10
390720.341
 20
585708.255
 10
390720.791
 20
585709.005
 10
390720.791
 20
585710.805
 10
390722.741
 20
585711.105
  0
TEXT
  5
7D
330
17
100
AcDbEntity
  8
TEXTE
 62
7
100
AcDbText
 10
390731.226
 20
585698.489
 30
0.0
 40
1.5
  1
C55: 554.6mp
 72
1
 11
390731.226
 21
585698.489
 31
0.0
100
AcDbText
 73
2
  0
LWPOLYLINE
  5
7E
330
17
100
AcDbEntity
  8
CONSTRUCTII
 62
1
100
AcDbPolyline
 90
61
 70
1
 10
390643.841
 20
585536.805
 10
390644.141
 20
585535.4
 10
390618.041
 20
585535.4
 10
390617.591
 20
585536.06
 10
390617.591
 20
585536.805
 10
390616.691
 20
585536.805
 10
390616.691
 20
585537.555
 10
390616.091
 20
585537.855
 10
390615.491
 20
585537.555
 10
390615.491
 20
585536.805
 10
390612.641
 20
585536.805
 10
390612.641
 20
585537.555
 10
390612.191
 20
585538.305
 10
390612.191
 20
585539.355
 10
390613.241
 20
585540.255
 10
390612.791
 20
585541.155
 10
390612.791
 20
585541.905
 10
390613.241
 20
585542.355
 10
390613.991
 20
585541.905
 10
390614.291
 20
585540.555
 10
390614.891
 20
585540.555
 10
390615.491
 20
585542.655
 10
390614.891
 20
585544.605
 10
390615.341
 20
585545.655
 10
390616.541
 20
585546.555
 10
390617.891
 20
585546.855
 10
390619.991
 20
585548.055
 10
390622.841
 20
585549.105
 10
390623.891
 20
585548.805
 10
390624.191
 20
585548.205
 10
390627.191
 20
585548.205
 10
390627.641
 20
585549.405
 10
390628.391
 20
585549.405
 10
390631.091
 20
585551.055
 10
390632.441
 20
585551.055
 10
390633.041
 20
585551.655
 10
390633.941
 20
585551.955
 10
390636.641
 20
585552.105
 10
390636.791
 20
585552.555
 10
390637.541
 20
585552.855
 10
390640.991
 20
585553.155
 10
390641.891
 20
585553.755
 10
390643.691
 20
585553.755
 10
390645.941
 20
585553.305
 10
390647.741
 20
585551.955
 10
390648.191
 20
585550.305
 10
390648.791
 20
585549.855
 10
390648.941
 20
585548.655
 10
390649.541
 20
585547.455
 10
390649.391
 20
585545.505
 10
390649.991
 20
585544.755
 10
390649.991
 20
585544.305
 10
390651.641
 20
585544.155
 10
390651.941
 20
585543.555
 10
390653.141
 20
585542.955
 10
390653.141
 20
585541.455
 10
390653.441
 20
585541.305
 10
390654.041
 20
585539.805
 10
390654.941
 20
585539.055
 10
390654.941
 20
585536.805
 10
390643.841
 20
585536.805
  0
TEXT
  5
7F
330
17
100
AcDbEntity
  8
TEXTE
 62
7
100
AcDbText
 10
390634.238
 20
585543.031
 30
0.0
 40
1.5
  1
C56: 550.3mp
 72
1
 11
390634.238
 21
585543.031
 31
0.0
100
AcDbText
 73
2
  0
LWPOLYLINE
  5
80
330
17
100
AcDbEntity
  8
CONSTRUCTII
 62
1
100
AcDbPolyline
 90
58
 70
1
 10
391118.4
 20
585789.555
 10
391116.797
 20
585789.555
 10
391115.597
 20
585789.105
 10
391114.697
 20
585788.655
 10
391113.347
 20
585787.305
 10
391112.747
 20
585787.305
 10
391112.447
 20
585787.755
 10
391111.397
 20
585788.055
 10
391109.897
 20
585787.455
 10
391109.147
 20
585787.455
 10
391108.097
 20
585786.705
 10
391103.897
 20
585786.105
 10
391102.397
 20
585784.905
 10
391100.897
 20
585784.605
 10
391100.897
 20
585784.305
 10
391100.447
 20
585784.605
 10
391097.897
 20
585784.455
 10
391096.847
 20
585784.755
 10
391095.947
 20
585785.655
 10
391095.347
 20
585787.005
 10
391093.697
 20
585787.005
 10
391090.247
 20
585785.955
 10
391088.597
 20
585784.755
 10
391088.597
 20
585784.155
 10
391088.297
 20
585784.155
 10
391088.297
 20
585784.605
 10
391086.797
 20
585785.055
 10
391085.297
 20
585787.755
 10
391084.247
 20
585788.505
 10
391083.947
 20
585791.055
 10
391083.197
 20
585792.705
 10
391083.197
 20
585794.505
 10
391083.797
 20
585795.555
 10
391086.197
 20
585796.455
 10
391086.647
 20
585797.055
 10
391087.547
 20
585797.355
 10
391088.597
 20
585798.405
 10
391093.847
 20
585799.455
 10
391094.897
 20
585800.205
 10
391096.997
 20
585800.805
 10
391097.897
 20
585801.555
 10
391099.847
 20
585801.555
 10
391100.897
 20
585801.855
 10
391106.297
 20
585804.705
 10
391108.097
 20
585804.855
 10
391108.397
 20
585805.905
 10
391108.847
 20
585806.205
 10
391109.897
 20
585806.205
 10
391110.197
 20
585806.505
 10
391111.847
 20
585806.355
 10
391111.847
 20
585806.955
 10
391112.147
 20
585807.255
 10
391113.947
 20
585807.705
 10
391116.347
 20
585807.705
 10
391116.947
 20
585807.405
 10
391117.097
 20
585806.955
 10
391118.4
 20
585807.105
 10
391118.4
 20
585789.555
  0
TEXT
  5
81
330
17
100
AcDbEntity
  8
TEXTE
 62
7
100
AcDbText
 10
391102.883
 20
585794.868
 30
0.0
 40
1.5
  1
C57: 549.7mp
 72
1
 11
391102.883
 21
585794.868
 31
0.0
100
AcDbText
 73
2
  0
LWPOLYLINE
  5
82
330
17
100
AcDbEntity
  8
CONSTRUCTII
 62
1
100
AcDbPolyline
 90
66
 70
1
 10
391119.047
 20
585812.205
 10
391126.697
 20
585812.055
 10
391126.997
 20
585810.555
 10
391128.197
 20
585810.255
 10
391128.197
 20
585809.955
 10
391129.097
 20
585809.205
 10
391129.697
 20
585806.505
 10
391131.347
 20
585802.005
 10
391132.997
 20
585798.855
 10
391133.747
 20
585798.255
 10
391133.447
 20
585796.755
 10
391133.897
 20
585796.305
 10
391134.197
 20
585793.455
 10
391134.497
 20
585793.005
 10
391134.197
 20
585789.855
 10
391133.747
 20
585788.355
 10
391133.747
 20
585786.705
 10
391134.047
 20
585785.955
 10
391134.947
 20
585785.355
 10
391135.097
 20
585784.755
 10
391134.947
 20
585783.855
 10
391134.197
 20
585783.255
 10
391134.047
 20
585781.455
 10
391134.497
 20
585780.105
 10
391134.947
 20
585779.955
 10
391135.097
 20
585779.205
 10
391135.247
 20
585766.755
 10
391134.947
 20
585766.005
 10
391132.997
 20
585765.105
 10
391132.097
 20
585764.955
 10
391131.347
 20
585766.005
 10
391130.747
 20
585766.305
 10
391129.997
 20
585769.455
 10
391129.397
 20
585770.055
 10
391128.797
 20
585771.705
 10
391128.047
 20
585772.305
 10
391127.297
 20
585775.605
 10
391126.547
 20
585776.205
 10
391125.947
 20
585777.255
 10
391125.197
 20
585777.705
 10
391124.747
 20
585779.805
 10
391123.847
 20
585780.555
 10
391123.097
 20
585782.805
 10
391122.497
 20
585783.105
 10
391122.347
 20
585784.005
 10
391121.447
 20
585785.205
 10
391121.147
 20
585785.205
 10
391120.997
 20
585785.805
 10
391119.947
 20
585787.155
 10
391119.497
 20
585788.955
 10
391118.4
 20
585789.555
 10
391118.4
 20
585805.005
 10
391118.597
 20
585804.855
 10
391118.4
 20
585807.105
 10
391120.397
 20
585807.705
 10
391120.397
 20
585808.005
 10
391120.997
 20
585808.455
 10
391123.847
 20
585809.055
 10
391123.397
 20
585809.955
 10
391122.647
 20
585810.255
 10
391120.547
 20
585809.805
 10
391119.497
 20
585809.805
 10
391118.897
 20
585810.105
 10
391118.447
 20
585810.705
 10
391118.597
 20
585811.755
 10
391119.047
 20
585812.205
  0
TEXT
  5
83
330
17
100
AcDbEntity
  8
TEXTE
 62
7
100
AcDbText
 10
391127.171
 20
585790.924
 30
0.0
 40
1.5
  1
C62: 512.5mp
 72
1
 11
391127.171
 21
585790.924
 31
0.0
100
AcDbText
 73
2
  0
LWPOLYLINE
  5
84
330
17
100
AcDbEntity
  8
CONSTRUCTII
 62
1
100
AcDbPolyline
 90
56
 70
1
 10
391216.697
 20
585563.355
 10
391218.347
 20
585562.005
 10
391219.847
 20
585559.305
 10
391220.447
 20
585558.855
 10
391222.247
 20
585556.005
 10
391222.847
 20
585555.555
 10
391223.147
 20
585553.755
 10
391222.397
 20
585553.005
 10
391221.197
 20
585552.555
 10
391220.597
 20
585551.805
 10
391219.247
 20
585551.205
 10
391218.947
 20
585550.605
 10
391217.747
 20
585550.155
 10
391216.997
 20
585549.405
 10
391215.347
 20
585548.505
 10
391215.347
 20
585548.205
 10
391214.747
 20
585547.755
 10
391212.947
 20
585547.005
 10
391210.997
 20
585545.205
 10
391209.497
 20
585544.605
 10
391208.897
 20
585543.855
 10
391207.847
 20
585543.405
 10
391206.497
 20
585542.205
 10
391205.297
 20
585541.755
 10
391202.447
 20
585539.505
 10
391201.697
 20
585539.355
 10
391200.797
 20
585538.305
 10
391199.147
 20
585537.555
 10
391199.147
 20
585536.805
 10
391189.997
 20
585536.805
 10
391189.997
 20
585537.555
 10
391188.647
 20
585538.605
 10
391187.897
 20
585539.805
 10
391187.897
 20
585540.255
 10
391187.297
 20
585540.855
 10
391186.997
 20
585541.905
 10
391185.647
 20
585543.855
 10
391185.647
 20
585544.605
 10
391186.397
 20
585545.505
 10
391188.347
 20
585546.555
 10
391190.597
 20
585548.655
 10
391192.097
 20
585549.405
 10
391193.747
 20
585550.755
 10
391195.097
 20
585551.355
 10
391197.047
 20
585553.005
 10
391200.347
 20
585554.955
 10
391201.247
 20
585555.855
 10
391202.447
 20
585556.305
 10
391206.797
 20
585559.455
 10
391208.297
 20
585560.055
 10
391208.447
 20
585560.355
 10
391211.147
 20
585560.655
 10
391212.647
 20
585561.555
 10
391213.397
 20
585561.555
 10
391215.497
 20
585562.305
 10
391216.697
 20
585563.355
  0
TEXT
  5
85
330
17
100
AcDbEntity
  8
TEXTE
 62
7
100
AcDbText
 10
391204.34
 20
585549.283
 30
0.0
 40
1.5
  1
C66: 488.0mp
 72
1
 11
391204.34
 21
585549.283
 31
0.0
100
AcDbText
 73
2
  0
LWPOLYLINE
  5
86
330
17
100
AcDbEntity
  8
CONSTRUCTII
 62
1
100
AcDbPolyline
 90
12
 70
1
 10
390543.791
 20
585637.8
 10
390543.341
 20
585637.455
 10
390543.491
 20
585637.005
 10
390544.841
 20
585636.855
 10
390547.091
 20
585636.105
 10
390547.241
 20
585634.455
 10
390547.691
 20
585634.155
 10
390549.041
 20
585634.155
 10
390549.041
 20
585613.155
 10
390529.391
 20
585613.155
 10
390529.391
 20
585637.8
 10
390543.791
 20
585637.8
  0
TEXT
  5
87
330
17
100
AcDbEntity
  8
TEXTE
 62
7
100
AcDbText
 10
390539.031
 20
585625.222
 30
0.0
 40
1.5
  1
C69: 473.2mp
 72
1
 11
390539.031
 21
585625.222
 31
0.0
100
AcDbText
 73
2
  0
LWPOLYLINE
  5
88
330
17
100
AcDbEntity
  8
CONSTRUCTII
 62
1
100
AcDbPolyline
 90
49
 70
1
 10
390806.741
 20
585117.55
 10
390806.291
 20
585115.453
 10
390804.791
 20
585112.303
 10
390804.041
 20
585111.703
 10
390803.741
 20
585110.353
 10
390802.691
 20
585108.703
 10
390801.641
 20
585108.103
 10
390801.191
 20
585107.503
 10
390800.591
 20
585105.703
 10
390798.941
 20
585105.553
 10
390798.791
 20
585106.153
 10
390798.491
 20
585106.153
 10
390797.741
 20
585107.053
 10
390796.391
 20
585106.603
 10
390795.341
 20
585102.553
 10
390793.841
 20
585100.003
 10
390792.641
 20
585099.103
 10
390791.741
 20
585099.103
 10
390789.941
 20
585100.153
 10
390788.291
 20
585100.603
 10
390787.391
 20
585100.453
 10
390786.941
 20
585100.003
 10
390786.791
 20
585099.103
 10
390786.341
 20
585099.103
 10
390786.041
 20
585100.603
 10
390784.091
 20
585102.553
 10
390783.041
 20
585101.803
 10
390782.591
 20
585101.803
 10
390781.391
 20
585100.453
 10
390779.741
 20
585100.753
 10
390778.541
 20
585101.803
 10
390777.341
 20
585101.503
 10
390776.441
 20
585101.653
 10
390775.541
 20
585102.703
 10
390775.541
 20
585103.753
 10
390775.991
 20
585104.803
 10
390774.941
 20
585105.103
 10
390774.491
 20
585105.703
 10
390772.541
 20
585105.853
 10
390771.041
 20
585107.353
 10
390770.891
 20
585109.003
 10
390771.341
 20
585109.753
 10
390771.491
 20
585111.553
 10
390772.541
 20
585113.353
 10
390773.741
 20
585114.553
 10
390774.041
 20
585115.603
 10
390774.941
 20
585116.953
 10
390774.941
 20
585117.55
 10
390806.741
 20
585117.55
  0
TEXT
  5
89
330
17
100
AcDbEntity
  8
TEXTE
 62
7
100
AcDbText
 10
390787.796
 20
585109.962
 30
0.0
 40
1.5
  1
C70: 470.9mp
 72
1
 11
390787.796
 21
585109.962
 31
0.0
100
AcDbText
 73
2
  0
LWPOLYLINE
  5
8A
330
17
100
AcDbEntity
  8
CONSTRUCTII
 62
1
100
AcDbPolyline
 90
46
 70
1
 10
390707.441
 20
585437.96
 10
390708.041
 20
585437.51
 10
390708.55
 20
585436.46
 10
390708.55
 20
585416.06
 10
390707.291
 20
585416.96
 10
390706.991
 20
585418.01
 10
390706.541
 20
585418.46
 10
390705.791
 20
585421.31
 10
390704.591
 20
585422.06
 10
390703.541
 20
585423.86
 10
390702.041
 20
585423.71
 10
390701.141
 20
585422.66
 10
390696.491
 20
585421.16
 10
390695.291
 20
585420.26
 10
390692.291
 20
585419.36
 10
390690.641
 20
585419.21
 10
390689.891
 20
585418.61
 10
390688.241
 20
585418.16
 10
390687.191
 20
585417.26
 10
390683.441
 20
585416.21
 10
390681.791
 20
585415.16
 10
390679.541
 20
585415.91
 10
390678.641
 20
585416.81
 10
390677.591
 20
585418.91
 10
390675.941
 20
585419.36
 10
390675.941
 20
585425.51
 10
390677.891
 20
585426.11
 10
390678.191
 20
585426.56
 10
390677.891
 20
585428.36
 10
390678.641
 20
585429.26
 10
390680.591
 20
585429.26
 10
390682.091
 20
585430.16
 10
390686.591
 20
585431.51
 10
390689.141
 20
585432.86
 10
390691.391
 20
585433.46
 10
390692.891
 20
585434.21
 10
390694.091
 20
585434.36
 10
390695.141
 20
585435.26
 10
390696.791
 20
585435.41
 10
390697.991
 20
585436.46
 10
390698.591
 20
585436.46
 10
390699.791
 20
585435.56
 10
390700.841
 20
585435.41
 10
390705.191
 20
585436.76
 10
390707.291
 20
585437.66
 10
390707.441
 20
585437.96
  0
TEXT
  5
8B
330
17
100
AcDbEntity
  8
TEXTE
 62
7
100
AcDbText
 10
390693.217
 20
585426.345
 30
0.0
 40
1.5
  1
C74: 457.6mp
 72
1
 11
390693.217
 21
585426.345
 31
0.0
100
AcDbText
 73
2
  0
LWPOLYLINE
  5
8C
330
17
100
AcDbEntity
  8
CONSTRUCTII
 62
1
100
AcDbPolyline
 90
65
 70
1
 10
391248.492
 20
585717.555
 10
391248.792
 20
585719.355
 10
391248.192
 20
585720.255
 10
391248.192
 20
585721.905
 10
391248.792
 20
585722.805
 10
391249.842
 20
585723.105
 10
391251.192
 20
585724.455
 10
391250.292
 20
585725.805
 10
391249.842
 20
585727.455
 10
391249.242
 20
585728.055
 10
391249.242
 20
585728.655
 10
391250.592
 20
585729.255
 10
391251.192
 20
585730.155
 10
391252.242
 20
585730.755
 10
391254.492
 20
585730.305
 10
391256.592
 20
585730.305
 10
391257.192
 20
585731.205
 10
391257.942
 20
585731.655
 10
391258.692
 20
585731.205
 10
391258.842
 20
585729.555
 10
391259.292
 20
585728.655
 10
391260.492
 20
585727.755
 10
391261.692
 20
585724.755
 10
391263.192
 20
585724.755
 10
391263.342
 20
585723.105
 10
391264.542
 20
585722.805
 10
391265.292
 20
585721.905
 10
391265.742
 20
585719.655
 10
391267.092
 20
585718.155
 10
391267.692
 20
585716.655
 10
391267.992
 20
585716.505
 10
391267.992
 20
585715.005
 10
391269.192
 20
585713.655
 10
391269.792
 20
585712.455
 10
391269.642
 20
585710.805
 10
391267.842
 20
585709.605
 10
391267.692
 20
585708.855
 10
391266.942
 20
585708.105
 10
391265.742
 20
585707.955
 10
391263.942
 20
585707.055
 10
391262.742
 20
585706.905
 10
391262.142
 20
585706.155
 10
391261.542
 20
585706.005
 10
391260.942
 20
585705.405
 10
391260.792
 20
585704.655
 10
391259.142
 20
585704.355
 10
391258.692
 20
585703.305
 10
391257.942
 20
585702.705
 10
391258.392
 20
585701.205
 10
391257.792
 20
585701.055
 10
391256.742
 20
585699.855
 10
391256.142
 20
585699.855
 10
391255.992
 20
585701.355
 10
391255.542
 20
585701.655
 10
391254.792
 20
585701.655
 10
391254.342
 20
585701.355
 10
391254.042
 20
585700.605
 10
391253.292
 20
585700.155
 10
391252.092
 20
585700.005
 10
391251.042
 20
585700.455
 10
391250.442
 20
585701.055
 10
391248.642
 20
585704.355
 10
391248.1
 20
585704.805
 10
391248.1
 20
585717.555
 10
391248.492
 20
585717.555
  0
TEXT
  5
8D
330
17
100
AcDbEntity
  8
TEXTE
 62
7
100
AcDbText
 10
391256.974
 20
585715.287
 30
0.0
 40
1.5
  1
C75: 455.0mp
 72
1
 11
391256.974
 21
585715.287
 31
0.0
100
AcDbText
 73
2
  0
LWPOLYLINE
  5
8E
330
17
100
AcDbEntity
  8
CONSTRUCTII
 62
1
100
AcDbPolyline
 90
60
 70
1
 10
391002.647
 20
585570.855
 10
391003.247
 20
585570.405
 10
391003.847
 20
585568.755
 10
391004.54
 20
585568.657
 10
391004.597
 20
585566.657
 10
391005.54
 20
585566.657
 10
391005.647
 20
585564.105
 10
391005.797
 20
585563.657
 10
391006.54
 20
585563.657
 10
391006.697
 20
585561.657
 10
391007.54
 20
585561.657
 10
391007.597
 20
585559.155
 10
391007.897
 20
585558.657
 10
391008.54
 20
585558.657
 10
391008.54
 20
585556.905
 10
391008.947
 20
585555.705
 10
391009.54
 20
585555.657
 10
391009.697
 20
585553.3
 10
390959.54
 20
585553.3
 10
390959.54
 20
585553.657
 10
390963.497
 20
585553.755
 10
390963.54
 20
585554.657
 10
390965.54
 20
585554.657
 10
390965.54
 20
585555.657
 10
390967.54
 20
585555.657
 10
390967.54
 20
585556.657
 10
390969.54
 20
585556.657
 10
390969.54
 20
585557.657
 10
390971.54
 20
585557.657
 10
390971.54
 20
585558.657
 10
390973.54
 20
585558.657
 10
390973.54
 20
585559.657
 10
390976.54
 20
585559.657
 10
390976.54
 20
585560.657
 10
390979.54
 20
585560.657
 10
390979.54
 20
585561.657
 10
390982.54
 20
585561.657
 10
390982.54
 20
585562.657
 10
390985.397
 20
585562.657
 10
390985.54
 20
585563.657
 10
390987.54
 20
585563.657
 10
390987.54
 20
585564.657
 10
390989.54
 20
585564.657
 10
390989.54
 20
585565.657
 10
390990.54
 20
585565.657
 10
390990.54
 20
585564.705
 10
390990.797
 20
585564.705
 10
390991.54
 20
585565.155
 10
390991.54
 20
585565.657
 10
390992.747
 20
585565.755
 10
390993.347
 20
585566.355
 10
390993.54
 20
585568.657
 10
390996.54
 20
585568.657
 10
390996.54
 20
585569.657
 10
390998.54
 20
585569.657
 10
390998.54
 20
585570.657
 10
391000.54
 20
585570.657
 10
391000.54
 20
585571.657
 10
391002.54
 20
585571.657
 10
391002.647
 20
585570.855
  0
TEXT
  5
8F
330
17
100
AcDbEntity
  8
TEXTE
 62
7
100
AcDbText
 10
390991.457
 20
585559.389
 30
0.0
 40
1.5
  1
C76: 446.1mp
 72
1
 11
390991.457
 21
585559.389
 31
0.0
100
AcDbText
 73
2
  0
LWPOLYLINE
  5
90
330
17
100
AcDbEntity
  8
CONSTRUCTII
 62
1
100
AcDbPolyline
 90
36
 70
1
 10
390877.691
 20
585704.805
 10
390878.891
 20
585704.805
 10
390878.891
 20
585688.455
 10
390878.141
 20
585688.455
 10
390877.691
 20
585687.405
 10
390877.091
 20
585687.105
 10
390875.891
 20
585687.105
 10
390875.591
 20
585687.405
 10
390873.941
 20
585687.105
 10
390873.341
 20
585687.855
 10
390872.141
 20
585688.005
 10
390869.141
 20
585686.75
 10
390843.941
 20
585686.805
 10
390843.941
 20
585688.755
 10
390844.691
 20
585689.655
 10
390844.691
 20
585690.555
 10
390844.241
 20
585691.305
 10
390844.241
 20
585692.205
 10
390844.691
 20
585692.805
 10
390847.391
 20
585693.555
 10
390847.991
 20
585694.005
 10
390849.491
 20
585694.155
 10
390850.241
 20
585695.055
 10
390853.991
 20
585696.705
 10
390855.191
 20
585697.605
 10
390856.691
 20
585697.755
 10
390863.591
 20
585700.605
 10
390864.491
 20
585700.605
 10
390866.741
 20
585701.205
 10
390867.041
 20
585701.505
 10
390869.891
 20
585701.055
 10
390870.641
 20
585701.205
 10
390871.691
 20
585702.705
 10
390873.641
 20
585703.605
 10
390875.291
 20
585703.905
 10
390877.691
 20
585704.805
  0
TEXT
  5
91
330
17
100
AcDbEntity
  8
TEXTE
 62
7
100
AcDbText
 10
390864.277
 20
585693.599
 30
0.0
 40
1.5
  1
C82: 422.8mp
 72
1
 11
390864.277
 21
585693.599
 31
0.0
100
AcDbText
 73
2
  0
LWPOLYLINE
  5
92
330
17
100
AcDbEntity
  8
CONSTRUCTII
 62
1
100
AcDbPolyline
 90
46
 70
1
 10
391117.697
 20
585614.955
 10
391117.397
 20
585613.755
 10
391116.947
 20
585613.455
 10
391116.797
 20
585612.555
 10
391116.197
 20
585611.955
 10
391114.547
 20
585611.505
 10
391112.897
 20
585611.505
 10
391112.447
 20
585610.905
 10
391110.647
 20
585610.155
 10
391109.447
 20
585608.955
 10
391108.847
 20
585607.005
 10
391109.747
 20
585606.555
 10
391109.747
 20
585605.655
 10
391108.847
 20
585605.205
 10
391108.397
 20
585604.455
 10
391106.297
 20
585604.005
 10
391102.547
 20
585602.205
 10
391100.597
 20
585601.905
 10
391099.397
 20
585600.855
 10
391096.697
 20
585600.555
 10
391094.297
 20
585599.355
 10
391089.647
 20
585598.155
 10
391088.297
 20
585597.255
 10
391084.097
 20
585596.055
 10
391083.197
 20
585595.455
 10
391081.547
 20
585595.155
 10
391080.947
 20
585595.605
 10
391080.647
 20
585596.205
 10
391080.647
 20
585597.555
 10
391080.047
 20
585600.255
 10
391078.697
 20
585602.055
 10
391077.647
 20
585604.305
 10
391077.947
 20
585606.105
 10
391078.397
 20
585606.705
 10
391080.347
 20
585607.305
 10
391080.947
 20
585607.755
 10
391083.047
 20
585608.055
 10
391084.547
 20
585608.655
 10
391085.747
 20
585608.655
 10
391086.647
 20
585609.555
 10
391087.997
 20
585609.855
 10
391089.497
 20
585610.605
 10
391091.297
 20
585610.905
 10
391091.447
 20
585612.405
 10
391090.547
 20
585615.05
 10
391117.697
 20
585614.955
  0
TEXT
  5
93
330
17
100
AcDbEntity
  8
TEXTE
 62
7
100
AcDbText
 10
391095.456
 20
585606.721
 30
0.0
 40
1.5
  1
C83: 421.9mp
 72
1
 11
391095.456
 21
585606.721
 31
0.0
100
AcDbText
 73
2
  0
LWPOLYLINE
  5
94
330
17
100
AcDbEntity
  8
CONSTRUCTII
 62
1
100
AcDbPolyline
 90
60
 70
1
 10
391266.942
 20
585696.855
 10
391270.242
 20
585698.055
 10
391270.692
 20
585697.605
 10
391271.892
 20
585697.305
 10
391272.192
 20
585696.855
 10
391272.492
 20
585696.855
 10
391273.992
 20
585694.455
 10
391274.892
 20
585693.555
 10
391275.492
 20
585693.405
 10
391276.242
 20
585692.355
 10
391276.842
 20
585692.205
 10
391277.292
 20
585691.155
 10
391278.342
 20
585690.705
 10
391279.242
 20
585689.355
 10
391280.892
 20
585689.355
 10
391280.892
 20
585689.055
 10
391282.392
 20
585689.055
 10
391282.692
 20
585687.855
 10
391283.742
 20
585687.105
 10
391284.642
 20
585685.605
 10
391285.092
 20
585685.305
 10
391285.392
 20
585684.105
 10
391286.142
 20
585683.655
 10
391285.692
 20
585682.905
 10
391285.092
 20
585682.305
 10
391284.192
 20
585682.005
 10
391282.842
 20
585682.005
 10
391282.242
 20
585682.305
 10
391279.242
 20
585681.405
 10
391278.792
 20
585680.805
 10
391279.242
 20
585680.355
 10
391279.392
 20
585679.455
 10
391280.142
 20
585679.005
 10
391280.442
 20
585678.05
 10
391266.942
 20
585678.05
 10
391266.792
 20
585678.705
 10
391266.192
 20
585679.305
 10
391263.942
 20
585678.705
 10
391263.342
 20
585678.255
 10
391260.192
 20
585678.05
 10
391259.292
 20
585678.705
 10
391258.242
 20
585678.705
 10
391257.792
 20
585678.255
 10
391257.342
 20
585679.455
 10
391256.442
 20
585680.055
 10
391254.942
 20
585680.205
 10
391254.192
 20
585681.705
 10
391252.392
 20
585683.505
 10
391252.692
 20
585686.505
 10
391253.142
 20
585687.255
 10
391254.492
 20
585688.155
 10
391255.092
 20
585688.905
 10
391256.292
 20
585689.055
 10
391256.892
 20
585689.655
 10
391259.592
 20
585691.005
 10
391260.342
 20
585691.905
 10
391263.492
 20
585694.005
 10
391264.542
 20
585695.355
 10
391266.192
 20
585695.805
 10
391266.942
 20
585696.855
  0
TEXT
  5
95
330
17
100
AcDbEntity
  8
TEXTE
 62
7
100
AcDbText
 10
391268.614
 20
585686.139
 30
0.0
 40
1.5
  1
C84: 421.8mp
 72
1
 11
391268.614
 21
585686.139
 31
0.0
100
AcDbText
 73
2
  0
LWPOLYLINE
  5
96
330
17
100
AcDbEntity
  8
CONSTRUCTII
 62
1
100
AcDbPolyline
 90
81
 70
1
 10
390595.541
 20
585443.66
 10
390597.191
 20
585442.31
 10
390598.391
 20
585440.06
 10
390598.991
 20
585438.26
 10
390599.741
 20
585437.51
 10
390599.741
 20
585436.61
 10
390600.341
 20
585434.66
 10
390601.691
 20
585432.26
 10
390601.991
 20
585430.91
 10
390602.591
 20
585430.16
 10
390602.891
 20
585428.66
 10
390604.091
 20
585426.41
 10
390604.391
 20
585424.76
 10
390605.441
 20
585423.11
 10
390605.891
 20
585420.86
 10
390606.791
 20
585419.06
 10
390607.391
 20
585416.81
 10
390607.991
 20
585416.21
 10
390608.591
 20
585413.06
 10
390609.491
 20
585410.81
 10
390609.641
 20
585407.66
 10
390610.241
 20
585406.01
 10
390610.841
 20
585405.26
 10
390610.841
 20
585403.76
 10
390610.241
 20
585403.01
 10
390609.491
 20
585402.71
 10
390607.841
 20
585402.71
 10
390606.791
 20
585401.66
 10
390605.141
 20
585401.66
 10
390604.841
 20
585400.76
 10
390603.941
 20
585400.01
 10
390603.191
 20
585400.01
 10
390602.741
 20
585399.11
 10
390602.291
 20
585399.11
 10
390601.991
 20
585399.56
 10
390602.441
 20
585401.06
 10
390601.691
 20
585401.21
 10
390601.541
 20
585403.01
 10
390601.241
 20
585403.46
 10
390601.091
 20
585405.11
 10
390601.541
 20
585406.16
 10
390601.991
 20
585406.31
 10
390601.391
 20
585407.51
 10
390601.691
 20
585409.16
 10
390601.391
 20
585409.31
 10
390601.091
 20
585410.21
 10
390600.341
 20
585410.81
 10
390600.341
 20
585411.86
 10
390599.591
 20
585412.61
 10
390599.291
 20
585414.56
 10
390598.541
 20
585415.76
 10
390598.541
 20
585417.41
 10
390597.491
 20
585418.76
 10
390597.041
 20
585420.71
 10
390595.991
 20
585421.76
 10
390595.691
 20
585423.26
 10
390595.091
 20
585423.71
 10
390594.491
 20
585424.76
 10
390593.741
 20
585428.36
 10
390592.991
 20
585429.41
 10
390592.541
 20
585430.91
 10
390591.641
 20
585432.26
 10
390590.741
 20
585433.01
 10
390590.591
 20
585433.91
 10
390590.141
 20
585434.51
 10
390589.241
 20
585434.66
 10
390588.791
 20
585435.26
 10
390587.591
 20
585435.71
 10
390585.791
 20
585435.86
 10
390584.891
 20
585436.31
 10
390584.891
 20
585439.01
 10
390586.241
 20
585439.01
 10
390586.841
 20
585440.06
 10
390588.791
 20
585440.36
 10
390589.391
 20
585441.26
 10
390590.891
 20
585441.86
 10
390591.491
 20
585442.46
 10
390592.991
 20
585442.46
 10
390594.641
 20
585443.21
 10
390595.241
 20
585443.21
 10
390595.541
 20
585443.66
  0
TEXT
  5
97
330
17
100
AcDbEntity
  8
TEXTE
 62
7
100
AcDbText
 10
390599.673
 20
585423.107
 30
0.0
 40
1.5
  1
C90: 402.4mp
 72
1
 11
390599.673
 21
585423.107
 31
0.0
100
AcDbText
 73
2
  0
LWPOLYLINE
  5
98
330
17
100
AcDbEntity
  8
CONSTRUCTII
 62
1
100
AcDbPolyline
 90
48
 70
1
 10
391166.297
 20
585766.3
 10
391166.747
 20
585763.605
 10
391167.647
 20
585762.705
 10
391167.647
 20
585760.455
 10
391167.197
 20
585760.005
 10
391167.647
 20
585759.705
 10
391167.947
 20
585758.205
 10
391168.547
 20
585752.205
 10
391168.397
 20
585751.005
 10
391167.797
 20
585750.255
 10
391164.497
 20
585749.955
 10
391163.597
 20
585750.405
 10
391161.047
 20
585750.705
 10
391160.297
 20
585751.605
 10
391159.097
 20
585751.755
 10
391158.347
 20
585751.005
 10
391158.197
 20
585750.405
 10
391158.647
 20
585749.655
 10
391159.547
 20
585749.355
 10
391159.697
 20
585749.055
 10
391158.197
 20
585748.905
 10
391156.547
 20
585748.155
 10
391154.447
 20
585749.055
 10
391154.597
 20
585750.555
 10
391154.147
 20
585751.455
 10
391153.097
 20
585751.455
 10
391152.797
 20
585750.255
 10
391151.147
 20
585750.405
 10
391150.697
 20
585750.105
 10
391149.647
 20
585750.105
 10
391148.897
 20
585751.155
 10
391148.147
 20
585751.305
 10
391147.247
 20
585749.355
 10
391146.497
 20
585750.105
 10
391145.597
 20
585750.405
 10
391145.297
 20
585752.055
 10
391145.747
 20
585752.655
 10
391146.497
 20
585752.505
 10
391147.247
 20
585751.305
 10
391147.697
 20
585751.605
 10
391147.847
 20
585752.355
 10
391148.747
 20
585752.955
 10
391148.747
 20
585753.255
 10
391146.497
 20
585753.555
 10
391144.847
 20
585754.905
 10
391142.147
 20
585761.355
 10
391141.397
 20
585766.3
 10
391166.297
 20
585766.3
  0
TEXT
  5
99
330
17
100
AcDbEntity
  8
TEXTE
 62
7
100
AcDbText
 10
391155.701
 20
585758.454
 30
0.0
 40
1.5
  1
C95: 385.5mp
 72
1
 11
391155.701
 21
585758.454
 31
0.0
100
AcDbText
 73
2
  0
LWPOLYLINE
  5
9A
330
17
100
AcDbEntity
  8
CONSTRUCTII
 62
1
100
AcDbPolyline
 90
67
 70
1
 10
391242.492
 20
585679.755
 10
391243.692
 20
585679.455
 10
391243.692
 20
585679.155
 10
391244.442
 20
585678.555
 10
391244.592
 20
585677.955
 10
391245.942
 20
585676.905
 10
391246.092
 20
585676.155
 10
391247.142
 20
585675.405
 10
391247.142
 20
585674.955
 10
391248.192
 20
585674.355
 10
391248.942
 20
585673.305
 10
391249.542
 20
585673.155
 10
391251.042
 20
585671.055
 10
391251.792
 20
585670.305
 10
391252.542
 20
585670.005
 10
391253.442
 20
585668.505
 10
391253.742
 20
585668.505
 10
391255.092
 20
585667.155
 10
391255.242
 20
585666.555
 10
391255.842
 20
585665.955
 10
391256.142
 20
585664.455
 10
391257.942
 20
585662.955
 10
391258.842
 20
585661.755
 10
391258.842
 20
585661.155
 10
391259.292
 20
585660.555
 10
391259.292
 20
585659.655
 10
391257.942
 20
585655.905
 10
391257.342
 20
585656.205
 10
391257.192
 20
585656.805
 10
391256.592
 20
585657.555
 10
391256.292
 20
585657.555
 10
391256.292
 20
585657.855
 10
391254.342
 20
585658.455
 10
391253.742
 20
585659.205
 10
391252.692
 20
585659.205
 10
391251.492
 20
585658.155
 10
391251.192
 20
585657.555
 10
391249.542
 20
585656.955
 10
391247.742
 20
585654.855
 10
391246.992
 20
585654.555
 10
391245.342
 20
585654.555
 10
391244.742
 20
585655.905
 10
391244.292
 20
585656.055
 10
391243.392
 20
585657.255
 10
391242.342
 20
585657.705
 10
391241.892
 20
585658.905
 10
391240.842
 20
585659.955
 10
391240.842
 20
585660.255
 10
391240.092
 20
585661.005
 10
391238.592
 20
585661.755
 10
391238.442
 20
585662.805
 10
391237.392
 20
585663.855
 10
391237.392
 20
585664.155
 10
391235.742
 20
585664.305
 10
391235.592
 20
585665.805
 10
391233.342
 20
585667.605
 10
391233.042
 20
585668.655
 10
391231.992
 20
585669.405
 10
391231.842
 20
585669.855
 10
391230.492
 20
585669.855
 10
391230.942
 20
585672.555
 10
391232.592
 20
585673.755
 10
391233.942
 20
585675.255
 10
391235.892
 20
585676.605
 10
391238.442
 20
585677.205
 10
391239.042
 20
585678.255
 10
391242.492
 20
585679.755
  0
TEXT
  5
9B
330
17
100
AcDbEntity
  8
TEXTE
 62
7
100
AcDbText
 10
391244.792
 20
585666.956
 30
0.0
 40
1.5
  1
C99: 380.5mp
 72
1
 11
391244.792
 21
585666.956
 31
0.0
100
AcDbText
 73
2
  0
LWPOLYLINE
  5
9C
330
17
100
AcDbEntity
  8
CONSTRUCTII
 62
1
100
AcDbPolyline
 90
65
 70
1
 10
391178.447
 20
585727.005
 10
391179.497
 20
585726.105
 10
391179.647
 20
585725.505
 10
391180.547
 20
585724.605
 10
391180.547
 20
585724.155
 10
391181.597
 20
585722.655
 10
391182.197
 20
585721.005
 10
391182.647
 20
585720.705
 10
391183.097
 20
585719.505
 10
391183.997
 20
585718.605
 10
391185.347
 20
585715.905
 10
391186.2
 20
585715.455
 10
391186.2
 20
585709.905
 10
391185.797
 20
585709.155
 10
391184.747
 20
585708.855
 10
391184.297
 20
585708.405
 10
391184.447
 20
585705.855
 10
391185.197
 20
585705.555
 10
391186.2
 20
585705.855
 10
391186.2
 20
585701.205
 10
391184.897
 20
585700.755
 10
391184.297
 20
585698.055
 10
391183.247
 20
585697.305
 10
391182.797
 20
585697.305
 10
391181.747
 20
585695.805
 10
391180.247
 20
585695.205
 10
391179.797
 20
585694.455
 10
391178.897
 20
585694.005
 10
391177.097
 20
585693.855
 10
391176.797
 20
585693.555
 10
391175.747
 20
585693.405
 10
391174.847
 20
585692.805
 10
391173.497
 20
585692.505
 10
391171.997
 20
585691.455
 10
391169.597
 20
585691.305
 10
391168.997
 20
585691.605
 10
391168.547
 20
585692.505
 10
391168.097
 20
585696.705
 10
391167.797
 20
585697.155
 10
391167.797
 20
585698.955
 10
391167.497
 20
585699.105
 10
391166.747
 20
585700.905
 10
391166.447
 20
585702.105
 10
391166.447
 20
585704.055
 10
391169.147
 20
585705.855
 10
391173.347
 20
585707.955
 10
391174.397
 20
585709.005
 10
391175.747
 20
585709.305
 10
391176.797
 20
585710.355
 10
391180.697
 20
585712.155
 10
391180.097
 20
585713.655
 10
391179.047
 20
585714.555
 10
391178.597
 20
585715.905
 10
391176.947
 20
585717.705
 10
391175.897
 20
585719.805
 10
391173.947
 20
585721.305
 10
391173.197
 20
585722.805
 10
391171.547
 20
585722.955
 10
391171.697
 20
585723.405
 10
391173.047
 20
585723.405
 10
391173.497
 20
585724.605
 10
391174.547
 20
585724.755
 10
391175.447
 20
585725.505
 10
391175.597
 20
585725.955
 10
391178.447
 20
585727.005
  0
TEXT
  5
9D
330
17
100
AcDbEntity
  8
TEXTE
 62
7
100
AcDbText
 10
391177.431
 20
585706.497
 30
0.0
 40
1.5
  1
C100: 379.5mp
 72
1
 11
391177.431
 21
585706.497
 31
0.0
100
AcDbText
 73
2
  0
LWPOLYLINE
  5
9E
330
17
100
AcDbEntity
  8
CONSTRUCTII
 62
1
100
AcDbPolyline
 90
47
 70
1
 10
390903.54
 20
585602.805
 10
390904.397
 20
585602.205
 10
390904.997
 20
585599.657
 10
390905.54
 20
585599.657
 10
390905.747
 20
585597.555
 10
390906.047
 20
585596.805
 10
390906.54
 20
585596.657
 10
390906.54
 20
585595.905
 10
390907.397
 20
585594.855
 10
390907.697
 20
585592.755
 10
390908.54
 20
585591.657
 10
390908.897
 20
585590.205
 10
390909.497
 20
585589.305
 10
390910.097
 20
585586.657
 10
390910.54
 20
585586.657
 10
390910.697
 20
585584.657
 10
390911.54
 20
585584.657
 10
390911.747
 20
585581.75
 10
390892.54
 20
585581.75
 10
390892.54
 20
585583.657
 10
390891.54
 20
585583.657
 10
390891.497
 20
585586.305
 10
390891.347
 20
585586.605
 10
390890.54
 20
585586.657
 10
390890.297
 20
585588.555
 10
390889.54
 20
585588.657
 10
390889.54
 20
585590.657
 10
390888.54
 20
585590.657
 10
390888.54
 20
585592.605
 10
390887.54
 20
585592.657
 10
390887.54
 20
585594.657
 10
390886.54
 20
585594.657
 10
390886.54
 20
585597.657
 10
390889.54
 20
585597.657
 10
390889.54
 20
585598.657
 10
390890.54
 20
585598.657
 10
390890.54
 20
585599.657
 10
390894.54
 20
585599.657
 10
390894.54
 20
585600.657
 10
390896.54
 20
585600.657
 10
390896.54
 20
585601.657
 10
390898.54
 20
585601.657
 10
390898.54
 20
585602.657
 10
390901.54
 20
585602.657
 10
390901.54
 20
585603.657
 10
390903.54
 20
585603.657
 10
390903.54
 20
585602.805
  0
TEXT
  5
9F
330
17
100
AcDbEntity
  8
TEXTE
 62
7
100
AcDbText
 10
390899.22
 20
585591.314
 30
0.0
 40
1.5
  1
C102: 370.4mp
 72
1
 11
390899.22
 21
585591.314
 31
0.0
100
AcDbText
 73
2
  0
LWPOLYLINE
  5
A0
330
17
100
AcDbEntity
  8
CONSTRUCTII
 62
1
100
AcDbPolyline
 90
44
 70
1
 10
391189.847
 20
585757.9
 10
391189.697
 20
585757.155
 10
391190.297
 20
585755.805
 10
391189.247
 20
585754.905
 10
391189.247
 20
585753.855
 10
391191.197
 20
585750.855
 10
391190.897
 20
585749.355
 10
391191.047
 20
585748.305
 10
391191.497
 20
585747.255
 10
391192.397
 20
585746.205
 10
391192.997
 20
585744.555
 10
391193.747
 20
585743.805
 10
391194.197
 20
585742.305
 10
391194.197
 20
585740.805
 10
391194.797
 20
585739.305
 10
391193.597
 20
585737.955
 10
391192.097
 20
585737.955
 10
391191.197
 20
585737.505
 10
391190.897
 20
585736.755
 10
391189.997
 20
585736.305
 10
391189.397
 20
585735.405
 10
391186.247
 20
585734.805
 10
391184.747
 20
585733.155
 10
391182.947
 20
585733.005
 10
391181.147
 20
585733.455
 10
391180.697
 20
585734.055
 10
391180.247
 20
585735.855
 10
391179.497
 20
585736.755
 10
391179.197
 20
585739.755
 10
391178.147
 20
585740.505
 10
391177.847
 20
585741.705
 10
391177.247
 20
585742.305
 10
391177.097
 20
585742.905
 10
391176.647
 20
585743.355
 10
391175.747
 20
585743.505
 10
391175.147
 20
585744.405
 10
391174.397
 20
585744.855
 10
391174.397
 20
585746.355
 10
391174.997
 20
585746.805
 10
391175.297
 20
585748.005
 10
391174.247
 20
585750.255
 10
391173.197
 20
585757.605
 10
391173.497
 20
585757.9
 10
391189.847
 20
585757.9
  0
TEXT
  5
A1
330
17
100
AcDbEntity
  8
TEXTE
 62
7
100
AcDbText
 10
391183.71
 20
585746.653
 30
0.0
 40
1.5
  1
C105: 369.1mp
 72
1
 11
391183.71
 21
585746.653
 31
0.0
100
AcDbText
 73
2
  0
LWPOLYLINE
  5
A2
330
17
100
AcDbEntity
  8
CONSTRUCTII
 62
1
100
AcDbPolyline
 90
45
 70
1
 10
390917.65
 20
585717.255
 10
390920.597
 20
585717.255
 10
390921.047
 20
585716.805
 10
390922.397
 20
585714.555
 10
390923.147
 20
585711.705
 10
390923.597
 20
585711.555
 10
390924.347
 20
585710.655
 10
390925.697
 20
585706.605
 10
390926.147
 20
585706.455
 10
390926.897
 20
585706.905
 10
390927.647
 20
585706.905
 10
390928.847
 20
585705.705
 10
390928.997
 20
585703.605
 10
390928.397
 20
585702.555
 10
390928.847
 20
585702.405
 10
390930.647
 20
585698.655
 10
390930.797
 20
585697.755
 10
390932.897
 20
585694.005
 10
390933.797
 20
585690.705
 10
390935.147
 20
585689.055
 10
390934.397
 20
585688.305
 10
390933.347
 20
585687.855
 10
390932.747
 20
585687.105
 10
390931.247
 20
585686.355
 10
390931.097
 20
585685.605
 10
390930.497
 20
585684.855
 10
390930.347
 20
585683.505
 10
390928.697
 20
585683.355
 10
390927.047
 20
585682.155
 10
390925.847
 20
585681.855
 10
390924.647
 20
585681.105
 10
390923.147
 20
585680.955
 10
390921.647
 20
585682.305
 10
390921.197
 20
585683.805
 10
390920.897
 20
585683.955
 10
390920.297
 20
585685.305
 10
390919.547
 20
585688.005
 10
390918.347
 20
585689.655
 10
390917.65
 20
585691.905
 10
390917.65
 20
585694.755
 10
390919.097
 20
585695.055
 10
390919.547
 20
585695.805
 10
390918.797
 20
585698.655
 10
390917.65
 20
585700.755
 10
390917.65
 20
585717.255
  0
TEXT
  5
A3
330
17
100
AcDbEntity
  8
TEXTE
 62
7
100
AcDbText
 10
390924.33
 20
585697.087
 30
0.0
 40
1.5
  1
C106: 368.8mp
 72
1
 11
390924.33
 21
585697.087
 31
0.0
100
AcDbText
 73
2
  0
LWPOLYLINE
  5
A4
330
17
100
AcDbEntity
  8
CONSTRUCTII
 62
1
100
AcDbPolyline
 90
29
 70
1
 10
391062.947
 20
585864.255
 10
391064.447
 20
585864.255
 10
391064.897
 20
585863.805
 10
391065.947
 20
585861.705
 10
391066.847
 20
585861.105
 10
391067.147
 20
585859.905
 10
391068.347
 20
585858.405
 10
391069.247
 20
585856.605
 10
391070.597
 20
585855.705
 10
391072.247
 20
585855.555
 10
391072.997
 20
585854.655
 10
391074.197
 20
585851.205
 10
391075.097
 20
585850.155
 10
391075.547
 20
585849.105
 10
391075.397
 20
585845.805
 10
391075.847
 20
585844.305
 10
391075.847
 20
585842.955
 10
391075.097
 20
585842.055
 10
391075.097
 20
585841.605
 10
391075.847
 20
585840.1
 10
391053.947
 20
585840.255
 10
391054.097
 20
585846.855
 10
391058.297
 20
585856.605
 10
391058.897
 20
585857.055
 10
391059.347
 20
585858.555
 10
391060.547
 20
585860.355
 10
391060.847
 20
585861.405
 10
391061.297
 20
585861.705
 10
391062.947
 20
585864.255
  0
TEXT
  5
A5
330
17
100
AcDbEntity
  8
TEXTE
 62
7
100
AcDbText
 10
391064.803
 20
585849.328
 30
0.0
 40
1.5
  1
C107: 364.8mp
 72
1
 11
391064.803
 21
585849.328
 31
0.0
100
AcDbText
 73
2
  0
LWPOLYLINE
  5
A6
330
17
100
AcDbEntity
  8
CONSTRUCTII
 62
1
100
AcDbPolyline
 90
87
 70
1
 10
391342.242
 20
585571.65
 10
391341.942
 20
585572.505
 10
391341.342
 20
585572.955
 10
391341.792
 20
585573.705
 10
391342.092
 20
585573.705
 10
391341.492
 20
585575.505
 10
391341.042
 20
585574.755
 10
391339.542
 20
585574.305
 10
391337.592
 20
585571.65
 10
391329.942
 20
585571.65
 10
391329.192
 20
585572.655
 10
391329.192
 20
585573.405
 10
391330.992
 20
585576.555
 10
391331.742
 20
585577.005
 10
391332.192
 20
585578.205
 10
391333.842
 20
585579.705
 10
391333.842
 20
585580.905
 10
391333.542
 20
585581.205
 10
391334.142
 20
585581.655
 10
391336.242
 20
585581.655
 10
391339.242
 20
585581.205
 10
391339.542
 20
585580.155
 10
391341.492
 20
585580.455
 10
391342.392
 20
585579.405
 10
391342.992
 20
585579.405
 10
391344.342
 20
585578.655
 10
391344.342
 20
585578.355
 10
391344.642
 20
585578.355
 10
391345.242
 20
585577.455
 10
391345.392
 20
585578.505
 10
391344.642
 20
585579.405
 10
391344.042
 20
585581.505
 10
391345.092
 20
585582.705
 10
391346.142
 20
585582.105
 10
391347.342
 20
585582.105
 10
391347.642
 20
585582.705
 10
391347.942
 20
585582.705
 10
391348.092
 20
585584.355
 10
391347.792
 20
585584.805
 10
391347.342
 20
585584.205
 10
391347.192
 20
585583.155
 10
391346.292
 20
585583.005
 10
391345.842
 20
585583.905
 10
391346.142
 20
585585.405
 10
391345.692
 20
585586.005
 10
391344.942
 20
585586.155
 10
391344.042
 20
585585.405
 10
391344.342
 20
585584.655
 10
391344.342
 20
585583.455
 10
391344.042
 20
585583.155
 10
391343.442
 20
585583.155
 10
391342.992
 20
585584.205
 10
391341.492
 20
585584.505
 10
391340.442
 20
585585.255
 10
391340.742
 20
585587.955
 10
391341.042
 20
585588.255
 10
391341.792
 20
585588.255
 10
391342.842
 20
585588.705
 10
391343.442
 20
585590.655
 10
391343.892
 20
585590.655
 10
391344.192
 20
585590.205
 10
391344.642
 20
585587.655
 10
391345.542
 20
585587.055
 10
391347.492
 20
585586.755
 10
391347.792
 20
585586.005
 10
391348.542
 20
585587.805
 10
391348.542
 20
585590.055
 10
391348.842
 20
585590.355
 10
391348.992
 20
585591.855
 10
391349.292
 20
585592.305
 10
391350.792
 20
585592.155
 10
391351.092
 20
585591.705
 10
391351.092
 20
585590.655
 10
391353.192
 20
585589.455
 10
391353.642
 20
585589.455
 10
391354.092
 20
585590.055
 10
391354.992
 20
585590.355
 10
391355.592
 20
585589.455
 10
391355.592
 20
585588.555
 10
391356.042
 20
585587.505
 10
391357.542
 20
585587.355
 10
391358.142
 20
585584.355
 10
391358.142
 20
585574.305
 10
391357.692
 20
585573.405
 10
391357.542
 20
585572.055
 10
391357.242
 20
585571.65
 10
391342.242
 20
585571.65
  0
TEXT
  5
A7
330
17
100
AcDbEntity
  8
TEXTE
 62
7
100
AcDbText
 10
391346.616
 20
585579.365
 30
0.0
 40
1.5
  1
C111: 355.4mp
 72
1
 11
391346.616
 21
585579.365
 31
0.0
100
AcDbText
 73
2
  0
LWPOLYLINE
  5
A8
330
17
100
AcDbEntity
  8
CONSTRUCTII
 62
1
100
AcDbPolyline
 90
61
 70
1
 10
390645.791
 20
585402.26
 10
390648.041
 20
585401.51
 10
390648.791
 20
585400.91
 10
390652.991
 20
585401.06
 10
390652.391
 20
585400.76
 10
390652.241
 20
585399.56
 10
390651.491
 20
585399.11
 10
390651.491
 20
585396.56
 10
390650.591
 20
585394.61
 10
390649.991
 20
585394.31
 10
390649.541
 20
585392.81
 10
390647.141
 20
585390.11
 10
390646.991
 20
585388.91
 10
390645.941
 20
585386.66
 10
390644.441
 20
585384.71
 10
390644.291
 20
585383.81
 10
390643.391
 20
585383.51
 10
390641.891
 20
585382.16
 10
390641.291
 20
585380.96
 10
390639.941
 20
585379.76
 10
390639.491
 20
585378.71
 10
390637.541
 20
585377.36
 10
390637.541
 20
585377.06
 10
390635.741
 20
585374.96
 10
390635.291
 20
585373.91
 10
390634.991
 20
585373.91
 10
390633.941
 20
585372.71
 10
390632.891
 20
585372.41
 10
390631.241
 20
585370.91
 10
390629.591
 20
585371.21
 10
390626.441
 20
585373.61
 10
390626.291
 20
585375.26
 10
390626.891
 20
585376.16
 10
390628.541
 20
585376.01
 10
390629.141
 20
585376.31
 10
390628.241
 20
585376.91
 10
390627.941
 20
585377.96
 10
390628.241
 20
585378.41
 10
390628.241
 20
585379.16
 10
390628.691
 20
585379.46
 10
390629.891
 20
585382.01
 10
390630.041
 20
585383.21
 10
390630.641
 20
585384.56
 10
390630.791
 20
585386.36
 10
390630.491
 20
585387.41
 10
390631.091
 20
585388.76
 10
390631.691
 20
585388.91
 10
390633.641
 20
585390.41
 10
390635.291
 20
585393.26
 10
390636.491
 20
585393.71
 10
390637.391
 20
585394.76
 10
390638.591
 20
585395.06
 10
390640.091
 20
585396.41
 10
390641.141
 20
585398.06
 10
390641.441
 20
585399.11
 10
390642.191
 20
585399.71
 10
390642.491
 20
585400.46
 10
390643.691
 20
585401.36
 10
390643.691
 20
585401.66
 10
390644.591
 20
585402.11
 10
390645.791
 20
585402.26
  0
TEXT
  5
A9
330
17
100
AcDbEntity
  8
TEXTE
 62
7
100
AcDbText
 10
390639.012
 20
585387.253
 30
0.0
 40
1.5
  1
C112: 351.6mp
 72
1
 11
390639.012
 21
585387.253
 31
0.0
100
AcDbText
 73
2
  0
LWPOLYLINE
  5
AA
330
17
100
AcDbEntity
  8
CONSTRUCTII
 62
1
100
AcDbPolyline
 90
39
 70
1
 10
390792.191
 20
585133.453
 10
390793.841
 20
585133.453
 10
390796.841
 20
585132.253
 10
390797.291
 20
585131.653
 10
390799.391
 20
585130.753
 10
390799.991
 20
585130.153
 10
390801.191
 20
585129.553
 10
390802.241
 20
585129.403
 10
390803.591
 20
585128.503
 10
390805.241
 20
585127.903
 10
390806.291
 20
585126.853
 10
390807.041
 20
585126.853
 10
390807.041
 20
585121.453
 10
390806.291
 20
585121.153
 10
390807.041
 20
585120.553
 10
390807.041
 20
585118.453
 10
390806.741
 20
585117.55
 10
390774.941
 20
585117.55
 10
390775.691
 20
585119.653
 10
390776.441
 20
585120.703
 10
390777.041
 20
585123.103
 10
390777.341
 20
585123.253
 10
390778.241
 20
585125.353
 10
390778.991
 20
585125.953
 10
390780.191
 20
585128.653
 10
390780.491
 20
585128.653
 10
390781.091
 20
585129.403
 10
390782.291
 20
585129.253
 10
390783.191
 20
585128.353
 10
390784.091
 20
585128.053
 10
390784.541
 20
585127.453
 10
390786.491
 20
585126.553
 10
390786.641
 20
585125.503
 10
390788.141
 20
585125.953
 10
390789.941
 20
585128.053
 10
390790.241
 20
585129.553
 10
390791.291
 20
585131.053
 10
390791.591
 20
585132.403
 10
390792.191
 20
585133.453
  0
TEXT
  5
AB
330
17
100
AcDbEntity
  8
TEXTE
 62
7
100
AcDbText
 10
390792.492
 20
585123.534
 30
0.0
 40
1.5
  1
C113: 350.9mp
 72
1
 11
390792.492
 21
585123.534
 31
0.0
100
AcDbText
 73
2
  0
LWPOLYLINE
  5
AC
330
17
100
AcDbEntity
  8
CONSTRUCTII
 62
1
100
AcDbPolyline
 90
39
 70
1
 10
390632.441
 20
585497.81
 10
390634.541
 20
585496.01
 10
390636.941
 20
585495.71
 10
390637.6
 20
585495.26
 10
390637.6
 20
585479.51
 10
390636.041
 20
585479.21
 10
390633.941
 20
585477.11
 10
390633.191
 20
585476.81
 10
390631.541
 20
585475.16
 10
390631.241
 20
585475.16
 10
390629.891
 20
585473.36
 10
390628.241
 20
585473.06
 10
390627.041
 20
585475.01
 10
390626.441
 20
585475.46
 10
390625.691
 20
585477.71
 10
390624.641
 20
585478.46
 10
390624.341
 20
585480.26
 10
390623.291
 20
585481.01
 10
390623.141
 20
585481.61
 10
390621.341
 20
585481.61
 10
390620.441
 20
585482.21
 10
390619.991
 20
585482.21
 10
390616.991
 20
585485.06
 10
390615.791
 20
585488.66
 10
390615.641
 20
585490.01
 10
390616.241
 20
585490.46
 10
390616.841
 20
585491.81
 10
390618.191
 20
585492.26
 10
390619.991
 20
585493.91
 10
390621.191
 20
585494.21
 10
390622.691
 20
585495.11
 10
390623.891
 20
585495.11
 10
390625.691
 20
585494.36
 10
390625.991
 20
585495.26
 10
390626.741
 20
585495.86
 10
390629.891
 20
585495.26
 10
390630.641
 20
585496.01
 10
390630.941
 20
585496.76
 10
390632.441
 20
585497.81
  0
TEXT
  5
AD
330
17
100
AcDbEntity
  8
TEXTE
 62
7
100
AcDbText
 10
390628.292
 20
585486.562
 30
0.0
 40
1.5
  1
C114: 349.6mp
 72
1
 11
390628.292
 21
585486.562
 31
0.0
100
AcDbText
 73
2
  0
LWPOLYLINE
  5
AE
330
17
100
AcDbEntity
  8
CONSTRUCTII
 62
1
100
AcDbPolyline
 90
67
 70
1
 10
391223.447
 20
585640.155
 10
391221.047
 20
585638.805
 10
391220.447
 20
585637.605
 10
391219.547
 20
585637.155
 10
391219.247
 20
585636.555
 10
391218.647
 20
585636.255
 10
391216.547
 20
585636.555
 10
391215.647
 20
585637.905
 10
391213.397
 20
585640.155
 10
391212.197
 20
585640.605
 10
391210.397
 20
585642.405
 10
391209.947
 20
585643.305
 10
391209.047
 20
585643.605
 10
391205.897
 20
585647.955
 10
391204.397
 20
585647.955
 10
391204.247
 20
585649.455
 10
391202.747
 20
585650.655
 10
391202.597
 20
585652.305
 10
391203.947
 20
585653.805
 10
391205.297
 20
585654.255
 10
391206.047
 20
585655.005
 10
391207.247
 20
585655.605
 10
391208.747
 20
585655.455
 10
391209.947
 20
585653.955
 10
391212.797
 20
585652.905
 10
391213.097
 20
585652.155
 10
391214.597
 20
585650.955
 10
391215.347
 20
585649.455
 10
391216.697
 20
585648.255
 10
391218.347
 20
585647.955
 10
391218.947
 20
585648.405
 10
391219.697
 20
585648.405
 10
391219.847
 20
585649.455
 10
391219.247
 20
585649.905
 10
391218.647
 20
585651.105
 10
391217.897
 20
585651.255
 10
391216.697
 20
585650.505
 10
391215.797
 20
585651.855
 10
391214.897
 20
585652.155
 10
391214.597
 20
585652.755
 10
391213.847
 20
585653.205
 10
391213.397
 20
585655.005
 10
391212.947
 20
585655.155
 10
391212.647
 20
585655.755
 10
391211.897
 20
585655.905
 10
391211.447
 20
585656.355
 10
391211.747
 20
585656.505
 10
391212.047
 20
585658.155
 10
391213.097
 20
585659.205
 10
391213.097
 20
585659.505
 10
391214.147
 20
585660.255
 10
391214.597
 20
585661.905
 10
391216.697
 20
585663.405
 10
391217.297
 20
585663.405
 10
391218.497
 20
585664.305
 10
391219.997
 20
585664.755
 10
391220.897
 20
585666.105
 10
391221.947
 20
585666.105
 10
391221.947
 20
585667.005
 10
391223.5
 20
585668.055
 10
391223.5
 20
585648.705
 10
391223.297
 20
585648.555
 10
391223.5
 20
585646.305
 10
391222.397
 20
585646.755
 10
391221.197
 20
585646.605
 10
391223.5
 20
585644.205
 10
391223.447
 20
585640.155
  0
TEXT
  5
AF
330
17
100
AcDbEntity
  8
TEXTE
 62
7
100
AcDbText
 10
391215.958
 20
585650.763
 30
0.0
 40
1.5
  1
C115: 348.2mp
 72
1
 11
391215.958
 21
585650.763
 31
0.0
100
AcDbText
 73
2
  0
LWPOLYLINE
  5
B0
330
17
100
AcDbEntity
  8
CONSTRUCTII
 62
1
100
AcDbPolyline
 90
47
 70
1
 10
390931.45
 20
585655.305
 10
390930.047
 20
585655.005
 10
390929.297
 20
585654.405
 10
390927.947
 20
585653.955
 10
390927.347
 20
585653.355
 10
390925.547
 20
585652.755
 10
390924.647
 20
585651.705
 10
390921.497
 20
585651.705
 10
390920.297
 20
585650.505
 10
390917.747
 20
585649.155
 10
390917.297
 20
585649.155
 10
390915.797
 20
585647.805
 10
390914.597
 20
585647.355
 10
390913.697
 20
585645.855
 10
390910.847
 20
585645.105
 10
390909.497
 20
585645.555
 10
390908.147
 20
585647.655
 10
390908.147
 20
585649.305
 10
390908.897
 20
585650.355
 10
390908.897
 20
585650.955
 10
390908.597
 20
585650.955
 10
390907.997
 20
585651.705
 10
390907.547
 20
585654.855
 10
390906.797
 20
585655.455
 10
390906.647
 20
585657.105
 10
390906.797
 20
585657.555
 10
390908.297
 20
585657.405
 10
390908.597
 20
585657.705
 10
390908.747
 20
585659.055
 10
390909.497
 20
585659.655
 10
390911.297
 20
585659.955
 10
390912.047
 20
585660.855
 10
390912.947
 20
585661.155
 10
390913.397
 20
585661.755
 10
390917.897
 20
585663.405
 10
390919.097
 20
585664.605
 10
390919.847
 20
585664.755
 10
390920.297
 20
585665.205
 10
390921.947
 20
585665.355
 10
390923.747
 20
585667.305
 10
390925.397
 20
585667.755
 10
390927.197
 20
585668.805
 10
390928.397
 20
585668.955
 10
390928.997
 20
585670.005
 10
390931.097
 20
585670.605
 10
390931.45
 20
585671.055
 10
390931.45
 20
585655.305
  0
TEXT
  5
B1
330
17
100
AcDbEntity
  8
TEXTE
 62
7
100
AcDbText
 10
390919.86
 20
585657.463
 30
0.0
 40
1.5
  1
C117: 347.8mp
 72
1
 11
390919.86
 21
585657.463
 31
0.0
100
AcDbText
 73
2
  0
LWPOLYLINE
  5
B2
330
17
100
AcDbEntity
  8
CONSTRUCTII
 62
1
100
AcDbPolyline
 90
54
 70
1
 10
390981.797
 20
585719.205
 10
390987.047
 20
585719.205
 10
390987.047
 20
585714.405
 10
390986.597
 20
585713.505
 10
390986.147
 20
585713.205
 10
390986.147
 20
585712.905
 10
390985.847
 20
585712.905
 10
390985.247
 20
585713.805
 10
390984.947
 20
585715.155
 10
390984.347
 20
585715.005
 10
390984.047
 20
585714.105
 10
390983.297
 20
585713.955
 10
390982.997
 20
585712.755
 10
390981.947
 20
585712.005
 10
390981.347
 20
585710.955
 10
390980.447
 20
585710.205
 10
390979.847
 20
585708.855
 10
390978.797
 20
585708.105
 10
390977.597
 20
585706.005
 10
390976.097
 20
585704.805
 10
390975.647
 20
585703.605
 10
390975.047
 20
585703.305
 10
390974.447
 20
585701.955
 10
390973.697
 20
585701.655
 10
390973.397
 20
585700.905
 10
390972.047
 20
585700.005
 10
390971.747
 20
585698.805
 10
390969.947
 20
585697.155
 10
390969.347
 20
585695.655
 10
390966.797
 20
585693.255
 10
390965.897
 20
585691.605
 10
390965.897
 20
585691.005
 10
390965.447
 20
585690.855
 10
390965.147
 20
585691.305
 10
390963.947
 20
585691.905
 10
390962.447
 20
585694.905
 10
390961.847
 20
585696.855
 10
390961.097
 20
585697.905
 10
390959.897
 20
585701.205
 10
390959.897
 20
585709.155
 10
390961.847
 20
585710.055
 10
390962.747
 20
585710.955
 10
390964.247
 20
585711.255
 10
390965.297
 20
585712.305
 10
390966.797
 20
585712.005
 10
390967.397
 20
585712.155
 10
390968.897
 20
585713.655
 10
390969.497
 20
585713.655
 10
390972.647
 20
585714.855
 10
390973.697
 20
585715.755
 10
390975.647
 20
585716.355
 10
390976.547
 20
585717.255
 10
390978.047
 20
585717.255
 10
390981.797
 20
585719.205
  0
TEXT
  5
B3
330
17
100
AcDbEntity
  8
TEXTE
 62
7
100
AcDbText
 10
390971.064
 20
585706.918
 30
0.0
 40
1.5
  1
C118: 346.4mp
 72
1
 11
390971.064
 21
585706.918
 31
0.0
100
AcDbText
 73
2
  0
LWPOLYLINE
  5
B4
330
17
100
AcDbEntity
  8
CONSTRUCTII
 62
1
100
AcDbPolyline
 90
39
 70
1
 10
391229.142
 20
585715.005
 10
391229.442
 20
585714.705
 10
391230.492
 20
585714.705
 10
391231.392
 20
585714.255
 10
391231.692
 20
585713.055
 10
391232.442
 20
585712.755
 10
391233.492
 20
585711.405
 10
391233.492
 20
585709.455
 10
391234.842
 20
585708.855
 10
391235.142
 20
585708.855
 10
391234.392
 20
585709.755
 10
391234.242
 20
585710.955
 10
391232.742
 20
585712.755
 10
391232.592
 20
585713.955
 10
391233.942
 20
585715.155
 10
391235.442
 20
585715.605
 10
391236.342
 20
585716.505
 10
391236.792
 20
585718.005
 10
391236.192
 20
585718.755
 10
391236.192
 20
585719.355
 10
391237.092
 20
585720.555
 10
391237.917
 20
585720.555
 10
391237.917
 20
585689.655
 10
391237.392
 20
585689.205
 10
391235.742
 20
585688.755
 10
391234.692
 20
585687.105
 10
391233.042
 20
585687.855
 10
391230.192
 20
585685.905
 10
391228.392
 20
585685.605
 10
391228.392
 20
585686.205
 10
391226.597
 20
585686.355
 10
391225.7
 20
585687.405
 10
391225.7
 20
585714.855
 10
391226.297
 20
585714.555
 10
391226.297
 20
585714.255
 10
391227.647
 20
585712.905
 10
391228.392
 20
585712.905
 10
391228.392
 20
585715.005
 10
391229.142
 20
585715.005
  0
TEXT
  5
B5
330
17
100
AcDbEntity
  8
TEXTE
 62
7
100
AcDbText
 10
391231.862
 20
585701.173
 30
0.0
 40
1.5
  1
C124: 339.4mp
 72
1
 11
391231.862
 21
585701.173
 31
0.0
100
AcDbText
 73
2
  0
LWPOLYLINE
  5
B6
330
17
100
AcDbEntity
  8
CONSTRUCTII
 62
1
100
AcDbPolyline
 90
29
 70
1
 10
390708.791
 20
585344.36
 10
390710.441
 20
585344.36
 10
390712.691
 20
585343.76
 10
390714.341
 20
585342.26
 10
390715.991
 20
585342.56
 10
390716.441
 20
585341.51
 10
390717.341
 20
585340.76
 10
390718.691
 20
585340.46
 10
390720.041
 20
585339.56
 10
390720.641
 20
585335.21
 10
390719.741
 20
585334.46
 10
390718.541
 20
585331.16
 10
390717.041
 20
585330.65
 10
390686.891
 20
585330.65
 10
390686.891
 20
585334.61
 10
390688.241
 20
585334.61
 10
390690.491
 20
585335.36
 10
390690.791
 20
585335.81
 10
390690.791
 20
585336.86
 10
390691.541
 20
585337.91
 10
390694.241
 20
585338.36
 10
390695.291
 20
585339.11
 10
390696.491
 20
585339.26
 10
390697.691
 20
585340.76
 10
390699.641
 20
585341.36
 10
390702.191
 20
585342.86
 10
390703.241
 20
585343.16
 10
390705.041
 20
585343.01
 10
390708.791
 20
585344.36
  0
TEXT
  5
B7
330
17
100
AcDbEntity
  8
TEXTE
 62
7
100
AcDbText
 10
390705.331
 20
585336.231
 30
0.0
 40
1.5
  1
C126: 336.1mp
 72
1
 11
390705.331
 21
585336.231
 31
0.0
100
AcDbText
 73
2
  0
LWPOLYLINE
  5
B8
330
17
100
AcDbEntity
  8
CONSTRUCTII
 62
1
100
AcDbPolyline
 90
45
 70
1
 10
390659.141
 20
585634.305
 10
390660.041
 20
585634.305
 10
390660.941
 20
585633.405
 10
390661.691
 20
585630.255
 10
390662.891
 20
585629.055
 10
390663.341
 20
585627.705
 10
390663.341
 20
585625.905
 10
390663.641
 20
585624.855
 10
390663.941
 20
585624.705
 10
390664.691
 20
585622.755
 10
390665.441
 20
585621.705
 10
390666.191
 20
585617.805
 10
390666.491
 20
585617.055
 10
390666.941
 20
585616.755
 10
390667.091
 20
585614.955
 10
390669.1
 20
585610.755
 10
390669.1
 20
585599.055
 10
390668.141
 20
585598.455
 10
390664.691
 20
585597.555
 10
390663.641
 20
585597.555
 10
390663.191
 20
585597.855
 10
390660.791
 20
585600.105
 10
390660.641
 20
585601.155
 10
390660.341
 20
585601.455
 10
390659.741
 20
585601.455
 10
390659.741
 20
585601.755
 10
390660.641
 20
585601.905
 10
390660.641
 20
585605.955
 10
390659.591
 20
585607.755
 10
390658.691
 20
585611.355
 10
390658.241
 20
585611.955
 10
390657.641
 20
585614.355
 10
390657.041
 20
585615.255
 10
390656.291
 20
585618.255
 10
390655.541
 20
585619.305
 10
390655.091
 20
585622.005
 10
390653.891
 20
585624.555
 10
390653.591
 20
585626.205
 10
390652.691
 20
585627.555
 10
390652.091
 20
585629.955
 10
390652.091
 20
585631.755
 10
390652.541
 20
585632.055
 10
390655.691
 20
585633.255
 10
390657.941
 20
585633.705
 10
390659.141
 20
585634.305
  0
TEXT
  5
B9
330
17
100
AcDbEntity
  8
TEXTE
 62
7
100
AcDbText
 10
390661.555
 20
585616.279
 30
0.0
 40
1.5
  1
C127: 336.0mp
 72
1
 11
390661.555
 21
585616.279
 31
0.0
100
AcDbText
 73
2
  0
LWPOLYLINE
  5
BA
330
17
100
AcDbEntity
  8
CONSTRUCTII
 62
1
100
AcDbPolyline
 90
36
 70
1
 10
391048.697
 20
585753.705
 10
391050.197
 20
585753.255
 10
391050.797
 20
585751.305
 10
391051.697
 20
585749.955
 10
391051.997
 20
585748.605
 10
391053.197
 20
585746.355
 10
391053.347
 20
585744.705
 10
391053.047
 20
585743.505
 10
391051.997
 20
585742.455
 10
391052.447
 20
585741.255
 10
391051.997
 20
585739.605
 10
391050.347
 20
585738.255
 10
391048.847
 20
585737.805
 10
391047.947
 20
585736.905
 10
391047.797
 20
585736.305
 10
391046.747
 20
585735.405
 10
391043.747
 20
585734.205
 10
391043.597
 20
585732.405
 10
391042.697
 20
585732.705
 10
391041.947
 20
585733.755
 10
391040.597
 20
585733.905
 10
391038.347
 20
585733.155
 10
391035.497
 20
585731.805
 10
391035.347
 20
585731.505
 10
391034.597
 20
585731.355
 10
391033.997
 20
585730.455
 10
391032.497
 20
585730.755
 10
391031.65
 20
585745.755
 10
391032.647
 20
585746.505
 10
391034.297
 20
585746.805
 10
391038.647
 20
585749.205
 10
391041.797
 20
585750.255
 10
391042.847
 20
585751.005
 10
391045.997
 20
585752.355
 10
391047.347
 20
585752.655
 10
391048.697
 20
585753.705
  0
TEXT
  5
BB
330
17
100
AcDbEntity
  8
TEXTE
 62
7
100
AcDbText
 10
391042.097
 20
585742.241
 30
0.0
 40
1.5
  1
C129: 324.6mp
 72
1
 11
391042.097
 21
585742.241
 31
0.0
100
AcDbText
 73
2
  0
LWPOLYLINE
  5
BC
330
17
100
AcDbEntity
  8
CONSTRUCTII
 62
1
100
AcDbPolyline
 90
35
 70
1
 10
390838.091
 20
585406.31
 10
390838.991
 20
585406.31
 10
390839.591
 20
585405.86
 10
390840.191
 20
585402.26
 10
390840.791
 20
585401.21
 10
390840.941
 20
585400.31
 10
390840.941
 20
585399.41
 10
390838.991
 20
585398.21
 10
390835.991
 20
585397.61
 10
390833.291
 20
585396.71
 10
390828.191
 20
585395.81
 10
390825.641
 20
585394.76
 10
390822.341
 20
585394.31
 10
390820.391
 20
585393.56
 10
390816.341
 20
585393.26
 10
390814.241
 20
585392.21
 10
390809.441
 20
585391.31
 10
390803.891
 20
585389.81
 10
390802.241
 20
585389.96
 10
390801.491
 20
585391.01
 10
390800.891
 20
585394.31
 10
390800.441
 20
585395.36
 10
390800.591
 20
585396.26
 10
390801.041
 20
585396.86
 10
390804.641
 20
585398.06
 10
390805.541
 20
585398.06
 10
390806.441
 20
585398.51
 10
390811.391
 20
585399.56
 10
390812.741
 20
585400.31
 10
390816.041
 20
585400.76
 10
390817.991
 20
585401.51
 10
390822.491
 20
585402.26
 10
390823.241
 20
585402.71
 10
390831.941
 20
585404.36
 10
390838.091
 20
585406.31
  0
TEXT
  5
BD
330
17
100
AcDbEntity
  8
TEXTE
 62
7
100
AcDbText
 10
390820.78
 20
585397.92
 30
0.0
 40
1.5
  1
C142: 313.0mp
 72
1
 11
390820.78
 21
585397.92
 31
0.0
100
AcDbText
 73
2
  0
LWPOLYLINE
  5
BE
330
17
100
AcDbEntity
  8
CONSTRUCTII
 62
1
100
AcDbPolyline
 90
30
 70
1
 10
390761.291
 20
585426.05
 10
390760.991
 20
585427.16
 10
390760.091
 20
585428.06
 10
390759.041
 20
585429.86
 10
390758.291
 20
585433.76
 10
390756.041
 20
585437.51
 10
390755.891
 20
585439.16
 10
390754.841
 20
585441.41
 10
390754.241
 20
585441.86
 10
390753.941
 20
585443.66
 10
390753.041
 20
585446.06
 10
390754.391
 20
585447.41
 10
390757.391
 20
585448.31
 10
390759.041
 20
585449.06
 10
390759.941
 20
585449.81
 10
390763.991
 20
585450.41
 10
390764.441
 20
585450.11
 10
390764.591
 20
585447.86
 10
390766.241
 20
585445.46
 10
390767.141
 20
585442.46
 10
390769.541
 20
585440.51
 10
390769.991
 20
585439.31
 10
390769.841
 20
585437.36
 10
390771.341
 20
585435.11
 10
390772.391
 20
585432.56
 10
390772.541
 20
585431.36
 10
390774.191
 20
585427.91
 10
390774.941
 20
585427.01
 10
390775.091
 20
585426.05
 10
390761.291
 20
585426.05
  0
TEXT
  5
BF
330
17
100
AcDbEntity
  8
TEXTE
 62
7
100
AcDbText
 10
390763.496
 20
585437.218
 30
0.0
 40
1.5
  1
C145: 307.9mp
 72
1
 11
390763.496
 21
585437.218
 31
0.0
100
AcDbText
 73
2
  0
LWPOLYLINE
  5
C0
330
17
100
AcDbEntity
  8
CONSTRUCTII
 62
1
100
AcDbPolyline
 90
13
 70
1
 10
391322.742
 20
585670.6
 10
391322.742
 20
585665.355
 10
391323.042
 20
585664.905
 10
391322.742
 20
585662.505
 10
391323.042
 20
585661.605
 10
391322.592
 20
585660.855
 10
391322.442
 20
585659.205
 10
391321.992
 20
585658.905
 10
391321.842
 20
585658.155
 10
391298.292
 20
585658.155
 10
391297.992
 20
585659.055
 10
391297.992
 20
585670.6
 10
391322.742
 20
585670.6
  0
TEXT
  5
C1
330
17
100
AcDbEntity
  8
TEXTE
 62
7
100
AcDbText
 10
391310.353
 20
585664.398
 30
0.0
 40
1.5
  1
C146: 307.4mp
 72
1
 11
391310.353
 21
585664.398
 31
0.0
100
AcDbText
 73
2
  0
LWPOLYLINE
  5
C2
330
17
100
AcDbEntity
  8
CONSTRUCTII
 62
1
100
AcDbPolyline
 90
55
 70
1
 10
390939.647
 20
585795.555
 10
390940.397
 20
585795.255
 10
390940.547
 20
585794.055
 10
390941.147
 20
585793.305
 10
390942.497
 20
585793.005
 10
390943.247
 20
585793.455
 10
390943.997
 20
585793.455
 10
390945.197
 20
585792.555
 10
390945.797
 20
585793.605
 10
390946.547
 20
585794.205
 10
390948.047
 20
585792.705
 10
390948.797
 20
585790.755
 10
390949.547
 20
585790.005
 10
390949.997
 20
585788.505
 10
390951.197
 20
585787.305
 10
390951.197
 20
585786.855
 10
390952.097
 20
585785.355
 10
390952.247
 20
585783.105
 10
390952.847
 20
585781.755
 10
390951.797
 20
585781.305
 10
390950.597
 20
585781.905
 10
390948.947
 20
585781.905
 10
390948.347
 20
585781.155
 10
390946.697
 20
585780.255
 10
390946.097
 20
585779.205
 10
390945.347
 20
585778.605
 10
390945.197
 20
585777.705
 10
390944.297
 20
585777.705
 10
390942.947
 20
585777.105
 10
390939.497
 20
585776.655
 10
390938.147
 20
585777.855
 10
390936.947
 20
585779.805
 10
390935.297
 20
585780.555
 10
390934.697
 20
585781.905
 10
390934.097
 20
585782.055
 10
390933.647
 20
585781.455
 10
390932.897
 20
585781.155
 10
390931.997
 20
585781.905
 10
390931.997
 20
585782.205
 10
390931.097
 20
585783.105
 10
390930.947
 20
585784.005
 10
390929.897
 20
585785.655
 10
390928.997
 20
585788.055
 10
390928.397
 20
585788.655
 10
390928.397
 20
585793.005
 10
390929.147
 20
585793.755
 10
390929.147
 20
585794.205
 10
390930.047
 20
585794.955
 10
390933.047
 20
585794.805
 10
390934.397
 20
585794.505
 10
390935.297
 20
585793.755
 10
390936.947
 20
585793.605
 10
390938.147
 20
585794.505
 10
390939.047
 20
585794.805
 10
390939.647
 20
585795.555
  0
TEXT
  5
C3
330
17
100
AcDbEntity
  8
TEXTE
 62
7
100
AcDbText
 10
390940.045
 20
585786.632
 30
0.0
 40
1.5
  1
C148: 303.1mp
 72
1
 11
390940.045
 21
585786.632
 31
0.0
100
AcDbText
 73
2
  0
LWPOLYLINE
  5
C4
330
17
100
AcDbEntity
  8
CONSTRUCTII
 62
1
100
AcDbPolyline
 90
33
 70
1
 10
390863.141
 20
585756.105
 10
390864.941
 20
585756.105
 10
390865.241
 20
585755.505
 10
390865.691
 20
585751.905
 10
390866.741
 20
585748.305
 10
390866.891
 20
585746.355
 10
390867.341
 20
585745.455
 10
390867.941
 20
585745.005
 10
390868.241
 20
585742.155
 10
390869.291
 20
585740.055
 10
390869.891
 20
585737.055
 10
390870.941
 20
585737.355
 10
390871.541
 20
585737.205
 10
390871.691
 20
585735.405
 10
390872.591
 20
585733.8
 10
390856.391
 20
585733.8
 10
390855.341
 20
585737.355
 10
390855.341
 20
585738.255
 10
390854.441
 20
585740.805
 10
390854.441
 20
585742.155
 10
390853.241
 20
585746.055
 10
390852.791
 20
585749.355
 10
390851.591
 20
585751.605
 10
390851.741
 20
585753.105
 10
390852.191
 20
585753.555
 10
390855.791
 20
585753.855
 10
390856.241
 20
585754.455
 10
390856.391
 20
585755.805
 10
390857.141
 20
585755.055
 10
390858.491
 20
585754.905
 10
390860.441
 20
585755.505
 10
390862.091
 20
585755.505
 10
390863.141
 20
585756.105
  0
TEXT
  5
C5
330
17
100
AcDbEntity
  8
TEXTE
 62
7
100
AcDbText
 10
390861.174
 20
585744.117
 30
0.0
 40
1.5
  1
C150: 302.8mp
 72
1
 11
390861.174
 21
585744.117
 31
0.0
100
AcDbText
 73
2
  0
LWPOLYLINE
  5
C6
330
17
100
AcDbEntity
  8
CONSTRUCTII
 62
1
100
AcDbPolyline
 90
73
 70
1
 10
390915.497
 20
585504.26
 10
390918.047
 20
585504.26
 10
390918.797
 20
585501.56
 10
390919.397
 20
585500.81
 10
390919.697
 20
585499.76
 10
390920.297
 20
585498.86
 10
390921.197
 20
585498.26
 10
390922.247
 20
585496.61
 10
390922.097
 20
585494.81
 10
390921.497
 20
585494.21
 10
390920.147
 20
585493.61
 10
390920.147
 20
585493.16
 10
390919.247
 20
585491.81
 10
390918.497
 20
585491.96
 10
390918.047
 20
585492.56
 10
390917.597
 20
585492.56
 10
390917.447
 20
585491.96
 10
390918.047
 20
585491.51
 10
390918.047
 20
585491.06
 10
390916.847
 20
585490.76
 10
390916.697
 20
585489.56
 10
390915.647
 20
585489.11
 10
390915.197
 20
585488.21
 10
390914.597
 20
585488.36
 10
390914.147
 20
585489.41
 10
390914.147
 20
585491.51
 10
390913.247
 20
585491.66
 10
390912.347
 20
585491.36
 10
390912.047
 20
585491.06
 10
390912.197
 20
585490.46
 10
390913.397
 20
585489.56
 10
390913.247
 20
585486.86
 10
390912.347
 20
585485.66
 10
390911.297
 20
585486.86
 10
390911.597
 20
585488.21
 10
390911.597
 20
585489.86
 10
390911.297
 20
585490.01
 10
390910.847
 20
585490.01
 10
390909.347
 20
585488.96
 10
390907.847
 20
585488.96
 10
390905.897
 20
585488.36
 10
390905.747
 20
585487.76
 10
390904.997
 20
585487.01
 10
390904.997
 20
585486.11
 10
390904.547
 20
585485.51
 10
390903.947
 20
585485.51
 10
390903.647
 20
585485.81
 10
390900.947
 20
585485.66
 10
390898.547
 20
585486.11
 10
390897.947
 20
585486.71
 10
390897.197
 20
585488.66
 10
390896.297
 20
585489.71
 10
390896.447
 20
585491.06
 10
390896.147
 20
585492.41
 10
390894.647
 20
585492.56
 10
390894.647
 20
585494.06
 10
390895.247
 20
585495.71
 10
390896.447
 20
585496.61
 10
390898.247
 20
585496.91
 10
390898.547
 20
585497.21
 10
390899.747
 20
585497.51
 10
390901.697
 20
585497.36
 10
390903.047
 20
585499.01
 10
390904.097
 20
585499.61
 10
390905.447
 20
585499.61
 10
390906.497
 20
585499.16
 10
390908.297
 20
585499.46
 10
390908.897
 20
585500.66
 10
390909.647
 20
585501.41
 10
390910.547
 20
585501.71
 10
390911.447
 20
585502.76
 10
390912.947
 20
585503.06
 10
390915.497
 20
585504.26
  0
TEXT
  5
C7
330
17
100
AcDbEntity
  8
TEXTE
 62
7
100
AcDbText
 10
390908.702
 20
585494.491
 30
0.0
 40
1.5
  1
C151: 301.7mp
 72
1
 11
390908.702
 21
585494.491
 31
0.0
100
AcDbText
 73
2
  0
LWPOLYLINE
  5
C8
330
17
100
AcDbEntity
  8
CONSTRUCTII
 62
1
100
AcDbPolyline
 90
47
 70
1
 10
391174.697
 20
585760.455
 10
391175.297
 20
585760.905
 10
391174.397
 20
585761.355
 10
391174.397
 20
585763.005
 10
391173.947
 20
585763.905
 10
391174.247
 20
585767.955
 10
391173.947
 20
585768.705
 10
391173.947
 20
585777.555
 10
391174.247
 20
585777.555
 10
391174.547
 20
585778.455
 10
391174.547
 20
585779.205
 10
391174.247
 20
585779.205
 10
391174.247
 20
585778.755
 10
391173.947
 20
585778.605
 10
391173.947
 20
585786.255
 10
391177.397
 20
585786.255
 10
391179.497
 20
585782.505
 10
391180.397
 20
585781.755
 10
391180.547
 20
585781.305
 10
391181.297
 20
585781.155
 10
391182.047
 20
585780.555
 10
391182.047
 20
585779.655
 10
391182.797
 20
585779.205
 10
391182.947
 20
585776.205
 10
391183.397
 20
585774.255
 10
391183.997
 20
585773.805
 10
391184.297
 20
585771.555
 10
391184.597
 20
585771.255
 10
391185.947
 20
585771.105
 10
391186.397
 20
585770.505
 10
391186.547
 20
585769.455
 10
391185.947
 20
585768.855
 10
391185.947
 20
585767.955
 10
391186.397
 20
585767.355
 10
391186.397
 20
585766.755
 10
391186.847
 20
585766.155
 10
391188.197
 20
585766.905
 10
391188.347
 20
585765.105
 10
391188.047
 20
585764.205
 10
391188.047
 20
585762.405
 10
391188.797
 20
585760.905
 10
391189.547
 20
585760.155
 10
391189.847
 20
585757.9
 10
391173.497
 20
585757.9
 10
391173.947
 20
585758.505
 10
391173.947
 20
585760.155
 10
391174.697
 20
585760.455
  0
TEXT
  5
C9
330
17
100
AcDbEntity
  8
TEXTE
 62
7
100
AcDbText
 10
391179.919
 20
585769.421
 30
0.0
 40
1.5
  1
C155: 298.4mp
 72
1
 11
391179.919
 21
585769.421
 31
0.0
100
AcDbText
 73
2
  0
LWPOLYLINE
  5
CA
330
17
100
AcDbEntity
  8
CONSTRUCTII
 62
1
100
AcDbPolyline
 90
36
 70
1
 10
390959.747
 20
585679.305
 10
390959.447
 20
585677.955
 10
390958.247
 20
585676.305
 10
390957.647
 20
585674.655
 10
390957.047
 20
585674.205
 10
390957.647
 20
585672.555
 10
390956.897
 20
585672.255
 10
390955.697
 20
585672.255
 10
390954.497
 20
585672.855
 10
390953.597
 20
585675.255
 10
390953.447
 20
585676.905
 10
390953.05
 20
585677.355
 10
390953.147
 20
585713.655
 10
390953.897
 20
585713.655
 10
390954.647
 20
585712.905
 10
390955.397
 20
585711.255
 10
390956.297
 20
585710.355
 10
390957.047
 20
585706.155
 10
390957.347
 20
585706.005
 10
390957.797
 20
585704.655
 10
390958.847
 20
585703.455
 10
390959.297
 20
585701.805
 10
390960.197
 20
585700.305
 10
390960.497
 20
585698.805
 10
390961.097
 20
585697.605
 10
390961.547
 20
585697.305
 10
390963.347
 20
585692.505
 10
390965.897
 20
585687.705
 10
390965.447
 20
585685.905
 10
390963.497
 20
585683.955
 10
390961.547
 20
585680.955
 10
390960.947
 20
585680.655
 10
390960.647
 20
585680.055
 10
390960.047
 20
585680.055
 10
390960.047
 20
585679.305
 10
390959.747
 20
585679.305
  0
TEXT
  5
CB
330
17
100
AcDbEntity
  8
TEXTE
 62
7
100
AcDbText
 10
390957.464
 20
585690.985
 30
0.0
 40
1.5
  1
C159: 294.6mp
 72
1
 11
390957.464
 21
585690.985
 31
0.0
100
AcDbText
 73
2
  0
LWPOLYLINE
  5
CC
330
17
100
AcDbEntity
  8
CONSTRUCTII
 62
1
100
AcDbPolyline
 90
60
 70
1
 10
390802.841
 20
585338.21
 10
390804.491
 20
585337.91
 10
390805.841
 20
585336.11
 10
390808.091
 20
585334.31
 10
390809.591
 20
585331.76
 10
390810.341
 20
585331.61
 10
390812.591
 20
585329.51
 10
390813.491
 20
585329.36
 10
390813.941
 20
585328.91
 10
390814.391
 20
585327.11
 10
390815.441
 20
585325.91
 10
390815.591
 20
585325.16
 10
390816.791
 20
585324.41
 10
390817.091
 20
585321.26
 10
390816.191
 20
585319.76
 10
390815.141
 20
585319.01
 10
390814.991
 20
585318.41
 10
390813.941
 20
585318.11
 10
390812.741
 20
585316.76
 10
390812.141
 20
585316.46
 10
390811.841
 20
585315.86
 10
390810.041
 20
585314.96
 10
390808.691
 20
585315.71
 10
390808.091
 20
585315.71
 10
390806.591
 20
585314.81
 10
390805.841
 20
585314.66
 10
390805.241
 20
585314.96
 10
390804.791
 20
585316.31
 10
390804.041
 20
585316.46
 10
390803.291
 20
585317.21
 10
390803.141
 20
585317.96
 10
390801.641
 20
585318.11
 10
390801.341
 20
585317.51
 10
390800.291
 20
585317.06
 10
390800.141
 20
585317.36
 10
390798.941
 20
585317.66
 10
390798.341
 20
585318.86
 10
390798.191
 20
585320.96
 10
390798.791
 20
585321.71
 10
390800.141
 20
585321.56
 10
390800.141
 20
585320.36
 10
390800.441
 20
585319.76
 10
390800.741
 20
585320.36
 10
390800.741
 20
585321.56
 10
390801.791
 20
585321.86
 10
390801.041
 20
585321.86
 10
390800.741
 20
585322.16
 10
390800.741
 20
585323.36
 10
390801.341
 20
585324.26
 10
390801.341
 20
585324.71
 10
390799.241
 20
585326.51
 10
390797.891
 20
585327.11
 10
390796.541
 20
585328.61
 10
390796.541
 20
585331.91
 10
390797.591
 20
585332.96
 10
390799.841
 20
585334.01
 10
390800.141
 20
585335.36
 10
390801.791
 20
585336.71
 10
390802.091
 20
585337.46
 10
390802.841
 20
585338.21
  0
TEXT
  5
CD
330
17
100
AcDbEntity
  8
TEXTE
 62
7
100
AcDbText
 10
390806.411
 20
585325.525
 30
0.0
 40
1.5
  1
C160: 293.9mp
 72
1
 11
390806.411
 21
585325.525
 31
0.0
100
AcDbText
 73
2
  0
LWPOLYLINE
  5
CE
330
17
100
AcDbEntity
  8
CONSTRUCTII
 62
1
100
AcDbPolyline
 90
51
 70
1
 10
390583.091
 20
585513.56
 10
390584.741
 20
585513.86
 10
390586.241
 20
585512.06
 10
390586.691
 20
585510.71
 10
390587.741
 20
585509.66
 10
390587.891
 20
585508.61
 10
390588.491
 20
585508.01
 10
390588.641
 20
585507.41
 10
390589.391
 20
585506.96
 10
390590.141
 20
585505.16
 10
390591.191
 20
585503.66
 10
390592.091
 20
585503.06
 10
390592.841
 20
585500.66
 10
390593.741
 20
585499.61
 10
390593.591
 20
585498.71
 10
390592.691
 20
585497.81
 10
390592.691
 20
585497.51
 10
390591.191
 20
585497.06
 10
390590.141
 20
585496.01
 10
390588.491
 20
585495.26
 10
390587.891
 20
585494.51
 10
390586.691
 20
585493.91
 10
390586.991
 20
585493.46
 10
390588.191
 20
585492.86
 10
390588.491
 20
585492.26
 10
390587.891
 20
585491.06
 10
390586.691
 20
585490.76
 10
390586.241
 20
585490.31
 10
390584.741
 20
585490.31
 10
390584.141
 20
585492.11
 10
390583.391
 20
585492.56
 10
390581.891
 20
585492.41
 10
390581.141
 20
585492.86
 10
390579.791
 20
585493.01
 10
390578.891
 20
585493.61
 10
390578.291
 20
585494.66
 10
390577.391
 20
585495.41
 10
390576.491
 20
585497.96
 10
390575.891
 20
585498.11
 10
390574.991
 20
585498.86
 10
390574.691
 20
585502.31
 10
390573.941
 20
585504.41
 10
390573.341
 20
585504.71
 10
390572.891
 20
585505.61
 10
390573.041
 20
585507.41
 10
390576.191
 20
585509.96
 10
390576.941
 20
585510.11
 10
390577.691
 20
585510.86
 10
390580.391
 20
585512.51
 10
390582.041
 20
585512.81
 10
390583.091
 20
585513.56
  0
TEXT
  5
CF
330
17
100
AcDbEntity
  8
TEXTE
 62
7
100
AcDbText
 10
390583.007
 20
585502.301
 30
0.0
 40
1.5
  1
C162: 292.6mp
 72
1
 11
390583.007
 21
585502.301
 31
0.0
100
AcDbText
 73
2
  0
LWPOLYLINE
  5
D0
330
17
100
AcDbEntity
  8
CONSTRUCTII
 62
1
100
AcDbPolyline
 90
37
 70
1
 10
390905.4
 20
585736.905
 10
390901.547
 20
585735.855
 10
390900.047
 20
585736.455
 10
390898.397
 20
585736.605
 10
390897.647
 20
585737.205
 10
390897.347
 20
585738.405
 10
390896.447
 20
585739.005
 10
390895.997
 20
585740.205
 10
390894.797
 20
585739.755
 10
390894.347
 20
585739.905
 10
390893.597
 20
585742.755
 10
390892.547
 20
585743.505
 10
390892.847
 20
585745.155
 10
390892.097
 20
585746.205
 10
390891.947
 20
585748.455
 10
390890.447
 20
585750.405
 10
390889.997
 20
585751.605
 10
390889.997
 20
585753.405
 10
390889.247
 20
585754.605
 10
390889.097
 20
585755.505
 10
390888.647
 20
585755.955
 10
390890.747
 20
585756.105
 10
390893.447
 20
585756.855
 10
390893.747
 20
585757.305
 10
390895.397
 20
585757.605
 10
390895.997
 20
585758.805
 10
390896.747
 20
585758.805
 10
390897.047
 20
585759.105
 10
390898.397
 20
585758.805
 10
390898.697
 20
585758.355
 10
390901.247
 20
585761.055
 10
390902.897
 20
585761.055
 10
390903.497
 20
585760.605
 10
390904.697
 20
585757.755
 10
390904.997
 20
585755.955
 10
390905.4
 20
585755.505
 10
390905.4
 20
585736.905
  0
TEXT
  5
D1
330
17
100
AcDbEntity
  8
TEXTE
 62
7
100
AcDbText
 10
390898.879
 20
585748.687
 30
0.0
 40
1.5
  1
C168: 288.4mp
 72
1
 11
390898.879
 21
585748.687
 31
0.0
100
AcDbText
 73
2
  0
LWPOLYLINE
  5
D2
330
17
100
AcDbEntity
  8
CONSTRUCTII
 62
1
100
AcDbPolyline
 90
26
 70
1
 10
390696.041
 20
585536.805
 10
390705.191
 20
585536.805
 10
390705.191
 20
585536.81
 10
390715.091
 20
585536.81
 10
390715.091
 20
585534.86
 10
390714.041
 20
585534.56
 10
390712.541
 20
585533.21
 10
390709.391
 20
585532.46
 10
390708.941
 20
585532.01
 10
390682.391
 20
585532.01
 10
390681.341
 20
585532.91
 10
390678.791
 20
585532.76
 10
390677.741
 20
585532.01
 10
390655.391
 20
585532.01
 10
390655.391
 20
585532.61
 10
390654.941
 20
585533.06
 10
390653.741
 20
585533.21
 10
390653.441
 20
585533.66
 10
390652.391
 20
585533.96
 10
390651.941
 20
585535.46
 10
390650.891
 20
585536.06
 10
390650.891
 20
585536.805
 10
390654.941
 20
585536.805
 10
390654.941
 20
585536.81
 10
390696.041
 20
585536.81
 10
390696.041
 20
585536.805
  0
TEXT
  5
D3
330
17
100
AcDbEntity
  8
TEXTE
 62
7
100
AcDbText
 10
390683.121
 20
585534.508
 30
0.0
 40
1.5
  1
C170: 287.6mp
 72
1
 11
390683.121
 21
585534.508
 31
0.0
100
AcDbText
 73
2
  0
LWPOLYLINE
  5
D4
330
17
100
AcDbEntity
  8
CONSTRUCTII
 62
1
100
AcDbPolyline
 90
43
 70
1
 10
391037.747
 20
585717.105
 10
391038.347
 20
585716.955
 10
391038.947
 20
585716.355
 10
391039.997
 20
585713.655
 10
391040.147
 20
585710.805
 10
391040.897
 20
585709.905
 10
391041.497
 20
585708.255
 10
391040.597
 20
585707.205
 10
391039.097
 20
585706.755
 10
391038.047
 20
585705.405
 10
391036.547
 20
585705.405
 10
391033.247
 20
585703.605
 10
391032.347
 20
585703.455
 10
391031.747
 20
585702.855
 10
391031.747
 20
585700.305
 10
391030.847
 20
585700.005
 10
391029.647
 20
585698.955
 10
391027.547
 20
585698.955
 10
391025.597
 20
585698.505
 10
391025.597
 20
585700.005
 10
391024.997
 20
585700.305
 10
391023.947
 20
585700.305
 10
391021.697
 20
585699.105
 10
391020.647
 20
585698.955
 10
391017.497
 20
585697.455
 10
391015.847
 20
585697.305
 10
391015.097
 20
585697.905
 10
391014.947
 20
585698.805
 10
391016.447
 20
585701.355
 10
391015.847
 20
585703.005
 10
391014.347
 20
585705.105
 10
391014.347
 20
585706.755
 10
391014.647
 20
585707.055
 10
391020.497
 20
585709.305
 10
391021.097
 20
585709.755
 10
391021.997
 20
585709.905
 10
391023.797
 20
585710.805
 10
391024.397
 20
585711.405
 10
391025.897
 20
585711.705
 10
391028.597
 20
585712.755
 10
391029.647
 20
585713.505
 10
391032.197
 20
585714.255
 10
391037.747
 20
585717.105
  0
TEXT
  5
D5
330
17
100
AcDbEntity
  8
TEXTE
 62
7
100
AcDbText
 10
391027.902
 20
585706.69
 30
0.0
 40
1.5
  1
C173: 286.7mp
 72
1
 11
391027.902
 21
585706.69
 31
0.0
100
AcDbText
 73
2
  0
LWPOLYLINE
  5
D6
330
17
100
AcDbEntity
  8
CONSTRUCTII
 62
1
100
AcDbPolyline
 90
39
 70
1
 10
391351.542
 20
585541.8
 10
391352.142
 20
585541.305
 10
391352.592
 20
585541.305
 10
391353.342
 20
585540.255
 10
391356.192
 20
585540.105
 10
391357.692
 20
585538.905
 10
391357.392
 20
585537.855
 10
391356.942
 20
585537.555
 10
391356.942
 20
585536.81
 10
391358.292
 20
585536.81
 10
391358.292
 20
585534.41
 10
391358.892
 20
585533.96
 10
391359.192
 20
585532.31
 10
391360.092
 20
585532.31
 10
391360.092
 20
585526.01
 10
391359.492
 20
585526.01
 10
391359.642
 20
585526.61
 10
391358.892
 20
585527.21
 10
391358.442
 20
585527.06
 10
391358.142
 20
585526.16
 10
391357.842
 20
585526.01
 10
391354.392
 20
585526.01
 10
391354.092
 20
585528.26
 10
391354.542
 20
585529.01
 10
391355.292
 20
585529.16
 10
391355.142
 20
585529.46
 10
391353.342
 20
585529.46
 10
391352.592
 20
585528.56
 10
391351.542
 20
585527.96
 10
391351.092
 20
585527.06
 10
391349.892
 20
585526.61
 10
391349.442
 20
585526.01
 10
391339.467
 20
585526.01
 10
391339.467
 20
585536.81
 10
391340.292
 20
585536.81
 10
391340.292
 20
585537.705
 10
391339.467
 20
585537.705
 10
391339.467
 20
585541.8
 10
391351.542
 20
585541.8
  0
TEXT
  5
D7
330
17
100
AcDbEntity
  8
TEXTE
 62
7
100
AcDbText
 10
391348.849
 20
585533.673
 30
0.0
 40
1.5
  1
C174: 284.9mp
 72
1
 11
391348.849
 21
585533.673
 31
0.0
100
AcDbText
 73
2
  0
LWPOLYLINE
  5
D8
330
17
100
AcDbEntity
  8
CONSTRUCTII
 62
1
100
AcDbPolyline
 90
37
 70
1
 10
390651.54
 20
585287.657
 10
390651.54
 20
585284.657
 10
390655.54
 20
585284.657
 10
390655.54
 20
585287.657
 10
390660.54
 20
585287.657
 10
390660.54
 20
585284.657
 10
390662.54
 20
585284.657
 10
390662.54
 20
585276.657
 10
390658.54
 20
585276.657
 10
390658.54
 20
585275.657
 10
390657.54
 20
585275.657
 10
390657.54
 20
585276.657
 10
390656.54
 20
585276.657
 10
390656.54
 20
585275.657
 10
390652.54
 20
585275.657
 10
390652.54
 20
585276.657
 10
390651.54
 20
585276.657
 10
390651.54
 20
585275.657
 10
390647.54
 20
585275.657
 10
390647.54
 20
585273.657
 10
390641.54
 20
585273.657
 10
390641.54
 20
585272.657
 10
390640.54
 20
585272.657
 10
390640.54
 20
585274.657
 10
390639.54
 20
585274.657
 10
390639.54
 20
585277.657
 10
390637.54
 20
585277.657
 10
390637.54
 20
585278.657
 10
390635.54
 20
585278.657
 10
390635.54
 20
585280.657
 10
390639.54
 20
585280.657
 10
390639.54
 20
585282.657
 10
390638.54
 20
585282.657
 10
390638.54
 20
585286.657
 10
390639.54
 20
585286.657
 10
390639.54
 20
585287.657
 10
390651.54
 20
585287.657
  0
TEXT
  5
D9
330
17
100
AcDbEntity
  8
TEXTE
 62
7
100
AcDbText
 10
390649.487
 20
585281.047
 30
0.0
 40
1.5
  1
C176: 282.0mp
 72
1
 11
390649.487
 21
585281.047
 31
0.0
100
AcDbText
 73
2
  0
LWPOLYLINE
  5
DA
330
17
100
AcDbEntity
  8
CONSTRUCTII
 62
1
100
AcDbPolyline
 90
24
 70
1
 10
390639.15
 20
585707.205
 10
390645.191
 20
585707.205
 10
390645.491
 20
585706.755
 10
390645.491
 20
585705.255
 10
390645.941
 20
585704.805
 10
390646.091
 20
585703.905
 10
390647.141
 20
585704.205
 10
390647.141
 20
585703.455
 10
390646.841
 20
585703.005
 10
390646.841
 20
585702.555
 10
390647.141
 20
585702.405
 10
390647.141
 20
585700.605
 10
390646.241
 20
585700.155
 10
390646.541
 20
585699.405
 10
390647.141
 20
585699.255
 10
390647.141
 20
585673.755
 10
390646.691
 20
585673.605
 10
390645.791
 20
585672.555
 10
390643.841
 20
585671.805
 10
390643.541
 20
585671.205
 10
390642.041
 20
585670.905
 10
390640.691
 20
585669.855
 10
390639.641
 20
585669.555
 10
390639.15
 20
585707.205
  0
TEXT
  5
DB
330
17
100
AcDbEntity
  8
TEXTE
 62
7
100
AcDbText
 10
390643.12
 20
585689.159
 30
0.0
 40
1.5
  1
C177: 271.5mp
 72
1
 11
390643.12
 21
585689.159
 31
0.0
100
AcDbText
 73
2
  0
LWPOLYLINE
  5
DC
330
17
100
AcDbEntity
  8
CONSTRUCTII
 62
1
100
AcDbPolyline
 90
21
 70
1
 10
390878.897
 20
585653.2
 10
390878.897
 20
585682.305
 10
390879.947
 20
585682.305
 10
390883.997
 20
585683.655
 10
390885.197
 20
585682.605
 10
390885.947
 20
585681.105
 10
390886.097
 20
585679.155
 10
390886.697
 20
585678.705
 10
390887.747
 20
585677.055
 10
390887.597
 20
585675.255
 10
390888.047
 20
585674.655
 10
390888.647
 20
585672.705
 10
390889.547
 20
585667.155
 10
390890.147
 20
585665.355
 10
390890.147
 20
585656.805
 10
390889.397
 20
585656.355
 10
390887.597
 20
585656.355
 10
390887.597
 20
585656.055
 10
390883.097
 20
585656.055
 10
390883.097
 20
585653.2
 10
390878.897
 20
585653.2
  0
TEXT
  5
DD
330
17
100
AcDbEntity
  8
TEXTE
 62
7
100
AcDbText
 10
390883.795
 20
585667.772
 30
0.0
 40
1.5
  1
C182: 274.4mp
 72
1
 11
390883.795
 21
585667.772
 31
0.0
100
AcDbText
 73
2
  0
LWPOLYLINE
  5
DE
330
17
100
AcDbEntity
  8
CONSTRUCTII
 62
1
100
AcDbPolyline
 90
41
 70
1
 10
390713.291
 20
585661.305
 10
390717.641
 20
585661.155
 10
390718.691
 20
585660.405
 10
390719.141
 20
585656.955
 10
390719.741
 20
585654.855
 10
390718.391
 20
585653.205
 10
390716.891
 20
585652.605
 10
390716.441
 20
585652.155
 10
390716.741
 20
585651.405
 10
390716.441
 20
585649.905
 10
390716.741
 20
585647.655
 10
390716.441
 20
585646.305
 10
390717.041
 20
585645.555
 10
390717.041
 20
585645.105
 10
390716.441
 20
585644.505
 10
390716.291
 20
585643.905
 10
390714.041
 20
585643.755
 10
390712.991
 20
585643.455
 10
390712.541
 20
585643.005
 10
390712.391
 20
585641.955
 10
390712.841
 20
585639.855
 10
390712.241
 20
585638.505
 10
390711.641
 20
585638.205
 10
390710.141
 20
585638.205
 10
390708.791
 20
585638.955
 10
390707.441
 20
585638.055
 10
390705.641
 20
585639.555
 10
390704.891
 20
585642.405
 10
390703.841
 20
585643.905
 10
390703.991
 20
585647.355
 10
390703.541
 20
585649.905
 10
390703.091
 20
585650.505
 10
390702.341
 20
585653.055
 10
390702.191
 20
585656.355
 10
390703.091
 20
585657.255
 10
390705.641
 20
585657.855
 10
390706.091
 20
585658.455
 10
390707.591
 20
585658.005
 10
390708.041
 20
585658.905
 10
390709.691
 20
585660.405
 10
390713.291
 20
585661.305
  0
TEXT
  5
DF
330
17
100
AcDbEntity
  8
TEXTE
 62
7
100
AcDbText
 10
390710.573
 20
585650.783
 30
0.0
 40
1.5
  1
C183: 274.1mp
 72
1
 11
390710.573
 21
585650.783
 31
0.0
100
AcDbText
 73
2
  0
LWPOLYLINE
  5
E0
330
17
100
AcDbEntity
  8
CONSTRUCTII
 62
1
100
AcDbPolyline
 90
41
 70
1
 10
390583.991
 20
585571.005
 10
390583.541
 20
585570.255
 10
390583.54
 20
585569.657
 10
390584.54
 20
585569.657
 10
390584.54
 20
585567.657
 10
390583.841
 20
585567.555
 10
390584.141
 20
585566.805
 10
390584.54
 20
585566.657
 10
390584.591
 20
585564.705
 10
390585.065
 20
585564.657
 10
390585.065
 20
585551.657
 10
390584.54
 20
585551.657
 10
390584.54
 20
585550.657
 10
390585.065
 20
585550.657
 10
390585.065
 20
585536.657
 10
390584.54
 20
585536.657
 10
390584.54
 20
585540.657
 10
390583.54
 20
585540.657
 10
390583.54
 20
585541.657
 10
390581.54
 20
585541.657
 10
390581.54
 20
585544.657
 10
390580.54
 20
585544.657
 10
390580.54
 20
585547.657
 10
390579.54
 20
585547.657
 10
390579.54
 20
585551.657
 10
390578.54
 20
585551.657
 10
390578.54
 20
585554.657
 10
390577.54
 20
585554.657
 10
390577.54
 20
585557.355
 10
390576.791
 20
585556.755
 10
390575.141
 20
585557.205
 10
390573.791
 20
585559.005
 10
390573.041
 20
585562.605
 10
390572.54
 20
585562.657
 10
390572.591
 20
585563.955
 10
390571.541
 20
585565.305
 10
390571.241
 20
585566.805
 10
390570.641
 20
585567.705
 10
390570.191
 20
585570.555
 10
390569.591
 20
585571.6
 10
390583.991
 20
585571.005
  0
TEXT
  5
E1
330
17
100
AcDbEntity
  8
TEXTE
 62
7
100
AcDbText
 10
390579.61
 20
585559.754
 30
0.0
 40
1.5
  1
C187: 265.0mp
 72
1
 11
390579.61
 21
585559.754
 31
0.0
100
AcDbText
 73
2
  0
LWPOLYLINE
  5
E2
330
17
100
AcDbEntity
  8
CONSTRUCTII
 62
1
100
AcDbPolyline
 90
34
 70
1
 10
390817.391
 20
585686.805
 10
390818.741
 20
585686.805
 10
390819.641
 20
585686.205
 10
390820.841
 20
585682.905
 10
390821.741
 20
585682.155
 10
390822.191
 20
585681.105
 10
390823.691
 20
585681.255
 10
390824.141
 20
585682.305
 10
390824.45
 20
585682.455
 10
390824.45
 20
585657.255
 10
390823.391
 20
585657.555
 10
390823.091
 20
585658.455
 10
390822.041
 20
585659.805
 10
390820.541
 20
585660.255
 10
390819.791
 20
585661.005
 10
390819.641
 20
585661.605
 10
390818.891
 20
585662.205
 10
390818.291
 20
585664.305
 10
390816.941
 20
585665.205
 10
390816.191
 20
585666.255
 10
390815.441
 20
585666.405
 10
390814.691
 20
585667.155
 10
390814.241
 20
585670.155
 10
390813.191
 20
585671.205
 10
390812.741
 20
585674.355
 10
390811.841
 20
585675.555
 10
390811.391
 20
585678.405
 10
390810.041
 20
585680.805
 10
390810.041
 20
585682.455
 10
390809.441
 20
585683.505
 10
390810.041
 20
585684.255
 10
390815.891
 20
585685.755
 10
390816.641
 20
585686.505
 10
390817.391
 20
585686.805
  0
TEXT
  5
E3
330
17
100
AcDbEntity
  8
TEXTE
 62
7
100
AcDbText
 10
390818.503
 20
585674.207
 30
0.0
 40
1.5
  1
C194: 265.6mp
 72
1
 11
390818.503
 21
585674.207
 31
0.0
100
AcDbText
 73
2
  0
LWPOLYLINE
  5
E4
330
17
100
AcDbEntity
  8
CONSTRUCTII
 62
1
100
AcDbPolyline
 90
45
 70
1
 10
390666.041
 20
585455.21
 10
390666.791
 20
585455.51
 10
390666.941
 20
585455.21
 10
390668.891
 20
585454.31
 10
390671.141
 20
585454.31
 10
390670.691
 20
585453.86
 10
390669.341
 20
585454.01
 10
390669.041
 20
585453.26
 10
390669.341
 20
585452.51
 10
390670.841
 20
585452.51
 10
390671.441
 20
585452.81
 10
390671.441
 20
585453.26
 10
390671.891
 20
585453.71
 10
390673.541
 20
585453.41
 10
390678.941
 20
585453.26
 10
390679.991
 20
585452.06
 10
390680.591
 20
585450.56
 10
390680.591
 20
585448.46
 10
390681.491
 20
585445.61
 10
390681.491
 20
585443.21
 10
390676.091
 20
585440.96
 10
390674.291
 20
585440.66
 10
390673.991
 20
585440.21
 10
390673.391
 20
585440.21
 10
390672.191
 20
585439.31
 10
390670.541
 20
585439.01
 10
390670.091
 20
585438.56
 10
390668.891
 20
585438.41
 10
390666.641
 20
585437.51
 10
390666.041
 20
585437.81
 10
390665.291
 20
585439.01
 10
390665.291
 20
585439.46
 10
390664.541
 20
585439.76
 10
390663.941
 20
585440.51
 10
390663.941
 20
585442.46
 10
390663.191
 20
585443.06
 10
390662.591
 20
585445.16
 10
390661.691
 20
585446.51
 10
390661.241
 20
585449.06
 10
390660.041
 20
585449.96
 10
390660.041
 20
585451.16
 10
390660.491
 20
585453.11
 10
390661.841
 20
585454.31
 10
390663.941
 20
585455.06
 10
390666.041
 20
585455.21
  0
TEXT
  5
E5
330
17
100
AcDbEntity
  8
TEXTE
 62
7
100
AcDbText
 10
390670.618
 20
585447.095
 30
0.0
 40
1.5
  1
C196: 263.0mp
 72
1
 11
390670.618
 21
585447.095
 31
0.0
100
AcDbText
 73
2
  0
LWPOLYLINE
  5
E6
330
17
100
AcDbEntity
  8
CONSTRUCTII
 62
1
100
AcDbPolyline
 90
33
 70
1
 10
390602.441
 20
585487.61
 10
390603.941
 20
585487.91
 10
390604.841
 20
585486.41
 10
390605.891
 20
585485.66
 10
390606.191
 20
585484.46
 10
390607.241
 20
585483.56
 10
390607.541
 20
585482.66
 10
390608.891
 20
585482.06
 10
390610.391
 20
585479.51
 10
390611.141
 20
585479.06
 10
390611.441
 20
585477.26
 10
390612.041
 20
585476.21
 10
390612.041
 20
585471.86
 10
390610.541
 20
585471.86
 10
390610.391
 20
585471.41
 10
390609.491
 20
585470.66
 10
390607.841
 20
585470.36
 10
390606.341
 20
585469.61
 10
390605.441
 20
585468.11
 10
390598.391
 20
585468.11
 10
390597.641
 20
585468.71
 10
390597.191
 20
585469.61
 10
390595.241
 20
585470.51
 10
390594.791
 20
585472.91
 10
390592.691
 20
585477.26
 10
390592.841
 20
585478.46
 10
390594.041
 20
585479.96
 10
390594.491
 20
585481.31
 10
390595.541
 20
585482.96
 10
390599.741
 20
585485.36
 10
390600.641
 20
585486.26
 10
390601.691
 20
585486.71
 10
390602.441
 20
585487.61
  0
TEXT
  5
E7
330
17
100
AcDbEntity
  8
TEXTE
 62
7
100
AcDbText
 10
390602.417
 20
585476.929
 30
0.0
 40
1.5
  1
C198: 261.6mp
 72
1
 11
390602.417
 21
585476.929
 31
0.0
100
AcDbText
 73
2
  0
LWPOLYLINE
  5
E8
330
17
100
AcDbEntity
  8
CONSTRUCTII
 62
1
100
AcDbPolyline
 90
44
 70
1
 10
391212.197
 20
585679.8
 10
391213.697
 20
585678.255
 10
391213.997
 20
585678.255
 10
391213.547
 20
585675.855
 10
391212.797
 20
585674.955
 10
391210.997
 20
585674.655
 10
391209.347
 20
585673.005
 10
391207.247
 20
585672.105
 10
391206.347
 20
585670.905
 10
391203.047
 20
585669.105
 10
391200.797
 20
585666.855
 10
391199.147
 20
585666.255
 10
391198.397
 20
585665.355
 10
391193.597
 20
585662.505
 10
391192.547
 20
585662.205
 10
391191.197
 20
585662.505
 10
391189.397
 20
585662.355
 10
391188.647
 20
585663.105
 10
391188.347
 20
585664.905
 10
391188.797
 20
585665.955
 10
391188.497
 20
585666.555
 10
391188.347
 20
585668.655
 10
391189.547
 20
585669.405
 10
391190.747
 20
585671.055
 10
391191.497
 20
585671.205
 10
391191.347
 20
585672.855
 10
391192.097
 20
585673.755
 10
391192.547
 20
585673.605
 10
391192.847
 20
585673.005
 10
391192.997
 20
585671.805
 10
391193.447
 20
585671.355
 10
391193.897
 20
585671.655
 10
391194.197
 20
585673.005
 10
391193.747
 20
585674.355
 10
391192.097
 20
585674.505
 10
391191.947
 20
585675.405
 10
391193.297
 20
585676.005
 10
391194.797
 20
585678.705
 10
391195.847
 20
585678.555
 10
391196.447
 20
585678.105
 10
391196.747
 20
585679.305
 10
391197.047
 20
585679.305
 10
391197.347
 20
585679.8
 10
391212.197
 20
585679.8
  0
TEXT
  5
E9
330
17
100
AcDbEntity
  8
TEXTE
 62
7
100
AcDbText
 10
391199.71
 20
585672.442
 30
0.0
 40
1.5
  1
C210: 252.4mp
 72
1
 11
391199.71
 21
585672.442
 31
0.0
100
AcDbText
 73
2
  0
LWPOLYLINE
  5
EA
330
17
100
AcDbEntity
  8
CONSTRUCTII
 62
1
100
AcDbPolyline
 90
42
 70
1
 10
391298.592
 20
585592.755
 10
391300.092
 20
585592.305
 10
391300.842
 20
585590.505
 10
391301.442
 20
585589.905
 10
391304.292
 20
585588.105
 10
391305.792
 20
585586.755
 10
391305.492
 20
585585.105
 10
391306.392
 20
585584.505
 10
391306.842
 20
585583.755
 10
391308.042
 20
585583.305
 10
391309.542
 20
585582.105
 10
391311.042
 20
585581.955
 10
391312.092
 20
585581.505
 10
391315.092
 20
585578.805
 10
391315.392
 20
585578.805
 10
391316.442
 20
585577.455
 10
391318.092
 20
585577.305
 10
391318.992
 20
585576.405
 10
391319.592
 20
585576.405
 10
391320.642
 20
585577.005
 10
391321.092
 20
585576.405
 10
391322.442
 20
585575.955
 10
391322.742
 20
585575.205
 10
391295.892
 20
585574.8
 10
391295.442
 20
585575.055
 10
391294.992
 20
585575.655
 10
391294.692
 20
585575.655
 10
391293.792
 20
585577.005
 10
391293.792
 20
585578.805
 10
391294.542
 20
585580.005
 10
391295.292
 20
585580.155
 10
391296.042
 20
585580.905
 10
391296.042
 20
585581.805
 10
391295.442
 20
585582.855
 10
391293.942
 20
585583.755
 10
391293.792
 20
585585.405
 10
391294.542
 20
585586.155
 10
391295.742
 20
585588.855
 10
391296.792
 20
585590.205
 10
391297.542
 20
585590.655
 10
391297.692
 20
585592.155
 10
391298.592
 20
585592.755
  0
TEXT
  5
EB
330
17
100
AcDbEntity
  8
TEXTE
 62
7
100
AcDbText
 10
391303.644
 20
585581.095
 30
0.0
 40
1.5
  1
C213: 245.5mp
 72
1
 11
391303.644
 21
585581.095
 31
0.0
100
AcDbText
 73
2
  0
LWPOLYLINE
  5
EC
330
17
100
AcDbEntity
  8
CONSTRUCTII
 62
1
100
AcDbPolyline
 90
51
 70
1
 10
391347.792
 20
585481.91
 10
391350.792
 20
585481.91
 10
391351.092
 20
585481.61
 10
391351.392
 20
585479.96
 10
391352.442
 20
585478.91
 10
391352.892
 20
585478.01
 10
391353.042
 20
585476.66
 10
391353.492
 20
585476.06
 10
391351.692
 20
585475.46
 10
391349.592
 20
585473.66
 10
391346.442
 20
585472.91
 10
391344.642
 20
585470.96
 10
391343.892
 20
585470.66
 10
391343.892
 20
585470.36
 10
391342.242
 20
585470.51
 10
391341.642
 20
585469.91
 10
391341.042
 20
585469.76
 10
391340.442
 20
585468.56
 10
391338.792
 20
585467.06
 10
391335.342
 20
585465.71
 10
391334.442
 20
585464.81
 10
391332.642
 20
585464.96
 10
391331.292
 20
585463.91
 10
391331.442
 20
585463.01
 10
391329.942
 20
585463.01
 10
391329.342
 20
585464.36
 10
391328.742
 20
585464.51
 10
391328.442
 20
585464.96
 10
391328.442
 20
585466.31
 10
391329.042
 20
585466.46
 10
391328.892
 20
585469.61
 10
391328.442
 20
585470.06
 10
391328.442
 20
585470.66
 10
391327.242
 20
585472.01
 10
391327.992
 20
585472.46
 10
391328.892
 20
585473.66
 10
391330.692
 20
585474.41
 10
391332.942
 20
585476.51
 10
391334.592
 20
585477.11
 10
391335.492
 20
585478.16
 10
391336.242
 20
585478.31
 10
391336.692
 20
585478.91
 10
391338.492
 20
585479.96
 10
391339.542
 20
585481.31
 10
391341.492
 20
585481.46
 10
391343.442
 20
585480.86
 10
391344.492
 20
585479.96
 10
391345.242
 20
585479.81
 10
391345.992
 20
585480.71
 10
391347.042
 20
585481.16
 10
391347.792
 20
585481.91
  0
TEXT
  5
ED
330
17
100
AcDbEntity
  8
TEXTE
 62
7
100
AcDbText
 10
391339.459
 20
585473.673
 30
0.0
 40
1.5
  1
C223: 247.8mp
 72
1
 11
391339.459
 21
585473.673
 31
0.0
100
AcDbText
 73
2
  0
LWPOLYLINE
  5
EE
330
17
100
AcDbEntity
  8
CONSTRUCTII
 62
1
100
AcDbPolyline
 90
25
 70
1
 10
390654.191
 20
585431.36
 10
390655.391
 20
585430.91
 10
390656.591
 20
585429.71
 10
390657.791
 20
585427.76
 10
390660.791
 20
585424.31
 10
390660.491
 20
585421.01
 10
390661.841
 20
585413.7
 10
390648.941
 20
585413.7
 10
390648.791
 20
585413.7
 10
390642.341
 20
585413.7
 10
390642.791
 20
585415.01
 10
390642.641
 20
585416.21
 10
390641.891
 20
585417.56
 10
390643.091
 20
585421.61
 10
390643.841
 20
585422.96
 10
390646.841
 20
585424.76
 10
390647.441
 20
585425.81
 10
390647.891
 20
585425.81
 10
390648.641
 20
585426.41
 10
390648.641
 20
585426.86
 10
390649.391
 20
585427.76
 10
390650.741
 20
585428.36
 10
390652.091
 20
585429.71
 10
390653.291
 20
585430.31
 10
390654.191
 20
585431.36
  0
TEXT
  5
EF
330
17
100
AcDbEntity
  8
TEXTE
 62
7
100
AcDbText
 10
390652.356
 20
585420.607
 30
0.0
 40
1.5
  1
C224: 246.7mp
 72
1
 11
390652.356
 21
585420.607
 31
0.0
100
AcDbText
 73
2
  0
LWPOLYLINE
  5
F0
330
17
100
AcDbEntity
  8
CONSTRUCTII
 62
1
100
AcDbPolyline
 90
27
 70
1
 10
390677.441
 20
585493.91
 10
390679.091
 20
585493.16
 10
390679.241
 20
585492.41
 10
390681.491
 20
585488.21
 10
390681.641
 20
585487.16
 10
390682.541
 20
585486.11
 10
390682.991
 20
585484.76
 10
390684.791
 20
585481.61
 10
390684.341
 20
585478.76
 10
390681.491
 20
585478.46
 10
390679.841
 20
585477.56
 10
390679.091
 20
585476.81
 10
390676.691
 20
585476.21
 10
390674.891
 20
585475.31
 10
390673.391
 20
585475.61
 10
390672.491
 20
585474.71
 10
390671.141
 20
585474.11
 10
390670.541
 20
585473.36
 10
390668.891
 20
585472.91
 10
390667.5
 20
585471.86
 10
390667.541
 20
585488.81
 10
390669.941
 20
585490.46
 10
390672.491
 20
585491.06
 10
390672.491
 20
585491.36
 10
390673.841
 20
585492.11
 10
390674.591
 20
585493.01
 10
390677.441
 20
585493.91
  0
TEXT
  5
F1
330
17
100
AcDbEntity
  8
TEXTE
 62
7
100
AcDbText
 10
390674.915
 20
585483.315
 30
0.0
 40
1.5
  1
C225: 246.6mp
 72
1
 11
390674.915
 21
585483.315
 31
0.0
100
AcDbText
 73
2
  0
LWPOLYLINE
  5
F2
330
17
100
AcDbEntity
  8
CONSTRUCTII
 62
1
100
AcDbPolyline
 90
30
 70
1
 10
391159.547
 20
585743.205
 10
391165.997
 20
585743.205
 10
391166.297
 20
585742.905
 10
391166.747
 20
585740.955
 10
391167.797
 20
585739.005
 10
391168.397
 20
585736.905
 10
391169.447
 20
585735.705
 10
391170.347
 20
585732.705
 10
391170.497
 20
585730.905
 10
391169.147
 20
585729.705
 10
391167.497
 20
585729.855
 10
391165.997
 20
585729.255
 10
391165.097
 20
585728.055
 10
391164.197
 20
585727.455
 10
391160.747
 20
585726.855
 10
391159.397
 20
585725.805
 10
391158.497
 20
585725.505
 10
391156.697
 20
585725.505
 10
391154.447
 20
585728.355
 10
391153.997
 20
585729.855
 10
391153.697
 20
585733.455
 10
391153.097
 20
585734.355
 10
391152.947
 20
585735.405
 10
391152.197
 20
585736.455
 10
391151.897
 20
585738.255
 10
391151.297
 20
585739.605
 10
391153.997
 20
585741.405
 10
391155.197
 20
585741.555
 10
391156.247
 20
585742.155
 10
391159.547
 20
585743.205
  0
TEXT
  5
F3
330
17
100
AcDbEntity
  8
TEXTE
 62
7
100
AcDbText
 10
391160.811
 20
585734.898
 30
0.0
 40
1.5
  1
C237: 239.2mp
 72
1
 11
391160.811
 21
585734.898
 31
0.0
100
AcDbText
 73
2
  0
LWPOLYLINE
  5
F4
330
17
100
AcDbEntity
  8
CONSTRUCTII
 62
1
100
AcDbPolyline
 90
34
 70
1
 10
390894.947
 20
585698.055
 10
390895.847
 20
585697.305
 10
390895.997
 20
585695.805
 10
390896.597
 20
585695.205
 10
390897.047
 20
585693.705
 10
390898.247
 20
585692.505
 10
390900.047
 20
585687.855
 10
390901.547
 20
585687.555
 10
390901.697
 20
585686.805
 10
390902.297
 20
585686.055
 10
390902.297
 20
585685.155
 10
390902.747
 20
585684.105
 10
390902.447
 20
585682.005
 10
390901.547
 20
585681.255
 10
390901.547
 20
585680.955
 10
390901.247
 20
585680.955
 10
390901.247
 20
585680.505
 10
390901.847
 20
585678.405
 10
390903.347
 20
585676.605
 10
390903.797
 20
585673.605
 10
390903.197
 20
585672.555
 10
390901.547
 20
585672.105
 10
390898.997
 20
585670.605
 10
390897.797
 20
585670.905
 10
390896.297
 20
585672.705
 10
390895.697
 20
585673.905
 10
390894.797
 20
585677.205
 10
390891.947
 20
585682.155
 10
390891.497
 20
585683.805
 10
390888.1
 20
585690.855
 10
390888.1
 20
585695.355
 10
390890.897
 20
585696.405
 10
390892.247
 20
585697.455
 10
390894.947
 20
585698.055
  0
TEXT
  5
F5
330
17
100
AcDbEntity
  8
TEXTE
 62
7
100
AcDbText
 10
390896.103
 20
585684.778
 30
0.0
 40
1.5
  1
C241: 238.0mp
 72
1
 11
390896.103
 21
585684.778
 31
0.0
100
AcDbText
 73
2
  0
LWPOLYLINE
  5
F6
330
17
100
AcDbEntity
  8
CONSTRUCTII
 62
1
100
AcDbPolyline
 90
33
 70
1
 10
391237.917
 20
585720.555
 10
391238.442
 20
585720.855
 10
391240.242
 20
585720.705
 10
391240.542
 20
585720.105
 10
391241.742
 20
585719.055
 10
391241.892
 20
585718.305
 10
391242.792
 20
585717.855
 10
391243.242
 20
585717.105
 10
391247.142
 20
585717.255
 10
391248.1
 20
585717.555
 10
391248.1
 20
585704.805
 10
391246.692
 20
585704.955
 10
391246.542
 20
585704.655
 10
391246.542
 20
585703.905
 10
391247.142
 20
585703.305
 10
391247.592
 20
585700.605
 10
391248.1
 20
585699.855
 10
391247.292
 20
585699.555
 10
391246.992
 20
585698.205
 10
391246.392
 20
585697.605
 10
391245.492
 20
585697.305
 10
391245.192
 20
585696.555
 10
391244.292
 20
585695.955
 10
391242.492
 20
585695.655
 10
391241.892
 20
585695.805
 10
391241.142
 20
585695.805
 10
391241.742
 20
585695.055
 10
391241.892
 20
585693.405
 10
391241.442
 20
585691.305
 10
391241.142
 20
585691.305
 10
391240.092
 20
585690.255
 10
391238.442
 20
585690.555
 10
391237.917
 20
585720.555
  0
TEXT
  5
F7
330
17
100
AcDbEntity
  8
TEXTE
 62
7
100
AcDbText
 10
391242.514
 20
585706.666
 30
0.0
 40
1.5
  1
C242: 230.8mp
 72
1
 11
391242.514
 21
585706.666
 31
0.0
100
AcDbText
 73
2
  0
LWPOLYLINE
  5
F8
330
17
100
AcDbEntity
  8
CONSTRUCTII
 62
1
100
AcDbPolyline
 90
39
 70
1
 10
390954.197
 20
585779.955
 10
390955.997
 20
585779.805
 10
390958.547
 20
585776.655
 10
390958.697
 20
585775.905
 10
390959.447
 20
585774.855
 10
390959.747
 20
585773.205
 10
390960.647
 20
585772.155
 10
390961.247
 20
585768.855
 10
390962.147
 20
585767.355
 10
390962.297
 20
585766.605
 10
390963.647
 20
585765.105
 10
390964.247
 20
585762.555
 10
390964.847
 20
585761.655
 10
390964.397
 20
585760.155
 10
390963.197
 20
585759.255
 10
390961.547
 20
585758.505
 10
390958.697
 20
585758.055
 10
390957.797
 20
585757.155
 10
390956.597
 20
585756.855
 10
390954.497
 20
585757.155
 10
390953.447
 20
585758.655
 10
390953.297
 20
585760.005
 10
390952.547
 20
585761.055
 10
390952.397
 20
585763.155
 10
390951.647
 20
585764.505
 10
390951.197
 20
585766.305
 10
390950.297
 20
585767.055
 10
390950.147
 20
585768.255
 10
390949.547
 20
585769.455
 10
390949.247
 20
585772.455
 10
390948.347
 20
585773.655
 10
390948.047
 20
585774.855
 10
390948.197
 20
585777.255
 10
390949.097
 20
585778.155
 10
390949.097
 20
585778.455
 10
390950.597
 20
585778.155
 10
390952.097
 20
585779.355
 10
390952.847
 20
585779.355
 10
390954.197
 20
585779.955
  0
TEXT
  5
F9
330
17
100
AcDbEntity
  8
TEXTE
 62
7
100
AcDbText
 10
390956.035
 20
585768.265
 30
0.0
 40
1.5
  1
C243: 236.2mp
 72
1
 11
390956.035
 21
585768.265
 31
0.0
100
AcDbText
 73
2
  0
LWPOLYLINE
  5
FA
330
17
100
AcDbEntity
  8
CONSTRUCTII
 62
1
100
AcDbPolyline
 90
51
 70
1
 10
391215.047
 20
585626.055
 10
391216.847
 20
585625.905
 10
391218.047
 20
585624.555
 10
391218.947
 20
585624.255
 10
391219.697
 20
585623.355
 10
391222.847
 20
585621.705
 10
391223.747
 20
585620.505
 10
391223.897
 20
585619.155
 10
391223.447
 20
585618.405
 10
391223.297
 20
585616.905
 10
391221.347
 20
585614.205
 10
391220.447
 20
585611.805
 10
391218.647
 20
585609.705
 10
391218.647
 20
585609.405
 10
391217.897
 20
585608.655
 10
391217.147
 20
585608.505
 10
391216.997
 20
585608.055
 10
391215.497
 20
585609.105
 10
391213.997
 20
585609.105
 10
391213.247
 20
585608.805
 10
391212.647
 20
585607.605
 10
391211.747
 20
585607.155
 10
391209.797
 20
585607.605
 10
391207.397
 20
585608.955
 10
391206.047
 20
585608.655
 10
391204.847
 20
585607.755
 10
391203.047
 20
585608.205
 10
391202.297
 20
585608.955
 10
391201.997
 20
585610.155
 10
391203.197
 20
585611.355
 10
391204.397
 20
585614.355
 10
391205.447
 20
585614.955
 10
391205.897
 20
585616.005
 10
391206.347
 20
585615.705
 10
391206.347
 20
585615.255
 10
391207.097
 20
585614.805
 10
391207.697
 20
585615.255
 10
391207.397
 20
585616.305
 10
391206.797
 20
585616.605
 10
391207.247
 20
585617.055
 10
391207.397
 20
585617.955
 10
391208.447
 20
585618.705
 10
391209.947
 20
585618.855
 10
391210.697
 20
585619.605
 10
391211.297
 20
585620.505
 10
391211.897
 20
585622.305
 10
391212.797
 20
585622.755
 10
391213.397
 20
585624.255
 10
391214.297
 20
585624.855
 10
391214.597
 20
585625.755
 10
391215.047
 20
585626.055
  0
TEXT
  5
FB
330
17
100
AcDbEntity
  8
TEXTE
 62
7
100
AcDbText
 10
391213.927
 20
585615.609
 30
0.0
 40
1.5
  1
C244: 234.5mp
 72
1
 11
391213.927
 21
585615.609
 31
0.0
100
AcDbText
 73
2
  0
LWPOLYLINE
  5
FC
330
17
100
AcDbEntity
  8
CONSTRUCTII
 62
1
100
AcDbPolyline
 90
33
 70
1
 10
390872.591
 20
585640.305
 10
390871.241
 20
585640.155
 10
390870.191
 20
585639.555
 10
390868.691
 20
585639.255
 10
390867.491
 20
585638.355
 10
390867.491
 20
585638.055
 10
390865.691
 20
585638.055
 10
390864.641
 20
585638.505
 10
390862.691
 20
585642.405
 10
390862.691
 20
585644.055
 10
390861.791
 20
585645.405
 10
390861.191
 20
585647.055
 10
390860.741
 20
585651.105
 10
390859.091
 20
585651.855
 10
390858.041
 20
585652.005
 10
390857.441
 20
585652.605
 10
390856.391
 20
585652.905
 10
390856.091
 20
585653.355
 10
390856.241
 20
585654.255
 10
390857.141
 20
585655.005
 10
390857.741
 20
585655.005
 10
390858.791
 20
585655.905
 10
390859.841
 20
585656.205
 10
390860.441
 20
585657.105
 10
390861.041
 20
585657.405
 10
390864.341
 20
585657.555
 10
390865.091
 20
585658.155
 10
390868.541
 20
585658.905
 10
390868.841
 20
585659.955
 10
390869.591
 20
585660.405
 10
390871.991
 20
585660.255
 10
390872.7
 20
585660.705
 10
390872.591
 20
585640.305
  0
TEXT
  5
FD
330
17
100
AcDbEntity
  8
TEXTE
 62
7
100
AcDbText
 10
390866.634
 20
585649.76
 30
0.0
 40
1.5
  1
C245: 234.1mp
 72
1
 11
390866.634
 21
585649.76
 31
0.0
100
AcDbText
 73
2
  0
LWPOLYLINE
  5
FE
330
17
100
AcDbEntity
  8
CONSTRUCTII
 62
1
100
AcDbPolyline
 90
61
 70
1
 10
391140.347
 20
585523.91
 10
391140.647
 20
585522.26
 10
391141.097
 20
585521.51
 10
391141.697
 20
585521.36
 10
391143.047
 20
585522.41
 10
391144.547
 20
585522.26
 10
391145.447
 20
585520.46
 10
391145.897
 20
585520.16
 10
391145.747
 20
585518.21
 10
391146.047
 20
585518.06
 10
391147.097
 20
585515.96
 10
391147.397
 20
585514.76
 10
391147.397
 20
585514.16
 10
391146.197
 20
585512.96
 10
391145.897
 20
585512.06
 10
391144.247
 20
585511.76
 10
391143.047
 20
585510.41
 10
391141.547
 20
585509.51
 10
391140.947
 20
585508.61
 10
391139.747
 20
585508.01
 10
391138.697
 20
585507.0
 10
391126.697
 20
585508.76
 10
391126.697
 20
585509.51
 10
391126.397
 20
585510.11
 10
391125.197
 20
585510.71
 10
391125.197
 20
585510.11
 10
391124.447
 20
585509.81
 10
391124.147
 20
585509.36
 10
391122.647
 20
585509.36
 10
391122.347
 20
585509.81
 10
391122.497
 20
585510.41
 10
391123.097
 20
585510.41
 10
391123.997
 20
585511.31
 10
391125.197
 20
585511.61
 10
391126.397
 20
585513.26
 10
391127.447
 20
585513.56
 10
391128.047
 20
585514.46
 10
391128.947
 20
585514.61
 10
391129.397
 20
585515.66
 10
391130.147
 20
585515.81
 10
391130.597
 20
585516.26
 10
391131.197
 20
585516.26
 10
391131.347
 20
585515.66
 10
391129.997
 20
585515.21
 10
391129.847
 20
585514.01
 10
391130.297
 20
585512.96
 10
391130.897
 20
585512.81
 10
391132.247
 20
585513.71
 10
391132.547
 20
585514.16
 10
391132.547
 20
585516.11
 10
391131.797
 20
585516.41
 10
391131.497
 20
585517.01
 10
391132.697
 20
585517.61
 10
391132.997
 20
585518.96
 10
391134.647
 20
585520.31
 10
391135.547
 20
585520.46
 10
391136.147
 20
585521.36
 10
391136.897
 20
585521.51
 10
391137.497
 20
585522.56
 10
391138.547
 20
585522.71
 10
391140.347
 20
585523.91
  0
TEXT
  5
FF
330
17
100
AcDbEntity
  8
TEXTE
 62
7
100
AcDbText
 10
391137.206
 20
585514.38
 30
0.0
 40
1.5
  1
C250: 217.6mp
 72
1
 11
391137.206
 21
585514.38
 31
0.0
100
AcDbText
 73
2
  0
LWPOLYLINE
  5
100
330
17
100
AcDbEntity
  8
CONSTRUCTII
 62
1
100
AcDbPolyline
 90
38
 70
1
 10
390815.441
 20
585746.205
 10
390815.891
 20
585745.005
 10
390816.791
 20
585744.255
 10
390817.691
 20
585742.155
 10
390819.341
 20
585740.955
 10
390820.991
 20
585740.955
 10
390821.141
 20
585739.305
 10
390822.041
 20
585738.405
 10
390823.391
 20
585737.655
 10
390825.041
 20
585737.805
 10
390826.241
 20
585739.605
 10
390827.291
 20
585739.905
 10
390827.591
 20
585740.505
 10
390828.041
 20
585740.505
 10
390828.641
 20
585739.155
 10
390829.691
 20
585738.555
 10
390829.541
 20
585736.755
 10
390830.141
 20
585736.005
 10
390830.141
 20
585734.055
 10
390831.341
 20
585733.005
 10
390831.491
 20
585732.35
 10
390804.641
 20
585732.35
 10
390805.691
 20
585734.055
 10
390805.841
 20
585735.255
 10
390805.841
 20
585735.555
 10
390805.091
 20
585736.755
 10
390805.091
 20
585737.805
 10
390805.691
 20
585740.055
 10
390806.141
 20
585740.205
 10
390806.891
 20
585741.255
 10
390807.791
 20
585741.555
 10
390808.541
 20
585742.455
 10
390811.841
 20
585744.105
 10
390812.591
 20
585745.155
 10
390813.341
 20
585745.155
 10
390814.091
 20
585745.755
 10
390814.691
 20
585745.755
 10
390815.441
 20
585746.205
  0
TEXT
  5
101
330
17
100
AcDbEntity
  8
TEXTE
 62
7
100
AcDbText
 10
390816.562
 20
585737.239
 30
0.0
 40
1.5
  1
C255: 226.1mp
 72
1
 11
390816.562
 21
585737.239
 31
0.0
100
AcDbText
 73
2
  0
LWPOLYLINE
  5
102
330
17
100
AcDbEntity
  8
CONSTRUCTII
 62
1
100
AcDbPolyline
 90
41
 70
1
 10
390653.441
 20
585248.7
 10
390652.991
 20
585249.26
 10
390652.541
 20
585251.51
 10
390651.491
 20
585251.96
 10
390651.491
 20
585252.41
 10
390652.391
 20
585253.16
 10
390652.391
 20
585253.76
 10
390651.341
 20
585254.51
 10
390651.641
 20
585256.46
 10
390651.191
 20
585257.36
 10
390651.491
 20
585258.86
 10
390652.991
 20
585259.31
 10
390653.441
 20
585260.06
 10
390653.291
 20
585260.81
 10
390652.391
 20
585261.41
 10
390652.391
 20
585261.86
 10
390653.291
 20
585262.31
 10
390654.041
 20
585263.21
 10
390653.441
 20
585264.11
 10
390652.841
 20
585264.26
 10
390652.841
 20
585264.56
 10
390653.741
 20
585264.71
 10
390654.191
 20
585265.16
 10
390655.691
 20
585264.86
 10
390656.441
 20
585265.16
 10
390656.891
 20
585265.76
 10
390658.691
 20
585265.61
 10
390658.841
 20
585265.91
 10
390658.541
 20
585266.21
 10
390660.791
 20
585266.21
 10
390660.941
 20
585265.31
 10
390661.391
 20
585265.31
 10
390662.141
 20
585266.06
 10
390662.591
 20
585266.06
 10
390663.041
 20
585264.41
 10
390663.041
 20
585263.21
 10
390663.941
 20
585262.76
 10
390665.741
 20
585258.41
 10
390667.091
 20
585256.61
 10
390667.091
 20
585248.7
 10
390653.441
 20
585248.7
  0
TEXT
  5
103
330
17
100
AcDbEntity
  8
TEXTE
 62
7
100
AcDbText
 10
390659.219
 20
585256.488
 30
0.0
 40
1.5
  1
C257: 224.4mp
 72
1
 11
390659.219
 21
585256.488
 31
0.0
100
AcDbText
 73
2
  0
LWPOLYLINE
  5
104
330
17
100
AcDbEntity
  8
CONSTRUCTII
 62
1
100
AcDbPolyline
 90
31
 70
1
 10
390951.047
 20
585683.355
 10
390949.997
 20
585685.155
 10
390948.497
 20
585689.955
 10
390947.297
 20
585691.755
 10
390946.847
 20
585693.705
 10
390946.397
 20
585694.305
 10
390946.397
 20
585695.205
 10
390945.947
 20
585696.255
 10
390945.947
 20
585698.055
 10
390944.297
 20
585698.055
 10
390944.147
 20
585698.655
 10
390943.547
 20
585699.105
 10
390943.097
 20
585700.005
 10
390942.947
 20
585701.355
 10
390941.897
 20
585703.155
 10
390941.747
 20
585704.205
 10
390940.697
 20
585705.255
 10
390940.397
 20
585706.455
 10
390940.547
 20
585708.255
 10
390940.847
 20
585708.555
 10
390942.347
 20
585708.705
 10
390943.397
 20
585709.305
 10
390945.347
 20
585709.755
 10
390946.547
 20
585710.505
 10
390947.897
 20
585710.805
 10
390948.197
 20
585711.255
 10
390949.697
 20
585711.255
 10
390950.297
 20
585712.305
 10
390952.247
 20
585712.755
 10
390952.997
 20
585713.505
 10
390951.047
 20
585683.355
  0
TEXT
  5
105
330
17
100
AcDbEntity
  8
TEXTE
 62
7
100
AcDbText
 10
390948.014
 20
585701.569
 30
0.0
 40
1.5
  1
C259: 184.4mp
 72
1
 11
390948.014
 21
585701.569
 31
0.0
100
AcDbText
 73
2
  0
LWPOLYLINE
  5
106
330
17
100
AcDbEntity
  8
CONSTRUCTII
 62
1
100
AcDbPolyline
 90
41
 70
1
 10
390760.691
 20
585673.005
 10
390762.191
 20
585672.405
 10
390762.941
 20
585671.355
 10
390762.941
 20
585670.905
 10
390764.891
 20
585669.255
 10
390766.541
 20
585669.255
 10
390767.141
 20
585669.555
 10
390768.041
 20
585669.405
 10
390770.141
 20
585664.455
 10
390770.141
 20
585662.655
 10
390769.841
 20
585662.355
 10
390769.391
 20
585660.405
 10
390768.791
 20
585659.955
 10
390764.741
 20
585659.205
 10
390763.691
 20
585659.805
 10
390763.691
 20
585660.105
 10
390763.241
 20
585660.105
 10
390761.591
 20
585659.355
 10
390761.441
 20
585658.605
 10
390761.741
 20
585658.155
 10
390761.741
 20
585656.505
 10
390761.441
 20
585655.455
 10
390760.241
 20
585654.255
 10
390758.891
 20
585653.655
 10
390757.991
 20
585652.755
 10
390757.541
 20
585653.355
 10
390756.641
 20
585653.655
 10
390756.041
 20
585654.705
 10
390754.541
 20
585660.255
 10
390753.941
 20
585661.155
 10
390752.741
 20
585664.305
 10
390751.691
 20
585668.805
 10
390752.291
 20
585670.005
 10
390752.741
 20
585670.005
 10
390753.791
 20
585670.905
 10
390757.541
 20
585671.055
 10
390758.141
 20
585670.605
 10
390758.141
 20
585671.205
 10
390758.591
 20
585671.655
 10
390759.941
 20
585672.105
 10
390760.691
 20
585673.005
  0
TEXT
  5
107
330
17
100
AcDbEntity
  8
TEXTE
 62
7
100
AcDbText
 10
390760.47
 20
585663.989
 30
0.0
 40
1.5
  1
C263: 219.1mp
 72
1
 11
390760.47
 21
585663.989
 31
0.0
100
AcDbText
 73
2
  0
LWPOLYLINE
  5
108
330
17
100
AcDbEntity
  8
CONSTRUCTII
 62
1
100
AcDbPolyline
 90
48
 70
1
 10
390793.091
 20
585681.105
 10
390797.891
 20
585682.155
 10
390798.791
 20
585681.555
 10
390799.541
 20
585680.055
 10
390800.441
 20
585675.555
 10
390801.491
 20
585672.855
 10
390801.491
 20
585672.255
 10
390802.241
 20
585670.905
 10
390802.391
 20
585669.855
 10
390802.991
 20
585668.805
 10
390803.141
 20
585667.005
 10
390804.341
 20
585664.305
 10
390804.491
 20
585662.955
 10
390804.941
 20
585663.105
 10
390805.241
 20
585664.155
 10
390805.841
 20
585664.905
 10
390807.341
 20
585664.455
 10
390806.891
 20
585663.105
 10
390805.541
 20
585662.505
 10
390805.391
 20
585661.455
 10
390805.691
 20
585659.955
 10
390807.191
 20
585659.805
 10
390807.641
 20
585659.055
 10
390807.791
 20
585657.705
 10
390808.241
 20
585657.705
 10
390807.191
 20
585657.405
 10
390807.041
 20
585655.905
 10
390808.091
 20
585654.255
 10
390808.391
 20
585651.855
 10
390807.641
 20
585651.255
 10
390805.691
 20
585651.105
 10
390804.641
 20
585650.055
 10
390803.591
 20
585650.205
 10
390802.541
 20
585650.955
 10
390800.591
 20
585656.655
 10
390799.541
 20
585658.305
 10
390798.641
 20
585661.605
 10
390797.891
 20
585662.355
 10
390796.691
 20
585664.455
 10
390796.391
 20
585666.105
 10
390795.791
 20
585667.005
 10
390795.791
 20
585668.655
 10
390795.341
 20
585669.555
 10
390795.041
 20
585671.505
 10
390794.291
 20
585673.155
 10
390792.941
 20
585678.555
 10
390792.491
 20
585679.305
 10
390793.091
 20
585681.105
  0
TEXT
  5
109
330
17
100
AcDbEntity
  8
TEXTE
 62
7
100
AcDbText
 10
390800.453
 20
585666.219
 30
0.0
 40
1.5
  1
C265: 218.2mp
 72
1
 11
390800.453
 21
585666.219
 31
0.0
100
AcDbText
 73
2
  0
LWPOLYLINE
  5
10A
330
17
100
AcDbEntity
  8
CONSTRUCTII
 62
1
100
AcDbPolyline
 90
47
 70
1
 10
391173.047
 20
585652.905
 10
391173.647
 20
585652.755
 10
391174.247
 20
585652.155
 10
391174.697
 20
585650.655
 10
391175.897
 20
585650.055
 10
391176.347
 20
585649.305
 10
391177.397
 20
585648.705
 10
391177.997
 20
585647.955
 10
391179.347
 20
585647.505
 10
391179.797
 20
585646.755
 10
391180.847
 20
585646.005
 10
391181.147
 20
585645.255
 10
391180.247
 20
585643.155
 10
391179.797
 20
585642.855
 10
391179.047
 20
585641.355
 10
391179.047
 20
585639.705
 10
391177.697
 20
585638.205
 10
391175.447
 20
585637.155
 10
391174.547
 20
585635.955
 10
391172.897
 20
585635.955
 10
391171.847
 20
585635.055
 10
391170.347
 20
585634.755
 10
391168.847
 20
585635.205
 10
391168.097
 20
585635.805
 10
391167.647
 20
585636.705
 10
391166.597
 20
585637.005
 10
391164.797
 20
585636.855
 10
391164.047
 20
585637.755
 10
391162.247
 20
585638.355
 10
391161.497
 20
585639.855
 10
391161.797
 20
585641.355
 10
391161.347
 20
585642.705
 10
391161.947
 20
585643.155
 10
391162.697
 20
585643.155
 10
391162.697
 20
585644.055
 10
391163.147
 20
585644.505
 10
391163.297
 20
585645.405
 10
391164.047
 20
585646.755
 10
391164.797
 20
585647.205
 10
391166.597
 20
585647.055
 10
391167.647
 20
585647.355
 10
391168.097
 20
585648.705
 10
391169.447
 20
585649.605
 10
391170.197
 20
585651.105
 10
391171.247
 20
585652.005
 10
391172.297
 20
585652.305
 10
391173.047
 20
585652.905
  0
TEXT
  5
10B
330
17
100
AcDbEntity
  8
TEXTE
 62
7
100
AcDbText
 10
391171.314
 20
585643.078
 30
0.0
 40
1.5
  1
C266: 217.6mp
 72
1
 11
391171.314
 21
585643.078
 31
0.0
100
AcDbText
 73
2
  0
LWPOLYLINE
  5
10C
330
17
100
AcDbEntity
  8
CONSTRUCTII
 62
1
100
AcDbPolyline
 90
41
 70
1
 10
391323.492
 20
585574.8
 10
391324.092
 20
585573.405
 10
391324.692
 20
585572.955
 10
391325.292
 20
585571.755
 10
391324.992
 20
585570.255
 10
391324.392
 20
585569.805
 10
391322.742
 20
585569.355
 10
391320.792
 20
585568.155
 10
391319.742
 20
585566.655
 10
391319.142
 20
585566.505
 10
391318.992
 20
585566.055
 10
391317.492
 20
585564.855
 10
391316.892
 20
585563.805
 10
391315.242
 20
585563.055
 10
391313.742
 20
585561.405
 10
391313.142
 20
585561.255
 10
391311.642
 20
585561.255
 10
391311.042
 20
585561.705
 10
391311.042
 20
585562.005
 10
391310.142
 20
585562.005
 10
391309.992
 20
585563.505
 10
391308.942
 20
585564.855
 10
391308.942
 20
585566.205
 10
391309.842
 20
585566.955
 10
391310.142
 20
585568.155
 10
391311.192
 20
585568.755
 10
391311.042
 20
585569.205
 10
391309.542
 20
585569.355
 10
391308.342
 20
585568.905
 10
391307.742
 20
585567.855
 10
391306.542
 20
585567.705
 10
391305.492
 20
585568.155
 10
391304.142
 20
585567.405
 10
391303.542
 20
585568.005
 10
391302.492
 20
585568.305
 10
391298.892
 20
585572.205
 10
391298.592
 20
585572.205
 10
391296.192
 20
585574.455
 10
391296.192
 20
585574.755
 10
391295.892
 20
585574.755
 10
391323.492
 20
585574.8
  0
TEXT
  5
10D
330
17
100
AcDbEntity
  8
TEXTE
 62
7
100
AcDbText
 10
391312.201
 20
585570.138
 30
0.0
 40
1.5
  1
C271: 214.3mp
 72
1
 11
391312.201
 21
585570.138
 31
0.0
100
AcDbText
 73
2
  0
LWPOLYLINE
  5
10E
330
17
100
AcDbEntity
  8
CONSTRUCTII
 62
1
100
AcDbPolyline
 90
26
 70
1
 10
390872.7
 20
585660.705
 10
390873.191
 20
585660.555
 10
390873.041
 20
585663.255
 10
390872.7
 20
585664.305
 10
390872.741
 20
585679.005
 10
390873.191
 20
585679.605
 10
390874.691
 20
585680.055
 10
390876.041
 20
585681.105
 10
390877.991
 20
585681.705
 10
390878.891
 20
585681.705
 10
390878.891
 20
585656.055
 10
390876.941
 20
585656.055
 10
390877.091
 20
585656.355
 10
390876.491
 20
585656.355
 10
390876.641
 20
585656.055
 10
390875.141
 20
585656.055
 10
390875.591
 20
585653.655
 10
390876.491
 20
585652.005
 10
390876.491
 20
585650.355
 10
390876.941
 20
585648.405
 10
390877.691
 20
585647.055
 10
390877.841
 20
585643.155
 10
390876.941
 20
585641.955
 10
390873.641
 20
585641.055
 10
390872.7
 20
585640.305
 10
390872.7
 20
585660.705
  0
TEXT
  5
10F
330
17
100
AcDbEntity
  8
TEXTE
 62
7
100
AcDbText
 10
390875.575
 20
585662.585
 30
0.0
 40
1.5
  1
C275: 211.3mp
 72
1
 11
390875.575
 21
585662.585
 31
0.0
100
AcDbText
 73
2
  0
LWPOLYLINE
  5
110
330
17
100
AcDbEntity
  8
CONSTRUCTII
 62
1
100
AcDbPolyline
 90
34
 70
1
 10
391138.697
 20
585507.0
 10
391137.647
 20
585506.06
 10
391137.047
 20
585505.91
 10
391135.847
 20
585504.71
 10
391136.147
 20
585500.66
 10
391134.647
 20
585499.16
 10
391133.897
 20
585498.86
 10
391132.547
 20
585497.51
 10
391131.647
 20
585497.06
 10
391131.047
 20
585496.31
 10
391130.447
 20
585496.16
 10
391129.397
 20
585495.11
 10
391128.647
 20
585494.96
 10
391128.047
 20
585494.21
 10
391127.747
 20
585494.21
 10
391126.997
 20
585493.31
 10
391126.697
 20
585491.96
 10
391125.797
 20
585491.36
 10
391125.197
 20
585491.36
 10
391125.047
 20
585491.96
 10
391123.247
 20
585493.76
 10
391120.847
 20
585495.41
 10
391120.097
 20
585497.51
 10
391118.147
 20
585500.06
 10
391117.997
 20
585503.21
 10
391117.697
 20
585503.66
 10
391117.097
 20
585503.81
 10
391116.497
 20
585504.71
 10
391117.097
 20
585506.06
 10
391118.447
 20
585507.0
 10
391121.897
 20
585507.0
 10
391122.347
 20
585506.51
 10
391123.247
 20
585507.0
 10
391138.697
 20
585507.0
  0
TEXT
  5
111
330
17
100
AcDbEntity
  8
TEXTE
 62
7
100
AcDbText
 10
391126.664
 20
585501.23
 30
0.0
 40
1.5
  1
C280: 206.4mp
 72
1
 11
391126.664
 21
585501.23
 31
0.0
100
AcDbText
 73
2
  0
LWPOLYLINE
  5
112
330
17
100
AcDbEntity
  8
CONSTRUCTII
 62
1
100
AcDbPolyline
 90
27
 70
1
 10
390917.65
 20
585717.255
 10
390916.847
 20
585701.955
 10
390916.247
 20
585702.255
 10
390914.597
 20
585701.355
 10
390913.697
 20
585700.305
 10
390912.197
 20
585700.305
 10
390911.897
 20
585699.555
 10
390910.697
 20
585698.655
 10
390910.547
 20
585698.205
 10
390908.147
 20
585698.055
 10
390906.197
 20
585700.005
 10
390905.897
 20
585701.505
 10
390905.447
 20
585701.955
 10
390904.547
 20
585704.505
 10
390903.947
 20
585705.255
 10
390903.797
 20
585706.905
 10
390903.047
 20
585709.305
 10
390903.047
 20
585711.405
 10
390904.097
 20
585712.755
 10
390905.597
 20
585713.055
 10
390907.697
 20
585714.255
 10
390909.647
 20
585714.705
 10
390910.847
 20
585715.455
 10
390912.797
 20
585715.605
 10
390913.997
 20
585716.505
 10
390915.497
 20
585717.105
 10
390917.65
 20
585717.255
  0
TEXT
  5
113
330
17
100
AcDbEntity
  8
TEXTE
 62
7
100
AcDbText
 10
390910.82
 20
585707.828
 30
0.0
 40
1.5
  1
C281: 199.5mp
 72
1
 11
390910.82
 21
585707.828
 31
0.0
100
AcDbText
 73
2
  0
LWPOLYLINE
  5
114
330
17
100
AcDbEntity
  8
CONSTRUCTII
 62
1
100
AcDbPolyline
 90
35
 70
1
 10
391287.642
 20
585563.955
 10
391289.142
 20
585563.655
 10
391290.792
 20
585562.005
 10
391291.842
 20
585560.055
 10
391293.492
 20
585558.255
 10
391294.242
 20
585556.455
 10
391291.392
 20
585553.305
 10
391289.442
 20
585552.255
 10
391287.942
 20
585550.605
 10
391286.742
 20
585549.855
 10
391286.742
 20
585549.555
 10
391284.642
 20
585547.455
 10
391283.742
 20
585547.155
 10
391282.992
 20
585546.255
 10
391282.092
 20
585545.955
 10
391281.192
 20
585545.055
 10
391279.692
 20
585545.355
 10
391277.442
 20
585547.755
 10
391276.092
 20
585550.005
 10
391275.342
 20
585550.605
 10
391274.442
 20
585552.405
 10
391273.392
 20
585553.605
 10
391273.392
 20
585554.055
 10
391275.042
 20
585555.855
 10
391277.142
 20
585556.155
 10
391278.192
 20
585556.755
 10
391279.392
 20
585557.955
 10
391279.992
 20
585559.455
 10
391280.892
 20
585560.355
 10
391282.092
 20
585559.605
 10
391282.542
 20
585559.605
 10
391282.992
 20
585560.205
 10
391283.592
 20
585560.355
 10
391285.242
 20
585561.555
 10
391287.642
 20
585563.955
  0
TEXT
  5
115
330
17
100
AcDbEntity
  8
TEXTE
 62
7
100
AcDbText
 10
391283.938
 20
585554.534
 30
0.0
 40
1.5
  1
C283: 205.8mp
 72
1
 11
391283.938
 21
585554.534
 31
0.0
100
AcDbText
 73
2
  0
LWPOLYLINE
  5
116
330
17
100
AcDbEntity
  8
CONSTRUCTII
 62
1
100
AcDbPolyline
 90
30
 70
1
 10
390726.491
 20
585636.105
 10
390727.241
 20
585635.805
 10
390727.391
 20
585634.605
 10
390728.291
 20
585633.405
 10
390728.141
 20
585631.605
 10
390728.741
 20
585631.005
 10
390729.641
 20
585629.055
 10
390729.941
 20
585626.205
 10
390731.291
 20
585623.205
 10
390731.141
 20
585620.655
 10
390732.341
 20
585617.955
 10
390729.341
 20
585617.355
 10
390729.191
 20
585617.055
 10
390722.441
 20
585617.055
 10
390722.441
 20
585617.355
 10
390720.791
 20
585618.855
 10
390719.141
 20
585623.355
 10
390718.991
 20
585624.405
 10
390717.791
 20
585625.905
 10
390717.341
 20
585628.455
 10
390716.291
 20
585629.355
 10
390715.991
 20
585631.755
 10
390718.841
 20
585633.405
 10
390719.741
 20
585633.555
 10
390721.541
 20
585634.455
 10
390721.841
 20
585634.905
 10
390722.741
 20
585635.355
 10
390723.791
 20
585635.655
 10
390725.591
 20
585635.655
 10
390726.491
 20
585636.105
  0
TEXT
  5
117
330
17
100
AcDbEntity
  8
TEXTE
 62
7
100
AcDbText
 10
390724.341
 20
585626.099
 30
0.0
 40
1.5
  1
C285: 204.4mp
 72
1
 11
390724.341
 21
585626.099
 31
0.0
100
AcDbText
 73
2
  0
LWPOLYLINE
  5
118
330
17
100
AcDbEntity
  8
CONSTRUCTII
 62
1
100
AcDbPolyline
 90
37
 70
1
 10
391280.742
 20
585604.755
 10
391282.392
 20
585604.305
 10
391283.742
 20
585604.305
 10
391284.942
 20
585603.705
 10
391285.542
 20
585602.955
 10
391287.042
 20
585602.205
 10
391287.792
 20
585601.455
 10
391289.142
 20
585601.155
 10
391290.492
 20
585600.105
 10
391290.942
 20
585599.355
 10
391292.142
 20
585598.605
 10
391292.892
 20
585597.255
 10
391293.792
 20
585596.955
 10
391294.392
 20
585596.205
 10
391294.842
 20
585594.555
 10
391293.792
 20
585591.405
 10
391292.592
 20
585590.655
 10
391291.842
 20
585589.305
 10
391290.342
 20
585587.955
 10
391289.292
 20
585586.455
 10
391287.792
 20
585586.605
 10
391285.842
 20
585587.805
 10
391285.242
 20
585588.555
 10
391284.642
 20
585588.705
 10
391283.742
 20
585589.755
 10
391283.142
 20
585591.105
 10
391280.292
 20
585593.505
 10
391279.242
 20
585593.955
 10
391278.642
 20
585594.855
 10
391277.442
 20
585595.755
 10
391276.542
 20
585597.405
 10
391276.242
 20
585599.355
 10
391277.292
 20
585602.505
 10
391278.342
 20
585603.105
 10
391279.542
 20
585604.305
 10
391280.142
 20
585604.305
 10
391280.742
 20
585604.755
  0
TEXT
  5
119
330
17
100
AcDbEntity
  8
TEXTE
 62
7
100
AcDbText
 10
391285.521
 20
585596.092
 30
0.0
 40
1.5
  1
C286: 203.7mp
 72
1
 11
391285.521
 21
585596.092
 31
0.0
100
AcDbText
 73
2
  0
LWPOLYLINE
  5
11A
330
17
100
AcDbEntity
  8
CONSTRUCTII
 62
1
100
AcDbPolyline
 90
42
 70
1
 10
391049.4
 20
585839.355
 10
391049.897
 20
585839.355
 10
391050.197
 20
585838.905
 10
391051.547
 20
585838.755
 10
391053.047
 20
585839.055
 10
391053.797
 20
585834.855
 10
391054.247
 20
585833.805
 10
391054.547
 20
585833.805
 10
391053.947
 20
585832.305
 10
391054.547
 20
585831.105
 10
391054.997
 20
585826.905
 10
391055.447
 20
585826.455
 10
391055.747
 20
585825.405
 10
391055.897
 20
585822.555
 10
391056.197
 20
585821.805
 10
391055.897
 20
585819.555
 10
391056.347
 20
585818.355
 10
391057.097
 20
585817.905
 10
391057.997
 20
585816.105
 10
391057.997
 20
585815.205
 10
391058.447
 20
585814.755
 10
391058.597
 20
585814.005
 10
391058.597
 20
585812.955
 10
391058.147
 20
585812.205
 10
391058.597
 20
585810.405
 10
391056.197
 20
585808.305
 10
391055.747
 20
585807.405
 10
391053.947
 20
585807.105
 10
391053.047
 20
585806.055
 10
391050.197
 20
585805.905
 10
391049.447
 20
585805.455
 10
391049.4
 20
585824.205
 10
391053.047
 20
585825.105
 10
391053.347
 20
585825.405
 10
391053.347
 20
585826.005
 10
391053.047
 20
585826.455
 10
391051.547
 20
585826.305
 10
391049.897
 20
585826.905
 10
391049.4
 20
585829.605
 10
391049.597
 20
585830.955
 10
391049.4
 20
585831.105
 10
391049.4
 20
585839.355
  0
TEXT
  5
11B
330
17
100
AcDbEntity
  8
TEXTE
 62
7
100
AcDbText
 10
391052.893
 20
585820.397
 30
0.0
 40
1.5
  1
C288: 202.2mp
 72
1
 11
391052.893
 21
585820.397
 31
0.0
100
AcDbText
 73
2
  0
LWPOLYLINE
  5
11C
330
17
100
AcDbEntity
  8
CONSTRUCTII
 62
1
100
AcDbPolyline
 90
50
 70
1
 10
391092.497
 20
585852.555
 10
391093.997
 20
585851.805
 10
391093.997
 20
585851.505
 10
391094.597
 20
585851.055
 10
391094.747
 20
585849.705
 10
391094.447
 20
585849.105
 10
391093.847
 20
585848.805
 10
391093.847
 20
585848.505
 10
391095.197
 20
585848.055
 10
391095.797
 20
585847.305
 10
391096.697
 20
585847.005
 10
391097.747
 20
585845.655
 10
391098.047
 20
585845.655
 10
391098.797
 20
585843.405
 10
391100.447
 20
585840.855
 10
391100.747
 20
585839.205
 10
391101.347
 20
585838.755
 10
391102.097
 20
585837.255
 10
391102.697
 20
585836.955
 10
391103.447
 20
585835.305
 10
391103.897
 20
585835.005
 10
391104.797
 20
585832.755
 10
391105.247
 20
585832.305
 10
391105.397
 20
585830.955
 10
391105.697
 20
585830.805
 10
391106.447
 20
585829.155
 10
391106.597
 20
585828.105
 10
391104.947
 20
585826.155
 10
391103.297
 20
585825.555
 10
391102.997
 20
585825.105
 10
391101.197
 20
585824.355
 10
391101.047
 20
585824.055
 10
391099.997
 20
585824.205
 10
391099.247
 20
585824.655
 10
391098.347
 20
585826.005
 10
391096.847
 20
585830.505
 10
391095.497
 20
585832.605
 10
391095.347
 20
585833.655
 10
391094.747
 20
585834.555
 10
391094.297
 20
585836.055
 10
391091.747
 20
585840.855
 10
391091.597
 20
585843.555
 10
391090.847
 20
585844.455
 10
391090.847
 20
585845.655
 10
391089.947
 20
585845.805
 10
391089.947
 20
585847.455
 10
391090.697
 20
585848.055
 10
391090.997
 20
585850.305
 10
391091.897
 20
585851.205
 10
391092.497
 20
585852.555
  0
TEXT
  5
11D
330
17
100
AcDbEntity
  8
TEXTE
 62
7
100
AcDbText
 10
391097.981
 20
585837.043
 30
0.0
 40
1.5
  1
C289: 201.8mp
 72
1
 11
391097.981
 21
585837.043
 31
0.0
100
AcDbText
 73
2
  0
LWPOLYLINE
  5
11E
330
17
100
AcDbEntity
  8
CONSTRUCTII
 62
1
100
AcDbPolyline
 90
31
 70
1
 10
390661.54
 20
585685.771
 10
390661.54
 20
585684.657
 10
390662.54
 20
585684.657
 10
390662.54
 20
585682.657
 10
390665.54
 20
585682.657
 10
390665.54
 20
585678.657
 10
390666.54
 20
585678.657
 10
390666.54
 20
585679.657
 10
390667.54
 20
585679.657
 10
390667.54
 20
585676.657
 10
390668.54
 20
585676.657
 10
390668.54
 20
585671.657
 10
390670.54
 20
585671.657
 10
390670.54
 20
585670.657
 10
390669.54
 20
585670.657
 10
390669.54
 20
585669.657
 10
390668.54
 20
585669.657
 10
390668.54
 20
585668.657
 10
390664.54
 20
585668.657
 10
390664.54
 20
585667.657
 10
390662.54
 20
585667.657
 10
390662.54
 20
585666.657
 10
390657.54
 20
585666.657
 10
390657.54
 20
585670.657
 10
390656.54
 20
585670.657
 10
390656.54
 20
585675.657
 10
390655.54
 20
585675.657
 10
390655.54
 20
585680.657
 10
390654.54
 20
585680.657
 10
390654.54
 20
585685.657
 10
390661.54
 20
585685.771
  0
TEXT
  5
11F
330
17
100
AcDbEntity
  8
TEXTE
 62
7
100
AcDbText
 10
390661.495
 20
585676.041
 30
0.0
 40
1.5
  1
C291: 200.4mp
 72
1
 11
390661.495
 21
585676.041
 31
0.0
100
AcDbText
 73
2
  0
LWPOLYLINE
  5
120
330
17
100
AcDbEntity
  8
CONSTRUCTII
 62
1
100
AcDbPolyline
 90
25
 70
1
 10
390709.991
 20
585495.26
 10
390713.141
 20
585495.11
 10
390713.441
 20
585493.91
 10
390715.391
 20
585490.16
 10
390715.841
 20
585489.86
 10
390717.041
 20
585487.01
 10
390716.141
 20
585485.96
 10
390713.441
 20
585484.91
 10
390712.541
 20
585484.16
 10
390710.591
 20
585483.26
 10
390710.291
 20
585482.81
 10
390708.641
 20
585482.06
 10
390696.791
 20
585482.06
 10
390696.041
 20
585482.81
 10
390695.891
 20
585487.91
 10
390697.391
 20
585488.36
 10
390697.841
 20
585488.96
 10
390698.741
 20
585489.41
 10
390699.341
 20
585489.41
 10
390700.241
 20
585490.31
 10
390703.541
 20
585491.81
 10
390705.041
 20
585493.01
 10
390707.141
 20
585493.91
 10
390707.291
 20
585494.21
 10
390709.991
 20
585495.26
  0
TEXT
  5
121
330
17
100
AcDbEntity
  8
TEXTE
 62
7
100
AcDbText
 10
390706.503
 20
585487.742
 30
0.0
 40
1.5
  1
C301: 190.6mp
 72
1
 11
390706.503
 21
585487.742
 31
0.0
100
AcDbText
 73
2
  0
LWPOLYLINE
  5
122
330
17
100
AcDbEntity
  8
CONSTRUCTII
 62
1
100
AcDbPolyline
 90
36
 70
1
 10
390610.541
 20
585570.855
 10
390611.741
 20
585570.255
 10
390611.741
 20
585568.005
 10
390613.241
 20
585566.655
 10
390614.591
 20
585568.005
 10
390616.241
 20
585568.005
 10
390616.841
 20
585568.455
 10
390618.641
 20
585568.905
 10
390619.991
 20
585568.755
 10
390620.441
 20
585568.005
 10
390621.191
 20
585564.705
 10
390622.391
 20
585562.155
 10
390623.291
 20
585558.255
 10
390622.991
 20
585557.355
 10
390622.241
 20
585557.055
 10
390616.991
 20
585556.755
 10
390616.391
 20
585554.655
 10
390615.791
 20
585553.755
 10
390612.491
 20
585552.255
 10
390610.541
 20
585552.255
 10
390609.791
 20
585553.905
 10
390609.791
 20
585555.255
 10
390608.741
 20
585556.455
 10
390608.741
 20
585556.905
 10
390607.691
 20
585558.855
 10
390607.091
 20
585559.305
 10
390606.791
 20
585560.505
 10
390606.791
 20
585564.255
 10
390607.241
 20
585564.705
 10
390607.841
 20
585564.705
 10
390608.291
 20
585565.455
 10
390610.691
 20
585566.055
 10
390610.541
 20
585567.105
 10
390609.491
 20
585568.605
 10
390609.491
 20
585570.255
 10
390610.541
 20
585570.855
  0
TEXT
  5
123
330
17
100
AcDbEntity
  8
TEXTE
 62
7
100
AcDbText
 10
390614.572
 20
585561.271
 30
0.0
 40
1.5
  1
C302: 190.5mp
 72
1
 11
390614.572
 21
585561.271
 31
0.0
100
AcDbText
 73
2
  0
LWPOLYLINE
  5
124
330
17
100
AcDbEntity
  8
CONSTRUCTII
 62
1
100
AcDbPolyline
 90
34
 70
1
 10
391294.392
 20
585712.305
 10
391296.042
 20
585711.105
 10
391296.192
 20
585710.655
 10
391297.242
 20
585710.205
 10
391298.0
 20
585701.805
 10
391297.842
 20
585701.955
 10
391297.842
 20
585699.255
 10
391297.392
 20
585697.905
 10
391294.692
 20
585696.405
 10
391292.742
 20
585696.705
 10
391292.142
 20
585696.555
 10
391291.992
 20
585696.255
 10
391290.342
 20
585696.255
 10
391289.592
 20
585695.805
 10
391288.542
 20
585695.805
 10
391288.092
 20
585696.105
 10
391286.292
 20
585695.955
 10
391285.992
 20
585696.255
 10
391284.492
 20
585696.555
 10
391283.592
 20
585698.055
 10
391283.592
 20
585700.005
 10
391285.692
 20
585701.205
 10
391285.242
 20
585703.755
 10
391284.642
 20
585704.955
 10
391284.942
 20
585707.805
 10
391285.692
 20
585709.305
 10
391286.142
 20
585709.755
 10
391286.892
 20
585709.755
 10
391287.942
 20
585709.155
 10
391287.942
 20
585709.605
 10
391289.142
 20
585710.955
 10
391290.342
 20
585711.255
 10
391293.342
 20
585710.955
 10
391294.392
 20
585712.305
  0
TEXT
  5
125
330
17
100
AcDbEntity
  8
TEXTE
 62
7
100
AcDbText
 10
391291.215
 20
585703.431
 30
0.0
 40
1.5
  1
C304: 183.9mp
 72
1
 11
391291.215
 21
585703.431
 31
0.0
100
AcDbText
 73
2
  0
LWPOLYLINE
  5
126
330
17
100
AcDbEntity
  8
CONSTRUCTII
 62
1
100
AcDbPolyline
 90
51
 70
1
 10
391295.742
 20
585553.155
 10
391296.642
 20
585553.005
 10
391297.392
 20
585551.955
 10
391298.742
 20
585551.205
 10
391299.492
 20
585549.405
 10
391300.392
 20
585548.655
 10
391300.842
 20
585547.605
 10
391301.892
 20
585546.855
 10
391302.342
 20
585546.105
 10
391302.192
 20
585544.755
 10
391301.592
 20
585543.855
 10
391300.692
 20
585543.255
 10
391300.692
 20
585542.805
 10
391301.442
 20
585542.355
 10
391303.842
 20
585541.905
 10
391303.992
 20
585541.455
 10
391300.692
 20
585540.705
 10
391300.392
 20
585540.105
 10
391299.942
 20
585539.955
 10
391298.892
 20
585538.755
 10
391297.392
 20
585538.005
 10
391294.692
 20
585538.005
 10
391293.342
 20
585537.555
 10
391293.342
 20
585536.805
 10
391288.392
 20
585536.805
 10
391288.392
 20
585537.555
 10
391287.942
 20
585538.305
 10
391287.642
 20
585538.305
 10
391284.942
 20
585540.855
 10
391283.442
 20
585541.455
 10
391283.892
 20
585541.905
 10
391284.042
 20
585542.955
 10
391284.942
 20
585543.705
 10
391284.942
 20
585544.005
 10
391285.842
 20
585544.305
 10
391286.442
 20
585545.055
 10
391286.742
 20
585545.055
 10
391287.642
 20
585546.255
 10
391288.242
 20
585546.405
 10
391288.842
 20
585547.305
 10
391289.592
 20
585547.605
 10
391289.892
 20
585548.505
 10
391291.092
 20
585548.955
 10
391291.842
 20
585550.005
 10
391292.892
 20
585550.305
 10
391293.342
 20
585551.205
 10
391294.242
 20
585551.655
 10
391294.542
 20
585552.255
 10
391294.842
 20
585552.255
 10
391294.842
 20
585552.555
 10
391295.742
 20
585553.155
  0
TEXT
  5
127
330
17
100
AcDbEntity
  8
TEXTE
 62
7
100
AcDbText
 10
391293.905
 20
585543.948
 30
0.0
 40
1.5
  1
C306: 187.3mp
 72
1
 11
391293.905
 21
585543.948
 31
0.0
100
AcDbText
 73
2
  0
LWPOLYLINE
  5
128
330
17
100
AcDbEntity
  8
CONSTRUCTII
 62
1
100
AcDbPolyline
 90
34
 70
1
 10
391337.292
 20
585537.1
 10
391337.292
 20
585537.705
 10
391332.942
 20
585542.205
 10
391332.342
 20
585542.355
 10
391331.592
 20
585543.105
 10
391329.942
 20
585543.105
 10
391329.192
 20
585543.705
 10
391328.892
 20
585544.455
 10
391327.992
 20
585544.755
 10
391327.392
 20
585545.505
 10
391326.342
 20
585545.805
 10
391326.042
 20
585546.255
 10
391325.442
 20
585546.255
 10
391325.142
 20
585545.655
 10
391324.542
 20
585545.655
 10
391324.692
 20
585547.005
 10
391325.592
 20
585547.305
 10
391325.892
 20
585547.755
 10
391326.492
 20
585550.005
 10
391327.842
 20
585550.755
 10
391328.892
 20
585551.955
 10
391329.342
 20
585552.105
 10
391329.642
 20
585552.855
 10
391330.542
 20
585553.755
 10
391330.692
 20
585554.355
 10
391332.042
 20
585555.855
 10
391333.092
 20
585556.155
 10
391335.342
 20
585558.405
 10
391336.842
 20
585559.005
 10
391338.042
 20
585558.705
 10
391339.467
 20
585557.055
 10
391339.467
 20
585537.705
 10
391339.242
 20
585537.1
 10
391337.292
 20
585537.1
  0
TEXT
  5
129
330
17
100
AcDbEntity
  8
TEXTE
 62
7
100
AcDbText
 10
391334.293
 20
585548.466
 30
0.0
 40
1.5
  1
C307: 186.6mp
 72
1
 11
391334.293
 21
585548.466
 31
0.0
100
AcDbText
 73
2
  0
LWPOLYLINE
  5
12A
330
17
100
AcDbEntity
  8
CONSTRUCTII
 62
1
100
AcDbPolyline
 90
69
 70
1
 10
391073.54
 20
585832.657
 10
391075.54
 20
585832.657
 10
391075.54
 20
585827.657
 10
391079.54
 20
585827.657
 10
391079.54
 20
585828.657
 10
391081.54
 20
585828.657
 10
391081.54
 20
585829.657
 10
391083.54
 20
585829.657
 10
391083.54
 20
585832.657
 10
391086.54
 20
585832.657
 10
391086.54
 20
585833.657
 10
391087.54
 20
585833.657
 10
391087.54
 20
585832.657
 10
391088.54
 20
585832.657
 10
391088.54
 20
585830.657
 10
391089.54
 20
585830.657
 10
391089.54
 20
585829.657
 10
391090.54
 20
585829.657
 10
391090.54
 20
585828.657
 10
391091.54
 20
585828.657
 10
391091.54
 20
585826.657
 10
391089.54
 20
585826.657
 10
391089.54
 20
585825.657
 10
391088.54
 20
585825.657
 10
391088.54
 20
585824.657
 10
391085.54
 20
585824.657
 10
391085.54
 20
585823.657
 10
391084.54
 20
585823.657
 10
391084.54
 20
585822.657
 10
391082.54
 20
585822.657
 10
391082.54
 20
585821.657
 10
391081.54
 20
585821.657
 10
391081.54
 20
585820.657
 10
391079.54
 20
585820.657
 10
391079.54
 20
585819.657
 10
391076.54
 20
585819.657
 10
391076.54
 20
585818.657
 10
391075.54
 20
585818.657
 10
391075.54
 20
585817.657
 10
391074.54
 20
585817.657
 10
391074.54
 20
585816.657
 10
391072.54
 20
585816.657
 10
391072.54
 20
585815.657
 10
391070.54
 20
585815.657
 10
391070.54
 20
585817.657
 10
391069.54
 20
585817.657
 10
391069.54
 20
585819.657
 10
391071.54
 20
585819.657
 10
391071.54
 20
585821.657
 10
391068.54
 20
585821.657
 10
391068.54
 20
585824.657
 10
391070.54
 20
585824.657
 10
391070.54
 20
585822.657
 10
391071.54
 20
585822.657
 10
391071.54
 20
585824.657
 10
391074.54
 20
585824.657
 10
391074.54
 20
585825.657
 10
391073.54
 20
585825.657
 10
391073.54
 20
585826.657
 10
391074.54
 20
585826.657
 10
391074.54
 20
585828.657
 10
391071.54
 20
585828.657
 10
391071.54
 20
585831.657
 10
391070.54
 20
585831.657
 10
391070.54
 20
585832.657
 10
391072.54
 20
585832.657
 10
391072.54
 20
585831.657
 10
391073.54
 20
585831.657
 10
391073.54
 20
585832.657
  0
TEXT
  5
12B
330
17
100
AcDbEntity
  8
TEXTE
 62
7
100
AcDbText
 10
391079.208
 20
585825.233
 30
0.0
 40
1.5
  1
C310: 184.0mp
 72
1
 11
391079.208
 21
585825.233
 31
0.0
100
AcDbText
 73
2
  0
LWPOLYLINE
  5
12C
330
17
100
AcDbEntity
  8
CONSTRUCTII
 62
1
100
AcDbPolyline
 90
35
 70
1
 10
391271.442
 20
585578.955
 10
391273.092
 20
585579.405
 10
391274.442
 20
585578.355
 10
391275.792
 20
585577.905
 10
391276.692
 20
585577.005
 10
391277.442
 20
585576.705
 10
391278.192
 20
585575.655
 10
391281.042
 20
585574.005
 10
391281.942
 20
585573.105
 10
391281.642
 20
585571.305
 10
391279.842
 20
585569.655
 10
391278.792
 20
585568.155
 10
391278.342
 20
585566.955
 10
391277.742
 20
585566.355
 10
391276.692
 20
585566.055
 10
391274.292
 20
585563.505
 10
391272.642
 20
585563.355
 10
391270.392
 20
585564.405
 10
391267.992
 20
585564.855
 10
391267.242
 20
585565.305
 10
391265.742
 20
585565.305
 10
391264.242
 20
585566.055
 10
391263.192
 20
585566.055
 10
391263.042
 20
585567.705
 10
391263.792
 20
585569.205
 10
391264.392
 20
585569.805
 10
391265.142
 20
585571.755
 10
391265.592
 20
585572.055
 10
391265.892
 20
585572.805
 10
391268.292
 20
585574.905
 10
391268.592
 20
585575.805
 10
391269.492
 20
585576.555
 10
391269.642
 20
585577.155
 10
391270.692
 20
585577.755
 10
391271.442
 20
585578.955
  0
TEXT
  5
12D
330
17
100
AcDbEntity
  8
TEXTE
 62
7
100
AcDbText
 10
391272.521
 20
585570.861
 30
0.0
 40
1.5
  1
C313: 182.4mp
 72
1
 11
391272.521
 21
585570.861
 31
0.0
100
AcDbText
 73
2
  0
LWPOLYLINE
  5
12E
330
17
100
AcDbEntity
  8
CONSTRUCTII
 62
1
100
AcDbPolyline
 90
29
 70
1
 10
390768.941
 20
585653.205
 10
390770.441
 20
585653.055
 10
390771.041
 20
585652.005
 10
390772.391
 20
585648.405
 10
390772.991
 20
585645.855
 10
390773.891
 20
585644.205
 10
390774.491
 20
585641.205
 10
390775.091
 20
585639.855
 10
390774.491
 20
585638.355
 10
390772.091
 20
585637.605
 10
390771.941
 20
585637.305
 10
390770.291
 20
585637.005
 10
390768.941
 20
585637.905
 10
390768.641
 20
585637.605
 10
390765.941
 20
585636.855
 10
390764.741
 20
585636.105
 10
390763.391
 20
585636.705
 10
390762.491
 20
585638.055
 10
390760.991
 20
585643.605
 10
390759.191
 20
585647.805
 10
390759.191
 20
585648.555
 10
390759.791
 20
585649.455
 10
390760.691
 20
585649.605
 10
390762.041
 20
585650.505
 10
390763.241
 20
585650.805
 10
390763.391
 20
585651.105
 10
390764.891
 20
585651.105
 10
390766.091
 20
585651.555
 10
390768.941
 20
585653.205
  0
TEXT
  5
12F
330
17
100
AcDbEntity
  8
TEXTE
 62
7
100
AcDbText
 10
390767.242
 20
585644.389
 30
0.0
 40
1.5
  1
C319: 181.2mp
 72
1
 11
390767.242
 21
585644.389
 31
0.0
100
AcDbText
 73
2
  0
LWPOLYLINE
  5
130
330
17
100
AcDbEntity
  8
CONSTRUCTII
 62
1
100
AcDbPolyline
 90
54
 70
1
 10
390699.191
 20
585646.005
 10
390700.841
 20
585646.005
 10
390702.191
 20
585642.555
 10
390703.091
 20
585637.305
 10
390703.091
 20
585632.655
 10
390703.691
 20
585631.455
 10
390703.841
 20
585629.5
 10
390679.691
 20
585629.505
 10
390679.241
 20
585630.855
 10
390678.491
 20
585631.455
 10
390678.491
 20
585631.905
 10
390679.391
 20
585632.955
 10
390678.641
 20
585634.455
 10
390678.791
 20
585634.755
 10
390679.841
 20
585634.905
 10
390680.141
 20
585635.355
 10
390681.041
 20
585634.905
 10
390682.541
 20
585634.905
 10
390682.841
 20
585634.155
 10
390683.891
 20
585634.155
 10
390684.491
 20
585634.455
 10
390684.791
 20
585633.855
 10
390684.491
 20
585631.605
 10
390684.791
 20
585631.155
 10
390685.841
 20
585631.155
 10
390686.741
 20
585632.205
 10
390687.641
 20
585632.355
 10
390688.391
 20
585632.955
 10
390689.891
 20
585632.655
 10
390690.641
 20
585632.805
 10
390691.091
 20
585633.255
 10
390692.441
 20
585633.255
 10
390692.591
 20
585633.855
 10
390692.891
 20
585634.005
 10
390695.741
 20
585634.155
 10
390696.641
 20
585633.855
 10
390696.791
 20
585634.605
 10
390696.191
 20
585634.905
 10
390695.741
 20
585636.555
 10
390694.691
 20
585637.005
 10
390695.891
 20
585637.755
 10
390696.041
 20
585638.805
 10
390694.691
 20
585640.005
 10
390695.291
 20
585640.155
 10
390696.041
 20
585640.905
 10
390696.191
 20
585642.255
 10
390696.791
 20
585642.705
 10
390695.891
 20
585642.555
 10
390695.141
 20
585642.705
 10
390695.591
 20
585642.855
 10
390695.741
 20
585645.105
 10
390696.191
 20
585645.705
 10
390698.591
 20
585645.705
 10
390699.191
 20
585646.005
  0
TEXT
  5
131
330
17
100
AcDbEntity
  8
TEXTE
 62
7
100
AcDbText
 10
390694.734
 20
585635.163
 30
0.0
 40
1.5
  1
C322: 180.3mp
 72
1
 11
390694.734
 21
585635.163
 31
0.0
100
AcDbText
 73
2
  0
LWPOLYLINE
  5
132
330
17
100
AcDbEntity
  8
CONSTRUCTII
 62
1
100
AcDbPolyline
 90
31
 70
1
 10
391243.842
 20
585602.055
 10
391245.792
 20
585601.455
 10
391246.092
 20
585601.005
 10
391248.642
 20
585599.655
 10
391249.392
 20
585598.605
 10
391250.142
 20
585598.305
 10
391250.592
 20
585597.255
 10
391251.942
 20
585596.355
 10
391251.942
 20
585595.305
 10
391250.892
 20
585591.855
 10
391246.842
 20
585587.355
 10
391245.792
 20
585586.905
 10
391243.842
 20
585586.905
 10
391242.942
 20
585586.155
 10
391242.492
 20
585586.155
 10
391242.042
 20
585586.755
 10
391240.542
 20
585587.505
 10
391240.092
 20
585588.105
 10
391238.592
 20
585588.555
 10
391236.342
 20
585589.905
 10
391235.892
 20
585590.955
 10
391234.992
 20
585592.005
 10
391234.842
 20
585594.255
 10
391235.592
 20
585596.055
 10
391238.142
 20
585598.305
 10
391238.892
 20
585599.505
 10
391239.942
 20
585600.255
 10
391241.442
 20
585599.955
 10
391241.892
 20
585600.555
 10
391243.092
 20
585601.155
 10
391243.842
 20
585602.055
  0
TEXT
  5
133
330
17
100
AcDbEntity
  8
TEXTE
 62
7
100
AcDbText
 10
391243.437
 20
585594.017
 30
0.0
 40
1.5
  1
C323: 180.1mp
 72
1
 11
391243.437
 21
585594.017
 31
0.0
100
AcDbText
 73
2
  0
LWPOLYLINE
  5
134
330
17
100
AcDbEntity
  8
CONSTRUCTII
 62
1
100
AcDbPolyline
 90
25
 70
1
 10
390609.191
 20
585585.35
 10
390607.991
 20
585584.205
 10
390606.341
 20
585584.055
 10
390605.591
 20
585583.155
 10
390604.391
 20
585582.555
 10
390604.391
 20
585581.205
 10
390603.54
 20
585580.455
 10
390603.54
 20
585579.657
 10
390603.041
 20
585579.657
 10
390602.591
 20
585579.255
 10
390602.54
 20
585578.657
 10
390601.091
 20
585578.655
 10
390600.941
 20
585578.355
 10
390600.041
 20
585578.055
 10
390597.941
 20
585578.055
 10
390595.241
 20
585577.605
 10
390594.191
 20
585576.705
 10
390590.891
 20
585575.955
 10
390589.391
 20
585574.905
 10
390588.791
 20
585572.655
 10
390587.291
 20
585572.355
 10
390585.941
 20
585571.455
 10
390585.065
 20
585571.455
 10
390585.065
 20
585585.35
 10
390609.191
 20
585585.35
  0
TEXT
  5
135
330
17
100
AcDbEntity
  8
TEXTE
 62
7
100
AcDbText
 10
390593.704
 20
585580.678
 30
0.0
 40
1.5
  1
C324: 179.2mp
 72
1
 11
390593.704
 21
585580.678
 31
0.0
100
AcDbText
 73
2
  0
LWPOLYLINE
  5
136
330
17
100
AcDbEntity
  8
CONSTRUCTII
 62
1
100
AcDbPolyline
 90
40
 70
1
 10
391236.042
 20
585603.855
 10
391236.042
 20
585602.955
 10
391235.142
 20
585602.655
 10
391234.692
 20
585601.155
 10
391232.142
 20
585598.455
 10
391230.942
 20
585596.055
 10
391230.042
 20
585596.055
 10
391229.142
 20
585596.955
 10
391228.397
 20
585596.955
 10
391228.397
 20
585595.755
 10
391227.647
 20
585595.755
 10
391227.197
 20
585596.055
 10
391227.347
 20
585597.555
 10
391224.647
 20
585600.255
 10
391224.047
 20
585602.055
 10
391223.297
 20
585602.355
 10
391222.247
 20
585603.555
 10
391221.797
 20
585604.905
 10
391221.647
 20
585607.155
 10
391223.147
 20
585608.355
 10
391224.497
 20
585610.605
 10
391226.147
 20
585612.405
 10
391226.147
 20
585612.705
 10
391227.497
 20
585613.905
 10
391227.497
 20
585614.205
 10
391228.397
 20
585614.355
 10
391228.397
 20
585613.905
 10
391229.442
 20
585613.755
 10
391230.492
 20
585612.705
 10
391232.142
 20
585611.655
 10
391233.042
 20
585611.955
 10
391234.542
 20
585611.955
 10
391234.842
 20
585609.855
 10
391235.592
 20
585609.255
 10
391236.492
 20
585607.905
 10
391237.542
 20
585607.155
 10
391237.542
 20
585605.505
 10
391236.942
 20
585605.205
 10
391236.492
 20
585604.155
 10
391236.042
 20
585603.855
  0
TEXT
  5
137
330
17
100
AcDbEntity
  8
TEXTE
 62
7
100
AcDbText
 10
391229.425
 20
585605.353
 30
0.0
 40
1.5
  1
C326: 178.8mp
 72
1
 11
391229.425
 21
585605.353
 31
0.0
100
AcDbText
 73
2
  0
LWPOLYLINE
  5
138
330
17
100
AcDbEntity
  8
CONSTRUCTII
 62
1
100
AcDbPolyline
 90
42
 70
1
 10
391257.642
 20
585591.555
 10
391258.542
 20
585591.405
 10
391258.992
 20
585590.655
 10
391259.892
 20
585590.205
 10
391260.342
 20
585589.605
 10
391260.942
 20
585589.455
 10
391261.392
 20
585588.855
 10
391263.792
 20
585587.655
 10
391264.542
 20
585586.605
 10
391265.742
 20
585585.855
 10
391265.892
 20
585585.405
 10
391266.942
 20
585585.405
 10
391267.392
 20
585584.805
 10
391267.392
 20
585583.755
 10
391266.792
 20
585582.705
 10
391265.892
 20
585582.105
 10
391265.142
 20
585580.605
 10
391264.092
 20
585579.705
 10
391263.792
 20
585578.955
 10
391263.192
 20
585578.655
 10
391263.042
 20
585577.905
 10
391262.142
 20
585576.405
 10
391261.992
 20
585574.605
 10
391261.392
 20
585574.905
 10
391257.942
 20
585574.905
 10
391256.442
 20
585576.255
 10
391254.942
 20
585576.405
 10
391253.442
 20
585577.905
 10
391252.242
 20
585578.355
 10
391252.092
 20
585578.805
 10
391250.892
 20
585579.855
 10
391250.592
 20
585581.205
 10
391249.992
 20
585582.255
 10
391249.842
 20
585583.905
 10
391250.592
 20
585585.105
 10
391251.042
 20
585585.555
 10
391252.392
 20
585585.855
 10
391253.592
 20
585587.205
 10
391253.892
 20
585587.205
 10
391255.242
 20
585588.555
 10
391255.992
 20
585590.205
 10
391257.642
 20
585591.555
  0
TEXT
  5
139
330
17
100
AcDbEntity
  8
TEXTE
 62
7
100
AcDbText
 10
391258.408
 20
585582.78
 30
0.0
 40
1.5
  1
C328: 177.4mp
 72
1
 11
391258.408
 21
585582.78
 31
0.0
100
AcDbText
 73
2
  0
LWPOLYLINE
  5
13A
330
17
100
AcDbEntity
  8
CONSTRUCTII
 62
1
100
AcDbPolyline
 90
24
 70
1
 10
390569.54
 20
585573.657
 10
390568.841
 20
585577.755
 10
390568.991
 20
585578.505
 10
390569.591
 20
585579.255
 10
390573.491
 20
585580.905
 10
390573.54
 20
585581.657
 10
390574.54
 20
585581.657
 10
390574.54
 20
585582.657
 10
390577.541
 20
585582.705
 10
390577.841
 20
585583.005
 10
390579.491
 20
585583.305
 10
390579.54
 20
585583.657
 10
390581.54
 20
585583.755
 10
390581.54
 20
585584.657
 10
390583.54
 20
585584.657
 10
390583.541
 20
585584.055
 10
390583.841
 20
585584.655
 10
390583.991
 20
585586.605
 10
390584.54
 20
585587.055
 10
390584.54
 20
585587.657
 10
390585.065
 20
585587.657
 10
390585.065
 20
585571.6
 10
390569.441
 20
585571.605
 10
390569.54
 20
585573.657
  0
TEXT
  5
13B
330
17
100
AcDbEntity
  8
TEXTE
 62
7
100
AcDbText
 10
390577.977
 20
585577.361
 30
0.0
 40
1.5
  1
C330: 175.5mp
 72
1
 11
390577.977
 21
585577.361
 31
0.0
100
AcDbText
 73
2
  0
LWPOLYLINE
  5
13C
330
17
100
AcDbEntity
  8
CONSTRUCTII
 62
1
100
AcDbPolyline
 90
36
 70
1
 10
391309.542
 20
585533.96
 10
391311.042
 20
585533.51
 10
391311.942
 20
585532.16
 10
391312.842
 20
585531.41
 10
391313.892
 20
585529.46
 10
391315.392
 20
585527.96
 10
391315.542
 20
585526.46
 10
391314.792
 20
585526.16
 10
391313.592
 20
585524.96
 10
391312.092
 20
585524.06
 10
391311.342
 20
585523.16
 10
391309.692
 20
585522.26
 10
391308.792
 20
585520.76
 10
391306.692
 20
585519.86
 10
391303.692
 20
585517.31
 10
391302.942
 20
585517.01
 10
391301.442
 20
585517.16
 10
391299.792
 20
585518.36
 10
391298.742
 20
585518.66
 10
391297.992
 20
585519.71
 10
391297.842
 20
585520.61
 10
391297.242
 20
585521.06
 10
391296.642
 20
585522.26
 10
391296.792
 20
585523.01
 10
391297.542
 20
585523.61
 10
391297.692
 20
585524.36
 10
391298.742
 20
585525.11
 10
391299.192
 20
585526.16
 10
391300.692
 20
585526.76
 10
391302.492
 20
585528.71
 10
391304.142
 20
585529.46
 10
391304.742
 20
585530.36
 10
391305.642
 20
585530.66
 10
391307.442
 20
585532.31
 10
391308.792
 20
585533.06
 10
391309.542
 20
585533.96
  0
TEXT
  5
13D
330
17
100
AcDbEntity
  8
TEXTE
 62
7
100
AcDbText
 10
391306.025
 20
585525.156
 30
0.0
 40
1.5
  1
C335: 168.5mp
 72
1
 11
391306.025
 21
585525.156
 31
0.0
100
AcDbText
 73
2
  0
LWPOLYLINE
  5
13E
330
17
100
AcDbEntity
  8
CONSTRUCTII
 62
1
100
AcDbPolyline
 90
56
 70
1
 10
391293.642
 20
585536.81
 10
391293.642
 20
585536.06
 10
391294.542
 20
585535.31
 10
391295.142
 20
585536.06
 10
391295.442
 20
585536.06
 10
391295.442
 20
585536.81
 10
391308.192
 20
585536.81
 10
391308.192
 20
585535.91
 10
391306.842
 20
585535.61
 10
391306.392
 20
585534.71
 10
391306.692
 20
585534.26
 10
391308.342
 20
585534.11
 10
391308.492
 20
585533.36
 10
391306.392
 20
585532.61
 10
391305.492
 20
585531.71
 10
391304.742
 20
585531.56
 10
391304.592
 20
585530.66
 10
391303.992
 20
585530.36
 10
391302.942
 20
585529.16
 10
391301.292
 20
585529.46
 10
391301.292
 20
585529.01
 10
391301.892
 20
585528.71
 10
391301.892
 20
585528.06
 10
391301.609
 20
585527.753
 10
391301.142
 20
585527.66
 10
391300.692
 20
585528.41
 10
391300.092
 20
585528.56
 10
391298.292
 20
585527.66
 10
391297.692
 20
585527.06
 10
391288.392
 20
585527.06
 10
391287.792
 20
585527.81
 10
391287.192
 20
585527.81
 10
391287.642
 20
585529.31
 10
391287.642
 20
585531.56
 10
391290.642
 20
585532.01
 10
391290.492
 20
585533.51
 10
391290.042
 20
585533.96
 10
391288.992
 20
585534.11
 10
391288.242
 20
585533.81
 10
391287.942
 20
585533.51
 10
391287.942
 20
585532.31
 10
391287.492
 20
585531.86
 10
391284.792
 20
585531.86
 10
391283.592
 20
585531.56
 10
391282.992
 20
585532.01
 10
391282.992
 20
585533.06
 10
391283.742
 20
585534.26
 10
391285.242
 20
585534.26
 10
391285.992
 20
585535.31
 10
391287.642
 20
585535.91
 10
391289.292
 20
585535.91
 10
391290.642
 20
585535.16
 10
391291.242
 20
585535.61
 10
391292.892
 20
585536.06
 10
391292.892
 20
585536.81
 10
391293.642
 20
585536.81
  0
TEXT
  5
13F
330
17
100
AcDbEntity
  8
TEXTE
 62
7
100
AcDbText
 10
391296.115
 20
585532.29
 30
0.0
 40
1.5
  1
C336: 167.7mp
 72
1
 11
391296.115
 21
585532.29
 31
0.0
100
AcDbText
 73
2
  0
LWPOLYLINE
  5
140
330
17
100
AcDbEntity
  8
CONSTRUCTII
 62
1
100
AcDbPolyline
 90
35
 70
1
 10
391324.392
 20
585566.805
 10
391326.042
 20
585566.955
 10
391328.292
 20
585564.255
 10
391329.042
 20
585563.955
 10
391331.442
 20
585561.555
 10
391331.742
 20
585561.555
 10
391332.192
 20
585561.105
 10
391332.342
 20
585560.355
 10
391332.042
 20
585559.305
 10
391331.142
 20
585558.255
 10
391330.692
 20
585557.055
 10
391327.392
 20
585553.605
 10
391325.592
 20
585552.555
 10
391325.592
 20
585552.255
 10
391324.242
 20
585551.205
 10
391323.492
 20
585550.005
 10
391321.392
 20
585549.855
 10
391320.792
 20
585550.155
 10
391320.642
 20
585551.055
 10
391319.442
 20
585552.105
 10
391319.292
 20
585552.555
 10
391318.092
 20
585551.955
 10
391317.192
 20
585552.555
 10
391316.892
 20
585553.905
 10
391316.442
 20
585554.055
 10
391316.292
 20
585554.655
 10
391315.692
 20
585555.255
 10
391315.542
 20
585557.205
 10
391315.992
 20
585558.105
 10
391317.042
 20
585558.555
 10
391318.242
 20
585560.655
 10
391321.092
 20
585562.905
 10
391321.542
 20
585563.955
 10
391323.192
 20
585565.155
 10
391324.392
 20
585566.805
  0
TEXT
  5
141
330
17
100
AcDbEntity
  8
TEXTE
 62
7
100
AcDbText
 10
391323.824
 20
585558.198
 30
0.0
 40
1.5
  1
C337: 166.4mp
 72
1
 11
391323.824
 21
585558.198
 31
0.0
100
AcDbText
 73
2
  0
LWPOLYLINE
  5
142
330
17
100
AcDbEntity
  8
CONSTRUCTII
 62
1
100
AcDbPolyline
 90
46
 70
1
 10
390755.141
 20
585634.605
 10
390758.141
 20
585634.455
 10
390757.541
 20
585633.855
 10
390756.791
 20
585632.205
 10
390756.791
 20
585631.305
 10
390757.541
 20
585630.255
 10
390760.541
 20
585629.955
 10
390761.441
 20
585630.855
 10
390762.341
 20
585631.155
 10
390763.241
 20
585632.205
 10
390765.341
 20
585632.505
 10
390766.091
 20
585632.055
 10
390766.241
 20
585631.605
 10
390766.541
 20
585631.605
 10
390767.891
 20
585629.505
 10
390768.941
 20
585629.205
 10
390769.391
 20
585628.755
 10
390770.291
 20
585626.955
 10
390771.041
 20
585626.505
 10
390771.941
 20
585625.155
 10
390771.791
 20
585621.855
 10
390772.091
 20
585621.555
 10
390772.541
 20
585619.455
 10
390773.141
 20
585618.105
 10
390772.391
 20
585616.605
 10
390768.941
 20
585615.555
 10
390767.741
 20
585614.805
 10
390766.091
 20
585615.255
 10
390764.741
 20
585618.405
 10
390764.441
 20
585619.905
 10
390762.641
 20
585623.505
 10
390762.341
 20
585624.705
 10
390761.141
 20
585625.455
 10
390760.241
 20
585625.455
 10
390759.641
 20
585624.855
 10
390758.141
 20
585624.405
 10
390757.541
 20
585624.855
 10
390757.091
 20
585626.355
 10
390756.791
 20
585626.505
 10
390755.741
 20
585628.755
 10
390755.891
 20
585629.805
 10
390756.341
 20
585630.555
 10
390756.041
 20
585631.005
 10
390755.141
 20
585631.305
 10
390754.391
 20
585632.955
 10
390755.141
 20
585634.605
  0
TEXT
  5
143
330
17
100
AcDbEntity
  8
TEXTE
 62
7
100
AcDbText
 10
390765.145
 20
585624.771
 30
0.0
 40
1.5
  1
C338: 166.2mp
 72
1
 11
390765.145
 21
585624.771
 31
0.0
100
AcDbText
 73
2
  0
LWPOLYLINE
  5
144
330
17
100
AcDbEntity
  8
CONSTRUCTII
 62
1
100
AcDbPolyline
 90
20
 70
1
 10
390888.1
 20
585695.355
 10
390888.047
 20
585679.305
 10
390886.397
 20
585680.505
 10
390885.347
 20
585683.205
 10
390884.747
 20
585683.805
 10
390883.397
 20
585683.955
 10
390881.147
 20
585682.905
 10
390878.897
 20
585682.455
 10
390878.897
 20
585704.955
 10
390880.997
 20
585705.255
 10
390882.347
 20
585704.205
 10
390882.347
 20
585702.705
 10
390883.247
 20
585700.305
 10
390884.297
 20
585698.955
 10
390884.897
 20
585697.605
 10
390885.647
 20
585696.855
 10
390886.097
 20
585695.505
 10
390886.847
 20
585694.905
 10
390886.847
 20
585694.605
 10
390888.1
 20
585695.355
  0
TEXT
  5
145
330
17
100
AcDbEntity
  8
TEXTE
 62
7
100
AcDbText
 10
390883.027
 20
585691.841
 30
0.0
 40
1.5
  1
C341: 164.2mp
 72
1
 11
390883.027
 21
585691.841
 31
0.0
100
AcDbText
 73
2
  0
LWPOLYLINE
  5
146
330
17
100
AcDbEntity
  8
CONSTRUCTII
 62
1
100
AcDbPolyline
 90
41
 70
1
 10
390551.54
 20
585470.657
 10
390552.54
 20
585470.657
 10
390552.54
 20
585469.657
 10
390553.54
 20
585469.657
 10
390553.54
 20
585471.657
 10
390554.54
 20
585471.657
 10
390554.54
 20
585472.657
 10
390553.54
 20
585472.657
 10
390553.54
 20
585475.657
 10
390552.54
 20
585475.657
 10
390552.54
 20
585477.657
 10
390553.54
 20
585477.657
 10
390553.54
 20
585478.657
 10
390554.54
 20
585478.657
 10
390554.54
 20
585479.657
 10
390556.54
 20
585479.657
 10
390556.54
 20
585478.657
 10
390557.54
 20
585478.657
 10
390557.54
 20
585475.657
 10
390558.54
 20
585475.657
 10
390558.54
 20
585472.657
 10
390559.54
 20
585472.657
 10
390559.54
 20
585470.657
 10
390560.54
 20
585470.657
 10
390560.54
 20
585469.657
 10
390565.54
 20
585469.657
 10
390565.54
 20
585470.657
 10
390566.54
 20
585470.657
 10
390566.54
 20
585471.657
 10
390571.54
 20
585471.657
 10
390571.54
 20
585469.657
 10
390572.54
 20
585469.657
 10
390572.54
 20
585466.657
 10
390573.54
 20
585466.657
 10
390573.54
 20
585464.8
 10
390554.54
 20
585464.8
 10
390554.54
 20
585467.657
 10
390553.54
 20
585467.657
 10
390553.54
 20
585464.8
 10
390551.54
 20
585464.8
 10
390551.54
 20
585470.657
  0
TEXT
  5
147
330
17
100
AcDbEntity
  8
TEXTE
 62
7
100
AcDbText
 10
390560.9
 20
585469.542
 30
0.0
 40
1.5
  1
C345: 162.0mp
 72
1
 11
390560.9
 21
585469.542
 31
0.0
100
AcDbText
 73
2
  0
LWPOLYLINE
  5
148
330
17
100
AcDbEntity
  8
CONSTRUCTII
 62
1
100
AcDbPolyline
 90
32
 70
1
 10
390936.647
 20
585674.205
 10
390937.397
 20
585674.205
 10
390938.447
 20
585673.605
 10
390939.047
 20
585672.105
 10
390939.797
 20
585671.355
 10
390940.547
 20
585669.405
 10
390941.147
 20
585668.955
 10
390941.447
 20
585667.755
 10
390942.347
 20
585666.555
 10
390943.547
 20
585663.555
 10
390944.147
 20
585663.105
 10
390943.847
 20
585661.305
 10
390943.397
 20
585661.005
 10
390942.647
 20
585661.005
 10
390941.747
 20
585660.255
 10
390940.397
 20
585659.805
 10
390939.797
 20
585659.205
 10
390937.847
 20
585658.605
 10
390937.697
 20
585658.305
 10
390936.347
 20
585657.705
 10
390936.347
 20
585656.205
 10
390935.747
 20
585655.755
 10
390934.697
 20
585655.605
 10
390934.247
 20
585654.855
 10
390933.947
 20
585655.605
 10
390933.197
 20
585655.905
 10
390931.45
 20
585655.305
 10
390931.45
 20
585671.055
 10
390933.347
 20
585671.805
 10
390934.397
 20
585673.005
 10
390936.347
 20
585673.755
 10
390936.647
 20
585674.205
  0
TEXT
  5
149
330
17
100
AcDbEntity
  8
TEXTE
 62
7
100
AcDbText
 10
390936.524
 20
585664.669
 30
0.0
 40
1.5
  1
C347: 161.3mp
 72
1
 11
390936.524
 21
585664.669
 31
0.0
100
AcDbText
 73
2
  0
LWPOLYLINE
  5
14A
330
17
100
AcDbEntity
  8
CONSTRUCTII
 62
1
100
AcDbPolyline
 90
32
 70
1
 10
390585.065
 20
585564.657
 10
390585.54
 20
585564.657
 10
390585.54
 20
585563.657
 10
390585.341
 20
585563.655
 10
390586.091
 20
585563.355
 10
390586.391
 20
585562.155
 10
390586.091
 20
585560.805
 10
390585.54
 20
585560.657
 10
390587.54
 20
585560.657
 10
390587.54
 20
585561.657
 10
390588.54
 20
585561.657
 10
390588.54
 20
585560.657
 10
390589.54
 20
585560.657
 10
390589.54
 20
585557.657
 10
390590.54
 20
585557.657
 10
390590.54
 20
585555.657
 10
390591.54
 20
585555.657
 10
390591.54
 20
585551.657
 10
390592.5
 20
585551.657
 10
390592.5
 20
585537.657
 10
390591.54
 20
585537.657
 10
390591.54
 20
585538.657
 10
390590.54
 20
585538.657
 10
390590.54
 20
585537.657
 10
390587.54
 20
585537.657
 10
390587.54
 20
585536.657
 10
390585.065
 20
585536.657
 10
390585.065
 20
585550.657
 10
390585.54
 20
585550.657
 10
390585.54
 20
585551.657
 10
390585.065
 20
585551.657
 10
390585.065
 20
585564.657
  0
TEXT
  5
14B
330
17
100
AcDbEntity
  8
TEXTE
 62
7
100
AcDbText
 10
390588.392
 20
585548.575
 30
0.0
 40
1.5
  1
C348: 160.1mp
 72
1
 11
390588.392
 21
585548.575
 31
0.0
100
AcDbText
 73
2
  0
LWPOLYLINE
  5
14C
330
17
100
AcDbEntity
  8
CONSTRUCTII
 62
1
100
AcDbPolyline
 90
34
 70
1
 10
391196.297
 20
585636.405
 10
391197.797
 20
585635.955
 10
391200.197
 20
585633.405
 10
391201.997
 20
585632.805
 10
391202.597
 20
585632.055
 10
391202.597
 20
585631.605
 10
391203.797
 20
585630.405
 10
391205.747
 20
585629.355
 10
391207.097
 20
585629.205
 10
391206.797
 20
585627.555
 10
391205.897
 20
585627.105
 10
391205.747
 20
585626.655
 10
391202.447
 20
585623.355
 10
391201.247
 20
585622.755
 10
391200.647
 20
585622.155
 10
391199.897
 20
585620.355
 10
391199.147
 20
585619.755
 10
391199.147
 20
585619.455
 10
391198.847
 20
585619.455
 10
391198.697
 20
585619.005
 10
391197.947
 20
585618.705
 10
391196.747
 20
585619.005
 10
391195.397
 20
585620.505
 10
391194.797
 20
585620.655
 10
391194.347
 20
585622.155
 10
391193.747
 20
585623.055
 10
391189.997
 20
585626.205
 10
391189.697
 20
585627.255
 10
391190.147
 20
585628.305
 10
391192.397
 20
585630.405
 10
391192.847
 20
585631.755
 10
391194.197
 20
585632.805
 10
391196.147
 20
585635.655
 10
391196.297
 20
585636.405
  0
TEXT
  5
14D
330
17
100
AcDbEntity
  8
TEXTE
 62
7
100
AcDbText
 10
391197.957
 20
585627.503
 30
0.0
 40
1.5
  1
C350: 159.9mp
 72
1
 11
391197.957
 21
585627.503
 31
0.0
100
AcDbText
 73
2
  0
LWPOLYLINE
  5
14E
330
17
100
AcDbEntity
  8
CONSTRUCTII
 62
1
100
AcDbPolyline
 90
43
 70
1
 10
390824.45
 20
585682.455
 10
390825.941
 20
585683.055
 10
390826.541
 20
585683.805
 10
390827.591
 20
585684.405
 10
390829.241
 20
585684.705
 10
390829.841
 20
585685.605
 10
390830.591
 20
585686.055
 10
390830.891
 20
585685.305
 10
390831.341
 20
585685.005
 10
390831.491
 20
585683.505
 10
390833.291
 20
585683.055
 10
390833.891
 20
585682.455
 10
390834.341
 20
585681.105
 10
390834.041
 20
585680.055
 10
390833.141
 20
585679.305
 10
390832.991
 20
585678.705
 10
390833.141
 20
585676.905
 10
390833.741
 20
585676.005
 10
390833.741
 20
585674.205
 10
390833.441
 20
585673.605
 10
390832.091
 20
585673.155
 10
390830.141
 20
585673.005
 10
390828.191
 20
585671.955
 10
390827.741
 20
585671.355
 10
390826.841
 20
585671.655
 10
390825.941
 20
585671.655
 10
390825.641
 20
585671.355
 10
390826.541
 20
585670.455
 10
390827.141
 20
585668.355
 10
390827.891
 20
585667.155
 10
390827.891
 20
585665.805
 10
390829.391
 20
585664.305
 10
390829.841
 20
585662.805
 10
390829.541
 20
585662.355
 10
390829.691
 20
585660.255
 10
390829.241
 20
585658.905
 10
390827.891
 20
585658.755
 10
390827.141
 20
585658.155
 10
390825.791
 20
585657.705
 10
390825.791
 20
585657.405
 10
390825.341
 20
585657.105
 10
390824.45
 20
585657.255
 10
390824.45
 20
585682.455
  0
TEXT
  5
14F
330
17
100
AcDbEntity
  8
TEXTE
 62
7
100
AcDbText
 10
390828.136
 20
585673.408
 30
0.0
 40
1.5
  1
C351: 159.8mp
 72
1
 11
390828.136
 21
585673.408
 31
0.0
100
AcDbText
 73
2
  0
LWPOLYLINE
  5
150
330
17
100
AcDbEntity
  8
CONSTRUCTII
 62
1
100
AcDbPolyline
 90
48
 70
1
 10
391344.792
 20
585570.105
 10
391345.992
 20
585567.855
 10
391347.042
 20
585563.505
 10
391347.792
 20
585562.005
 10
391348.392
 20
585561.555
 10
391348.842
 20
585560.205
 10
391350.792
 20
585559.455
 10
391351.242
 20
585558.555
 10
391351.692
 20
585558.255
 10
391351.842
 20
585557.505
 10
391353.492
 20
585556.155
 10
391353.642
 20
585554.805
 10
391354.542
 20
585553.905
 10
391354.092
 20
585552.105
 10
391349.592
 20
585552.105
 10
391349.292
 20
585552.255
 10
391348.542
 20
585553.905
 10
391348.092
 20
585554.205
 10
391347.342
 20
585554.205
 10
391346.742
 20
585553.605
 10
391345.692
 20
585553.755
 10
391345.392
 20
585554.205
 10
391345.092
 20
585554.205
 10
391344.492
 20
585555.405
 10
391343.592
 20
585556.155
 10
391343.442
 20
585558.555
 10
391342.392
 20
585559.755
 10
391341.642
 20
585559.755
 10
391341.342
 20
585560.055
 10
391341.342
 20
585560.805
 10
391340.742
 20
585561.405
 10
391340.592
 20
585562.305
 10
391339.092
 20
585563.955
 10
391337.892
 20
585564.555
 10
391337.442
 20
585566.355
 10
391339.092
 20
585567.855
 10
391339.992
 20
585569.505
 10
391341.192
 20
585570.105
 10
391342.242
 20
585571.65
 10
391357.242
 20
585571.65
 10
391356.792
 20
585571.005
 10
391355.892
 20
585570.855
 10
391355.442
 20
585570.105
 10
391354.092
 20
585570.105
 10
391353.642
 20
585570.855
 10
391353.192
 20
585571.005
 10
391352.592
 20
585570.105
 10
391344.792
 20
585570.105
  0
TEXT
  5
151
330
17
100
AcDbEntity
  8
TEXTE
 62
7
100
AcDbText
 10
391346.066
 20
585562.296
 30
0.0
 40
1.5
  1
C353: 159.1mp
 72
1
 11
391346.066
 21
585562.296
 31
0.0
100
AcDbText
 73
2
  0
LWPOLYLINE
  5
152
330
17
100
AcDbEntity
  8
CONSTRUCTII
 62
1
100
AcDbPolyline
 90
35
 70
1
 10
390882.197
 20
585535.16
 10
390883.697
 20
585535.01
 10
390884.297
 20
585534.11
 10
390884.747
 20
585532.01
 10
390885.947
 20
585529.46
 10
390886.397
 20
585526.46
 10
390886.847
 20
585525.71
 10
390887.297
 20
585523.31
 10
390887.897
 20
585522.41
 10
390888.047
 20
585521.06
 10
390887.897
 20
585520.61
 10
390886.697
 20
585519.56
 10
390885.047
 20
585519.41
 10
390883.397
 20
585518.51
 10
390882.647
 20
585517.76
 10
390880.697
 20
585517.46
 10
390879.947
 20
585517.01
 10
390880.097
 20
585515.21
 10
390880.847
 20
585514.61
 10
390883.697
 20
585514.91
 10
390884.297
 20
585515.36
 10
390885.347
 20
585515.51
 10
390886.397
 20
585514.76
 10
390886.547
 20
585514.16
 10
390885.797
 20
585513.26
 10
390885.497
 20
585512.21
 10
390884.747
 20
585511.76
 10
390883.847
 20
585510.11
 10
390880.847
 20
585509.96
 10
390879.797
 20
585509.66
 10
390879.647
 20
585509.36
 10
390878.897
 20
585509.36
 10
390878.897
 20
585534.41
 10
390879.947
 20
585534.41
 10
390882.197
 20
585535.16
  0
TEXT
  5
153
330
17
100
AcDbEntity
  8
TEXTE
 62
7
100
AcDbText
 10
390882.442
 20
585522.926
 30
0.0
 40
1.5
  1
C357: 157.5mp
 72
1
 11
390882.442
 21
585522.926
 31
0.0
100
AcDbText
 73
2
  0
LWPOLYLINE
  5
154
330
17
100
AcDbEntity
  8
CONSTRUCTII
 62
1
100
AcDbPolyline
 90
47
 70
1
 10
390621.041
 20
585463.01
 10
390621.791
 20
585463.01
 10
390622.391
 20
585462.41
 10
390622.391
 20
585461.51
 10
390622.691
 20
585461.06
 10
390623.591
 20
585460.91
 10
390624.641
 20
585460.16
 10
390625.541
 20
585458.51
 10
390627.191
 20
585457.16
 10
390627.491
 20
585455.96
 10
390627.941
 20
585455.66
 10
390627.941
 20
585455.36
 10
390627.041
 20
585454.01
 10
390626.291
 20
585453.71
 10
390625.691
 20
585452.06
 10
390624.941
 20
585452.51
 10
390624.791
 20
585452.96
 10
390624.191
 20
585453.11
 10
390623.741
 20
585452.81
 10
390623.591
 20
585452.21
 10
390621.941
 20
585451.46
 10
390621.941
 20
585451.16
 10
390621.341
 20
585450.71
 10
390620.141
 20
585450.56
 10
390619.091
 20
585449.51
 10
390616.991
 20
585448.46
 10
390616.541
 20
585447.86
 10
390614.591
 20
585447.26
 10
390614.291
 20
585447.71
 10
390612.491
 20
585448.46
 10
390612.191
 20
585448.76
 10
390612.041
 20
585450.11
 10
390611.291
 20
585450.26
 10
390610.691
 20
585450.86
 10
390610.541
 20
585454.31
 10
390612.041
 20
585455.81
 10
390613.991
 20
585457.16
 10
390613.991
 20
585457.46
 10
390615.341
 20
585458.81
 10
390615.641
 20
585459.86
 10
390616.091
 20
585460.31
 10
390616.841
 20
585460.46
 10
390617.291
 20
585461.21
 10
390618.791
 20
585461.21
 10
390619.391
 20
585461.51
 10
390619.991
 20
585462.56
 10
390621.041
 20
585463.01
  0
TEXT
  5
155
330
17
100
AcDbEntity
  8
TEXTE
 62
7
100
AcDbText
 10
390618.752
 20
585454.98
 30
0.0
 40
1.5
  1
C363: 155.8mp
 72
1
 11
390618.752
 21
585454.98
 31
0.0
100
AcDbText
 73
2
  0
LWPOLYLINE
  5
156
330
17
100
AcDbEntity
  8
CONSTRUCTII
 62
1
100
AcDbPolyline
 90
7
 70
1
 10
390898.097
 20
585774.25
 10
390898.097
 20
585769.005
 10
390897.197
 20
585768.105
 10
390896.747
 20
585766.155
 10
390878.897
 20
585766.155
 10
390878.897
 20
585774.25
 10
390898.097
 20
585774.25
  0
TEXT
  5
157
330
17
100
AcDbEntity
  8
TEXTE
 62
7
100
AcDbText
 10
390888.343
 20
585770.252
 30
0.0
 40
1.5
  1
C366: 152.8mp
 72
1
 11
390888.343
 21
585770.252
 31
0.0
100
AcDbText
 73
2
  0
LWPOLYLINE
  5
158
330
17
100
AcDbEntity
  8
CONSTRUCTII
 62
1
100
AcDbPolyline
 90
33
 70
1
 10
391039.097
 20
585611.205
 10
391041.197
 20
585610.305
 10
391043.147
 20
585608.205
 10
391044.047
 20
585607.755
 10
391045.697
 20
585606.105
 10
391045.697
 20
585604.305
 10
391044.947
 20
585603.705
 10
391043.297
 20
585603.705
 10
391042.397
 20
585603.255
 10
391040.447
 20
585602.955
 10
391038.197
 20
585601.305
 10
391037.747
 20
585600.405
 10
391037.747
 20
585598.755
 10
391038.347
 20
585597.855
 10
391038.497
 20
585596.055
 10
391037.897
 20
585595.605
 10
391037.297
 20
585594.405
 10
391035.647
 20
585593.655
 10
391035.347
 20
585593.205
 10
391032.947
 20
585593.955
 10
391030.997
 20
585593.955
 10
391028.747
 20
585596.055
 10
391028.297
 20
585596.805
 10
391027.997
 20
585596.805
 10
391027.547
 20
585597.555
 10
391029.047
 20
585599.805
 10
391031.447
 20
585602.355
 10
391032.047
 20
585603.555
 10
391034.297
 20
585605.805
 10
391035.947
 20
585608.055
 10
391036.697
 20
585608.505
 10
391037.447
 20
585609.705
 10
391039.097
 20
585611.205
  0
TEXT
  5
159
330
17
100
AcDbEntity
  8
TEXTE
 62
7
100
AcDbText
 10
391036.351
 20
585601.938
 30
0.0
 40
1.5
  1
C373: 148.5mp
 72
1
 11
391036.351
 21
585601.938
 31
0.0
100
AcDbText
 73
2
  0
LWPOLYLINE
  5
15A
330
17
100
AcDbEntity
  8
CONSTRUCTII
 62
1
100
AcDbPolyline
 90
55
 70
1
 10
390844.54
 20
585767.657
 10
390844.54
 20
585765.657
 10
390845.54
 20
585765.657
 10
390845.54
 20
585767.657
 10
390847.54
 20
585767.657
 10
390847.54
 20
585765.657
 10
390848.54
 20
585765.657
 10
390848.54
 20
585763.657
 10
390849.54
 20
585763.657
 10
390849.54
 20
585760.657
 10
390848.54
 20
585760.657
 10
390848.54
 20
585758.657
 10
390847.54
 20
585758.657
 10
390847.54
 20
585759.657
 10
390846.54
 20
585759.657
 10
390846.54
 20
585753.657
 10
390847.54
 20
585753.657
 10
390847.54
 20
585746.657
 10
390844.54
 20
585746.657
 10
390844.54
 20
585744.657
 10
390845.54
 20
585744.657
 10
390845.54
 20
585742.657
 10
390842.54
 20
585742.657
 10
390842.54
 20
585746.657
 10
390841.54
 20
585746.657
 10
390841.54
 20
585750.657
 10
390840.54
 20
585750.657
 10
390840.54
 20
585753.657
 10
390839.54
 20
585753.657
 10
390839.54
 20
585754.657
 10
390840.54
 20
585754.657
 10
390840.54
 20
585755.657
 10
390839.54
 20
585755.657
 10
390839.54
 20
585759.657
 10
390840.54
 20
585759.657
 10
390840.54
 20
585760.657
 10
390842.54
 20
585760.657
 10
390842.54
 20
585761.657
 10
390844.54
 20
585761.657
 10
390844.54
 20
585760.657
 10
390845.54
 20
585760.657
 10
390845.54
 20
585762.657
 10
390846.54
 20
585762.657
 10
390846.54
 20
585763.657
 10
390844.54
 20
585763.657
 10
390844.54
 20
585762.657
 10
390843.54
 20
585762.657
 10
390843.54
 20
585764.657
 10
390842.54
 20
585764.657
 10
390842.54
 20
585763.657
 10
390841.54
 20
585763.657
 10
390841.54
 20
585762.657
 10
390840.54
 20
585762.657
 10
390840.54
 20
585767.657
 10
390844.54
 20
585767.657
  0
TEXT
  5
15B
330
17
100
AcDbEntity
  8
TEXTE
 62
7
100
AcDbText
 10
390844.196
 20
585756.286
 30
0.0
 40
1.5
  1
C376: 147.0mp
 72
1
 11
390844.196
 21
585756.286
 31
0.0
100
AcDbText
 73
2
  0
LWPOLYLINE
  5
15C
330
17
100
AcDbEntity
  8
CONSTRUCTII
 62
1
100
AcDbPolyline
 90
39
 70
1
 10
391327.242
 20
585536.81
 10
391327.242
 20
585536.06
 10
391326.642
 20
585534.71
 10
391327.692
 20
585534.26
 10
391328.592
 20
585534.56
 10
391328.742
 20
585534.86
 10
391328.292
 20
585535.01
 10
391327.542
 20
585535.91
 10
391327.542
 20
585536.81
 10
391330.992
 20
585536.81
 10
391330.992
 20
585536.06
 10
391331.292
 20
585535.76
 10
391332.342
 20
585535.46
 10
391332.942
 20
585534.86
 10
391333.692
 20
585536.06
 10
391333.692
 20
585536.81
 10
391335.942
 20
585536.81
 10
391335.942
 20
585536.06
 10
391337.142
 20
585535.91
 10
391337.442
 20
585536.06
 10
391337.292
 20
585537.1
 10
391339.242
 20
585537.1
 10
391339.467
 20
585536.81
 10
391339.467
 20
585526.01
 10
391337.592
 20
585526.91
 10
391334.592
 20
585527.51
 10
391333.392
 20
585527.51
 10
391333.092
 20
585526.46
 10
391331.442
 20
585526.91
 10
391331.142
 20
585526.76
 10
391330.992
 20
585526.01
 10
391327.392
 20
585526.31
 10
391326.642
 20
585527.06
 10
391326.042
 20
585527.21
 10
391325.592
 20
585527.81
 10
391325.292
 20
585529.01
 10
391323.942
 20
585530.06
 10
391323.942
 20
585536.81
 10
391327.242
 20
585536.81
  0
TEXT
  5
15D
330
17
100
AcDbEntity
  8
TEXTE
 62
7
100
AcDbText
 10
391331.903
 20
585531.705
 30
0.0
 40
1.5
  1
C378: 145.5mp
 72
1
 11
391331.903
 21
585531.705
 31
0.0
100
AcDbText
 73
2
  0
LWPOLYLINE
  5
15E
330
17
100
AcDbEntity
  8
CONSTRUCTII
 62
1
100
AcDbPolyline
 90
20
 70
1
 10
390667.5
 20
585471.86
 10
390666.641
 20
585471.26
 10
390664.841
 20
585470.66
 10
390663.641
 20
585470.81
 10
390662.141
 20
585472.01
 10
390660.191
 20
585475.61
 10
390660.041
 20
585477.41
 10
390659.441
 20
585478.91
 10
390657.491
 20
585481.46
 10
390657.041
 20
585482.96
 10
390656.141
 20
585484.16
 10
390656.591
 20
585485.66
 10
390662.891
 20
585488.81
 10
390664.241
 20
585488.96
 10
390665.291
 20
585488.21
 10
390666.191
 20
585488.06
 10
390666.641
 20
585488.06
 10
390666.941
 20
585488.51
 10
390667.5
 20
585488.66
 10
390667.5
 20
585471.86
  0
TEXT
  5
15F
330
17
100
AcDbEntity
  8
TEXTE
 62
7
100
AcDbText
 10
390663.148
 20
585480.566
 30
0.0
 40
1.5
  1
C381: 143.7mp
 72
1
 11
390663.148
 21
585480.566
 31
0.0
100
AcDbText
 73
2
  0
LWPOLYLINE
  5
160
330
17
100
AcDbEntity
  8
CONSTRUCTII
 62
1
100
AcDbPolyline
 90
28
 70
1
 10
391002.197
 20
585745.605
 10
391002.947
 20
585745.605
 10
391003.997
 20
585744.855
 10
391004.897
 20
585742.605
 10
391005.047
 20
585741.405
 10
391006.247
 20
585739.455
 10
391006.247
 20
585735.105
 10
391005.797
 20
585733.905
 10
391006.097
 20
585733.155
 10
391006.547
 20
585732.855
 10
391006.397
 20
585731.355
 10
391002.497
 20
585729.255
 10
390997.997
 20
585729.105
 10
390997.247
 20
585729.855
 10
390996.947
 20
585730.755
 10
390996.947
 20
585731.655
 10
390997.547
 20
585733.305
 10
390997.247
 20
585735.705
 10
390996.497
 20
585736.605
 10
390995.747
 20
585738.405
 10
390993.947
 20
585739.455
 10
390993.347
 20
585741.105
 10
390995.597
 20
585742.005
 10
390996.497
 20
585742.905
 10
390998.447
 20
585743.505
 10
390999.047
 20
585744.105
 10
391000.847
 20
585744.705
 10
391002.197
 20
585745.605
  0
TEXT
  5
161
330
17
100
AcDbEntity
  8
TEXTE
 62
7
100
AcDbText
 10
391000.968
 20
585737.155
 30
0.0
 40
1.5
  1
C382: 142.5mp
 72
1
 11
391000.968
 21
585737.155
 31
0.0
100
AcDbText
 73
2
  0
LWPOLYLINE
  5
162
330
17
100
AcDbEntity
  8
CONSTRUCTII
 62
1
100
AcDbPolyline
 90
21
 70
1
 10
390778.541
 20
585639.405
 10
390781.241
 20
585638.655
 10
390781.541
 20
585635.205
 10
390782.441
 20
585633.255
 10
390782.591
 20
585631.755
 10
390783.041
 20
585631.155
 10
390783.341
 20
585629.955
 10
390783.341
 20
585627.255
 10
390783.041
 20
585626.205
 10
390781.691
 20
585625.305
 10
390780.941
 20
585624.405
 10
390777.341
 20
585623.355
 10
390775.691
 20
585623.355
 10
390774.791
 20
585624.405
 10
390773.291
 20
585628.605
 10
390772.541
 20
585629.655
 10
390770.891
 20
585634.605
 10
390771.491
 20
585635.655
 10
390775.391
 20
585637.305
 10
390776.591
 20
585638.655
 10
390778.541
 20
585639.405
  0
TEXT
  5
163
330
17
100
AcDbEntity
  8
TEXTE
 62
7
100
AcDbText
 10
390777.626
 20
585631.258
 30
0.0
 40
1.5
  1
C387: 138.4mp
 72
1
 11
390777.626
 21
585631.258
 31
0.0
100
AcDbText
 73
2
  0
LWPOLYLINE
  5
164
330
17
100
AcDbEntity
  8
CONSTRUCTII
 62
1
100
AcDbPolyline
 90
26
 70
1
 10
390689.291
 20
585461.96
 10
390691.241
 20
585461.66
 10
390691.541
 20
585461.21
 10
390692.291
 20
585458.51
 10
390691.991
 20
585456.86
 10
390692.891
 20
585455.21
 10
390693.191
 20
585452.96
 10
390693.791
 20
585451.76
 10
390694.241
 20
585449.21
 10
390694.691
 20
585448.46
 10
390694.841
 20
585445.91
 10
390693.191
 20
585445.16
 10
390691.391
 20
585444.86
 10
390688.391
 20
585443.81
 10
390687.641
 20
585444.71
 10
390684.941
 20
585452.66
 10
390684.191
 20
585453.86
 10
390682.991
 20
585458.36
 10
390684.191
 20
585459.41
 10
390686.141
 20
585459.56
 10
390685.991
 20
585460.01
 10
390684.491
 20
585460.61
 10
390684.491
 20
585461.21
 10
390685.541
 20
585461.66
 10
390687.491
 20
585461.51
 10
390689.291
 20
585461.96
  0
TEXT
  5
165
330
17
100
AcDbEntity
  8
TEXTE
 62
7
100
AcDbText
 10
390689.124
 20
585453.186
 30
0.0
 40
1.5
  1
C389: 138.3mp
 72
1
 11
390689.124
 21
585453.186
 31
0.0
100
AcDbText
 73
2
  0
LWPOLYLINE
  5
166
330
17
100
AcDbEntity
  8
CONSTRUCTII
 62
1
100
AcDbPolyline
 90
40
 70
1
 10
390650.141
 20
585338.81
 10
390651.491
 20
585338.21
 10
390652.841
 20
585338.06
 10
390653.141
 20
585337.31
 10
390653.891
 20
585336.86
 10
390654.491
 20
585335.96
 10
390656.291
 20
585335.51
 10
390656.591
 20
585334.61
 10
390657.341
 20
585334.31
 10
390657.791
 20
585333.56
 10
390658.391
 20
585333.41
 10
390659.141
 20
585332.66
 10
390659.141
 20
585329.06
 10
390657.791
 20
585327.56
 10
390657.341
 20
585326.36
 10
390655.991
 20
585325.61
 10
390655.691
 20
585324.86
 10
390655.091
 20
585324.41
 10
390654.041
 20
585324.26
 10
390653.291
 20
585325.16
 10
390652.841
 20
585325.16
 10
390652.391
 20
585324.56
 10
390651.491
 20
585324.26
 10
390651.341
 20
585323.96
 10
390650.441
 20
585323.51
 10
390649.691
 20
585323.51
 10
390648.941
 20
585323.81
 10
390648.191
 20
585324.71
 10
390647.141
 20
585325.31
 10
390645.941
 20
585327.41
 10
390645.641
 20
585328.76
 10
390645.041
 20
585329.66
 10
390645.041
 20
585330.41
 10
390645.941
 20
585331.46
 10
390646.541
 20
585331.61
 10
390647.741
 20
585332.81
 10
390648.191
 20
585334.61
 10
390648.941
 20
585335.36
 10
390649.691
 20
585338.21
 10
390650.141
 20
585338.81
  0
TEXT
  5
167
330
17
100
AcDbEntity
  8
TEXTE
 62
7
100
AcDbText
 10
390652.223
 20
585330.508
 30
0.0
 40
1.5
  1
C390: 138.3mp
 72
1
 11
390652.223
 21
585330.508
 31
0.0
100
AcDbText
 73
2
  0
LWPOLYLINE
  5
168
330
17
100
AcDbEntity
  8
CONSTRUCTII
 62
1
100
AcDbPolyline
 90
35
 70
1
 10
391324.542
 20
585636.705
 10
391324.842
 20
585636.705
 10
391325.742
 20
585635.655
 10
391326.642
 20
585633.555
 10
391327.542
 20
585632.805
 10
391328.892
 20
585630.555
 10
391329.042
 20
585626.955
 10
391327.242
 20
585626.205
 10
391327.242
 20
585625.905
 10
391326.192
 20
585625.005
 10
391325.892
 20
585624.255
 10
391324.992
 20
585623.505
 10
391324.692
 20
585622.155
 10
391323.942
 20
585620.805
 10
391322.592
 20
585619.755
 10
391322.442
 20
585619.305
 10
391321.542
 20
585619.155
 10
391320.492
 20
585619.455
 10
391318.542
 20
585621.705
 10
391317.792
 20
585622.005
 10
391316.592
 20
585623.355
 10
391314.792
 20
585624.555
 10
391314.492
 20
585626.355
 10
391315.242
 20
585627.405
 10
391317.642
 20
585628.455
 10
391318.842
 20
585629.355
 10
391319.442
 20
585631.755
 10
391319.892
 20
585632.055
 10
391319.892
 20
585632.355
 10
391320.642
 20
585632.805
 10
391321.542
 20
585634.005
 10
391322.142
 20
585634.155
 10
391322.742
 20
585634.905
 10
391323.642
 20
585635.355
 10
391324.542
 20
585636.705
  0
TEXT
  5
169
330
17
100
AcDbEntity
  8
TEXTE
 62
7
100
AcDbText
 10
391322.368
 20
585627.495
 30
0.0
 40
1.5
  1
C392: 137.2mp
 72
1
 11
391322.368
 21
585627.495
 31
0.0
100
AcDbText
 73
2
  0
LWPOLYLINE
  5
16A
330
17
100
AcDbEntity
  8
CONSTRUCTII
 62
1
100
AcDbPolyline
 90
24
 70
1
 10
391045.697
 20
585854.205
 10
391053.797
 20
585854.205
 10
391054.097
 20
585853.005
 10
391054.097
 20
585847.005
 10
391053.797
 20
585846.255
 10
391053.347
 20
585845.355
 10
391052.597
 20
585844.755
 10
391051.847
 20
585843.105
 10
391050.797
 20
585842.055
 10
391040.447
 20
585842.055
 10
391040.597
 20
585843.855
 10
391040.897
 20
585844.305
 10
391040.597
 20
585846.405
 10
391040.897
 20
585846.555
 10
391041.047
 20
585847.455
 10
391041.647
 20
585848.205
 10
391042.847
 20
585848.655
 10
391042.997
 20
585849.255
 10
391043.597
 20
585849.855
 10
391043.597
 20
585851.505
 10
391044.347
 20
585852.105
 10
391044.797
 20
585853.305
 10
391045.697
 20
585853.455
 10
391045.697
 20
585854.205
  0
TEXT
  5
16B
330
17
100
AcDbEntity
  8
TEXTE
 62
7
100
AcDbText
 10
391047.819
 20
585847.847
 30
0.0
 40
1.5
  1
C394: 135.4mp
 72
1
 11
391047.819
 21
585847.847
 31
0.0
100
AcDbText
 73
2
  0
LWPOLYLINE
  5
16C
330
17
100
AcDbEntity
  8
CONSTRUCTII
 62
1
100
AcDbPolyline
 90
20
 70
1
 10
390872.591
 20
585733.8
 10
390874.091
 20
585733.305
 10
390875.291
 20
585732.255
 10
390876.941
 20
585731.805
 10
390877.391
 20
585730.755
 10
390877.991
 20
585730.155
 10
390877.091
 20
585728.505
 10
390874.391
 20
585728.055
 10
390870.791
 20
585727.905
 10
390867.341
 20
585726.705
 10
390865.391
 20
585726.405
 10
390864.491
 20
585725.805
 10
390863.141
 20
585725.805
 10
390860.891
 20
585725.205
 10
390859.091
 20
585725.205
 10
390858.791
 20
585725.505
 10
390857.141
 20
585729.705
 10
390856.991
 20
585732.105
 10
390856.391
 20
585733.755
 10
390872.591
 20
585733.8
  0
TEXT
  5
16D
330
17
100
AcDbEntity
  8
TEXTE
 62
7
100
AcDbText
 10
390866.131
 20
585730.176
 30
0.0
 40
1.5
  1
C396: 134.0mp
 72
1
 11
390866.131
 21
585730.176
 31
0.0
100
AcDbText
 73
2
  0
LWPOLYLINE
  5
16E
330
17
100
AcDbEntity
  8
CONSTRUCTII
 62
1
100
AcDbPolyline
 90
26
 70
1
 10
391075.847
 20
585840.1
 10
391076.447
 20
585839.505
 10
391076.447
 20
585839.055
 10
391075.397
 20
585838.005
 10
391074.797
 20
585836.055
 10
391073.297
 20
585835.455
 10
391073.297
 20
585835.005
 10
391072.247
 20
585833.355
 10
391071.497
 20
585833.355
 10
391070.597
 20
585833.955
 10
391069.697
 20
585832.455
 10
391069.247
 20
585832.155
 10
391061.597
 20
585832.155
 10
391061.447
 20
585833.055
 10
391060.997
 20
585833.055
 10
391060.547
 20
585832.155
 10
391059.497
 20
585832.155
 10
391058.897
 20
585833.655
 10
391058.897
 20
585835.455
 10
391058.597
 20
585835.755
 10
391055.597
 20
585836.355
 10
391055.447
 20
585837.855
 10
391054.847
 20
585838.305
 10
391054.397
 20
585839.805
 10
391054.397
 20
585840.1
 10
391075.847
 20
585840.1
  0
TEXT
  5
16F
330
17
100
AcDbEntity
  8
TEXTE
 62
7
100
AcDbText
 10
391065.472
 20
585836.681
 30
0.0
 40
1.5
  1
C397: 133.3mp
 72
1
 11
391065.472
 21
585836.681
 31
0.0
100
AcDbText
 73
2
  0
LWPOLYLINE
  5
170
330
17
100
AcDbEntity
  8
CONSTRUCTII
 62
1
100
AcDbPolyline
 90
29
 70
1
 10
390741.491
 20
585080.803
 10
390742.991
 20
585079.753
 10
390745.541
 20
585079.603
 10
390745.991
 20
585079.153
 10
390745.991
 20
585077.203
 10
390748.091
 20
585073.153
 10
390748.091
 20
585067.303
 10
390747.491
 20
585067.303
 10
390747.041
 20
585066.853
 10
390746.291
 20
585066.703
 10
390745.091
 20
585066.703
 10
390744.041
 20
585067.153
 10
390742.541
 20
585067.303
 10
390741.791
 20
585068.203
 10
390738.941
 20
585068.503
 10
390738.191
 20
585069.103
 10
390738.191
 20
585070.153
 10
390737.591
 20
585071.053
 10
390736.091
 20
585071.203
 10
390735.641
 20
585071.653
 10
390734.891
 20
585076.153
 10
390735.641
 20
585077.203
 10
390735.941
 20
585078.553
 10
390736.541
 20
585079.003
 10
390737.891
 20
585079.153
 10
390738.641
 20
585079.603
 10
390740.291
 20
585079.603
 10
390741.191
 20
585080.053
 10
390741.491
 20
585080.803
  0
TEXT
  5
171
330
17
100
AcDbEntity
  8
TEXTE
 62
7
100
AcDbText
 10
390741.936
 20
585073.619
 30
0.0
 40
1.5
  1
C398: 133.3mp
 72
1
 11
390741.936
 21
585073.619
 31
0.0
100
AcDbText
 73
2
  0
LWPOLYLINE
  5
172
330
17
100
AcDbEntity
  8
CONSTRUCTII
 62
1
100
AcDbPolyline
 90
45
 70
1
 10
390648.791
 20
585412.91
 10
390648.191
 20
585412.01
 10
390648.191
 20
585411.56
 10
390648.341
 20
585411.11
 10
390649.241
 20
585410.51
 10
390649.541
 20
585408.86
 10
390650.141
 20
585407.96
 10
390651.191
 20
585407.36
 10
390651.041
 20
585406.31
 10
390651.491
 20
585406.01
 10
390652.391
 20
585406.01
 10
390652.841
 20
585404.81
 10
390654.341
 20
585405.26
 10
390654.791
 20
585404.66
 10
390655.841
 20
585404.06
 10
390655.841
 20
585403.46
 10
390655.091
 20
585402.26
 10
390654.191
 20
585401.96
 10
390653.291
 20
585403.01
 10
390651.941
 20
585403.46
 10
390650.591
 20
585404.51
 10
390649.841
 20
585404.81
 10
390648.641
 20
585404.81
 10
390647.741
 20
585405.71
 10
390646.841
 20
585405.86
 10
390646.241
 20
585406.31
 10
390644.741
 20
585404.36
 10
390644.291
 20
585403.16
 10
390643.241
 20
585402.26
 10
390642.641
 20
585400.91
 10
390642.191
 20
585400.61
 10
390640.241
 20
585400.61
 10
390639.341
 20
585400.91
 10
390637.091
 20
585403.01
 10
390636.791
 20
585403.46
 10
390636.791
 20
585405.11
 10
390637.241
 20
585405.86
 10
390637.691
 20
585407.81
 10
390638.591
 20
585409.01
 10
390638.891
 20
585410.36
 10
390639.341
 20
585410.96
 10
390641.141
 20
585412.01
 10
390642.191
 20
585413.66
 10
390648.791
 20
585413.7
 10
390648.791
 20
585412.91
  0
TEXT
  5
173
330
17
100
AcDbEntity
  8
TEXTE
 62
7
100
AcDbText
 10
390644.281
 20
585407.223
 30
0.0
 40
1.5
  1
C403: 129.2mp
 72
1
 11
390644.281
 21
585407.223
 31
0.0
100
AcDbText
 73
2
  0
LWPOLYLINE
  5
174
330
17
100
AcDbEntity
  8
CONSTRUCTII
 62
1
100
AcDbPolyline
 90
23
 70
1
 10
390781.091
 20
585678.555
 10
390782.891
 20
585678.555
 10
390783.791
 20
585678.255
 10
390784.241
 20
585677.655
 10
390785.891
 20
585672.105
 10
390786.491
 20
585670.605
 10
390786.791
 20
585670.455
 10
390787.541
 20
585667.005
 10
390788.141
 20
585666.105
 10
390788.291
 20
585664.155
 10
390787.991
 20
585662.655
 10
390788.591
 20
585660.255
 10
390787.991
 20
585659.655
 10
390783.941
 20
585658.905
 10
390783.341
 20
585659.805
 10
390782.591
 20
585662.055
 10
390781.841
 20
585663.105
 10
390780.941
 20
585666.255
 10
390778.391
 20
585672.855
 10
390777.491
 20
585676.155
 10
390777.491
 20
585677.205
 10
390778.091
 20
585677.955
 10
390781.091
 20
585678.555
  0
TEXT
  5
175
330
17
100
AcDbEntity
  8
TEXTE
 62
7
100
AcDbText
 10
390783.303
 20
585669.214
 30
0.0
 40
1.5
  1
C404: 128.1mp
 72
1
 11
390783.303
 21
585669.214
 31
0.0
100
AcDbText
 73
2
  0
LWPOLYLINE
  5
176
330
17
100
AcDbEntity
  8
CONSTRUCTII
 62
1
100
AcDbPolyline
 90
25
 70
1
 10
391200.347
 20
585693.555
 10
391201.847
 20
585693.555
 10
391203.497
 20
585691.905
 10
391203.797
 20
585690.255
 10
391204.547
 20
585689.355
 10
391206.047
 20
585688.455
 10
391206.797
 20
585686.355
 10
391207.997
 20
585685.305
 10
391209.647
 20
585682.155
 10
391211.147
 20
585681.405
 10
391212.197
 20
585679.8
 10
391197.347
 20
585679.8
 10
391197.347
 20
585680.955
 10
391196.297
 20
585682.155
 10
391195.847
 20
585683.805
 10
391196.447
 20
585684.405
 10
391196.447
 20
585684.855
 10
391199.447
 20
585687.555
 10
391199.447
 20
585688.005
 10
391197.797
 20
585690.105
 10
391197.347
 20
585691.755
 10
391198.997
 20
585692.205
 10
391199.597
 20
585693.105
 10
391200.197
 20
585693.255
 10
391200.347
 20
585693.555
  0
TEXT
  5
177
330
17
100
AcDbEntity
  8
TEXTE
 62
7
100
AcDbText
 10
391202.682
 20
585685.077
 30
0.0
 40
1.5
  1
C407: 125.9mp
 72
1
 11
391202.682
 21
585685.077
 31
0.0
100
AcDbText
 73
2
  0
LWPOLYLINE
  5
178
330
17
100
AcDbEntity
  8
CONSTRUCTII
 62
1
100
AcDbPolyline
 90
43
 70
1
 10
390681.491
 20
585307.16
 10
390681.941
 20
585307.01
 10
390682.241
 20
585306.41
 10
390683.741
 20
585305.66
 10
390684.191
 20
585304.46
 10
390684.491
 20
585304.31
 10
390684.341
 20
585302.66
 10
390685.241
 20
585301.76
 10
390685.991
 20
585301.46
 10
390687.041
 20
585299.96
 10
390687.491
 20
585298.76
 10
390687.191
 20
585296.96
 10
390684.191
 20
585295.76
 10
390682.991
 20
585294.86
 10
390680.891
 20
585295.31
 10
390680.591
 20
585295.91
 10
390681.641
 20
585296.36
 10
390682.241
 20
585297.11
 10
390681.941
 20
585298.16
 10
390682.241
 20
585299.96
 10
390681.641
 20
585301.01
 10
390680.141
 20
585299.66
 10
390679.091
 20
585299.21
 10
390678.641
 20
585298.61
 10
390678.191
 20
585298.61
 10
390676.841
 20
585297.71
 10
390673.391
 20
585297.41
 10
390671.591
 20
585298.16
 10
390670.841
 20
585298.91
 10
390669.191
 20
585302.06
 10
390669.191
 20
585305.36
 10
390669.641
 20
585306.11
 10
390670.541
 20
585306.41
 10
390671.291
 20
585306.26
 10
390672.491
 20
585305.36
 10
390672.491
 20
585305.06
 10
390673.391
 20
585304.16
 10
390674.891
 20
585304.01
 10
390675.941
 20
585304.76
 10
390677.741
 20
585304.76
 10
390678.641
 20
585305.21
 10
390680.291
 20
585305.36
 10
390681.491
 20
585307.16
  0
TEXT
  5
179
330
17
100
AcDbEntity
  8
TEXTE
 62
7
100
AcDbText
 10
390678.265
 20
585301.253
 30
0.0
 40
1.5
  1
C409: 124.4mp
 72
1
 11
390678.265
 21
585301.253
 31
0.0
100
AcDbText
 73
2
  0
LWPOLYLINE
  5
17A
330
17
100
AcDbEntity
  8
CONSTRUCTII
 62
1
100
AcDbPolyline
 90
24
 70
1
 10
390716.141
 20
585329.96
 10
390714.791
 20
585328.01
 10
390712.841
 20
585327.11
 10
390709.841
 20
585326.66
 10
390708.941
 20
585327.11
 10
390706.841
 20
585326.96
 10
390706.091
 20
585327.26
 10
390704.141
 20
585326.51
 10
390702.191
 20
585326.36
 10
390700.691
 20
585325.76
 10
390699.191
 20
585325.61
 10
390697.991
 20
585324.86
 10
390695.741
 20
585324.41
 10
390694.391
 20
585324.71
 10
390693.941
 20
585325.31
 10
390692.591
 20
585326.06
 10
390690.491
 20
585325.61
 10
390688.991
 20
585325.91
 10
390688.391
 20
585326.96
 10
390688.391
 20
585328.76
 10
390687.191
 20
585329.21
 10
390686.891
 20
585329.81
 10
390686.891
 20
585330.65
 10
390716.141
 20
585329.96
  0
TEXT
  5
17B
330
17
100
AcDbEntity
  8
TEXTE
 62
7
100
AcDbText
 10
390699.927
 20
585328.19
 30
0.0
 40
1.5
  1
C411: 112.8mp
 72
1
 11
390699.927
 21
585328.19
 31
0.0
100
AcDbText
 73
2
  0
LWPOLYLINE
  5
17C
330
17
100
AcDbEntity
  8
CONSTRUCTII
 62
1
100
AcDbPolyline
 90
34
 70
1
 10
390839.441
 20
585670.005
 10
390840.341
 20
585670.005
 10
390841.241
 20
585668.955
 10
390841.991
 20
585668.955
 10
390842.441
 20
585668.655
 10
390842.141
 20
585667.305
 10
390842.291
 20
585665.655
 10
390843.191
 20
585665.655
 10
390845.141
 20
585666.255
 10
390845.591
 20
585666.105
 10
390846.791
 20
585663.105
 10
390846.791
 20
585660.255
 10
390843.941
 20
585659.955
 10
390840.941
 20
585658.455
 10
390838.691
 20
585658.005
 10
390837.341
 20
585657.405
 10
390834.191
 20
585657.255
 10
390832.841
 20
585658.305
 10
390832.091
 20
585660.705
 10
390833.141
 20
585662.355
 10
390835.091
 20
585663.105
 10
390834.941
 20
585665.955
 10
390834.191
 20
585666.105
 10
390833.591
 20
585665.355
 10
390833.141
 20
585665.355
 10
390832.991
 20
585665.955
 10
390833.141
 20
585666.255
 10
390833.891
 20
585666.255
 10
390834.041
 20
585667.305
 10
390834.641
 20
585668.205
 10
390835.541
 20
585668.655
 10
390836.891
 20
585668.655
 10
390838.691
 20
585669.255
 10
390839.441
 20
585670.005
  0
TEXT
  5
17D
330
17
100
AcDbEntity
  8
TEXTE
 62
7
100
AcDbText
 10
390839.232
 20
585663.102
 30
0.0
 40
1.5
  1
C412: 121.7mp
 72
1
 11
390839.232
 21
585663.102
 31
0.0
100
AcDbText
 73
2
  0
LWPOLYLINE
  5
17E
330
17
100
AcDbEntity
  8
CONSTRUCTII
 62
1
100
AcDbPolyline
 90
24
 70
1
 10
390755.291
 20
585724.305
 10
390756.491
 20
585724.155
 10
390756.791
 20
585723.855
 10
390756.791
 20
585722.805
 10
390757.541
 20
585721.905
 10
390756.341
 20
585719.505
 10
390756.341
 20
585715.905
 10
390757.091
 20
585713.955
 10
390757.091
 20
585713.205
 10
390751.841
 20
585713.055
 10
390751.241
 20
585713.655
 10
390750.491
 20
585713.805
 10
390749.741
 20
585714.405
 10
390748.391
 20
585714.705
 10
390748.091
 20
585713.055
 10
390745.391
 20
585713.055
 10
390744.941
 20
585713.955
 10
390744.941
 20
585720.855
 10
390745.691
 20
585721.905
 10
390746.591
 20
585722.505
 10
390747.041
 20
585723.255
 10
390749.741
 20
585724.155
 10
390753.791
 20
585724.005
 10
390755.291
 20
585724.305
  0
TEXT
  5
17F
330
17
100
AcDbEntity
  8
TEXTE
 62
7
100
AcDbText
 10
390751.08
 20
585718.584
 30
0.0
 40
1.5
  1
C414: 120.5mp
 72
1
 11
390751.08
 21
585718.584
 31
0.0
100
AcDbText
 73
2
  0
LWPOLYLINE
  5
180
330
17
100
AcDbEntity
  8
CONSTRUCTII
 62
1
100
AcDbPolyline
 90
31
 70
1
 10
390581.891
 20
585475.91
 10
390583.391
 20
585475.91
 10
390584.441
 20
585475.46
 10
390585.341
 20
585473.51
 10
390585.641
 20
585473.36
 10
390585.941
 20
585471.86
 10
390586.391
 20
585471.56
 10
390586.541
 20
585470.51
 10
390588.491
 20
585466.76
 10
390588.491
 20
585466.31
 10
390589.241
 20
585465.41
 10
390589.091
 20
585463.61
 10
390588.341
 20
585462.41
 10
390588.491
 20
585460.61
 10
390588.041
 20
585459.71
 10
390588.041
 20
585458.21
 10
390587.591
 20
585457.01
 10
390586.391
 20
585456.26
 10
390584.891
 20
585456.41
 10
390584.141
 20
585457.31
 10
390583.391
 20
585459.56
 10
390583.391
 20
585461.66
 10
390582.041
 20
585464.81
 10
390581.291
 20
585465.86
 10
390579.941
 20
585469.31
 10
390578.891
 20
585470.51
 10
390578.141
 20
585472.91
 10
390578.141
 20
585473.51
 10
390578.441
 20
585473.81
 10
390580.541
 20
585474.56
 10
390581.891
 20
585475.91
  0
TEXT
  5
181
330
17
100
AcDbEntity
  8
TEXTE
 62
7
100
AcDbText
 10
390584.257
 20
585466.804
 30
0.0
 40
1.5
  1
C416: 117.4mp
 72
1
 11
390584.257
 21
585466.804
 31
0.0
100
AcDbText
 73
2
  0
LWPOLYLINE
  5
182
330
17
100
AcDbEntity
  8
CONSTRUCTII
 62
1
100
AcDbPolyline
 90
33
 70
1
 10
390732.54
 20
585713.657
 10
390730.54
 20
585713.657
 10
390730.54
 20
585714.657
 10
390729.54
 20
585714.657
 10
390729.54
 20
585713.657
 10
390728.54
 20
585713.657
 10
390728.54
 20
585714.657
 10
390727.54
 20
585714.657
 10
390727.54
 20
585720.657
 10
390728.54
 20
585720.657
 10
390728.54
 20
585722.657
 10
390727.54
 20
585722.657
 10
390727.54
 20
585723.657
 10
390726.54
 20
585723.657
 10
390726.54
 20
585725.657
 10
390732.54
 20
585725.657
 10
390732.54
 20
585724.657
 10
390733.54
 20
585724.657
 10
390733.54
 20
585723.657
 10
390735.54
 20
585723.657
 10
390735.54
 20
585722.657
 10
390736.54
 20
585722.657
 10
390736.54
 20
585721.657
 10
390737.54
 20
585721.657
 10
390737.54
 20
585714.657
 10
390736.54
 20
585714.657
 10
390736.54
 20
585713.657
 10
390737.54
 20
585713.657
 10
390737.54
 20
585712.657
 10
390738.54
 20
585712.657
 10
390738.54
 20
585711.7
 10
390732.54
 20
585711.7
 10
390732.54
 20
585713.657
  0
TEXT
  5
183
330
17
100
AcDbEntity
  8
TEXTE
 62
7
100
AcDbText
 10
390732.481
 20
585718.724
 30
0.0
 40
1.5
  1
C417: 115.7mp
 72
1
 11
390732.481
 21
585718.724
 31
0.0
100
AcDbText
 73
2
  0
LWPOLYLINE
  5
184
330
17
100
AcDbEntity
  8
CONSTRUCTII
 62
1
100
AcDbPolyline
 90
38
 70
1
 10
390885.537
 20
585648.652
 10
390885.543
 20
585649.66
 10
390886.537
 20
585649.654
 10
390886.543
 20
585650.667
 10
390890.543
 20
585650.646
 10
390890.537
 20
585649.649
 10
390887.543
 20
585649.665
 10
390887.537
 20
585648.662
 10
390889.545
 20
585648.652
 10
390889.535
 20
585646.654
 10
390888.537
 20
585646.66
 10
390888.543
 20
585647.652
 10
390886.543
 20
585647.662
 10
390886.537
 20
585646.66
 10
390887.543
 20
585646.654
 10
390887.537
 20
585645.652
 10
390885.543
 20
585645.662
 10
390885.537
 20
585644.665
 10
390888.537
 20
585644.649
 10
390888.543
 20
585645.662
 10
390890.548
 20
585645.652
 10
390890.532
 20
585642.654
 10
390889.543
 20
585642.66
 10
390889.537
 20
585641.654
 10
390888.543
 20
585641.66
 10
390888.537
 20
585640.652
 10
390886.543
 20
585640.662
 10
390886.537
 20
585639.646
 10
390878.537
 20
585638.665
 10
390878.543
 20
585639.66
 10
390879.572
 20
585639.654
 10
390878.735
 20
585653.212
 10
390878.897
 20
585653.211
 10
390878.897
 20
585653.2
 10
390880.997
 20
585653.2
 10
390883.107
 20
585653.189
 10
390883.537
 20
585648.662
 10
390885.537
 20
585648.652
  0
TEXT
  5
185
330
17
100
AcDbEntity
  8
TEXTE
 62
7
100
AcDbText
 10
390883.717
 20
585645.527
 30
0.0
 40
1.5
  1
C419: 114.4mp
 72
1
 11
390883.717
 21
585645.527
 31
0.0
100
AcDbText
 73
2
  0
LWPOLYLINE
  5
186
330
17
100
AcDbEntity
  8
CONSTRUCTII
 62
1
100
AcDbPolyline
 90
22
 70
1
 10
390861.491
 20
585222.71
 10
390864.791
 20
585222.41
 10
390865.091
 20
585222.11
 10
390865.091
 20
585217.76
 10
390864.941
 20
585216.56
 10
390864.341
 20
585215.96
 10
390862.241
 20
585214.61
 10
390857.591
 20
585214.16
 10
390856.541
 20
585213.56
 10
390855.191
 20
585213.26
 10
390852.191
 20
585213.41
 10
390851.591
 20
585213.86
 10
390850.691
 20
585216.26
 10
390850.241
 20
585218.66
 10
390850.241
 20
585219.71
 10
390850.841
 20
585220.31
 10
390851.141
 20
585220.31
 10
390852.191
 20
585221.36
 10
390853.241
 20
585221.36
 10
390854.441
 20
585221.81
 10
390860.291
 20
585222.11
 10
390861.491
 20
585222.71
  0
TEXT
  5
187
330
17
100
AcDbEntity
  8
TEXTE
 62
7
100
AcDbText
 10
390857.765
 20
585218.084
 30
0.0
 40
1.5
  1
C422: 111.2mp
 72
1
 11
390857.765
 21
585218.084
 31
0.0
100
AcDbText
 73
2
  0
LWPOLYLINE
  5
188
330
17
100
AcDbEntity
  8
CONSTRUCTII
 62
1
100
AcDbPolyline
 90
23
 70
1
 10
390861.641
 20
585676.305
 10
390863.141
 20
585676.305
 10
390863.141
 20
585668.205
 10
390862.391
 20
585668.055
 10
390861.941
 20
585667.605
 10
390861.941
 20
585667.155
 10
390861.191
 20
585667.005
 10
390860.741
 20
585666.555
 10
390860.591
 20
585665.805
 10
390859.091
 20
585666.405
 10
390857.891
 20
585665.055
 10
390852.791
 20
585665.205
 10
390851.741
 20
585667.605
 10
390850.991
 20
585671.205
 10
390850.241
 20
585672.405
 10
390850.691
 20
585673.905
 10
390852.641
 20
585673.905
 10
390855.341
 20
585674.655
 10
390856.241
 20
585675.255
 10
390857.891
 20
585675.105
 10
390858.791
 20
585675.705
 10
390860.741
 20
585675.855
 10
390861.641
 20
585676.305
  0
TEXT
  5
189
330
17
100
AcDbEntity
  8
TEXTE
 62
7
100
AcDbText
 10
390857.233
 20
585670.606
 30
0.0
 40
1.5
  1
C423: 109.9mp
 72
1
 11
390857.233
 21
585670.606
 31
0.0
100
AcDbText
 73
2
  0
LWPOLYLINE
  5
18A
330
17
100
AcDbEntity
  8
CONSTRUCTII
 62
1
100
AcDbPolyline
 90
40
 70
1
 10
391365.492
 20
585518.81
 10
391365.942
 20
585518.66
 10
391366.392
 20
585517.61
 10
391367.292
 20
585517.16
 10
391367.442
 20
585516.56
 10
391368.042
 20
585515.96
 10
391368.642
 20
585515.81
 10
391370.292
 20
585514.31
 10
391370.592
 20
585513.56
 10
391371.492
 20
585513.26
 10
391371.492
 20
585512.66
 10
391370.742
 20
585512.21
 10
391370.592
 20
585511.31
 10
391371.492
 20
585510.26
 10
391371.492
 20
585509.51
 10
391372.542
 20
585509.51
 10
391373.142
 20
585508.91
 10
391372.992
 20
585508.16
 10
391372.242
 20
585507.86
 10
391372.092
 20
585507.41
 10
391372.392
 20
585507.11
 10
391373.742
 20
585506.96
 10
391373.892
 20
585504.71
 10
391372.392
 20
585504.56
 10
391372.092
 20
585504.11
 10
391369.692
 20
585504.11
 10
391369.242
 20
585505.16
 10
391368.342
 20
585505.91
 10
391365.192
 20
585505.61
 10
391363.392
 20
585506.21
 10
391361.142
 20
585508.76
 10
391361.142
 20
585509.66
 10
391360.242
 20
585511.16
 10
391360.242
 20
585511.61
 10
391362.192
 20
585514.46
 10
391363.542
 20
585515.06
 10
391363.992
 20
585515.66
 10
391365.192
 20
585516.26
 10
391365.492
 20
585517.01
 10
391365.492
 20
585518.81
  0
TEXT
  5
18B
330
17
100
AcDbEntity
  8
TEXTE
 62
7
100
AcDbText
 10
391366.955
 20
585510.367
 30
0.0
 40
1.5
  1
C424: 109.6mp
 72
1
 11
391366.955
 21
585510.367
 31
0.0
100
AcDbText
 73
2
  0
LWPOLYLINE
  5
18C
330
17
100
AcDbEntity
  8
CONSTRUCTII
 62
1
100
AcDbPolyline
 90
35
 70
1
 10
390835.991
 20
585733.305
 10
390835.241
 20
585733.455
 10
390835.241
 20
585734.205
 10
390834.941
 20
585734.355
 10
390831.491
 20
585734.805
 10
390830.891
 20
585735.405
 10
390831.491
 20
585738.255
 10
390831.041
 20
585738.855
 10
390829.991
 20
585739.305
 10
390829.841
 20
585741.255
 10
390830.291
 20
585742.755
 10
390831.341
 20
585742.755
 10
390831.641
 20
585742.155
 10
390832.241
 20
585742.155
 10
390831.791
 20
585743.655
 10
390833.141
 20
585743.805
 10
390834.041
 20
585745.305
 10
390836.141
 20
585746.055
 10
390837.191
 20
585744.855
 10
390838.391
 20
585745.005
 10
390838.691
 20
585745.305
 10
390839.141
 20
585744.855
 10
390840.191
 20
585744.705
 10
390840.791
 20
585743.955
 10
390841.091
 20
585742.005
 10
390840.191
 20
585740.955
 10
390840.641
 20
585740.205
 10
390840.941
 20
585738.555
 10
390840.941
 20
585735.855
 10
390840.641
 20
585734.655
 10
390839.441
 20
585734.205
 10
390838.541
 20
585733.305
 10
390838.391
 20
585732.35
 10
390835.991
 20
585732.35
 10
390835.991
 20
585733.305
  0
TEXT
  5
18D
330
17
100
AcDbEntity
  8
TEXTE
 62
7
100
AcDbText
 10
390835.987
 20
585739.32
 30
0.0
 40
1.5
  1
C425: 109.5mp
 72
1
 11
390835.987
 21
585739.32
 31
0.0
100
AcDbText
 73
2
  0
LWPOLYLINE
  5
18E
330
17
100
AcDbEntity
  8
CONSTRUCTII
 62
1
100
AcDbPolyline
 90
31
 70
1
 10
391224.647
 20
585695.955
 10
391224.347
 20
585697.155
 10
391223.297
 20
585697.905
 10
391222.397
 20
585699.855
 10
391222.697
 20
585703.305
 10
391223.297
 20
585704.355
 10
391224.497
 20
585705.255
 10
391224.497
 20
585705.555
 10
391222.397
 20
585706.605
 10
391221.947
 20
585708.105
 10
391220.897
 20
585709.005
 10
391219.847
 20
585711.555
 10
391217.897
 20
585714.105
 10
391217.447
 20
585715.005
 10
391217.447
 20
585716.355
 10
391216.997
 20
585717.255
 10
391216.247
 20
585718.455
 10
391215.047
 20
585719.505
 10
391214.597
 20
585720.405
 10
391215.347
 20
585721.905
 10
391216.247
 20
585722.355
 10
391216.997
 20
585722.355
 10
391217.447
 20
585721.905
 10
391218.497
 20
585719.805
 10
391219.247
 20
585719.055
 10
391220.147
 20
585716.505
 10
391222.097
 20
585714.255
 10
391223.597
 20
585714.255
 10
391224.797
 20
585715.305
 10
391225.697
 20
585715.005
 10
391224.647
 20
585695.955
  0
TEXT
  5
18F
330
17
100
AcDbEntity
  8
TEXTE
 62
7
100
AcDbText
 10
391221.554
 20
585711.232
 30
0.0
 40
1.5
  1
C426: 85.0mp
 72
1
 11
391221.554
 21
585711.232
 31
0.0
100
AcDbText
 73
2
  0
LWPOLYLINE
  5
190
330
17
100
AcDbEntity
  8
CONSTRUCTII
 62
1
100
AcDbPolyline
 90
20
 70
1
 10
391031.65
 20
585729.705
 10
391030.997
 20
585729.105
 10
391030.847
 20
585728.505
 10
391029.947
 20
585728.055
 10
391029.347
 20
585728.205
 10
391028.597
 20
585729.405
 10
391026.947
 20
585729.555
 10
391025.597
 20
585732.855
 10
391024.847
 20
585733.905
 10
391023.947
 20
585736.155
 10
391023.347
 20
585736.755
 10
391023.647
 20
585739.605
 10
391023.047
 20
585740.805
 10
391026.497
 20
585742.905
 10
391027.397
 20
585743.805
 10
391028.897
 20
585744.405
 10
391029.497
 20
585745.005
 10
391031.297
 20
585745.455
 10
391031.597
 20
585745.755
 10
391031.65
 20
585729.705
  0
TEXT
  5
191
330
17
100
AcDbEntity
  8
TEXTE
 62
7
100
AcDbText
 10
391028.231
 20
585737.012
 30
0.0
 40
1.5
  1
C431: 104.2mp
 72
1
 11
391028.231
 21
585737.012
 31
0.0
100
AcDbText
 73
2
  0
LWPOLYLINE
  5
192
330
17
100
AcDbEntity
  8
CONSTRUCTII
 62
1
100
AcDbPolyline
 90
41
 70
1
 10
390921.647
 20
585777.405
 10
390922.247
 20
585777.105
 10
390922.247
 20
585776.655
 10
390922.847
 20
585775.755
 10
390924.797
 20
585775.605
 10
390925.547
 20
585775.005
 10
390926.597
 20
585772.755
 10
390927.947
 20
585770.955
 10
390927.947
 20
585770.355
 10
390928.397
 20
585769.755
 10
390928.847
 20
585766.605
 10
390927.947
 20
585766.005
 10
390927.497
 20
585765.255
 10
390926.297
 20
585765.705
 10
390925.697
 20
585765.705
 10
390925.247
 20
585765.255
 10
390924.497
 20
585765.255
 10
390924.347
 20
585765.855
 10
390923.747
 20
585766.305
 10
390922.547
 20
585766.155
 10
390922.097
 20
585765.705
 10
390922.097
 20
585765.105
 10
390921.497
 20
585765.105
 10
390920.597
 20
585766.155
 10
390920.147
 20
585766.155
 10
390919.997
 20
585765.405
 10
390919.547
 20
585765.255
 10
390919.097
 20
585766.305
 10
390919.697
 20
585766.305
 10
390919.847
 20
585766.905
 10
390918.647
 20
585767.205
 10
390918.047
 20
585767.805
 10
390917.597
 20
585770.655
 10
390916.697
 20
585772.605
 10
390916.397
 20
585772.755
 10
390916.247
 20
585773.805
 10
390917.297
 20
585774.555
 10
390917.747
 20
585775.755
 10
390918.947
 20
585776.505
 10
390919.997
 20
585776.655
 10
390921.647
 20
585777.405
  0
TEXT
  5
193
330
17
100
AcDbEntity
  8
TEXTE
 62
7
100
AcDbText
 10
390922.516
 20
585770.851
 30
0.0
 40
1.5
  1
C432: 102.9mp
 72
1
 11
390922.516
 21
585770.851
 31
0.0
100
AcDbText
 73
2
  0
LWPOLYLINE
  5
194
330
17
100
AcDbEntity
  8
CONSTRUCTII
 62
1
100
AcDbPolyline
 90
48
 70
1
 10
391186.2
 20
585715.455
 10
391187.747
 20
585714.705
 10
391188.497
 20
585713.805
 10
391189.547
 20
585713.505
 10
391190.147
 20
585711.405
 10
391191.197
 20
585710.955
 10
391191.497
 20
585710.055
 10
391192.247
 20
585709.455
 10
391192.397
 20
585708.855
 10
391192.997
 20
585708.255
 10
391192.697
 20
585707.205
 10
391192.997
 20
585704.805
 10
391192.697
 20
585703.905
 10
391193.297
 20
585703.605
 10
391194.947
 20
585703.755
 10
391195.697
 20
585703.005
 10
391195.997
 20
585701.505
 10
391196.747
 20
585700.455
 10
391198.847
 20
585700.005
 10
391196.747
 20
585697.755
 10
391195.997
 20
585697.605
 10
391194.797
 20
585698.205
 10
391194.047
 20
585697.605
 10
391193.897
 20
585695.505
 10
391192.697
 20
585694.455
 10
391192.247
 20
585692.805
 10
391191.497
 20
585692.505
 10
391190.597
 20
585692.505
 10
391190.147
 20
585692.805
 10
391189.847
 20
585693.855
 10
391189.397
 20
585694.305
 10
391190.447
 20
585696.405
 10
391191.197
 20
585697.005
 10
391190.597
 20
585698.505
 10
391190.897
 20
585699.855
 10
391190.897
 20
585702.705
 10
391189.397
 20
585703.005
 10
391186.2
 20
585701.205
 10
391186.2
 20
585705.855
 10
391188.197
 20
585706.155
 10
391188.497
 20
585706.905
 10
391188.947
 20
585707.205
 10
391189.247
 20
585708.405
 10
391190.147
 20
585709.305
 10
391189.997
 20
585710.355
 10
391188.197
 20
585711.855
 10
391186.997
 20
585711.105
 10
391186.2
 20
585715.455
  0
TEXT
  5
195
330
17
100
AcDbEntity
  8
TEXTE
 62
7
100
AcDbText
 10
391191.426
 20
585702.889
 30
0.0
 40
1.5
  1
C435: 97.6mp
 72
1
 11
391191.426
 21
585702.889
 31
0.0
100
AcDbText
 73
2
  0
LWPOLYLINE
  5
196
330
17
100
AcDbEntity
  8
CONSTRUCTII
 62
1
100
AcDbPolyline
 90
28
 70
1
 10
390868.241
 20
585686.505
 10
390867.941
 20
585685.755
 10
390867.341
 20
585685.305
 10
390865.841
 20
585686.055
 10
390865.391
 20
585685.755
 10
390864.491
 20
585685.755
 10
390863.291
 20
585685.005
 10
390861.791
 20
585685.155
 10
390861.791
 20
585684.405
 10
390862.391
 20
585684.255
 10
390862.841
 20
585683.505
 10
390860.291
 20
585683.355
 10
390859.091
 20
585682.905
 10
390858.491
 20
585682.005
 10
390855.041
 20
585681.105
 10
390853.691
 20
585679.905
 10
390852.041
 20
585680.055
 10
390850.991
 20
585680.955
 10
390850.991
 20
585681.255
 10
390849.491
 20
585680.205
 10
390847.991
 20
585680.055
 10
390847.091
 20
585680.955
 10
390846.791
 20
585682.455
 10
390845.291
 20
585682.905
 10
390844.991
 20
585685.005
 10
390844.091
 20
585686.505
 10
390844.091
 20
585686.75
 10
390868.241
 20
585686.505
  0
TEXT
  5
197
330
17
100
AcDbEntity
  8
TEXTE
 62
7
100
AcDbText
 10
390853.682
 20
585684.073
 30
0.0
 40
1.5
  1
C436: 95.7mp
 72
1
 11
390853.682
 21
585684.073
 31
0.0
100
AcDbText
 73
2
  0
LWPOLYLINE
  5
198
330
17
100
AcDbEntity
  8
CONSTRUCTII
 62
1
100
AcDbPolyline
 90
26
 70
1
 10
390950.747
 20
585514.16
 10
390952.097
 20
585514.91
 10
390953.297
 20
585513.71
 10
390953.747
 20
585512.36
 10
390955.097
 20
585510.41
 10
390956.447
 20
585507.41
 10
390958.097
 20
585505.16
 10
390958.697
 20
585503.21
 10
390957.347
 20
585501.71
 10
390953.147
 20
585499.91
 10
390953.147
 20
585499.61
 10
390952.397
 20
585499.01
 10
390950.447
 20
585498.11
 10
390949.997
 20
585498.86
 10
390949.997
 20
585499.76
 10
390950.447
 20
585500.51
 10
390950.597
 20
585503.21
 10
390951.347
 20
585504.71
 10
390951.347
 20
585506.21
 10
390949.097
 20
585509.21
 10
390947.447
 20
585510.11
 10
390946.697
 20
585511.61
 10
390947.597
 20
585512.81
 10
390948.947
 20
585513.11
 10
390949.997
 20
585514.01
 10
390950.747
 20
585514.16
  0
TEXT
  5
199
330
17
100
AcDbEntity
  8
TEXTE
 62
7
100
AcDbText
 10
390952.858
 20
585506.748
 30
0.0
 40
1.5
  1
C438: 95.4mp
 72
1
 11
390952.858
 21
585506.748
 31
0.0
100
AcDbText
 73
2
  0
LWPOLYLINE
  5
19A
330
17
100
AcDbEntity
  8
CONSTRUCTII
 62
1
100
AcDbPolyline
 90
23
 70
1
 10
390592.527
 20
585550.657
 10
390593.54
 20
585550.657
 10
390593.54
 20
585551.657
 10
390595.54
 20
585551.657
 10
390595.54
 20
585552.657
 10
390598.54
 20
585552.657
 10
390598.54
 20
585550.657
 10
390599.54
 20
585550.657
 10
390599.54
 20
585547.657
 10
390600.54
 20
585547.657
 10
390600.54
 20
585544.657
 10
390601.54
 20
585544.657
 10
390601.54
 20
585542.657
 10
390602.54
 20
585542.657
 10
390602.54
 20
585541.657
 10
390600.54
 20
585541.657
 10
390600.54
 20
585540.657
 10
390597.54
 20
585540.657
 10
390597.54
 20
585539.657
 10
390593.54
 20
585539.657
 10
390593.54
 20
585538.657
 10
390592.527
 20
585538.657
 10
390592.527
 20
585550.657
  0
TEXT
  5
19B
330
17
100
AcDbEntity
  8
TEXTE
 62
7
100
AcDbText
 10
390596.496
 20
585545.566
 30
0.0
 40
1.5
  1
C439: 95.2mp
 72
1
 11
390596.496
 21
585545.566
 31
0.0
100
AcDbText
 73
2
  0
LWPOLYLINE
  5
19C
330
17
100
AcDbEntity
  8
CONSTRUCTII
 62
1
100
AcDbPolyline
 90
30
 70
1
 10
391330.092
 20
585620.355
 10
391331.742
 20
585620.355
 10
391332.792
 20
585619.455
 10
391333.392
 20
585616.755
 10
391334.742
 20
585613.905
 10
391334.892
 20
585612.405
 10
391335.642
 20
585610.605
 10
391336.392
 20
585610.005
 10
391336.992
 20
585610.005
 10
391337.142
 20
585609.705
 10
391337.292
 20
585607.605
 10
391336.992
 20
585607.305
 10
391336.092
 20
585607.005
 10
391334.142
 20
585607.155
 10
391332.042
 20
585609.405
 10
391331.442
 20
585609.555
 10
391330.542
 20
585610.605
 10
391330.242
 20
585610.605
 10
391328.892
 20
585612.255
 10
391327.692
 20
585612.405
 10
391325.892
 20
585613.305
 10
391325.142
 20
585614.205
 10
391324.842
 20
585615.555
 10
391323.792
 20
585616.605
 10
391323.792
 20
585618.555
 10
391324.092
 20
585619.455
 10
391325.442
 20
585619.605
 10
391327.542
 20
585618.855
 10
391329.192
 20
585619.455
 10
391330.092
 20
585620.355
  0
TEXT
  5
19D
330
17
100
AcDbEntity
  8
TEXTE
 62
7
100
AcDbText
 10
391330.586
 20
585614.341
 30
0.0
 40
1.5
  1
C443: 92.3mp
 72
1
 11
391330.586
 21
585614.341
 31
0.0
100
AcDbText
 73
2
  0
LWPOLYLINE
  5
19E
330
17
100
AcDbEntity
  8
CONSTRUCTII
 62
1
100
AcDbPolyline
 90
25
 70
1
 10
391325.892
 20
585588.705
 10
391327.542
 20
585588.405
 10
391329.342
 20
585587.055
 10
391330.992
 20
585586.755
 10
391330.992
 20
585585.105
 10
391332.492
 20
585583.905
 10
391332.342
 20
585582.555
 10
391331.292
 20
585581.655
 10
391330.842
 20
585580.455
 10
391329.942
 20
585579.855
 10
391329.642
 20
585578.955
 10
391328.742
 20
585577.905
 10
391327.392
 20
585577.155
 10
391327.392
 20
585576.855
 10
391326.492
 20
585576.255
 10
391325.442
 20
585576.405
 10
391324.692
 20
585577.305
 10
391323.192
 20
585577.605
 10
391320.642
 20
585580.755
 10
391320.792
 20
585582.105
 10
391321.692
 20
585583.755
 10
391323.492
 20
585585.855
 10
391323.942
 20
585586.905
 10
391324.842
 20
585587.355
 10
391325.892
 20
585588.705
  0
TEXT
  5
19F
330
17
100
AcDbEntity
  8
TEXTE
 62
7
100
AcDbText
 10
391326.476
 20
585582.477
 30
0.0
 40
1.5
  1
C444: 92.2mp
 72
1
 11
391326.476
 21
585582.477
 31
0.0
100
AcDbText
 73
2
  0
LWPOLYLINE
  5
1A0
330
17
100
AcDbEntity
  8
CONSTRUCTII
 62
1
100
AcDbPolyline
 90
23
 70
1
 10
390617.141
 20
585435.71
 10
390617.591
 20
585435.71
 10
390618.491
 20
585434.81
 10
390620.141
 20
585432.26
 10
390621.641
 20
585432.41
 10
390622.541
 20
585431.81
 10
390622.991
 20
585431.81
 10
390624.041
 20
585428.81
 10
390623.891
 20
585426.86
 10
390623.441
 20
585426.56
 10
390622.841
 20
585424.91
 10
390622.091
 20
585424.31
 10
390621.791
 20
585423.56
 10
390620.591
 20
585422.81
 10
390620.441
 20
585422.06
 10
390617.291
 20
585422.06
 10
390615.941
 20
585424.61
 10
390615.341
 20
585426.86
 10
390613.691
 20
585429.56
 10
390613.841
 20
585431.66
 10
390614.291
 20
585433.01
 10
390614.891
 20
585433.31
 10
390617.141
 20
585435.71
  0
TEXT
  5
1A1
330
17
100
AcDbEntity
  8
TEXTE
 62
7
100
AcDbText
 10
390618.764
 20
585428.589
 30
0.0
 40
1.5
  1
C445: 91.9mp
 72
1
 11
390618.764
 21
585428.589
 31
0.0
100
AcDbText
 73
2
  0
LWPOLYLINE
  5
1A2
330
17
100
AcDbEntity
  8
CONSTRUCTII
 62
1
100
AcDbPolyline
 90
30
 70
1
 10
390756.491
 20
585707.355
 10
390757.241
 20
585706.905
 10
390756.791
 20
585705.855
 10
390756.341
 20
585705.705
 10
390756.341
 20
585705.255
 10
390757.091
 20
585704.805
 10
390757.841
 20
585703.155
 10
390757.991
 20
585701.505
 10
390758.441
 20
585700.305
 10
390758.441
 20
585698.205
 10
390758.891
 20
585697.305
 10
390759.041
 20
585695.655
 10
390756.941
 20
585693.705
 10
390754.991
 20
585693.855
 10
390753.791
 20
585693.105
 10
390752.891
 20
585693.855
 10
390751.241
 20
585693.855
 10
390751.241
 20
585694.455
 10
390750.641
 20
585694.755
 10
390750.341
 20
585695.355
 10
390750.641
 20
585697.605
 10
390749.591
 20
585698.355
 10
390749.591
 20
585700.605
 10
390749.291
 20
585701.355
 10
390750.941
 20
585702.705
 10
390751.241
 20
585703.905
 10
390752.741
 20
585704.205
 10
390753.341
 20
585704.955
 10
390755.741
 20
585706.305
 10
390756.491
 20
585707.355
  0
TEXT
  5
1A3
330
17
100
AcDbEntity
  8
TEXTE
 62
7
100
AcDbText
 10
390754.374
 20
585699.377
 30
0.0
 40
1.5
  1
C447: 90.3mp
 72
1
 11
390754.374
 21
585699.377
 31
0.0
100
AcDbText
 73
2
  0
LWPOLYLINE
  5
1A4
330
17
100
AcDbEntity
  8
CONSTRUCTII
 62
1
100
AcDbPolyline
 90
27
 70
1
 10
391340.892
 20
585555.255
 10
391342.842
 20
585554.205
 10
391343.592
 20
585553.455
 10
391343.742
 20
585552.855
 10
391345.242
 20
585552.255
 10
391345.992
 20
585550.755
 10
391346.892
 20
585549.855
 10
391346.892
 20
585547.905
 10
391346.292
 20
585547.305
 10
391346.142
 20
585544.905
 10
391345.842
 20
585544.005
 10
391345.092
 20
585543.705
 10
391344.642
 20
585543.255
 10
391344.642
 20
585542.805
 10
391345.992
 20
585542.805
 10
391346.292
 20
585543.405
 10
391346.892
 20
585543.555
 10
391347.042
 20
585544.455
 10
391347.642
 20
585545.055
 10
391348.092
 20
585545.055
 10
391348.092
 20
585544.755
 10
391348.542
 20
585544.455
 10
391348.542
 20
585542.805
 10
391350.792
 20
585542.505
 10
391351.542
 20
585541.8
 10
391339.467
 20
585541.8
 10
391340.892
 20
585555.255
  0
TEXT
  5
1A5
330
17
100
AcDbEntity
  8
TEXTE
 62
7
100
AcDbText
 10
391343.532
 20
585547.104
 30
0.0
 40
1.5
  1
C448: 79.1mp
 72
1
 11
391343.532
 21
585547.104
 31
0.0
100
AcDbText
 73
2
  0
LWPOLYLINE
  5
1A6
330
17
100
AcDbEntity
  8
CONSTRUCTII
 62
1
100
AcDbPolyline
 90
32
 70
1
 10
391308.042
 20
585603.855
 10
391309.542
 20
585603.855
 10
391310.142
 20
585603.555
 10
391311.042
 20
585601.905
 10
391313.142
 20
585601.005
 10
391313.892
 20
585600.255
 10
391314.942
 20
585599.805
 10
391315.392
 20
585599.205
 10
391315.392
 20
585598.605
 10
391314.492
 20
585597.855
 10
391314.492
 20
585597.555
 10
391313.292
 20
585596.805
 10
391311.492
 20
585595.005
 10
391311.492
 20
585594.705
 10
391310.592
 20
585594.105
 10
391309.692
 20
585592.305
 10
391308.492
 20
585591.405
 10
391306.242
 20
585592.605
 10
391305.792
 20
585593.655
 10
391304.892
 20
585594.255
 10
391304.742
 20
585594.855
 10
391303.242
 20
585595.605
 10
391302.942
 20
585597.105
 10
391302.642
 20
585597.405
 10
391302.792
 20
585598.155
 10
391304.292
 20
585598.755
 10
391304.142
 20
585600.405
 10
391305.492
 20
585600.555
 10
391306.542
 20
585601.605
 10
391306.542
 20
585602.055
 10
391307.292
 20
585603.255
 10
391308.042
 20
585603.855
  0
TEXT
  5
1A7
330
17
100
AcDbEntity
  8
TEXTE
 62
7
100
AcDbText
 10
391308.715
 20
585597.866
 30
0.0
 40
1.5
  1
C449: 87.3mp
 72
1
 11
391308.715
 21
585597.866
 31
0.0
100
AcDbText
 73
2
  0
LWPOLYLINE
  5
1A8
330
17
100
AcDbEntity
  8
CONSTRUCTII
 62
1
100
AcDbPolyline
 90
19
 70
1
 10
390637.6
 20
585495.26
 10
390637.991
 20
585495.11
 10
390638.891
 20
585493.01
 10
390640.541
 20
585491.66
 10
390641.291
 20
585492.86
 10
390642.191
 20
585493.46
 10
390643.691
 20
585493.61
 10
390644.591
 20
585494.21
 10
390646.241
 20
585494.21
 10
390647.741
 20
585490.61
 10
390647.591
 20
585488.51
 10
390644.591
 20
585487.31
 10
390643.391
 20
585485.81
 10
390641.441
 20
585484.76
 10
390640.541
 20
585483.11
 10
390640.541
 20
585481.31
 10
390639.491
 20
585480.11
 10
390637.691
 20
585479.51
 10
390637.6
 20
585495.26
  0
TEXT
  5
1A9
330
17
100
AcDbEntity
  8
TEXTE
 62
7
100
AcDbText
 10
390641.635
 20
585488.475
 30
0.0
 40
1.5
  1
C451: 86.9mp
 72
1
 11
390641.635
 21
585488.475
 31
0.0
100
AcDbText
 73
2
  0
LWPOLYLINE
  5
1AA
330
17
100
AcDbEntity
  8
CONSTRUCTII
 62
1
100
AcDbPolyline
 90
15
 70
1
 10
390709.991
 20
585432.26
 10
390710.291
 20
585432.11
 10
390710.741
 20
585430.31
 10
390711.341
 20
585429.56
 10
390711.941
 20
585425.66
 10
390713.441
 20
585423.11
 10
390713.741
 20
585421.76
 10
390714.491
 20
585421.46
 10
390715.091
 20
585417.41
 10
390716.141
 20
585416.06
 10
390714.341
 20
585414.71
 10
390713.291
 20
585414.41
 10
390710.591
 20
585414.71
 10
390708.55
 20
585416.06
 10
390709.991
 20
585432.26
  0
TEXT
  5
1AB
330
17
100
AcDbEntity
  8
TEXTE
 62
7
100
AcDbText
 10
390711.598
 20
585420.77
 30
0.0
 40
1.5
  1
C452: 68.1mp
 72
1
 11
390711.598
 21
585420.77
 31
0.0
100
AcDbText
 73
2
  0
LWPOLYLINE
  5
1AC
330
17
100
AcDbEntity
  8
CONSTRUCTII
 62
1
100
AcDbPolyline
 90
32
 70
1
 10
391319.142
 20
585596.805
 10
391321.242
 20
585595.605
 10
391321.842
 20
585595.005
 10
391322.442
 20
585593.505
 10
391323.792
 20
585592.605
 10
391324.242
 20
585591.855
 10
391322.442
 20
585590.955
 10
391320.792
 20
585589.305
 10
391320.342
 20
585587.955
 10
391319.592
 20
585587.355
 10
391319.292
 20
585586.605
 10
391317.792
 20
585586.755
 10
391317.942
 20
585584.955
 10
391316.442
 20
585584.505
 10
391315.842
 20
585585.105
 10
391315.092
 20
585585.255
 10
391314.792
 20
585585.705
 10
391313.442
 20
585586.155
 10
391312.842
 20
585586.905
 10
391312.242
 20
585587.055
 10
391311.342
 20
585587.955
 10
391311.492
 20
585589.005
 10
391311.642
 20
585589.455
 10
391312.692
 20
585590.205
 10
391313.292
 20
585591.555
 10
391313.742
 20
585591.705
 10
391314.042
 20
585592.305
 10
391315.392
 20
585593.505
 10
391315.842
 20
585594.405
 10
391316.742
 20
585594.855
 10
391317.792
 20
585596.505
 10
391319.142
 20
585596.805
  0
TEXT
  5
1AD
330
17
100
AcDbEntity
  8
TEXTE
 62
7
100
AcDbText
 10
391317.534
 20
585590.674
 30
0.0
 40
1.5
  1
C453: 82.6mp
 72
1
 11
391317.534
 21
585590.674
 31
0.0
100
AcDbText
 73
2
  0
LWPOLYLINE
  5
1AE
330
17
100
AcDbEntity
  8
CONSTRUCTII
 62
1
100
AcDbPolyline
 90
26
 70
1
 10
391280.442
 20
585677.955
 10
391280.892
 20
585676.455
 10
391282.392
 20
585676.005
 10
391282.542
 20
585675.705
 10
391282.692
 20
585672.555
 10
391282.092
 20
585672.105
 10
391281.192
 20
585671.955
 10
391280.892
 20
585671.205
 10
391279.692
 20
585670.755
 10
391278.192
 20
585670.605
 10
391277.442
 20
585671.355
 10
391277.292
 20
585671.955
 10
391276.692
 20
585672.255
 10
391276.242
 20
585673.155
 10
391274.592
 20
585673.455
 10
391274.142
 20
585674.055
 10
391272.942
 20
585672.705
 10
391272.642
 20
585672.705
 10
391272.492
 20
585673.305
 10
391271.592
 20
585674.055
 10
391268.292
 20
585673.605
 10
391267.242
 20
585673.905
 10
391267.092
 20
585674.205
 10
391267.242
 20
585676.905
 10
391266.942
 20
585678.05
 10
391280.442
 20
585677.955
  0
TEXT
  5
1AF
330
17
100
AcDbEntity
  8
TEXTE
 62
7
100
AcDbText
 10
391275.405
 20
585675.137
 30
0.0
 40
1.5
  1
C457: 78.4mp
 72
1
 11
391275.405
 21
585675.137
 31
0.0
100
AcDbText
 73
2
  0
LWPOLYLINE
  5
1B0
330
17
100
AcDbEntity
  8
CONSTRUCTII
 62
1
100
AcDbPolyline
 90
22
 70
1
 10
390849.341
 20
585416.66
 10
390850.091
 20
585416.51
 10
390851.141
 20
585415.31
 10
390851.591
 20
585413.51
 10
390852.341
 20
585412.01
 10
390852.191
 20
585410.51
 10
390849.941
 20
585409.61
 10
390846.641
 20
585408.86
 10
390845.591
 20
585408.11
 10
390844.091
 20
585407.81
 10
390843.491
 20
585407.21
 10
390841.841
 20
585406.46
 10
390840.341
 20
585406.76
 10
390839.441
 20
585407.81
 10
390839.291
 20
585409.31
 10
390840.491
 20
585410.66
 10
390841.691
 20
585411.41
 10
390843.341
 20
585414.11
 10
390844.691
 20
585415.16
 10
390846.191
 20
585415.61
 10
390848.141
 20
585415.76
 10
390849.341
 20
585416.66
  0
TEXT
  5
1B1
330
17
100
AcDbEntity
  8
TEXTE
 62
7
100
AcDbText
 10
390846.038
 20
585411.499
 30
0.0
 40
1.5
  1
C459: 75.2mp
 72
1
 11
390846.038
 21
585411.499
 31
0.0
100
AcDbText
 73
2
  0
LWPOLYLINE
  5
1B2
330
17
100
AcDbEntity
  8
CONSTRUCTII
 62
1
100
AcDbPolyline
 90
14
 70
1
 10
390669.1
 20
585610.755
 10
390671.591
 20
585610.755
 10
390673.541
 20
585611.805
 10
390673.541
 20
585611.355
 10
390675.191
 20
585609.855
 10
390675.341
 20
585608.655
 10
390676.241
 20
585607.005
 10
390676.541
 20
585604.605
 10
390675.641
 20
585602.355
 10
390674.741
 20
585601.905
 10
390673.691
 20
585600.705
 10
390669.341
 20
585599.055
 10
390669.1
 20
585599.055
 10
390669.1
 20
585610.755
  0
TEXT
  5
1B3
330
17
100
AcDbEntity
  8
TEXTE
 62
7
100
AcDbText
 10
390672.318
 20
585605.525
 30
0.0
 40
1.5
  1
C460: 70.8mp
 72
1
 11
390672.318
 21
585605.525
 31
0.0
100
AcDbText
 73
2
  0
LWPOLYLINE
  5
1B4
330
17
100
AcDbEntity
  8
CONSTRUCTII
 62
1
100
AcDbPolyline
 90
20
 70
1
 10
390887.597
 20
585743.205
 10
390891.497
 20
585743.355
 10
390892.847
 20
585742.455
 10
390892.997
 20
585739.755
 10
390893.447
 20
585739.155
 10
390893.597
 20
585737.955
 10
390894.647
 20
585735.555
 10
390894.497
 20
585733.755
 10
390893.297
 20
585733.305
 10
390891.047
 20
585733.155
 10
390889.397
 20
585732.255
 10
390888.647
 20
585732.255
 10
390887.597
 20
585733.155
 10
390886.847
 20
585736.455
 10
390886.697
 20
585738.555
 10
390886.247
 20
585739.455
 10
390886.247
 20
585741.105
 10
390886.997
 20
585742.005
 10
390887.147
 20
585742.755
 10
390887.597
 20
585743.205
  0
TEXT
  5
1B5
330
17
100
AcDbEntity
  8
TEXTE
 62
7
100
AcDbText
 10
390890.214
 20
585737.879
 30
0.0
 40
1.5
  1
C461: 69.9mp
 72
1
 11
390890.214
 21
585737.879
 31
0.0
100
AcDbText
 73
2
  0
LWPOLYLINE
  5
1B6
330
17
100
AcDbEntity
  8
CONSTRUCTII
 62
1
100
AcDbPolyline
 90
24
 70
1
 10
391287.642
 20
585504.86
 10
391288.842
 20
585504.41
 10
391290.942
 20
585502.46
 10
391291.542
 20
585501.56
 10
391292.592
 20
585501.26
 10
391293.042
 20
585500.51
 10
391292.592
 20
585500.21
 10
391291.992
 20
585499.01
 10
391290.942
 20
585498.71
 10
391289.442
 20
585497.21
 10
391287.642
 20
585496.76
 10
391286.742
 20
585495.86
 10
391285.092
 20
585495.56
 10
391284.492
 20
585496.01
 10
391283.142
 20
585496.31
 10
391282.242
 20
585497.21
 10
391281.792
 20
585498.56
 10
391281.042
 20
585499.16
 10
391281.792
 20
585501.71
 10
391282.542
 20
585502.16
 10
391284.042
 20
585502.16
 10
391285.992
 20
585502.91
 10
391287.192
 20
585503.96
 10
391287.642
 20
585504.86
  0
TEXT
  5
1B7
330
17
100
AcDbEntity
  8
TEXTE
 62
7
100
AcDbText
 10
391286.737
 20
585499.937
 30
0.0
 40
1.5
  1
C464: 64.5mp
 72
1
 11
391286.737
 21
585499.937
 31
0.0
100
AcDbText
 73
2
  0
LWPOLYLINE
  5
1B8
330
17
100
AcDbEntity
  8
CONSTRUCTII
 62
1
100
AcDbPolyline
 90
28
 70
1
 10
390906.797
 20
585783.405
 10
390907.697
 20
585781.905
 10
390907.847
 20
585780.855
 10
390908.597
 20
585779.355
 10
390908.747
 20
585778.005
 10
390909.047
 20
585777.555
 10
390909.047
 20
585776.055
 10
390907.397
 20
585774.855
 10
390906.347
 20
585774.555
 10
390905.597
 20
585773.505
 10
390904.697
 20
585774.405
 10
390904.097
 20
585774.705
 10
390903.047
 20
585774.705
 10
390902.747
 20
585775.005
 10
390902.597
 20
585773.805
 10
390901.847
 20
585773.355
 10
390901.697
 20
585772.155
 10
390901.247
 20
585772.155
 10
390901.247
 20
585773.805
 10
390900.797
 20
585775.905
 10
390901.097
 20
585778.155
 10
390900.647
 20
585779.055
 10
390900.947
 20
585780.705
 10
390901.397
 20
585781.155
 10
390902.897
 20
585781.155
 10
390903.347
 20
585781.905
 10
390904.697
 20
585782.805
 10
390906.797
 20
585783.405
  0
TEXT
  5
1B9
330
17
100
AcDbEntity
  8
TEXTE
 62
7
100
AcDbText
 10
390904.734
 20
585778.167
 30
0.0
 40
1.5
  1
C468: 60.0mp
 72
1
 11
390904.734
 21
585778.167
 31
0.0
100
AcDbText
 73
2
  0
LWPOLYLINE
  5
1BA
330
17
100
AcDbEntity
  8
CONSTRUCTII
 62
1
100
AcDbPolyline
 90
23
 70
1
 10
391189.997
 20
585536.81
 10
391189.997
 20
585536.805
 10
391199.147
 20
585536.805
 10
391199.147
 20
585536.81
 10
391202.297
 20
585536.81
 10
391202.297
 20
585536.06
 10
391199.747
 20
585535.46
 10
391199.147
 20
585534.86
 10
391198.997
 20
585533.36
 10
391197.197
 20
585533.06
 10
391196.747
 20
585532.76
 10
391196.447
 20
585532.01
 10
391196.147
 20
585532.01
 10
391195.997
 20
585532.61
 10
391195.397
 20
585532.91
 10
391194.647
 20
585532.91
 10
391193.447
 20
585532.01
 10
391189.397
 20
585532.01
 10
391188.347
 20
585533.36
 10
391188.197
 20
585533.96
 10
391186.397
 20
585535.91
 10
391186.397
 20
585536.81
 10
391189.997
 20
585536.81
  0
TEXT
  5
1BB
330
17
100
AcDbEntity
  8
TEXTE
 62
7
100
AcDbText
 10
391193.554
 20
585534.811
 30
0.0
 40
1.5
  1
C471: 53.9mp
 72
1
 11
391193.554
 21
585534.811
 31
0.0
100
AcDbText
 73
2
  0
LWPOLYLINE
  5
1BC
330
17
100
AcDbEntity
  8
CONSTRUCTII
 62
1
100
AcDbPolyline
 90
20
 70
1
 10
391288.992
 20
585619.155
 10
391290.642
 20
585619.155
 10
391292.892
 20
585616.755
 10
391292.592
 20
585615.705
 10
391291.092
 20
585614.055
 10
391291.092
 20
585613.755
 10
391288.992
 20
585611.805
 10
391287.942
 20
585610.155
 10
391286.292
 20
585610.155
 10
391285.542
 20
585609.555
 10
391284.792
 20
585609.555
 10
391283.892
 20
585610.455
 10
391282.992
 20
585610.755
 10
391282.992
 20
585613.005
 10
391283.892
 20
585613.005
 10
391284.192
 20
585613.305
 10
391285.092
 20
585616.155
 10
391285.842
 20
585616.605
 10
391286.442
 20
585616.605
 10
391288.992
 20
585619.155
  0
TEXT
  5
1BD
330
17
100
AcDbEntity
  8
TEXTE
 62
7
100
AcDbText
 10
391287.831
 20
585614.346
 30
0.0
 40
1.5
  1
C472: 53.3mp
 72
1
 11
391287.831
 21
585614.346
 31
0.0
100
AcDbText
 73
2
  0
LWPOLYLINE
  5
1BE
330
17
100
AcDbEntity
  8
CONSTRUCTII
 62
1
100
AcDbPolyline
 90
20
 70
1
 10
390939.647
 20
585502.01
 10
390941.147
 20
585502.01
 10
390942.347
 20
585500.36
 10
390943.697
 20
585500.06
 10
390944.297
 20
585499.46
 10
390944.897
 20
585498.41
 10
390944.897
 20
585497.21
 10
390944.597
 20
585496.76
 10
390943.247
 20
585496.61
 10
390942.347
 20
585497.06
 10
390940.547
 20
585497.06
 10
390936.947
 20
585496.31
 10
390936.197
 20
585496.61
 10
390933.947
 20
585496.61
 10
390933.497
 20
585497.51
 10
390933.797
 20
585499.31
 10
390935.897
 20
585500.06
 10
390936.947
 20
585500.81
 10
390938.447
 20
585501.26
 10
390939.647
 20
585502.01
  0
TEXT
  5
1BF
330
17
100
AcDbEntity
  8
TEXTE
 62
7
100
AcDbText
 10
390939.256
 20
585498.792
 30
0.0
 40
1.5
  1
C478: 43.8mp
 72
1
 11
390939.256
 21
585498.792
 31
0.0
100
AcDbText
 73
2
  0
LWPOLYLINE
  5
1C0
330
17
100
AcDbEntity
  8
CONSTRUCTII
 62
1
100
AcDbPolyline
 90
10
 70
1
 10
390661.841
 20
585413.7
 10
390661.991
 20
585412.91
 10
390661.241
 20
585411.71
 10
390654.941
 20
585411.71
 10
390654.491
 20
585411.41
 10
390651.641
 20
585410.96
 10
390650.591
 20
585411.41
 10
390648.941
 20
585413.21
 10
390648.941
 20
585413.7
 10
390661.841
 20
585413.7
  0
TEXT
  5
1C1
330
17
100
AcDbEntity
  8
TEXTE
 62
7
100
AcDbText
 10
390655.335
 20
585412.63
 30
0.0
 40
1.5
  1
C482: 26.6mp
 72
1
 11
390655.335
 21
585412.63
 31
0.0
100
AcDbText
 73
2
  0
LWPOLYLINE
  5
1C2
330
17
100
AcDbEntity
  8
ANEXE
 62
2
100
AcDbPolyline
 90
13
 70
1
 10
390769.54
 20
585660.657
 10
390769.54
 20
585658.657
 10
390768.54
 20
585658.657
 10
390768.54
 20
585655.657
 10
390770.54
 20
585655.657
 10
390770.54
 20
585653.657
 10
390771.54
 20
585653.657
 10
390771.54
 20
585654.657
 10
390772.54
 20
585654.657
 10
390772.54
 20
585659.657
 10
390770.54
 20
585659.657
 10
390770.54
 20
585660.657
 10
390769.54
 20
585660.657
  0
TEXT
  5
1C3
330
17
100
AcDbEntity
  8
TEXTE
 62
7
100
AcDbText
 10
390770.724
 20
585657.262
 30
0.0
 40
1.2
  1
Anexa: 19.0mp
 72
1
 11
390770.724
 21
585657.262
 31
0.0
100
AcDbText
 73
2
  0
CIRCLE
  5
1C4
330
17
100
AcDbEntity
  8
ARBORI
 62
3
100
AcDbCircle
 10
391090.04
 20
585867.16
 30
0.0
 40
3.0
  0
POINT
  5
1C5
330
17
100
AcDbEntity
  8
ARBORI
 62
3
100
AcDbPoint
 10
391090.04
 20
585867.16
 30
0.0
  0
CIRCLE
  5
1C6
330
17
100
AcDbEntity
  8
ARBORI
 62
3
100
AcDbCircle
 10
391068.04
 20
585862.16
 30
0.0
 40
3.6
  0
POINT
  5
1C7
330
17
100
AcDbEntity
  8
ARBORI
 62
3
100
AcDbPoint
 10
391068.04
 20
585862.16
 30
0.0
  0
CIRCLE
  5
1C8
330
17
100
AcDbEntity
  8
ARBORI
 62
3
100
AcDbCircle
 10
391096.04
 20
585857.16
 30
0.0
 40
2.3
  0
POINT
  5
1C9
330
17
100
AcDbEntity
  8
ARBORI
 62
3
100
AcDbPoint
 10
391096.04
 20
585857.16
 30
0.0
  0
CIRCLE
  5
1CA
330
17
100
AcDbEntity
  8
ARBORI
 62
3
100
AcDbCircle
 10
391102.04
 20
585846.16
 30
0.0
 40
3.1
  0
POINT
  5
1CB
330
17
100
AcDbEntity
  8
ARBORI
 62
3
100
AcDbPoint
 10
391102.04
 20
585846.16
 30
0.0
  0
CIRCLE
  5
1CC
330
17
100
AcDbEntity
  8
ARBORI
 62
3
100
AcDbCircle
 10
391049.04
 20
585841.16
 30
0.0
 40
6.0
  0
POINT
  5
1CD
330
17
100
AcDbEntity
  8
ARBORI
 62
3
100
AcDbPoint
 10
391049.04
 20
585841.16
 30
0.0
  0
CIRCLE
  5
1CE
330
17
100
AcDbEntity
  8
ARBORI
 62
3
100
AcDbCircle
 10
391104.04
 20
585840.16
 30
0.0
 40
3.0
  0
POINT
  5
1CF
330
17
100
AcDbEntity
  8
ARBORI
 62
3
100
AcDbPoint
 10
391104.04
 20
585840.16
 30
0.0
  0
CIRCLE
  5
1D0
330
17
100
AcDbEntity
  8
ARBORI
 62
3
100
AcDbCircle
 10
391151.04
 20
585839.16
 30
0.0
 40
6.0
  0
POINT
  5
1D1
330
17
100
AcDbEntity
  8
ARBORI
 62
3
100
AcDbPoint
 10
391151.04
 20
585839.16
 30
0.0
  0
CIRCLE
  5
1D2
330
17
100
AcDbEntity
  8
ARBORI
 62
3
100
AcDbCircle
 10
391055.04
 20
585838.16
 30
0.0
 40
6.0
  0
POINT
  5
1D3
330
17
100
AcDbEntity
  8
ARBORI
 62
3
100
AcDbPoint
 10
391055.04
 20
585838.16
 30
0.0
  0
CIRCLE
  5
1D4
330
17
100
AcDbEntity
  8
ARBORI
 62
3
100
AcDbCircle
 10
391083.04
 20
585836.16
 30
0.0
 40
6.0
  0
POINT
  5
1D5
330
17
100
AcDbEntity
  8
ARBORI
 62
3
100
AcDbPoint
 10
391083.04
 20
585836.16
 30
0.0
  0
CIRCLE
  5
1D6
330
17
100
AcDbEntity
  8
ARBORI
 62
3
100
AcDbCircle
 10
391078.04
 20
585834.16
 30
0.0
 40
6.0
  0
POINT
  5
1D7
330
17
100
AcDbEntity
  8
ARBORI
 62
3
100
AcDbPoint
 10
391078.04
 20
585834.16
 30
0.0
  0
CIRCLE
  5
1D8
330
17
100
AcDbEntity
  8
ARBORI
 62
3
100
AcDbCircle
 10
391073.04
 20
585833.16
 30
0.0
 40
6.0
  0
POINT
  5
1D9
330
17
100
AcDbEntity
  8
ARBORI
 62
3
100
AcDbPoint
 10
391073.04
 20
585833.16
 30
0.0
  0
CIRCLE
  5
1DA
330
17
100
AcDbEntity
  8
ARBORI
 62
3
100
AcDbCircle
 10
391058.04
 20
585831.16
 30
0.0
 40
6.0
  0
POINT
  5
1DB
330
17
100
AcDbEntity
  8
ARBORI
 62
3
100
AcDbPoint
 10
391058.04
 20
585831.16
 30
0.0
  0
CIRCLE
  5
1DC
330
17
100
AcDbEntity
  8
ARBORI
 62
3
100
AcDbCircle
 10
391091.04
 20
585830.16
 30
0.0
 40
1.5
  0
POINT
  5
1DD
330
17
100
AcDbEntity
  8
ARBORI
 62
3
100
AcDbPoint
 10
391091.04
 20
585830.16
 30
0.0
  0
CIRCLE
  5
1DE
330
17
100
AcDbEntity
  8
ARBORI
 62
3
100
AcDbCircle
 10
391137.04
 20
585830.16
 30
0.0
 40
1.5
  0
POINT
  5
1DF
330
17
100
AcDbEntity
  8
ARBORI
 62
3
100
AcDbPoint
 10
391137.04
 20
585830.16
 30
0.0
  0
CIRCLE
  5
1E0
330
17
100
AcDbEntity
  8
ARBORI
 62
3
100
AcDbCircle
 10
391010.04
 20
585827.16
 30
0.0
 40
1.8
  0
POINT
  5
1E1
330
17
100
AcDbEntity
  8
ARBORI
 62
3
100
AcDbPoint
 10
391010.04
 20
585827.16
 30
0.0
  0
CIRCLE
  5
1E2
330
17
100
AcDbEntity
  8
ARBORI
 62
3
100
AcDbCircle
 10
391025.04
 20
585826.16
 30
0.0
 40
4.5
  0
POINT
  5
1E3
330
17
100
AcDbEntity
  8
ARBORI
 62
3
100
AcDbPoint
 10
391025.04
 20
585826.16
 30
0.0
  0
CIRCLE
  5
1E4
330
17
100
AcDbEntity
  8
ARBORI
 62
3
100
AcDbCircle
 10
391071.04
 20
585825.16
 30
0.0
 40
6.0
  0
POINT
  5
1E5
330
17
100
AcDbEntity
  8
ARBORI
 62
3
100
AcDbPoint
 10
391071.04
 20
585825.16
 30
0.0
  0
CIRCLE
  5
1E6
330
17
100
AcDbEntity
  8
ARBORI
 62
3
100
AcDbCircle
 10
390989.04
 20
585823.16
 30
0.0
 40
1.8
  0
POINT
  5
1E7
330
17
100
AcDbEntity
  8
ARBORI
 62
3
100
AcDbPoint
 10
390989.04
 20
585823.16
 30
0.0
  0
CIRCLE
  5
1E8
330
17
100
AcDbEntity
  8
ARBORI
 62
3
100
AcDbCircle
 10
391089.04
 20
585823.16
 30
0.0
 40
1.5
  0
POINT
  5
1E9
330
17
100
AcDbEntity
  8
ARBORI
 62
3
100
AcDbPoint
 10
391089.04
 20
585823.16
 30
0.0
  0
CIRCLE
  5
1EA
330
17
100
AcDbEntity
  8
ARBORI
 62
3
100
AcDbCircle
 10
390998.04
 20
585822.16
 30
0.0
 40
1.8
  0
POINT
  5
1EB
330
17
100
AcDbEntity
  8
ARBORI
 62
3
100
AcDbPoint
 10
390998.04
 20
585822.16
 30
0.0
  0
CIRCLE
  5
1EC
330
17
100
AcDbEntity
  8
ARBORI
 62
3
100
AcDbCircle
 10
391008.04
 20
585822.16
 30
0.0
 40
2.0
  0
POINT
  5
1ED
330
17
100
AcDbEntity
  8
ARBORI
 62
3
100
AcDbPoint
 10
391008.04
 20
585822.16
 30
0.0
  0
CIRCLE
  5
1EE
330
17
100
AcDbEntity
  8
ARBORI
 62
3
100
AcDbCircle
 10
390984.04
 20
585820.16
 30
0.0
 40
1.6
  0
POINT
  5
1EF
330
17
100
AcDbEntity
  8
ARBORI
 62
3
100
AcDbPoint
 10
390984.04
 20
585820.16
 30
0.0
  0
CIRCLE
  5
1F0
330
17
100
AcDbEntity
  8
ARBORI
 62
3
100
AcDbCircle
 10
391067.04
 20
585819.16
 30
0.0
 40
4.2
  0
POINT
  5
1F1
330
17
100
AcDbEntity
  8
ARBORI
 62
3
100
AcDbPoint
 10
391067.04
 20
585819.16
 30
0.0
  0
CIRCLE
  5
1F2
330
17
100
AcDbEntity
  8
ARBORI
 62
3
100
AcDbCircle
 10
390987.04
 20
585815.16
 30
0.0
 40
1.7
  0
POINT
  5
1F3
330
17
100
AcDbEntity
  8
ARBORI
 62
3
100
AcDbPoint
 10
390987.04
 20
585815.16
 30
0.0
  0
CIRCLE
  5
1F4
330
17
100
AcDbEntity
  8
ARBORI
 62
3
100
AcDbCircle
 10
390958.04
 20
585814.16
 30
0.0
 40
1.7
  0
POINT
  5
1F5
330
17
100
AcDbEntity
  8
ARBORI
 62
3
100
AcDbPoint
 10
390958.04
 20
585814.16
 30
0.0
  0
CIRCLE
  5
1F6
330
17
100
AcDbEntity
  8
ARBORI
 62
3
100
AcDbCircle
 10
391147.04
 20
585805.16
 30
0.0
 40
1.5
  0
POINT
  5
1F7
330
17
100
AcDbEntity
  8
ARBORI
 62
3
100
AcDbPoint
 10
391147.04
 20
585805.16
 30
0.0
  0
CIRCLE
  5
1F8
330
17
100
AcDbEntity
  8
ARBORI
 62
3
100
AcDbCircle
 10
390937.04
 20
585802.16
 30
0.0
 40
1.7
  0
POINT
  5
1F9
330
17
100
AcDbEntity
  8
ARBORI
 62
3
100
AcDbPoint
 10
390937.04
 20
585802.16
 30
0.0
  0
CIRCLE
  5
1FA
330
17
100
AcDbEntity
  8
ARBORI
 62
3
100
AcDbCircle
 10
391155.04
 20
585802.16
 30
0.0
 40
2.3
  0
POINT
  5
1FB
330
17
100
AcDbEntity
  8
ARBORI
 62
3
100
AcDbPoint
 10
391155.04
 20
585802.16
 30
0.0
  0
CIRCLE
  5
1FC
330
17
100
AcDbEntity
  8
ARBORI
 62
3
100
AcDbCircle
 10
390929.04
 20
585796.16
 30
0.0
 40
2.0
  0
POINT
  5
1FD
330
17
100
AcDbEntity
  8
ARBORI
 62
3
100
AcDbPoint
 10
390929.04
 20
585796.16
 30
0.0
  0
CIRCLE
  5
1FE
330
17
100
AcDbEntity
  8
ARBORI
 62
3
100
AcDbCircle
 10
390938.04
 20
585795.16
 30
0.0
 40
2.7
  0
POINT
  5
1FF
330
17
100
AcDbEntity
  8
ARBORI
 62
3
100
AcDbPoint
 10
390938.04
 20
585795.16
 30
0.0
  0
CIRCLE
  5
200
330
17
100
AcDbEntity
  8
ARBORI
 62
3
100
AcDbCircle
 10
391083.04
 20
585795.16
 30
0.0
 40
2.2
  0
POINT
  5
201
330
17
100
AcDbEntity
  8
ARBORI
 62
3
100
AcDbPoint
 10
391083.04
 20
585795.16
 30
0.0
  0
CIRCLE
  5
202
330
17
100
AcDbEntity
  8
ARBORI
 62
3
100
AcDbCircle
 10
391073.04
 20
585792.16
 30
0.0
 40
1.7
  0
POINT
  5
203
330
17
100
AcDbEntity
  8
ARBORI
 62
3
100
AcDbPoint
 10
391073.04
 20
585792.16
 30
0.0
  0
CIRCLE
  5
204
330
17
100
AcDbEntity
  8
ARBORI
 62
3
100
AcDbCircle
 10
391167.04
 20
585787.16
 30
0.0
 40
6.0
  0
POINT
  5
205
330
17
100
AcDbEntity
  8
ARBORI
 62
3
100
AcDbPoint
 10
391167.04
 20
585787.16
 30
0.0
  0
CIRCLE
  5
206
330
17
100
AcDbEntity
  8
ARBORI
 62
3
100
AcDbCircle
 10
391110.04
 20
585783.16
 30
0.0
 40
2.3
  0
POINT
  5
207
330
17
100
AcDbEntity
  8
ARBORI
 62
3
100
AcDbPoint
 10
391110.04
 20
585783.16
 30
0.0
  0
CIRCLE
  5
208
330
17
100
AcDbEntity
  8
ARBORI
 62
3
100
AcDbCircle
 10
390926.04
 20
585781.16
 30
0.0
 40
3.0
  0
POINT
  5
209
330
17
100
AcDbEntity
  8
ARBORI
 62
3
100
AcDbPoint
 10
390926.04
 20
585781.16
 30
0.0
  0
CIRCLE
  5
20A
330
17
100
AcDbEntity
  8
ARBORI
 62
3
100
AcDbCircle
 10
391072.04
 20
585779.16
 30
0.0
 40
6.0
  0
POINT
  5
20B
330
17
100
AcDbEntity
  8
ARBORI
 62
3
100
AcDbPoint
 10
391072.04
 20
585779.16
 30
0.0
  0
CIRCLE
  5
20C
330
17
100
AcDbEntity
  8
ARBORI
 62
3
100
AcDbCircle
 10
390920.04
 20
585778.16
 30
0.0
 40
3.5
  0
POINT
  5
20D
330
17
100
AcDbEntity
  8
ARBORI
 62
3
100
AcDbPoint
 10
390920.04
 20
585778.16
 30
0.0
  0
CIRCLE
  5
20E
330
17
100
AcDbEntity
  8
ARBORI
 62
3
100
AcDbCircle
 10
391155.04
 20
585778.16
 30
0.0
 40
1.5
  0
POINT
  5
20F
330
17
100
AcDbEntity
  8
ARBORI
 62
3
100
AcDbPoint
 10
391155.04
 20
585778.16
 30
0.0
  0
CIRCLE
  5
210
330
17
100
AcDbEntity
  8
ARBORI
 62
3
100
AcDbCircle
 10
391172.04
 20
585776.16
 30
0.0
 40
6.0
  0
POINT
  5
211
330
17
100
AcDbEntity
  8
ARBORI
 62
3
100
AcDbPoint
 10
391172.04
 20
585776.16
 30
0.0
  0
CIRCLE
  5
212
330
17
100
AcDbEntity
  8
ARBORI
 62
3
100
AcDbCircle
 10
390929.04
 20
585773.16
 30
0.0
 40
1.5
  0
POINT
  5
213
330
17
100
AcDbEntity
  8
ARBORI
 62
3
100
AcDbPoint
 10
390929.04
 20
585773.16
 30
0.0
  0
CIRCLE
  5
214
330
17
100
AcDbEntity
  8
ARBORI
 62
3
100
AcDbCircle
 10
391057.04
 20
585773.16
 30
0.0
 40
5.8
  0
POINT
  5
215
330
17
100
AcDbEntity
  8
ARBORI
 62
3
100
AcDbPoint
 10
391057.04
 20
585773.16
 30
0.0
  0
CIRCLE
  5
216
330
17
100
AcDbEntity
  8
ARBORI
 62
3
100
AcDbCircle
 10
391046.04
 20
585771.16
 30
0.0
 40
5.8
  0
POINT
  5
217
330
17
100
AcDbEntity
  8
ARBORI
 62
3
100
AcDbPoint
 10
391046.04
 20
585771.16
 30
0.0
  0
CIRCLE
  5
218
330
17
100
AcDbEntity
  8
ARBORI
 62
3
100
AcDbCircle
 10
391127.04
 20
585771.16
 30
0.0
 40
6.0
  0
POINT
  5
219
330
17
100
AcDbEntity
  8
ARBORI
 62
3
100
AcDbPoint
 10
391127.04
 20
585771.16
 30
0.0
  0
CIRCLE
  5
21A
330
17
100
AcDbEntity
  8
ARBORI
 62
3
100
AcDbCircle
 10
391074.04
 20
585769.16
 30
0.0
 40
6.0
  0
POINT
  5
21B
330
17
100
AcDbEntity
  8
ARBORI
 62
3
100
AcDbPoint
 10
391074.04
 20
585769.16
 30
0.0
  0
CIRCLE
  5
21C
330
17
100
AcDbEntity
  8
ARBORI
 62
3
100
AcDbCircle
 10
391118.04
 20
585769.16
 30
0.0
 40
5.7
  0
POINT
  5
21D
330
17
100
AcDbEntity
  8
ARBORI
 62
3
100
AcDbPoint
 10
391118.04
 20
585769.16
 30
0.0
  0
CIRCLE
  5
21E
330
17
100
AcDbEntity
  8
ARBORI
 62
3
100
AcDbCircle
 10
390902.04
 20
585768.16
 30
0.0
 40
3.2
  0
POINT
  5
21F
330
17
100
AcDbEntity
  8
ARBORI
 62
3
100
AcDbPoint
 10
390902.04
 20
585768.16
 30
0.0
  0
CIRCLE
  5
220
330
17
100
AcDbEntity
  8
ARBORI
 62
3
100
AcDbCircle
 10
390945.04
 20
585768.16
 30
0.0
 40
3.4
  0
POINT
  5
221
330
17
100
AcDbEntity
  8
ARBORI
 62
3
100
AcDbPoint
 10
390945.04
 20
585768.16
 30
0.0
  0
CIRCLE
  5
222
330
17
100
AcDbEntity
  8
ARBORI
 62
3
100
AcDbCircle
 10
391058.04
 20
585766.16
 30
0.0
 40
6.0
  0
POINT
  5
223
330
17
100
AcDbEntity
  8
ARBORI
 62
3
100
AcDbPoint
 10
391058.04
 20
585766.16
 30
0.0
  0
CIRCLE
  5
224
330
17
100
AcDbEntity
  8
ARBORI
 62
3
100
AcDbCircle
 10
391087.04
 20
585766.16
 30
0.0
 40
4.5
  0
POINT
  5
225
330
17
100
AcDbEntity
  8
ARBORI
 62
3
100
AcDbPoint
 10
391087.04
 20
585766.16
 30
0.0
  0
CIRCLE
  5
226
330
17
100
AcDbEntity
  8
ARBORI
 62
3
100
AcDbCircle
 10
391100.04
 20
585766.16
 30
0.0
 40
4.4
  0
POINT
  5
227
330
17
100
AcDbEntity
  8
ARBORI
 62
3
100
AcDbPoint
 10
391100.04
 20
585766.16
 30
0.0
  0
CIRCLE
  5
228
330
17
100
AcDbEntity
  8
ARBORI
 62
3
100
AcDbCircle
 10
391034.04
 20
585765.16
 30
0.0
 40
6.0
  0
POINT
  5
229
330
17
100
AcDbEntity
  8
ARBORI
 62
3
100
AcDbPoint
 10
391034.04
 20
585765.16
 30
0.0
  0
CIRCLE
  5
22A
330
17
100
AcDbEntity
  8
ARBORI
 62
3
100
AcDbCircle
 10
391117.04
 20
585765.16
 30
0.0
 40
5.6
  0
POINT
  5
22B
330
17
100
AcDbEntity
  8
ARBORI
 62
3
100
AcDbPoint
 10
391117.04
 20
585765.16
 30
0.0
  0
CIRCLE
  5
22C
330
17
100
AcDbEntity
  8
ARBORI
 62
3
100
AcDbCircle
 10
391028.04
 20
585764.16
 30
0.0
 40
3.5
  0
POINT
  5
22D
330
17
100
AcDbEntity
  8
ARBORI
 62
3
100
AcDbPoint
 10
391028.04
 20
585764.16
 30
0.0
  0
CIRCLE
  5
22E
330
17
100
AcDbEntity
  8
ARBORI
 62
3
100
AcDbCircle
 10
391134.04
 20
585764.16
 30
0.0
 40
5.3
  0
POINT
  5
22F
330
17
100
AcDbEntity
  8
ARBORI
 62
3
100
AcDbPoint
 10
391134.04
 20
585764.16
 30
0.0
  0
CIRCLE
  5
230
330
17
100
AcDbEntity
  8
ARBORI
 62
3
100
AcDbCircle
 10
391231.04
 20
585762.16
 30
0.0
 40
3.8
  0
POINT
  5
231
330
17
100
AcDbEntity
  8
ARBORI
 62
3
100
AcDbPoint
 10
391231.04
 20
585762.16
 30
0.0
  0
CIRCLE
  5
232
330
17
100
AcDbEntity
  8
ARBORI
 62
3
100
AcDbCircle
 10
391099.04
 20
585761.16
 30
0.0
 40
4.7
  0
POINT
  5
233
330
17
100
AcDbEntity
  8
ARBORI
 62
3
100
AcDbPoint
 10
391099.04
 20
585761.16
 30
0.0
  0
CIRCLE
  5
234
330
17
100
AcDbEntity
  8
ARBORI
 62
3
100
AcDbCircle
 10
391103.04
 20
585761.16
 30
0.0
 40
4.8
  0
POINT
  5
235
330
17
100
AcDbEntity
  8
ARBORI
 62
3
100
AcDbPoint
 10
391103.04
 20
585761.16
 30
0.0
  0
CIRCLE
  5
236
330
17
100
AcDbEntity
  8
ARBORI
 62
3
100
AcDbCircle
 10
391213.04
 20
585761.16
 30
0.0
 40
4.6
  0
POINT
  5
237
330
17
100
AcDbEntity
  8
ARBORI
 62
3
100
AcDbPoint
 10
391213.04
 20
585761.16
 30
0.0
  0
CIRCLE
  5
238
330
17
100
AcDbEntity
  8
ARBORI
 62
3
100
AcDbCircle
 10
390855.04
 20
585760.16
 30
0.0
 40
1.8
  0
POINT
  5
239
330
17
100
AcDbEntity
  8
ARBORI
 62
3
100
AcDbPoint
 10
390855.04
 20
585760.16
 30
0.0
  0
CIRCLE
  5
23A
330
17
100
AcDbEntity
  8
ARBORI
 62
3
100
AcDbCircle
 10
390944.04
 20
585760.16
 30
0.0
 40
4.8
  0
POINT
  5
23B
330
17
100
AcDbEntity
  8
ARBORI
 62
3
100
AcDbPoint
 10
390944.04
 20
585760.16
 30
0.0
  0
CIRCLE
  5
23C
330
17
100
AcDbEntity
  8
ARBORI
 62
3
100
AcDbCircle
 10
391063.04
 20
585760.16
 30
0.0
 40
6.0
  0
POINT
  5
23D
330
17
100
AcDbEntity
  8
ARBORI
 62
3
100
AcDbPoint
 10
391063.04
 20
585760.16
 30
0.0
  0
CIRCLE
  5
23E
330
17
100
AcDbEntity
  8
ARBORI
 62
3
100
AcDbCircle
 10
391190.04
 20
585760.16
 30
0.0
 40
1.5
  0
POINT
  5
23F
330
17
100
AcDbEntity
  8
ARBORI
 62
3
100
AcDbPoint
 10
391190.04
 20
585760.16
 30
0.0
  0
CIRCLE
  5
240
330
17
100
AcDbEntity
  8
ARBORI
 62
3
100
AcDbCircle
 10
391029.04
 20
585759.16
 30
0.0
 40
5.6
  0
POINT
  5
241
330
17
100
AcDbEntity
  8
ARBORI
 62
3
100
AcDbPoint
 10
391029.04
 20
585759.16
 30
0.0
  0
CIRCLE
  5
242
330
17
100
AcDbEntity
  8
ARBORI
 62
3
100
AcDbCircle
 10
391227.04
 20
585758.16
 30
0.0
 40
3.5
  0
POINT
  5
243
330
17
100
AcDbEntity
  8
ARBORI
 62
3
100
AcDbPoint
 10
391227.04
 20
585758.16
 30
0.0
  0
CIRCLE
  5
244
330
17
100
AcDbEntity
  8
ARBORI
 62
3
100
AcDbCircle
 10
391102.04
 20
585757.16
 30
0.0
 40
4.7
  0
POINT
  5
245
330
17
100
AcDbEntity
  8
ARBORI
 62
3
100
AcDbPoint
 10
391102.04
 20
585757.16
 30
0.0
  0
CIRCLE
  5
246
330
17
100
AcDbEntity
  8
ARBORI
 62
3
100
AcDbCircle
 10
390867.04
 20
585755.16
 30
0.0
 40
1.5
  0
POINT
  5
247
330
17
100
AcDbEntity
  8
ARBORI
 62
3
100
AcDbPoint
 10
390867.04
 20
585755.16
 30
0.0
  0
CIRCLE
  5
248
330
17
100
AcDbEntity
  8
ARBORI
 62
3
100
AcDbCircle
 10
390877.04
 20
585755.16
 30
0.0
 40
4.0
  0
POINT
  5
249
330
17
100
AcDbEntity
  8
ARBORI
 62
3
100
AcDbPoint
 10
390877.04
 20
585755.16
 30
0.0
  0
CIRCLE
  5
24A
330
17
100
AcDbEntity
  8
ARBORI
 62
3
100
AcDbCircle
 10
391028.04
 20
585755.16
 30
0.0
 40
5.6
  0
POINT
  5
24B
330
17
100
AcDbEntity
  8
ARBORI
 62
3
100
AcDbPoint
 10
391028.04
 20
585755.16
 30
0.0
  0
CIRCLE
  5
24C
330
17
100
AcDbEntity
  8
ARBORI
 62
3
100
AcDbCircle
 10
391119.04
 20
585755.16
 30
0.0
 40
5.3
  0
POINT
  5
24D
330
17
100
AcDbEntity
  8
ARBORI
 62
3
100
AcDbPoint
 10
391119.04
 20
585755.16
 30
0.0
  0
CIRCLE
  5
24E
330
17
100
AcDbEntity
  8
ARBORI
 62
3
100
AcDbCircle
 10
391131.04
 20
585755.16
 30
0.0
 40
6.0
  0
POINT
  5
24F
330
17
100
AcDbEntity
  8
ARBORI
 62
3
100
AcDbPoint
 10
391131.04
 20
585755.16
 30
0.0
  0
CIRCLE
  5
250
330
17
100
AcDbEntity
  8
ARBORI
 62
3
100
AcDbCircle
 10
391115.04
 20
585754.16
 30
0.0
 40
5.4
  0
POINT
  5
251
330
17
100
AcDbEntity
  8
ARBORI
 62
3
100
AcDbPoint
 10
391115.04
 20
585754.16
 30
0.0
  0
CIRCLE
  5
252
330
17
100
AcDbEntity
  8
ARBORI
 62
3
100
AcDbCircle
 10
391190.04
 20
585754.16
 30
0.0
 40
4.0
  0
POINT
  5
253
330
17
100
AcDbEntity
  8
ARBORI
 62
3
100
AcDbPoint
 10
391190.04
 20
585754.16
 30
0.0
  0
CIRCLE
  5
254
330
17
100
AcDbEntity
  8
ARBORI
 62
3
100
AcDbCircle
 10
390851.04
 20
585753.16
 30
0.0
 40
1.5
  0
POINT
  5
255
330
17
100
AcDbEntity
  8
ARBORI
 62
3
100
AcDbPoint
 10
390851.04
 20
585753.16
 30
0.0
  0
CIRCLE
  5
256
330
17
100
AcDbEntity
  8
ARBORI
 62
3
100
AcDbCircle
 10
390886.04
 20
585753.16
 30
0.0
 40
2.6
  0
POINT
  5
257
330
17
100
AcDbEntity
  8
ARBORI
 62
3
100
AcDbPoint
 10
390886.04
 20
585753.16
 30
0.0
  0
CIRCLE
  5
258
330
17
100
AcDbEntity
  8
ARBORI
 62
3
100
AcDbCircle
 10
391080.04
 20
585753.16
 30
0.0
 40
6.0
  0
POINT
  5
259
330
17
100
AcDbEntity
  8
ARBORI
 62
3
100
AcDbPoint
 10
391080.04
 20
585753.16
 30
0.0
  0
CIRCLE
  5
25A
330
17
100
AcDbEntity
  8
ARBORI
 62
3
100
AcDbCircle
 10
391091.04
 20
585751.16
 30
0.0
 40
5.5
  0
POINT
  5
25B
330
17
100
AcDbEntity
  8
ARBORI
 62
3
100
AcDbPoint
 10
391091.04
 20
585751.16
 30
0.0
  0
CIRCLE
  5
25C
330
17
100
AcDbEntity
  8
ARBORI
 62
3
100
AcDbCircle
 10
391226.04
 20
585751.16
 30
0.0
 40
3.0
  0
POINT
  5
25D
330
17
100
AcDbEntity
  8
ARBORI
 62
3
100
AcDbPoint
 10
391226.04
 20
585751.16
 30
0.0
  0
CIRCLE
  5
25E
330
17
100
AcDbEntity
  8
ARBORI
 62
3
100
AcDbCircle
 10
391235.04
 20
585751.16
 30
0.0
 40
3.8
  0
POINT
  5
25F
330
17
100
AcDbEntity
  8
ARBORI
 62
3
100
AcDbPoint
 10
391235.04
 20
585751.16
 30
0.0
  0
CIRCLE
  5
260
330
17
100
AcDbEntity
  8
ARBORI
 62
3
100
AcDbCircle
 10
391064.04
 20
585750.16
 30
0.0
 40
5.7
  0
POINT
  5
261
330
17
100
AcDbEntity
  8
ARBORI
 62
3
100
AcDbPoint
 10
391064.04
 20
585750.16
 30
0.0
  0
CIRCLE
  5
262
330
17
100
AcDbEntity
  8
ARBORI
 62
3
100
AcDbCircle
 10
391122.04
 20
585748.16
 30
0.0
 40
5.4
  0
POINT
  5
263
330
17
100
AcDbEntity
  8
ARBORI
 62
3
100
AcDbPoint
 10
391122.04
 20
585748.16
 30
0.0
  0
CIRCLE
  5
264
330
17
100
AcDbEntity
  8
ARBORI
 62
3
100
AcDbCircle
 10
391192.04
 20
585748.16
 30
0.0
 40
3.2
  0
POINT
  5
265
330
17
100
AcDbEntity
  8
ARBORI
 62
3
100
AcDbPoint
 10
391192.04
 20
585748.16
 30
0.0
  0
CIRCLE
  5
266
330
17
100
AcDbEntity
  8
ARBORI
 62
3
100
AcDbCircle
 10
391013.04
 20
585746.16
 30
0.0
 40
5.5
  0
POINT
  5
267
330
17
100
AcDbEntity
  8
ARBORI
 62
3
100
AcDbPoint
 10
391013.04
 20
585746.16
 30
0.0
  0
CIRCLE
  5
268
330
17
100
AcDbEntity
  8
ARBORI
 62
3
100
AcDbCircle
 10
391225.04
 20
585745.16
 30
0.0
 40
1.7
  0
POINT
  5
269
330
17
100
AcDbEntity
  8
ARBORI
 62
3
100
AcDbPoint
 10
391225.04
 20
585745.16
 30
0.0
  0
CIRCLE
  5
26A
330
17
100
AcDbEntity
  8
ARBORI
 62
3
100
AcDbCircle
 10
390883.04
 20
585744.16
 30
0.0
 40
5.3
  0
POINT
  5
26B
330
17
100
AcDbEntity
  8
ARBORI
 62
3
100
AcDbPoint
 10
390883.04
 20
585744.16
 30
0.0
  0
CIRCLE
  5
26C
330
17
100
AcDbEntity
  8
ARBORI
 62
3
100
AcDbCircle
 10
391021.04
 20
585744.16
 30
0.0
 40
4.1
  0
POINT
  5
26D
330
17
100
AcDbEntity
  8
ARBORI
 62
3
100
AcDbPoint
 10
391021.04
 20
585744.16
 30
0.0
  0
CIRCLE
  5
26E
330
17
100
AcDbEntity
  8
ARBORI
 62
3
100
AcDbCircle
 10
391168.04
 20
585744.16
 30
0.0
 40
4.0
  0
POINT
  5
26F
330
17
100
AcDbEntity
  8
ARBORI
 62
3
100
AcDbPoint
 10
391168.04
 20
585744.16
 30
0.0
  0
CIRCLE
  5
270
330
17
100
AcDbEntity
  8
ARBORI
 62
3
100
AcDbCircle
 10
391237.04
 20
585744.16
 30
0.0
 40
1.8
  0
POINT
  5
271
330
17
100
AcDbEntity
  8
ARBORI
 62
3
100
AcDbPoint
 10
391237.04
 20
585744.16
 30
0.0
  0
CIRCLE
  5
272
330
17
100
AcDbEntity
  8
ARBORI
 62
3
100
AcDbCircle
 10
391243.04
 20
585744.16
 30
0.0
 40
1.8
  0
POINT
  5
273
330
17
100
AcDbEntity
  8
ARBORI
 62
3
100
AcDbPoint
 10
391243.04
 20
585744.16
 30
0.0
  0
CIRCLE
  5
274
330
17
100
AcDbEntity
  8
ARBORI
 62
3
100
AcDbCircle
 10
391092.04
 20
585743.16
 30
0.0
 40
5.7
  0
POINT
  5
275
330
17
100
AcDbEntity
  8
ARBORI
 62
3
100
AcDbPoint
 10
391092.04
 20
585743.16
 30
0.0
  0
CIRCLE
  5
276
330
17
100
AcDbEntity
  8
ARBORI
 62
3
100
AcDbCircle
 10
391213.04
 20
585743.16
 30
0.0
 40
3.6
  0
POINT
  5
277
330
17
100
AcDbEntity
  8
ARBORI
 62
3
100
AcDbPoint
 10
391213.04
 20
585743.16
 30
0.0
  0
CIRCLE
  5
278
330
17
100
AcDbEntity
  8
ARBORI
 62
3
100
AcDbCircle
 10
390847.04
 20
585742.16
 30
0.0
 40
2.3
  0
POINT
  5
279
330
17
100
AcDbEntity
  8
ARBORI
 62
3
100
AcDbPoint
 10
390847.04
 20
585742.16
 30
0.0
  0
CIRCLE
  5
27A
330
17
100
AcDbEntity
  8
ARBORI
 62
3
100
AcDbCircle
 10
391012.04
 20
585742.16
 30
0.0
 40
5.9
  0
POINT
  5
27B
330
17
100
AcDbEntity
  8
ARBORI
 62
3
100
AcDbPoint
 10
391012.04
 20
585742.16
 30
0.0
  0
CIRCLE
  5
27C
330
17
100
AcDbEntity
  8
ARBORI
 62
3
100
AcDbCircle
 10
391056.04
 20
585742.16
 30
0.0
 40
5.5
  0
POINT
  5
27D
330
17
100
AcDbEntity
  8
ARBORI
 62
3
100
AcDbPoint
 10
391056.04
 20
585742.16
 30
0.0
  0
CIRCLE
  5
27E
330
17
100
AcDbEntity
  8
ARBORI
 62
3
100
AcDbCircle
 10
391097.04
 20
585741.16
 30
0.0
 40
6.0
  0
POINT
  5
27F
330
17
100
AcDbEntity
  8
ARBORI
 62
3
100
AcDbPoint
 10
391097.04
 20
585741.16
 30
0.0
  0
CIRCLE
  5
280
330
17
100
AcDbEntity
  8
ARBORI
 62
3
100
AcDbCircle
 10
391127.04
 20
585741.16
 30
0.0
 40
6.0
  0
POINT
  5
281
330
17
100
AcDbEntity
  8
ARBORI
 62
3
100
AcDbPoint
 10
391127.04
 20
585741.16
 30
0.0
  0
CIRCLE
  5
282
330
17
100
AcDbEntity
  8
ARBORI
 62
3
100
AcDbCircle
 10
391223.04
 20
585741.16
 30
0.0
 40
1.9
  0
POINT
  5
283
330
17
100
AcDbEntity
  8
ARBORI
 62
3
100
AcDbPoint
 10
391223.04
 20
585741.16
 30
0.0
  0
CIRCLE
  5
284
330
17
100
AcDbEntity
  8
ARBORI
 62
3
100
AcDbCircle
 10
391102.04
 20
585740.16
 30
0.0
 40
5.0
  0
POINT
  5
285
330
17
100
AcDbEntity
  8
ARBORI
 62
3
100
AcDbPoint
 10
391102.04
 20
585740.16
 30
0.0
  0
CIRCLE
  5
286
330
17
100
AcDbEntity
  8
ARBORI
 62
3
100
AcDbCircle
 10
390876.04
 20
585739.16
 30
0.0
 40
5.5
  0
POINT
  5
287
330
17
100
AcDbEntity
  8
ARBORI
 62
3
100
AcDbPoint
 10
390876.04
 20
585739.16
 30
0.0
  0
CIRCLE
  5
288
330
17
100
AcDbEntity
  8
ARBORI
 62
3
100
AcDbCircle
 10
390882.04
 20
585739.16
 30
0.0
 40
5.6
  0
POINT
  5
289
330
17
100
AcDbEntity
  8
ARBORI
 62
3
100
AcDbPoint
 10
390882.04
 20
585739.16
 30
0.0
  0
CIRCLE
  5
28A
330
17
100
AcDbEntity
  8
ARBORI
 62
3
100
AcDbCircle
 10
391060.04
 20
585739.16
 30
0.0
 40
5.3
  0
POINT
  5
28B
330
17
100
AcDbEntity
  8
ARBORI
 62
3
100
AcDbPoint
 10
391060.04
 20
585739.16
 30
0.0
  0
CIRCLE
  5
28C
330
17
100
AcDbEntity
  8
ARBORI
 62
3
100
AcDbCircle
 10
390843.04
 20
585738.16
 30
0.0
 40
1.7
  0
POINT
  5
28D
330
17
100
AcDbEntity
  8
ARBORI
 62
3
100
AcDbPoint
 10
390843.04
 20
585738.16
 30
0.0
  0
CIRCLE
  5
28E
330
17
100
AcDbEntity
  8
ARBORI
 62
3
100
AcDbCircle
 10
391204.04
 20
585738.16
 30
0.0
 40
2.4
  0
POINT
  5
28F
330
17
100
AcDbEntity
  8
ARBORI
 62
3
100
AcDbPoint
 10
391204.04
 20
585738.16
 30
0.0
  0
CIRCLE
  5
290
330
17
100
AcDbEntity
  8
ARBORI
 62
3
100
AcDbCircle
 10
391229.04
 20
585738.16
 30
0.0
 40
1.7
  0
POINT
  5
291
330
17
100
AcDbEntity
  8
ARBORI
 62
3
100
AcDbPoint
 10
391229.04
 20
585738.16
 30
0.0
  0
CIRCLE
  5
292
330
17
100
AcDbEntity
  8
ARBORI
 62
3
100
AcDbCircle
 10
391088.04
 20
585736.16
 30
0.0
 40
4.1
  0
POINT
  5
293
330
17
100
AcDbEntity
  8
ARBORI
 62
3
100
AcDbPoint
 10
391088.04
 20
585736.16
 30
0.0
  0
CIRCLE
  5
294
330
17
100
AcDbEntity
  8
ARBORI
 62
3
100
AcDbCircle
 10
391198.04
 20
585736.16
 30
0.0
 40
2.3
  0
POINT
  5
295
330
17
100
AcDbEntity
  8
ARBORI
 62
3
100
AcDbPoint
 10
391198.04
 20
585736.16
 30
0.0
  0
CIRCLE
  5
296
330
17
100
AcDbEntity
  8
ARBORI
 62
3
100
AcDbCircle
 10
391113.04
 20
585735.16
 30
0.0
 40
6.0
  0
POINT
  5
297
330
17
100
AcDbEntity
  8
ARBORI
 62
3
100
AcDbPoint
 10
391113.04
 20
585735.16
 30
0.0
  0
CIRCLE
  5
298
330
17
100
AcDbEntity
  8
ARBORI
 62
3
100
AcDbCircle
 10
391240.04
 20
585735.16
 30
0.0
 40
2.0
  0
POINT
  5
299
330
17
100
AcDbEntity
  8
ARBORI
 62
3
100
AcDbPoint
 10
391240.04
 20
585735.16
 30
0.0
  0
CIRCLE
  5
29A
330
17
100
AcDbEntity
  8
ARBORI
 62
3
100
AcDbCircle
 10
390994.04
 20
585734.16
 30
0.0
 40
5.2
  0
POINT
  5
29B
330
17
100
AcDbEntity
  8
ARBORI
 62
3
100
AcDbPoint
 10
390994.04
 20
585734.16
 30
0.0
  0
CIRCLE
  5
29C
330
17
100
AcDbEntity
  8
ARBORI
 62
3
100
AcDbCircle
 10
391020.04
 20
585734.16
 30
0.0
 40
3.1
  0
POINT
  5
29D
330
17
100
AcDbEntity
  8
ARBORI
 62
3
100
AcDbPoint
 10
391020.04
 20
585734.16
 30
0.0
  0
CIRCLE
  5
29E
330
17
100
AcDbEntity
  8
ARBORI
 62
3
100
AcDbCircle
 10
391068.04
 20
585734.16
 30
0.0
 40
5.6
  0
POINT
  5
29F
330
17
100
AcDbEntity
  8
ARBORI
 62
3
100
AcDbPoint
 10
391068.04
 20
585734.16
 30
0.0
  0
CIRCLE
  5
2A0
330
17
100
AcDbEntity
  8
ARBORI
 62
3
100
AcDbCircle
 10
390849.04
 20
585733.16
 30
0.0
 40
1.8
  0
POINT
  5
2A1
330
17
100
AcDbEntity
  8
ARBORI
 62
3
100
AcDbPoint
 10
390849.04
 20
585733.16
 30
0.0
  0
CIRCLE
  5
2A2
330
17
100
AcDbEntity
  8
ARBORI
 62
3
100
AcDbCircle
 10
391121.04
 20
585733.16
 30
0.0
 40
5.1
  0
POINT
  5
2A3
330
17
100
AcDbEntity
  8
ARBORI
 62
3
100
AcDbPoint
 10
391121.04
 20
585733.16
 30
0.0
  0
CIRCLE
  5
2A4
330
17
100
AcDbEntity
  8
ARBORI
 62
3
100
AcDbCircle
 10
390942.04
 20
585732.16
 30
0.0
 40
1.5
  0
POINT
  5
2A5
330
17
100
AcDbEntity
  8
ARBORI
 62
3
100
AcDbPoint
 10
390942.04
 20
585732.16
 30
0.0
  0
CIRCLE
  5
2A6
330
17
100
AcDbEntity
  8
ARBORI
 62
3
100
AcDbCircle
 10
391053.04
 20
585732.16
 30
0.0
 40
5.2
  0
POINT
  5
2A7
330
17
100
AcDbEntity
  8
ARBORI
 62
3
100
AcDbPoint
 10
391053.04
 20
585732.16
 30
0.0
  0
CIRCLE
  5
2A8
330
17
100
AcDbEntity
  8
ARBORI
 62
3
100
AcDbCircle
 10
391220.04
 20
585732.16
 30
0.0
 40
2.0
  0
POINT
  5
2A9
330
17
100
AcDbEntity
  8
ARBORI
 62
3
100
AcDbPoint
 10
391220.04
 20
585732.16
 30
0.0
  0
CIRCLE
  5
2AA
330
17
100
AcDbEntity
  8
ARBORI
 62
3
100
AcDbCircle
 10
390780.04
 20
585730.16
 30
0.0
 40
2.5
  0
POINT
  5
2AB
330
17
100
AcDbEntity
  8
ARBORI
 62
3
100
AcDbPoint
 10
390780.04
 20
585730.16
 30
0.0
  0
CIRCLE
  5
2AC
330
17
100
AcDbEntity
  8
ARBORI
 62
3
100
AcDbCircle
 10
391224.04
 20
585730.16
 30
0.0
 40
2.1
  0
POINT
  5
2AD
330
17
100
AcDbEntity
  8
ARBORI
 62
3
100
AcDbPoint
 10
391224.04
 20
585730.16
 30
0.0
  0
CIRCLE
  5
2AE
330
17
100
AcDbEntity
  8
ARBORI
 62
3
100
AcDbCircle
 10
390850.04
 20
585729.16
 30
0.0
 40
1.7
  0
POINT
  5
2AF
330
17
100
AcDbEntity
  8
ARBORI
 62
3
100
AcDbPoint
 10
390850.04
 20
585729.16
 30
0.0
  0
CIRCLE
  5
2B0
330
17
100
AcDbEntity
  8
ARBORI
 62
3
100
AcDbCircle
 10
391190.04
 20
585728.16
 30
0.0
 40
1.6
  0
POINT
  5
2B1
330
17
100
AcDbEntity
  8
ARBORI
 62
3
100
AcDbPoint
 10
391190.04
 20
585728.16
 30
0.0
  0
CIRCLE
  5
2B2
330
17
100
AcDbEntity
  8
ARBORI
 62
3
100
AcDbCircle
 10
391204.04
 20
585728.16
 30
0.0
 40
1.6
  0
POINT
  5
2B3
330
17
100
AcDbEntity
  8
ARBORI
 62
3
100
AcDbPoint
 10
391204.04
 20
585728.16
 30
0.0
  0
CIRCLE
  5
2B4
330
17
100
AcDbEntity
  8
ARBORI
 62
3
100
AcDbCircle
 10
391065.04
 20
585727.16
 30
0.0
 40
5.7
  0
POINT
  5
2B5
330
17
100
AcDbEntity
  8
ARBORI
 62
3
100
AcDbPoint
 10
391065.04
 20
585727.16
 30
0.0
  0
CIRCLE
  5
2B6
330
17
100
AcDbEntity
  8
ARBORI
 62
3
100
AcDbCircle
 10
391144.04
 20
585727.16
 30
0.0
 40
5.1
  0
POINT
  5
2B7
330
17
100
AcDbEntity
  8
ARBORI
 62
3
100
AcDbPoint
 10
391144.04
 20
585727.16
 30
0.0
  0
CIRCLE
  5
2B8
330
17
100
AcDbEntity
  8
ARBORI
 62
3
100
AcDbCircle
 10
391217.04
 20
585726.16
 30
0.0
 40
1.9
  0
POINT
  5
2B9
330
17
100
AcDbEntity
  8
ARBORI
 62
3
100
AcDbPoint
 10
391217.04
 20
585726.16
 30
0.0
  0
CIRCLE
  5
2BA
330
17
100
AcDbEntity
  8
ARBORI
 62
3
100
AcDbCircle
 10
391023.04
 20
585725.16
 30
0.0
 40
3.0
  0
POINT
  5
2BB
330
17
100
AcDbEntity
  8
ARBORI
 62
3
100
AcDbPoint
 10
391023.04
 20
585725.16
 30
0.0
  0
CIRCLE
  5
2BC
330
17
100
AcDbEntity
  8
ARBORI
 62
3
100
AcDbCircle
 10
391121.04
 20
585725.16
 30
0.0
 40
5.9
  0
POINT
  5
2BD
330
17
100
AcDbEntity
  8
ARBORI
 62
3
100
AcDbPoint
 10
391121.04
 20
585725.16
 30
0.0
  0
CIRCLE
  5
2BE
330
17
100
AcDbEntity
  8
ARBORI
 62
3
100
AcDbCircle
 10
391127.04
 20
585725.16
 30
0.0
 40
5.8
  0
POINT
  5
2BF
330
17
100
AcDbEntity
  8
ARBORI
 62
3
100
AcDbPoint
 10
391127.04
 20
585725.16
 30
0.0
  0
CIRCLE
  5
2C0
330
17
100
AcDbEntity
  8
ARBORI
 62
3
100
AcDbCircle
 10
391135.04
 20
585725.16
 30
0.0
 40
5.8
  0
POINT
  5
2C1
330
17
100
AcDbEntity
  8
ARBORI
 62
3
100
AcDbPoint
 10
391135.04
 20
585725.16
 30
0.0
  0
CIRCLE
  5
2C2
330
17
100
AcDbEntity
  8
ARBORI
 62
3
100
AcDbCircle
 10
391224.04
 20
585725.16
 30
0.0
 40
1.7
  0
POINT
  5
2C3
330
17
100
AcDbEntity
  8
ARBORI
 62
3
100
AcDbPoint
 10
391224.04
 20
585725.16
 30
0.0
  0
CIRCLE
  5
2C4
330
17
100
AcDbEntity
  8
ARBORI
 62
3
100
AcDbCircle
 10
391268.04
 20
585725.16
 30
0.0
 40
1.5
  0
POINT
  5
2C5
330
17
100
AcDbEntity
  8
ARBORI
 62
3
100
AcDbPoint
 10
391268.04
 20
585725.16
 30
0.0
  0
CIRCLE
  5
2C6
330
17
100
AcDbEntity
  8
ARBORI
 62
3
100
AcDbCircle
 10
390781.04
 20
585724.16
 30
0.0
 40
2.2
  0
POINT
  5
2C7
330
17
100
AcDbEntity
  8
ARBORI
 62
3
100
AcDbPoint
 10
390781.04
 20
585724.16
 30
0.0
  0
CIRCLE
  5
2C8
330
17
100
AcDbEntity
  8
ARBORI
 62
3
100
AcDbCircle
 10
391210.04
 20
585724.16
 30
0.0
 40
1.8
  0
POINT
  5
2C9
330
17
100
AcDbEntity
  8
ARBORI
 62
3
100
AcDbPoint
 10
391210.04
 20
585724.16
 30
0.0
  0
CIRCLE
  5
2CA
330
17
100
AcDbEntity
  8
ARBORI
 62
3
100
AcDbCircle
 10
391007.04
 20
585723.16
 30
0.0
 40
6.0
  0
POINT
  5
2CB
330
17
100
AcDbEntity
  8
ARBORI
 62
3
100
AcDbPoint
 10
391007.04
 20
585723.16
 30
0.0
  0
CIRCLE
  5
2CC
330
17
100
AcDbEntity
  8
ARBORI
 62
3
100
AcDbCircle
 10
391095.04
 20
585723.16
 30
0.0
 40
6.0
  0
POINT
  5
2CD
330
17
100
AcDbEntity
  8
ARBORI
 62
3
100
AcDbPoint
 10
391095.04
 20
585723.16
 30
0.0
  0
CIRCLE
  5
2CE
330
17
100
AcDbEntity
  8
ARBORI
 62
3
100
AcDbCircle
 10
390991.04
 20
585722.16
 30
0.0
 40
5.3
  0
POINT
  5
2CF
330
17
100
AcDbEntity
  8
ARBORI
 62
3
100
AcDbPoint
 10
390991.04
 20
585722.16
 30
0.0
  0
CIRCLE
  5
2D0
330
17
100
AcDbEntity
  8
ARBORI
 62
3
100
AcDbCircle
 10
391196.04
 20
585722.16
 30
0.0
 40
1.5
  0
POINT
  5
2D1
330
17
100
AcDbEntity
  8
ARBORI
 62
3
100
AcDbPoint
 10
391196.04
 20
585722.16
 30
0.0
  0
CIRCLE
  5
2D2
330
17
100
AcDbEntity
  8
ARBORI
 62
3
100
AcDbCircle
 10
391203.04
 20
585722.16
 30
0.0
 40
2.0
  0
POINT
  5
2D3
330
17
100
AcDbEntity
  8
ARBORI
 62
3
100
AcDbPoint
 10
391203.04
 20
585722.16
 30
0.0
  0
CIRCLE
  5
2D4
330
17
100
AcDbEntity
  8
ARBORI
 62
3
100
AcDbCircle
 10
391107.04
 20
585721.16
 30
0.0
 40
6.0
  0
POINT
  5
2D5
330
17
100
AcDbEntity
  8
ARBORI
 62
3
100
AcDbPoint
 10
391107.04
 20
585721.16
 30
0.0
  0
CIRCLE
  5
2D6
330
17
100
AcDbEntity
  8
ARBORI
 62
3
100
AcDbCircle
 10
391143.04
 20
585720.16
 30
0.0
 40
6.0
  0
POINT
  5
2D7
330
17
100
AcDbEntity
  8
ARBORI
 62
3
100
AcDbPoint
 10
391143.04
 20
585720.16
 30
0.0
  0
CIRCLE
  5
2D8
330
17
100
AcDbEntity
  8
ARBORI
 62
3
100
AcDbCircle
 10
391164.04
 20
585719.16
 30
0.0
 40
1.8
  0
POINT
  5
2D9
330
17
100
AcDbEntity
  8
ARBORI
 62
3
100
AcDbPoint
 10
391164.04
 20
585719.16
 30
0.0
  0
CIRCLE
  5
2DA
330
17
100
AcDbEntity
  8
ARBORI
 62
3
100
AcDbCircle
 10
390924.04
 20
585718.16
 30
0.0
 40
1.6
  0
POINT
  5
2DB
330
17
100
AcDbEntity
  8
ARBORI
 62
3
100
AcDbPoint
 10
390924.04
 20
585718.16
 30
0.0
  0
CIRCLE
  5
2DC
330
17
100
AcDbEntity
  8
ARBORI
 62
3
100
AcDbCircle
 10
390990.04
 20
585718.16
 30
0.0
 40
5.4
  0
POINT
  5
2DD
330
17
100
AcDbEntity
  8
ARBORI
 62
3
100
AcDbPoint
 10
390990.04
 20
585718.16
 30
0.0
  0
CIRCLE
  5
2DE
330
17
100
AcDbEntity
  8
ARBORI
 62
3
100
AcDbCircle
 10
391186.04
 20
585718.16
 30
0.0
 40
2.0
  0
POINT
  5
2DF
330
17
100
AcDbEntity
  8
ARBORI
 62
3
100
AcDbPoint
 10
391186.04
 20
585718.16
 30
0.0
  0
CIRCLE
  5
2E0
330
17
100
AcDbEntity
  8
ARBORI
 62
3
100
AcDbCircle
 10
391222.04
 20
585718.16
 30
0.0
 40
1.7
  0
POINT
  5
2E1
330
17
100
AcDbEntity
  8
ARBORI
 62
3
100
AcDbPoint
 10
391222.04
 20
585718.16
 30
0.0
  0
CIRCLE
  5
2E2
330
17
100
AcDbEntity
  8
ARBORI
 62
3
100
AcDbCircle
 10
391194.04
 20
585717.16
 30
0.0
 40
6.0
  0
POINT
  5
2E3
330
17
100
AcDbEntity
  8
ARBORI
 62
3
100
AcDbPoint
 10
391194.04
 20
585717.16
 30
0.0
  0
CIRCLE
  5
2E4
330
17
100
AcDbEntity
  8
ARBORI
 62
3
100
AcDbCircle
 10
391215.04
 20
585717.16
 30
0.0
 40
2.0
  0
POINT
  5
2E5
330
17
100
AcDbEntity
  8
ARBORI
 62
3
100
AcDbPoint
 10
391215.04
 20
585717.16
 30
0.0
  0
CIRCLE
  5
2E6
330
17
100
AcDbEntity
  8
ARBORI
 62
3
100
AcDbCircle
 10
390944.04
 20
585716.16
 30
0.0
 40
4.9
  0
POINT
  5
2E7
330
17
100
AcDbEntity
  8
ARBORI
 62
3
100
AcDbPoint
 10
390944.04
 20
585716.16
 30
0.0
  0
CIRCLE
  5
2E8
330
17
100
AcDbEntity
  8
ARBORI
 62
3
100
AcDbCircle
 10
391208.04
 20
585716.16
 30
0.0
 40
1.6
  0
POINT
  5
2E9
330
17
100
AcDbEntity
  8
ARBORI
 62
3
100
AcDbPoint
 10
391208.04
 20
585716.16
 30
0.0
  0
CIRCLE
  5
2EA
330
17
100
AcDbEntity
  8
ARBORI
 62
3
100
AcDbCircle
 10
391047.04
 20
585715.16
 30
0.0
 40
6.0
  0
POINT
  5
2EB
330
17
100
AcDbEntity
  8
ARBORI
 62
3
100
AcDbPoint
 10
391047.04
 20
585715.16
 30
0.0
  0
CIRCLE
  5
2EC
330
17
100
AcDbEntity
  8
ARBORI
 62
3
100
AcDbCircle
 10
391161.04
 20
585715.16
 30
0.0
 40
1.5
  0
POINT
  5
2ED
330
17
100
AcDbEntity
  8
ARBORI
 62
3
100
AcDbPoint
 10
391161.04
 20
585715.16
 30
0.0
  0
CIRCLE
  5
2EE
330
17
100
AcDbEntity
  8
ARBORI
 62
3
100
AcDbCircle
 10
390758.04
 20
585714.16
 30
0.0
 40
1.9
  0
POINT
  5
2EF
330
17
100
AcDbEntity
  8
ARBORI
 62
3
100
AcDbPoint
 10
390758.04
 20
585714.16
 30
0.0
  0
CIRCLE
  5
2F0
330
17
100
AcDbEntity
  8
ARBORI
 62
3
100
AcDbCircle
 10
391088.04
 20
585714.16
 30
0.0
 40
1.5
  0
POINT
  5
2F1
330
17
100
AcDbEntity
  8
ARBORI
 62
3
100
AcDbPoint
 10
391088.04
 20
585714.16
 30
0.0
  0
CIRCLE
  5
2F2
330
17
100
AcDbEntity
  8
ARBORI
 62
3
100
AcDbCircle
 10
391216.04
 20
585713.16
 30
0.0
 40
2.0
  0
POINT
  5
2F3
330
17
100
AcDbEntity
  8
ARBORI
 62
3
100
AcDbPoint
 10
391216.04
 20
585713.16
 30
0.0
  0
CIRCLE
  5
2F4
330
17
100
AcDbEntity
  8
ARBORI
 62
3
100
AcDbCircle
 10
390884.04
 20
585712.16
 30
0.0
 40
2.9
  0
POINT
  5
2F5
330
17
100
AcDbEntity
  8
ARBORI
 62
3
100
AcDbPoint
 10
390884.04
 20
585712.16
 30
0.0
  0
CIRCLE
  5
2F6
330
17
100
AcDbEntity
  8
ARBORI
 62
3
100
AcDbCircle
 10
390938.04
 20
585712.16
 30
0.0
 40
4.9
  0
POINT
  5
2F7
330
17
100
AcDbEntity
  8
ARBORI
 62
3
100
AcDbPoint
 10
390938.04
 20
585712.16
 30
0.0
  0
CIRCLE
  5
2F8
330
17
100
AcDbEntity
  8
ARBORI
 62
3
100
AcDbCircle
 10
390946.04
 20
585712.16
 30
0.0
 40
4.9
  0
POINT
  5
2F9
330
17
100
AcDbEntity
  8
ARBORI
 62
3
100
AcDbPoint
 10
390946.04
 20
585712.16
 30
0.0
  0
CIRCLE
  5
2FA
330
17
100
AcDbEntity
  8
ARBORI
 62
3
100
AcDbCircle
 10
391130.04
 20
585712.16
 30
0.0
 40
6.0
  0
POINT
  5
2FB
330
17
100
AcDbEntity
  8
ARBORI
 62
3
100
AcDbPoint
 10
391130.04
 20
585712.16
 30
0.0
  0
CIRCLE
  5
2FC
330
17
100
AcDbEntity
  8
ARBORI
 62
3
100
AcDbCircle
 10
390901.04
 20
585711.16
 30
0.0
 40
1.7
  0
POINT
  5
2FD
330
17
100
AcDbEntity
  8
ARBORI
 62
3
100
AcDbPoint
 10
390901.04
 20
585711.16
 30
0.0
  0
CIRCLE
  5
2FE
330
17
100
AcDbEntity
  8
ARBORI
 62
3
100
AcDbCircle
 10
391205.04
 20
585711.16
 30
0.0
 40
1.6
  0
POINT
  5
2FF
330
17
100
AcDbEntity
  8
ARBORI
 62
3
100
AcDbPoint
 10
391205.04
 20
585711.16
 30
0.0
  0
CIRCLE
  5
300
330
17
100
AcDbEntity
  8
ARBORI
 62
3
100
AcDbCircle
 10
391174.04
 20
585710.16
 30
0.0
 40
2.2
  0
POINT
  5
301
330
17
100
AcDbEntity
  8
ARBORI
 62
3
100
AcDbPoint
 10
391174.04
 20
585710.16
 30
0.0
  0
CIRCLE
  5
302
330
17
100
AcDbEntity
  8
ARBORI
 62
3
100
AcDbCircle
 10
391061.04
 20
585709.16
 30
0.0
 40
4.6
  0
POINT
  5
303
330
17
100
AcDbEntity
  8
ARBORI
 62
3
100
AcDbPoint
 10
391061.04
 20
585709.16
 30
0.0
  0
CIRCLE
  5
304
330
17
100
AcDbEntity
  8
ARBORI
 62
3
100
AcDbCircle
 10
390939.04
 20
585708.16
 30
0.0
 40
6.0
  0
POINT
  5
305
330
17
100
AcDbEntity
  8
ARBORI
 62
3
100
AcDbPoint
 10
390939.04
 20
585708.16
 30
0.0
  0
CIRCLE
  5
306
330
17
100
AcDbEntity
  8
ARBORI
 62
3
100
AcDbCircle
 10
391102.04
 20
585708.16
 30
0.0
 40
6.0
  0
POINT
  5
307
330
17
100
AcDbEntity
  8
ARBORI
 62
3
100
AcDbPoint
 10
391102.04
 20
585708.16
 30
0.0
  0
CIRCLE
  5
308
330
17
100
AcDbEntity
  8
ARBORI
 62
3
100
AcDbCircle
 10
391165.04
 20
585708.16
 30
0.0
 40
1.9
  0
POINT
  5
309
330
17
100
AcDbEntity
  8
ARBORI
 62
3
100
AcDbPoint
 10
391165.04
 20
585708.16
 30
0.0
  0
CIRCLE
  5
30A
330
17
100
AcDbEntity
  8
ARBORI
 62
3
100
AcDbCircle
 10
391122.04
 20
585707.16
 30
0.0
 40
6.0
  0
POINT
  5
30B
330
17
100
AcDbEntity
  8
ARBORI
 62
3
100
AcDbPoint
 10
391122.04
 20
585707.16
 30
0.0
  0
CIRCLE
  5
30C
330
17
100
AcDbEntity
  8
ARBORI
 62
3
100
AcDbCircle
 10
391132.04
 20
585707.16
 30
0.0
 40
6.0
  0
POINT
  5
30D
330
17
100
AcDbEntity
  8
ARBORI
 62
3
100
AcDbPoint
 10
391132.04
 20
585707.16
 30
0.0
  0
CIRCLE
  5
30E
330
17
100
AcDbEntity
  8
ARBORI
 62
3
100
AcDbCircle
 10
390883.04
 20
585706.16
 30
0.0
 40
1.5
  0
POINT
  5
30F
330
17
100
AcDbEntity
  8
ARBORI
 62
3
100
AcDbPoint
 10
390883.04
 20
585706.16
 30
0.0
  0
CIRCLE
  5
310
330
17
100
AcDbEntity
  8
ARBORI
 62
3
100
AcDbCircle
 10
390980.04
 20
585706.16
 30
0.0
 40
5.6
  0
POINT
  5
311
330
17
100
AcDbEntity
  8
ARBORI
 62
3
100
AcDbPoint
 10
390980.04
 20
585706.16
 30
0.0
  0
CIRCLE
  5
312
330
17
100
AcDbEntity
  8
ARBORI
 62
3
100
AcDbCircle
 10
390984.04
 20
585706.16
 30
0.0
 40
5.7
  0
POINT
  5
313
330
17
100
AcDbEntity
  8
ARBORI
 62
3
100
AcDbPoint
 10
390984.04
 20
585706.16
 30
0.0
  0
CIRCLE
  5
314
330
17
100
AcDbEntity
  8
ARBORI
 62
3
100
AcDbCircle
 10
390746.04
 20
585705.16
 30
0.0
 40
2.0
  0
POINT
  5
315
330
17
100
AcDbEntity
  8
ARBORI
 62
3
100
AcDbPoint
 10
390746.04
 20
585705.16
 30
0.0
  0
CIRCLE
  5
316
330
17
100
AcDbEntity
  8
ARBORI
 62
3
100
AcDbCircle
 10
391136.04
 20
585705.16
 30
0.0
 40
6.0
  0
POINT
  5
317
330
17
100
AcDbEntity
  8
ARBORI
 62
3
100
AcDbPoint
 10
391136.04
 20
585705.16
 30
0.0
  0
CIRCLE
  5
318
330
17
100
AcDbEntity
  8
ARBORI
 62
3
100
AcDbCircle
 10
391072.04
 20
585704.16
 30
0.0
 40
6.0
  0
POINT
  5
319
330
17
100
AcDbEntity
  8
ARBORI
 62
3
100
AcDbPoint
 10
391072.04
 20
585704.16
 30
0.0
  0
CIRCLE
  5
31A
330
17
100
AcDbEntity
  8
ARBORI
 62
3
100
AcDbCircle
 10
391001.04
 20
585703.16
 30
0.0
 40
5.5
  0
POINT
  5
31B
330
17
100
AcDbEntity
  8
ARBORI
 62
3
100
AcDbPoint
 10
391001.04
 20
585703.16
 30
0.0
  0
CIRCLE
  5
31C
330
17
100
AcDbEntity
  8
ARBORI
 62
3
100
AcDbCircle
 10
391010.04
 20
585703.16
 30
0.0
 40
5.8
  0
POINT
  5
31D
330
17
100
AcDbEntity
  8
ARBORI
 62
3
100
AcDbPoint
 10
391010.04
 20
585703.16
 30
0.0
  0
CIRCLE
  5
31E
330
17
100
AcDbEntity
  8
ARBORI
 62
3
100
AcDbCircle
 10
391115.04
 20
585703.16
 30
0.0
 40
6.0
  0
POINT
  5
31F
330
17
100
AcDbEntity
  8
ARBORI
 62
3
100
AcDbPoint
 10
391115.04
 20
585703.16
 30
0.0
  0
CIRCLE
  5
320
330
17
100
AcDbEntity
  8
ARBORI
 62
3
100
AcDbCircle
 10
391152.04
 20
585703.16
 30
0.0
 40
4.5
  0
POINT
  5
321
330
17
100
AcDbEntity
  8
ARBORI
 62
3
100
AcDbPoint
 10
391152.04
 20
585703.16
 30
0.0
  0
CIRCLE
  5
322
330
17
100
AcDbEntity
  8
ARBORI
 62
3
100
AcDbCircle
 10
391049.04
 20
585702.16
 30
0.0
 40
6.0
  0
POINT
  5
323
330
17
100
AcDbEntity
  8
ARBORI
 62
3
100
AcDbPoint
 10
391049.04
 20
585702.16
 30
0.0
  0
CIRCLE
  5
324
330
17
100
AcDbEntity
  8
ARBORI
 62
3
100
AcDbCircle
 10
391106.04
 20
585702.16
 30
0.0
 40
6.0
  0
POINT
  5
325
330
17
100
AcDbEntity
  8
ARBORI
 62
3
100
AcDbPoint
 10
391106.04
 20
585702.16
 30
0.0
  0
CIRCLE
  5
326
330
17
100
AcDbEntity
  8
ARBORI
 62
3
100
AcDbCircle
 10
391207.04
 20
585701.16
 30
0.0
 40
1.7
  0
POINT
  5
327
330
17
100
AcDbEntity
  8
ARBORI
 62
3
100
AcDbPoint
 10
391207.04
 20
585701.16
 30
0.0
  0
CIRCLE
  5
328
330
17
100
AcDbEntity
  8
ARBORI
 62
3
100
AcDbCircle
 10
390975.04
 20
585700.16
 30
0.0
 40
5.7
  0
POINT
  5
329
330
17
100
AcDbEntity
  8
ARBORI
 62
3
100
AcDbPoint
 10
390975.04
 20
585700.16
 30
0.0
  0
CIRCLE
  5
32A
330
17
100
AcDbEntity
  8
ARBORI
 62
3
100
AcDbCircle
 10
391116.04
 20
585698.16
 30
0.0
 40
6.0
  0
POINT
  5
32B
330
17
100
AcDbEntity
  8
ARBORI
 62
3
100
AcDbPoint
 10
391116.04
 20
585698.16
 30
0.0
  0
CIRCLE
  5
32C
330
17
100
AcDbEntity
  8
ARBORI
 62
3
100
AcDbCircle
 10
391130.04
 20
585698.16
 30
0.0
 40
6.0
  0
POINT
  5
32D
330
17
100
AcDbEntity
  8
ARBORI
 62
3
100
AcDbPoint
 10
391130.04
 20
585698.16
 30
0.0
  0
CIRCLE
  5
32E
330
17
100
AcDbEntity
  8
ARBORI
 62
3
100
AcDbCircle
 10
391155.04
 20
585698.16
 30
0.0
 40
4.5
  0
POINT
  5
32F
330
17
100
AcDbEntity
  8
ARBORI
 62
3
100
AcDbPoint
 10
391155.04
 20
585698.16
 30
0.0
  0
CIRCLE
  5
330
330
17
100
AcDbEntity
  8
ARBORI
 62
3
100
AcDbCircle
 10
391059.04
 20
585697.16
 30
0.0
 40
6.0
  0
POINT
  5
331
330
17
100
AcDbEntity
  8
ARBORI
 62
3
100
AcDbPoint
 10
391059.04
 20
585697.16
 30
0.0
  0
CIRCLE
  5
332
330
17
100
AcDbEntity
  8
ARBORI
 62
3
100
AcDbCircle
 10
390915.04
 20
585696.16
 30
0.0
 40
2.4
  0
POINT
  5
333
330
17
100
AcDbEntity
  8
ARBORI
 62
3
100
AcDbPoint
 10
390915.04
 20
585696.16
 30
0.0
  0
CIRCLE
  5
334
330
17
100
AcDbEntity
  8
ARBORI
 62
3
100
AcDbCircle
 10
390977.04
 20
585696.16
 30
0.0
 40
5.8
  0
POINT
  5
335
330
17
100
AcDbEntity
  8
ARBORI
 62
3
100
AcDbPoint
 10
390977.04
 20
585696.16
 30
0.0
  0
CIRCLE
  5
336
330
17
100
AcDbEntity
  8
ARBORI
 62
3
100
AcDbCircle
 10
391094.04
 20
585696.16
 30
0.0
 40
5.6
  0
POINT
  5
337
330
17
100
AcDbEntity
  8
ARBORI
 62
3
100
AcDbPoint
 10
391094.04
 20
585696.16
 30
0.0
  0
CIRCLE
  5
338
330
17
100
AcDbEntity
  8
ARBORI
 62
3
100
AcDbCircle
 10
391217.04
 20
585696.16
 30
0.0
 40
1.5
  0
POINT
  5
339
330
17
100
AcDbEntity
  8
ARBORI
 62
3
100
AcDbPoint
 10
391217.04
 20
585696.16
 30
0.0
  0
CIRCLE
  5
33A
330
17
100
AcDbEntity
  8
ARBORI
 62
3
100
AcDbCircle
 10
390702.04
 20
585694.16
 30
0.0
 40
2.2
  0
POINT
  5
33B
330
17
100
AcDbEntity
  8
ARBORI
 62
3
100
AcDbPoint
 10
390702.04
 20
585694.16
 30
0.0
  0
CIRCLE
  5
33C
330
17
100
AcDbEntity
  8
ARBORI
 62
3
100
AcDbCircle
 10
390945.04
 20
585694.16
 30
0.0
 40
6.0
  0
POINT
  5
33D
330
17
100
AcDbEntity
  8
ARBORI
 62
3
100
AcDbPoint
 10
390945.04
 20
585694.16
 30
0.0
  0
CIRCLE
  5
33E
330
17
100
AcDbEntity
  8
ARBORI
 62
3
100
AcDbCircle
 10
391089.04
 20
585693.16
 30
0.0
 40
5.4
  0
POINT
  5
33F
330
17
100
AcDbEntity
  8
ARBORI
 62
3
100
AcDbPoint
 10
391089.04
 20
585693.16
 30
0.0
  0
CIRCLE
  5
340
330
17
100
AcDbEntity
  8
ARBORI
 62
3
100
AcDbCircle
 10
390715.04
 20
585692.16
 30
0.0
 40
1.5
  0
POINT
  5
341
330
17
100
AcDbEntity
  8
ARBORI
 62
3
100
AcDbPoint
 10
390715.04
 20
585692.16
 30
0.0
  0
CIRCLE
  5
342
330
17
100
AcDbEntity
  8
ARBORI
 62
3
100
AcDbCircle
 10
391069.04
 20
585692.16
 30
0.0
 40
6.0
  0
POINT
  5
343
330
17
100
AcDbEntity
  8
ARBORI
 62
3
100
AcDbPoint
 10
391069.04
 20
585692.16
 30
0.0
  0
CIRCLE
  5
344
330
17
100
AcDbEntity
  8
ARBORI
 62
3
100
AcDbCircle
 10
390974.04
 20
585691.16
 30
0.0
 40
6.0
  0
POINT
  5
345
330
17
100
AcDbEntity
  8
ARBORI
 62
3
100
AcDbPoint
 10
390974.04
 20
585691.16
 30
0.0
  0
CIRCLE
  5
346
330
17
100
AcDbEntity
  8
ARBORI
 62
3
100
AcDbCircle
 10
391223.04
 20
585691.16
 30
0.0
 40
1.5
  0
POINT
  5
347
330
17
100
AcDbEntity
  8
ARBORI
 62
3
100
AcDbPoint
 10
391223.04
 20
585691.16
 30
0.0
  0
CIRCLE
  5
348
330
17
100
AcDbEntity
  8
ARBORI
 62
3
100
AcDbCircle
 10
391026.04
 20
585690.16
 30
0.0
 40
6.0
  0
POINT
  5
349
330
17
100
AcDbEntity
  8
ARBORI
 62
3
100
AcDbPoint
 10
391026.04
 20
585690.16
 30
0.0
  0
CIRCLE
  5
34A
330
17
100
AcDbEntity
  8
ARBORI
 62
3
100
AcDbCircle
 10
391100.04
 20
585690.16
 30
0.0
 40
5.8
  0
POINT
  5
34B
330
17
100
AcDbEntity
  8
ARBORI
 62
3
100
AcDbPoint
 10
391100.04
 20
585690.16
 30
0.0
  0
CIRCLE
  5
34C
330
17
100
AcDbEntity
  8
ARBORI
 62
3
100
AcDbCircle
 10
391118.04
 20
585690.16
 30
0.0
 40
6.0
  0
POINT
  5
34D
330
17
100
AcDbEntity
  8
ARBORI
 62
3
100
AcDbPoint
 10
391118.04
 20
585690.16
 30
0.0
  0
CIRCLE
  5
34E
330
17
100
AcDbEntity
  8
ARBORI
 62
3
100
AcDbCircle
 10
391207.04
 20
585690.16
 30
0.0
 40
1.5
  0
POINT
  5
34F
330
17
100
AcDbEntity
  8
ARBORI
 62
3
100
AcDbPoint
 10
391207.04
 20
585690.16
 30
0.0
  0
CIRCLE
  5
350
330
17
100
AcDbEntity
  8
ARBORI
 62
3
100
AcDbCircle
 10
391015.04
 20
585689.16
 30
0.0
 40
6.0
  0
POINT
  5
351
330
17
100
AcDbEntity
  8
ARBORI
 62
3
100
AcDbPoint
 10
391015.04
 20
585689.16
 30
0.0
  0
CIRCLE
  5
352
330
17
100
AcDbEntity
  8
ARBORI
 62
3
100
AcDbCircle
 10
391113.04
 20
585689.16
 30
0.0
 40
6.0
  0
POINT
  5
353
330
17
100
AcDbEntity
  8
ARBORI
 62
3
100
AcDbPoint
 10
391113.04
 20
585689.16
 30
0.0
  0
CIRCLE
  5
354
330
17
100
AcDbEntity
  8
ARBORI
 62
3
100
AcDbCircle
 10
391147.04
 20
585689.16
 30
0.0
 40
6.0
  0
POINT
  5
355
330
17
100
AcDbEntity
  8
ARBORI
 62
3
100
AcDbPoint
 10
391147.04
 20
585689.16
 30
0.0
  0
CIRCLE
  5
356
330
17
100
AcDbEntity
  8
ARBORI
 62
3
100
AcDbCircle
 10
391184.04
 20
585689.16
 30
0.0
 40
1.6
  0
POINT
  5
357
330
17
100
AcDbEntity
  8
ARBORI
 62
3
100
AcDbPoint
 10
391184.04
 20
585689.16
 30
0.0
  0
CIRCLE
  5
358
330
17
100
AcDbEntity
  8
ARBORI
 62
3
100
AcDbCircle
 10
391193.04
 20
585689.16
 30
0.0
 40
1.5
  0
POINT
  5
359
330
17
100
AcDbEntity
  8
ARBORI
 62
3
100
AcDbPoint
 10
391193.04
 20
585689.16
 30
0.0
  0
CIRCLE
  5
35A
330
17
100
AcDbEntity
  8
ARBORI
 62
3
100
AcDbCircle
 10
390706.04
 20
585687.16
 30
0.0
 40
2.2
  0
POINT
  5
35B
330
17
100
AcDbEntity
  8
ARBORI
 62
3
100
AcDbPoint
 10
390706.04
 20
585687.16
 30
0.0
  0
CIRCLE
  5
35C
330
17
100
AcDbEntity
  8
ARBORI
 62
3
100
AcDbCircle
 10
390819.04
 20
585687.16
 30
0.0
 40
3.1
  0
POINT
  5
35D
330
17
100
AcDbEntity
  8
ARBORI
 62
3
100
AcDbPoint
 10
390819.04
 20
585687.16
 30
0.0
  0
CIRCLE
  5
35E
330
17
100
AcDbEntity
  8
ARBORI
 62
3
100
AcDbCircle
 10
390873.04
 20
585687.16
 30
0.0
 40
1.6
  0
POINT
  5
35F
330
17
100
AcDbEntity
  8
ARBORI
 62
3
100
AcDbPoint
 10
390873.04
 20
585687.16
 30
0.0
  0
CIRCLE
  5
360
330
17
100
AcDbEntity
  8
ARBORI
 62
3
100
AcDbCircle
 10
390934.04
 20
585687.16
 30
0.0
 40
1.5
  0
POINT
  5
361
330
17
100
AcDbEntity
  8
ARBORI
 62
3
100
AcDbPoint
 10
390934.04
 20
585687.16
 30
0.0
  0
CIRCLE
  5
362
330
17
100
AcDbEntity
  8
ARBORI
 62
3
100
AcDbCircle
 10
391049.04
 20
585687.16
 30
0.0
 40
2.6
  0
POINT
  5
363
330
17
100
AcDbEntity
  8
ARBORI
 62
3
100
AcDbPoint
 10
391049.04
 20
585687.16
 30
0.0
  0
CIRCLE
  5
364
330
17
100
AcDbEntity
  8
ARBORI
 62
3
100
AcDbCircle
 10
390918.04
 20
585686.16
 30
0.0
 40
2.0
  0
POINT
  5
365
330
17
100
AcDbEntity
  8
ARBORI
 62
3
100
AcDbPoint
 10
390918.04
 20
585686.16
 30
0.0
  0
CIRCLE
  5
366
330
17
100
AcDbEntity
  8
ARBORI
 62
3
100
AcDbCircle
 10
391027.04
 20
585686.16
 30
0.0
 40
6.0
  0
POINT
  5
367
330
17
100
AcDbEntity
  8
ARBORI
 62
3
100
AcDbPoint
 10
391027.04
 20
585686.16
 30
0.0
  0
CIRCLE
  5
368
330
17
100
AcDbEntity
  8
ARBORI
 62
3
100
AcDbCircle
 10
391041.04
 20
585686.16
 30
0.0
 40
6.0
  0
POINT
  5
369
330
17
100
AcDbEntity
  8
ARBORI
 62
3
100
AcDbPoint
 10
391041.04
 20
585686.16
 30
0.0
  0
CIRCLE
  5
36A
330
17
100
AcDbEntity
  8
ARBORI
 62
3
100
AcDbCircle
 10
390797.04
 20
585685.16
 30
0.0
 40
3.0
  0
POINT
  5
36B
330
17
100
AcDbEntity
  8
ARBORI
 62
3
100
AcDbPoint
 10
390797.04
 20
585685.16
 30
0.0
  0
CIRCLE
  5
36C
330
17
100
AcDbEntity
  8
ARBORI
 62
3
100
AcDbCircle
 10
391152.04
 20
585685.16
 30
0.0
 40
6.0
  0
POINT
  5
36D
330
17
100
AcDbEntity
  8
ARBORI
 62
3
100
AcDbPoint
 10
391152.04
 20
585685.16
 30
0.0
  0
CIRCLE
  5
36E
330
17
100
AcDbEntity
  8
ARBORI
 62
3
100
AcDbCircle
 10
391173.04
 20
585685.16
 30
0.0
 40
3.4
  0
POINT
  5
36F
330
17
100
AcDbEntity
  8
ARBORI
 62
3
100
AcDbPoint
 10
391173.04
 20
585685.16
 30
0.0
  0
CIRCLE
  5
370
330
17
100
AcDbEntity
  8
ARBORI
 62
3
100
AcDbCircle
 10
390950.04
 20
585684.16
 30
0.0
 40
6.0
  0
POINT
  5
371
330
17
100
AcDbEntity
  8
ARBORI
 62
3
100
AcDbPoint
 10
390950.04
 20
585684.16
 30
0.0
  0
CIRCLE
  5
372
330
17
100
AcDbEntity
  8
ARBORI
 62
3
100
AcDbCircle
 10
390969.04
 20
585684.16
 30
0.0
 40
6.0
  0
POINT
  5
373
330
17
100
AcDbEntity
  8
ARBORI
 62
3
100
AcDbPoint
 10
390969.04
 20
585684.16
 30
0.0
  0
CIRCLE
  5
374
330
17
100
AcDbEntity
  8
ARBORI
 62
3
100
AcDbCircle
 10
391130.04
 20
585684.16
 30
0.0
 40
6.0
  0
POINT
  5
375
330
17
100
AcDbEntity
  8
ARBORI
 62
3
100
AcDbPoint
 10
391130.04
 20
585684.16
 30
0.0
  0
CIRCLE
  5
376
330
17
100
AcDbEntity
  8
ARBORI
 62
3
100
AcDbCircle
 10
390805.04
 20
585683.16
 30
0.0
 40
1.5
  0
POINT
  5
377
330
17
100
AcDbEntity
  8
ARBORI
 62
3
100
AcDbPoint
 10
390805.04
 20
585683.16
 30
0.0
  0
CIRCLE
  5
378
330
17
100
AcDbEntity
  8
ARBORI
 62
3
100
AcDbCircle
 10
390928.04
 20
585681.16
 30
0.0
 40
1.5
  0
POINT
  5
379
330
17
100
AcDbEntity
  8
ARBORI
 62
3
100
AcDbPoint
 10
390928.04
 20
585681.16
 30
0.0
  0
CIRCLE
  5
37A
330
17
100
AcDbEntity
  8
ARBORI
 62
3
100
AcDbCircle
 10
390946.04
 20
585681.16
 30
0.0
 40
1.7
  0
POINT
  5
37B
330
17
100
AcDbEntity
  8
ARBORI
 62
3
100
AcDbPoint
 10
390946.04
 20
585681.16
 30
0.0
  0
CIRCLE
  5
37C
330
17
100
AcDbEntity
  8
ARBORI
 62
3
100
AcDbCircle
 10
391072.04
 20
585680.16
 30
0.0
 40
6.0
  0
POINT
  5
37D
330
17
100
AcDbEntity
  8
ARBORI
 62
3
100
AcDbPoint
 10
391072.04
 20
585680.16
 30
0.0
  0
CIRCLE
  5
37E
330
17
100
AcDbEntity
  8
ARBORI
 62
3
100
AcDbCircle
 10
391285.04
 20
585680.16
 30
0.0
 40
1.7
  0
POINT
  5
37F
330
17
100
AcDbEntity
  8
ARBORI
 62
3
100
AcDbPoint
 10
391285.04
 20
585680.16
 30
0.0
  0
CIRCLE
  5
380
330
17
100
AcDbEntity
  8
ARBORI
 62
3
100
AcDbCircle
 10
390851.04
 20
585679.16
 30
0.0
 40
1.5
  0
POINT
  5
381
330
17
100
AcDbEntity
  8
ARBORI
 62
3
100
AcDbPoint
 10
390851.04
 20
585679.16
 30
0.0
  0
CIRCLE
  5
382
330
17
100
AcDbEntity
  8
ARBORI
 62
3
100
AcDbCircle
 10
390871.04
 20
585678.16
 30
0.0
 40
4.9
  0
POINT
  5
383
330
17
100
AcDbEntity
  8
ARBORI
 62
3
100
AcDbPoint
 10
390871.04
 20
585678.16
 30
0.0
  0
CIRCLE
  5
384
330
17
100
AcDbEntity
  8
ARBORI
 62
3
100
AcDbCircle
 10
391053.04
 20
585678.16
 30
0.0
 40
6.0
  0
POINT
  5
385
330
17
100
AcDbEntity
  8
ARBORI
 62
3
100
AcDbPoint
 10
391053.04
 20
585678.16
 30
0.0
  0
CIRCLE
  5
386
330
17
100
AcDbEntity
  8
ARBORI
 62
3
100
AcDbCircle
 10
391113.04
 20
585678.16
 30
0.0
 40
6.0
  0
POINT
  5
387
330
17
100
AcDbEntity
  8
ARBORI
 62
3
100
AcDbPoint
 10
391113.04
 20
585678.16
 30
0.0
  0
CIRCLE
  5
388
330
17
100
AcDbEntity
  8
ARBORI
 62
3
100
AcDbCircle
 10
391144.04
 20
585678.16
 30
0.0
 40
5.5
  0
POINT
  5
389
330
17
100
AcDbEntity
  8
ARBORI
 62
3
100
AcDbPoint
 10
391144.04
 20
585678.16
 30
0.0
  0
CIRCLE
  5
38A
330
17
100
AcDbEntity
  8
ARBORI
 62
3
100
AcDbCircle
 10
390787.04
 20
585677.16
 30
0.0
 40
1.5
  0
POINT
  5
38B
330
17
100
AcDbEntity
  8
ARBORI
 62
3
100
AcDbPoint
 10
390787.04
 20
585677.16
 30
0.0
  0
CIRCLE
  5
38C
330
17
100
AcDbEntity
  8
ARBORI
 62
3
100
AcDbCircle
 10
390867.04
 20
585677.16
 30
0.0
 40
4.9
  0
POINT
  5
38D
330
17
100
AcDbEntity
  8
ARBORI
 62
3
100
AcDbPoint
 10
390867.04
 20
585677.16
 30
0.0
  0
CIRCLE
  5
38E
330
17
100
AcDbEntity
  8
ARBORI
 62
3
100
AcDbCircle
 10
391002.04
 20
585677.16
 30
0.0
 40
6.0
  0
POINT
  5
38F
330
17
100
AcDbEntity
  8
ARBORI
 62
3
100
AcDbPoint
 10
391002.04
 20
585677.16
 30
0.0
  0
CIRCLE
  5
390
330
17
100
AcDbEntity
  8
ARBORI
 62
3
100
AcDbCircle
 10
391033.04
 20
585677.16
 30
0.0
 40
6.0
  0
POINT
  5
391
330
17
100
AcDbEntity
  8
ARBORI
 62
3
100
AcDbPoint
 10
391033.04
 20
585677.16
 30
0.0
  0
CIRCLE
  5
392
330
17
100
AcDbEntity
  8
ARBORI
 62
3
100
AcDbCircle
 10
391038.04
 20
585677.16
 30
0.0
 40
6.0
  0
POINT
  5
393
330
17
100
AcDbEntity
  8
ARBORI
 62
3
100
AcDbPoint
 10
391038.04
 20
585677.16
 30
0.0
  0
CIRCLE
  5
394
330
17
100
AcDbEntity
  8
ARBORI
 62
3
100
AcDbCircle
 10
391082.04
 20
585677.16
 30
0.0
 40
6.0
  0
POINT
  5
395
330
17
100
AcDbEntity
  8
ARBORI
 62
3
100
AcDbPoint
 10
391082.04
 20
585677.16
 30
0.0
  0
CIRCLE
  5
396
330
17
100
AcDbEntity
  8
ARBORI
 62
3
100
AcDbCircle
 10
390914.04
 20
585676.16
 30
0.0
 40
2.1
  0
POINT
  5
397
330
17
100
AcDbEntity
  8
ARBORI
 62
3
100
AcDbPoint
 10
390914.04
 20
585676.16
 30
0.0
  0
CIRCLE
  5
398
330
17
100
AcDbEntity
  8
ARBORI
 62
3
100
AcDbCircle
 10
391265.04
 20
585676.16
 30
0.0
 40
4.0
  0
POINT
  5
399
330
17
100
AcDbEntity
  8
ARBORI
 62
3
100
AcDbPoint
 10
391265.04
 20
585676.16
 30
0.0
  0
CIRCLE
  5
39A
330
17
100
AcDbEntity
  8
ARBORI
 62
3
100
AcDbCircle
 10
390987.04
 20
585675.16
 30
0.0
 40
6.0
  0
POINT
  5
39B
330
17
100
AcDbEntity
  8
ARBORI
 62
3
100
AcDbPoint
 10
390987.04
 20
585675.16
 30
0.0
  0
CIRCLE
  5
39C
330
17
100
AcDbEntity
  8
ARBORI
 62
3
100
AcDbCircle
 10
391178.04
 20
585675.16
 30
0.0
 40
1.7
  0
POINT
  5
39D
330
17
100
AcDbEntity
  8
ARBORI
 62
3
100
AcDbPoint
 10
391178.04
 20
585675.16
 30
0.0
  0
CIRCLE
  5
39E
330
17
100
AcDbEntity
  8
ARBORI
 62
3
100
AcDbCircle
 10
391292.04
 20
585675.16
 30
0.0
 40
2.4
  0
POINT
  5
39F
330
17
100
AcDbEntity
  8
ARBORI
 62
3
100
AcDbPoint
 10
391292.04
 20
585675.16
 30
0.0
  0
CIRCLE
  5
3A0
330
17
100
AcDbEntity
  8
ARBORI
 62
3
100
AcDbCircle
 10
390766.04
 20
585674.16
 30
0.0
 40
4.0
  0
POINT
  5
3A1
330
17
100
AcDbEntity
  8
ARBORI
 62
3
100
AcDbPoint
 10
390766.04
 20
585674.16
 30
0.0
  0
CIRCLE
  5
3A2
330
17
100
AcDbEntity
  8
ARBORI
 62
3
100
AcDbCircle
 10
390771.04
 20
585674.16
 30
0.0
 40
4.2
  0
POINT
  5
3A3
330
17
100
AcDbEntity
  8
ARBORI
 62
3
100
AcDbPoint
 10
390771.04
 20
585674.16
 30
0.0
  0
CIRCLE
  5
3A4
330
17
100
AcDbEntity
  8
ARBORI
 62
3
100
AcDbCircle
 10
390840.04
 20
585674.16
 30
0.0
 40
2.3
  0
POINT
  5
3A5
330
17
100
AcDbEntity
  8
ARBORI
 62
3
100
AcDbPoint
 10
390840.04
 20
585674.16
 30
0.0
  0
CIRCLE
  5
3A6
330
17
100
AcDbEntity
  8
ARBORI
 62
3
100
AcDbCircle
 10
390905.04
 20
585674.16
 30
0.0
 40
2.6
  0
POINT
  5
3A7
330
17
100
AcDbEntity
  8
ARBORI
 62
3
100
AcDbPoint
 10
390905.04
 20
585674.16
 30
0.0
  0
CIRCLE
  5
3A8
330
17
100
AcDbEntity
  8
ARBORI
 62
3
100
AcDbCircle
 10
391114.04
 20
585674.16
 30
0.0
 40
6.0
  0
POINT
  5
3A9
330
17
100
AcDbEntity
  8
ARBORI
 62
3
100
AcDbPoint
 10
391114.04
 20
585674.16
 30
0.0
  0
CIRCLE
  5
3AA
330
17
100
AcDbEntity
  8
ARBORI
 62
3
100
AcDbCircle
 10
391122.04
 20
585674.16
 30
0.0
 40
6.0
  0
POINT
  5
3AB
330
17
100
AcDbEntity
  8
ARBORI
 62
3
100
AcDbPoint
 10
391122.04
 20
585674.16
 30
0.0
  0
CIRCLE
  5
3AC
330
17
100
AcDbEntity
  8
ARBORI
 62
3
100
AcDbCircle
 10
390672.04
 20
585673.16
 30
0.0
 40
1.7
  0
POINT
  5
3AD
330
17
100
AcDbEntity
  8
ARBORI
 62
3
100
AcDbPoint
 10
390672.04
 20
585673.16
 30
0.0
  0
CIRCLE
  5
3AE
330
17
100
AcDbEntity
  8
ARBORI
 62
3
100
AcDbCircle
 10
391079.04
 20
585671.16
 30
0.0
 40
6.0
  0
POINT
  5
3AF
330
17
100
AcDbEntity
  8
ARBORI
 62
3
100
AcDbPoint
 10
391079.04
 20
585671.16
 30
0.0
  0
CIRCLE
  5
3B0
330
17
100
AcDbEntity
  8
ARBORI
 62
3
100
AcDbCircle
 10
391276.04
 20
585671.16
 30
0.0
 40
1.7
  0
POINT
  5
3B1
330
17
100
AcDbEntity
  8
ARBORI
 62
3
100
AcDbPoint
 10
391276.04
 20
585671.16
 30
0.0
  0
CIRCLE
  5
3B2
330
17
100
AcDbEntity
  8
ARBORI
 62
3
100
AcDbCircle
 10
390771.04
 20
585670.16
 30
0.0
 40
4.3
  0
POINT
  5
3B3
330
17
100
AcDbEntity
  8
ARBORI
 62
3
100
AcDbPoint
 10
390771.04
 20
585670.16
 30
0.0
  0
CIRCLE
  5
3B4
330
17
100
AcDbEntity
  8
ARBORI
 62
3
100
AcDbCircle
 10
390968.04
 20
585668.16
 30
0.0
 40
6.0
  0
POINT
  5
3B5
330
17
100
AcDbEntity
  8
ARBORI
 62
3
100
AcDbPoint
 10
390968.04
 20
585668.16
 30
0.0
  0
CIRCLE
  5
3B6
330
17
100
AcDbEntity
  8
ARBORI
 62
3
100
AcDbCircle
 10
390978.04
 20
585668.16
 30
0.0
 40
6.0
  0
POINT
  5
3B7
330
17
100
AcDbEntity
  8
ARBORI
 62
3
100
AcDbPoint
 10
390978.04
 20
585668.16
 30
0.0
  0
CIRCLE
  5
3B8
330
17
100
AcDbEntity
  8
ARBORI
 62
3
100
AcDbCircle
 10
391115.04
 20
585668.16
 30
0.0
 40
6.0
  0
POINT
  5
3B9
330
17
100
AcDbEntity
  8
ARBORI
 62
3
100
AcDbPoint
 10
391115.04
 20
585668.16
 30
0.0
  0
CIRCLE
  5
3BA
330
17
100
AcDbEntity
  8
ARBORI
 62
3
100
AcDbCircle
 10
391149.04
 20
585668.16
 30
0.0
 40
6.0
  0
POINT
  5
3BB
330
17
100
AcDbEntity
  8
ARBORI
 62
3
100
AcDbPoint
 10
391149.04
 20
585668.16
 30
0.0
  0
CIRCLE
  5
3BC
330
17
100
AcDbEntity
  8
ARBORI
 62
3
100
AcDbCircle
 10
391269.04
 20
585668.16
 30
0.0
 40
1.5
  0
POINT
  5
3BD
330
17
100
AcDbEntity
  8
ARBORI
 62
3
100
AcDbPoint
 10
391269.04
 20
585668.16
 30
0.0
  0
CIRCLE
  5
3BE
330
17
100
AcDbEntity
  8
ARBORI
 62
3
100
AcDbCircle
 10
390645.04
 20
585667.16
 30
0.0
 40
5.2
  0
POINT
  5
3BF
330
17
100
AcDbEntity
  8
ARBORI
 62
3
100
AcDbPoint
 10
390645.04
 20
585667.16
 30
0.0
  0
CIRCLE
  5
3C0
330
17
100
AcDbEntity
  8
ARBORI
 62
3
100
AcDbCircle
 10
390722.04
 20
585667.16
 30
0.0
 40
1.5
  0
POINT
  5
3C1
330
17
100
AcDbEntity
  8
ARBORI
 62
3
100
AcDbPoint
 10
390722.04
 20
585667.16
 30
0.0
  0
CIRCLE
  5
3C2
330
17
100
AcDbEntity
  8
ARBORI
 62
3
100
AcDbCircle
 10
390748.04
 20
585667.16
 30
0.0
 40
2.6
  0
POINT
  5
3C3
330
17
100
AcDbEntity
  8
ARBORI
 62
3
100
AcDbPoint
 10
390748.04
 20
585667.16
 30
0.0
  0
CIRCLE
  5
3C4
330
17
100
AcDbEntity
  8
ARBORI
 62
3
100
AcDbCircle
 10
390806.04
 20
585667.16
 30
0.0
 40
3.9
  0
POINT
  5
3C5
330
17
100
AcDbEntity
  8
ARBORI
 62
3
100
AcDbPoint
 10
390806.04
 20
585667.16
 30
0.0
  0
CIRCLE
  5
3C6
330
17
100
AcDbEntity
  8
ARBORI
 62
3
100
AcDbCircle
 10
391029.04
 20
585667.16
 30
0.0
 40
2.7
  0
POINT
  5
3C7
330
17
100
AcDbEntity
  8
ARBORI
 62
3
100
AcDbPoint
 10
391029.04
 20
585667.16
 30
0.0
  0
CIRCLE
  5
3C8
330
17
100
AcDbEntity
  8
ARBORI
 62
3
100
AcDbCircle
 10
391033.04
 20
585667.16
 30
0.0
 40
4.3
  0
POINT
  5
3C9
330
17
100
AcDbEntity
  8
ARBORI
 62
3
100
AcDbPoint
 10
391033.04
 20
585667.16
 30
0.0
  0
CIRCLE
  5
3CA
330
17
100
AcDbEntity
  8
ARBORI
 62
3
100
AcDbCircle
 10
391060.04
 20
585667.16
 30
0.0
 40
5.4
  0
POINT
  5
3CB
330
17
100
AcDbEntity
  8
ARBORI
 62
3
100
AcDbPoint
 10
391060.04
 20
585667.16
 30
0.0
  0
CIRCLE
  5
3CC
330
17
100
AcDbEntity
  8
ARBORI
 62
3
100
AcDbCircle
 10
391286.04
 20
585667.16
 30
0.0
 40
1.9
  0
POINT
  5
3CD
330
17
100
AcDbEntity
  8
ARBORI
 62
3
100
AcDbPoint
 10
391286.04
 20
585667.16
 30
0.0
  0
CIRCLE
  5
3CE
330
17
100
AcDbEntity
  8
ARBORI
 62
3
100
AcDbCircle
 10
390733.04
 20
585666.16
 30
0.0
 40
2.2
  0
POINT
  5
3CF
330
17
100
AcDbEntity
  8
ARBORI
 62
3
100
AcDbPoint
 10
390733.04
 20
585666.16
 30
0.0
  0
CIRCLE
  5
3D0
330
17
100
AcDbEntity
  8
ARBORI
 62
3
100
AcDbCircle
 10
391084.04
 20
585666.16
 30
0.0
 40
6.0
  0
POINT
  5
3D1
330
17
100
AcDbEntity
  8
ARBORI
 62
3
100
AcDbPoint
 10
391084.04
 20
585666.16
 30
0.0
  0
CIRCLE
  5
3D2
330
17
100
AcDbEntity
  8
ARBORI
 62
3
100
AcDbCircle
 10
391164.04
 20
585666.16
 30
0.0
 40
5.9
  0
POINT
  5
3D3
330
17
100
AcDbEntity
  8
ARBORI
 62
3
100
AcDbPoint
 10
391164.04
 20
585666.16
 30
0.0
  0
CIRCLE
  5
3D4
330
17
100
AcDbEntity
  8
ARBORI
 62
3
100
AcDbCircle
 10
390872.04
 20
585665.16
 30
0.0
 40
6.0
  0
POINT
  5
3D5
330
17
100
AcDbEntity
  8
ARBORI
 62
3
100
AcDbPoint
 10
390872.04
 20
585665.16
 30
0.0
  0
CIRCLE
  5
3D6
330
17
100
AcDbEntity
  8
ARBORI
 62
3
100
AcDbCircle
 10
391042.04
 20
585665.16
 30
0.0
 40
5.5
  0
POINT
  5
3D7
330
17
100
AcDbEntity
  8
ARBORI
 62
3
100
AcDbPoint
 10
391042.04
 20
585665.16
 30
0.0
  0
CIRCLE
  5
3D8
330
17
100
AcDbEntity
  8
ARBORI
 62
3
100
AcDbCircle
 10
391088.04
 20
585665.16
 30
0.0
 40
6.0
  0
POINT
  5
3D9
330
17
100
AcDbEntity
  8
ARBORI
 62
3
100
AcDbPoint
 10
391088.04
 20
585665.16
 30
0.0
  0
CIRCLE
  5
3DA
330
17
100
AcDbEntity
  8
ARBORI
 62
3
100
AcDbCircle
 10
390891.04
 20
585663.16
 30
0.0
 40
5.4
  0
POINT
  5
3DB
330
17
100
AcDbEntity
  8
ARBORI
 62
3
100
AcDbPoint
 10
390891.04
 20
585663.16
 30
0.0
  0
CIRCLE
  5
3DC
330
17
100
AcDbEntity
  8
ARBORI
 62
3
100
AcDbCircle
 10
390996.04
 20
585663.16
 30
0.0
 40
4.6
  0
POINT
  5
3DD
330
17
100
AcDbEntity
  8
ARBORI
 62
3
100
AcDbPoint
 10
390996.04
 20
585663.16
 30
0.0
  0
CIRCLE
  5
3DE
330
17
100
AcDbEntity
  8
ARBORI
 62
3
100
AcDbCircle
 10
391121.04
 20
585663.16
 30
0.0
 40
6.0
  0
POINT
  5
3DF
330
17
100
AcDbEntity
  8
ARBORI
 62
3
100
AcDbPoint
 10
391121.04
 20
585663.16
 30
0.0
  0
CIRCLE
  5
3E0
330
17
100
AcDbEntity
  8
ARBORI
 62
3
100
AcDbCircle
 10
390617.04
 20
585662.16
 30
0.0
 40
1.5
  0
POINT
  5
3E1
330
17
100
AcDbEntity
  8
ARBORI
 62
3
100
AcDbPoint
 10
390617.04
 20
585662.16
 30
0.0
  0
CIRCLE
  5
3E2
330
17
100
AcDbEntity
  8
ARBORI
 62
3
100
AcDbCircle
 10
390794.04
 20
585662.16
 30
0.0
 40
1.6
  0
POINT
  5
3E3
330
17
100
AcDbEntity
  8
ARBORI
 62
3
100
AcDbPoint
 10
390794.04
 20
585662.16
 30
0.0
  0
CIRCLE
  5
3E4
330
17
100
AcDbEntity
  8
ARBORI
 62
3
100
AcDbCircle
 10
391281.04
 20
585662.16
 30
0.0
 40
1.5
  0
POINT
  5
3E5
330
17
100
AcDbEntity
  8
ARBORI
 62
3
100
AcDbPoint
 10
391281.04
 20
585662.16
 30
0.0
  0
CIRCLE
  5
3E6
330
17
100
AcDbEntity
  8
ARBORI
 62
3
100
AcDbCircle
 10
390830.04
 20
585661.16
 30
0.0
 40
4.0
  0
POINT
  5
3E7
330
17
100
AcDbEntity
  8
ARBORI
 62
3
100
AcDbPoint
 10
390830.04
 20
585661.16
 30
0.0
  0
CIRCLE
  5
3E8
330
17
100
AcDbEntity
  8
ARBORI
 62
3
100
AcDbCircle
 10
390864.04
 20
585661.16
 30
0.0
 40
5.1
  0
POINT
  5
3E9
330
17
100
AcDbEntity
  8
ARBORI
 62
3
100
AcDbPoint
 10
390864.04
 20
585661.16
 30
0.0
  0
CIRCLE
  5
3EA
330
17
100
AcDbEntity
  8
ARBORI
 62
3
100
AcDbCircle
 10
390898.04
 20
585661.16
 30
0.0
 40
2.2
  0
POINT
  5
3EB
330
17
100
AcDbEntity
  8
ARBORI
 62
3
100
AcDbPoint
 10
390898.04
 20
585661.16
 30
0.0
  0
CIRCLE
  5
3EC
330
17
100
AcDbEntity
  8
ARBORI
 62
3
100
AcDbCircle
 10
391050.04
 20
585661.16
 30
0.0
 40
5.4
  0
POINT
  5
3ED
330
17
100
AcDbEntity
  8
ARBORI
 62
3
100
AcDbPoint
 10
391050.04
 20
585661.16
 30
0.0
  0
CIRCLE
  5
3EE
330
17
100
AcDbEntity
  8
ARBORI
 62
3
100
AcDbCircle
 10
391095.04
 20
585661.16
 30
0.0
 40
1.5
  0
POINT
  5
3EF
330
17
100
AcDbEntity
  8
ARBORI
 62
3
100
AcDbPoint
 10
391095.04
 20
585661.16
 30
0.0
  0
CIRCLE
  5
3F0
330
17
100
AcDbEntity
  8
ARBORI
 62
3
100
AcDbCircle
 10
390693.04
 20
585660.16
 30
0.0
 40
1.6
  0
POINT
  5
3F1
330
17
100
AcDbEntity
  8
ARBORI
 62
3
100
AcDbPoint
 10
390693.04
 20
585660.16
 30
0.0
  0
CIRCLE
  5
3F2
330
17
100
AcDbEntity
  8
ARBORI
 62
3
100
AcDbCircle
 10
390963.04
 20
585659.16
 30
0.0
 40
6.0
  0
POINT
  5
3F3
330
17
100
AcDbEntity
  8
ARBORI
 62
3
100
AcDbPoint
 10
390963.04
 20
585659.16
 30
0.0
  0
CIRCLE
  5
3F4
330
17
100
AcDbEntity
  8
ARBORI
 62
3
100
AcDbCircle
 10
391140.04
 20
585659.16
 30
0.0
 40
4.5
  0
POINT
  5
3F5
330
17
100
AcDbEntity
  8
ARBORI
 62
3
100
AcDbPoint
 10
391140.04
 20
585659.16
 30
0.0
  0
CIRCLE
  5
3F6
330
17
100
AcDbEntity
  8
ARBORI
 62
3
100
AcDbCircle
 10
391291.04
 20
585659.16
 30
0.0
 40
2.6
  0
POINT
  5
3F7
330
17
100
AcDbEntity
  8
ARBORI
 62
3
100
AcDbPoint
 10
391291.04
 20
585659.16
 30
0.0
  0
CIRCLE
  5
3F8
330
17
100
AcDbEntity
  8
ARBORI
 62
3
100
AcDbCircle
 10
390763.04
 20
585658.16
 30
0.0
 40
2.3
  0
POINT
  5
3F9
330
17
100
AcDbEntity
  8
ARBORI
 62
3
100
AcDbPoint
 10
390763.04
 20
585658.16
 30
0.0
  0
CIRCLE
  5
3FA
330
17
100
AcDbEntity
  8
ARBORI
 62
3
100
AcDbCircle
 10
390983.04
 20
585658.16
 30
0.0
 40
6.0
  0
POINT
  5
3FB
330
17
100
AcDbEntity
  8
ARBORI
 62
3
100
AcDbPoint
 10
390983.04
 20
585658.16
 30
0.0
  0
CIRCLE
  5
3FC
330
17
100
AcDbEntity
  8
ARBORI
 62
3
100
AcDbCircle
 10
391056.04
 20
585658.16
 30
0.0
 40
4.6
  0
POINT
  5
3FD
330
17
100
AcDbEntity
  8
ARBORI
 62
3
100
AcDbPoint
 10
391056.04
 20
585658.16
 30
0.0
  0
CIRCLE
  5
3FE
330
17
100
AcDbEntity
  8
ARBORI
 62
3
100
AcDbCircle
 10
391109.04
 20
585658.16
 30
0.0
 40
4.3
  0
POINT
  5
3FF
330
17
100
AcDbEntity
  8
ARBORI
 62
3
100
AcDbPoint
 10
391109.04
 20
585658.16
 30
0.0
  0
CIRCLE
  5
400
330
17
100
AcDbEntity
  8
ARBORI
 62
3
100
AcDbCircle
 10
391253.04
 20
585658.16
 30
0.0
 40
2.1
  0
POINT
  5
401
330
17
100
AcDbEntity
  8
ARBORI
 62
3
100
AcDbPoint
 10
391253.04
 20
585658.16
 30
0.0
  0
CIRCLE
  5
402
330
17
100
AcDbEntity
  8
ARBORI
 62
3
100
AcDbCircle
 10
391001.04
 20
585657.16
 30
0.0
 40
3.1
  0
POINT
  5
403
330
17
100
AcDbEntity
  8
ARBORI
 62
3
100
AcDbPoint
 10
391001.04
 20
585657.16
 30
0.0
  0
CIRCLE
  5
404
330
17
100
AcDbEntity
  8
ARBORI
 62
3
100
AcDbCircle
 10
390774.04
 20
585656.16
 30
0.0
 40
1.5
  0
POINT
  5
405
330
17
100
AcDbEntity
  8
ARBORI
 62
3
100
AcDbPoint
 10
390774.04
 20
585656.16
 30
0.0
  0
CIRCLE
  5
406
330
17
100
AcDbEntity
  8
ARBORI
 62
3
100
AcDbCircle
 10
390946.04
 20
585656.16
 30
0.0
 40
6.0
  0
POINT
  5
407
330
17
100
AcDbEntity
  8
ARBORI
 62
3
100
AcDbPoint
 10
390946.04
 20
585656.16
 30
0.0
  0
CIRCLE
  5
408
330
17
100
AcDbEntity
  8
ARBORI
 62
3
100
AcDbCircle
 10
391167.04
 20
585656.16
 30
0.0
 40
6.0
  0
POINT
  5
409
330
17
100
AcDbEntity
  8
ARBORI
 62
3
100
AcDbPoint
 10
391167.04
 20
585656.16
 30
0.0
  0
CIRCLE
  5
40A
330
17
100
AcDbEntity
  8
ARBORI
 62
3
100
AcDbCircle
 10
391192.04
 20
585656.16
 30
0.0
 40
1.5
  0
POINT
  5
40B
330
17
100
AcDbEntity
  8
ARBORI
 62
3
100
AcDbPoint
 10
391192.04
 20
585656.16
 30
0.0
  0
CIRCLE
  5
40C
330
17
100
AcDbEntity
  8
ARBORI
 62
3
100
AcDbCircle
 10
390609.04
 20
585655.16
 30
0.0
 40
1.6
  0
POINT
  5
40D
330
17
100
AcDbEntity
  8
ARBORI
 62
3
100
AcDbPoint
 10
390609.04
 20
585655.16
 30
0.0
  0
CIRCLE
  5
40E
330
17
100
AcDbEntity
  8
ARBORI
 62
3
100
AcDbCircle
 10
391261.04
 20
585655.16
 30
0.0
 40
3.3
  0
POINT
  5
40F
330
17
100
AcDbEntity
  8
ARBORI
 62
3
100
AcDbPoint
 10
391261.04
 20
585655.16
 30
0.0
  0
CIRCLE
  5
410
330
17
100
AcDbEntity
  8
ARBORI
 62
3
100
AcDbCircle
 10
391300.04
 20
585655.16
 30
0.0
 40
1.7
  0
POINT
  5
411
330
17
100
AcDbEntity
  8
ARBORI
 62
3
100
AcDbPoint
 10
391300.04
 20
585655.16
 30
0.0
  0
CIRCLE
  5
412
330
17
100
AcDbEntity
  8
ARBORI
 62
3
100
AcDbCircle
 10
390885.04
 20
585654.16
 30
0.0
 40
5.2
  0
POINT
  5
413
330
17
100
AcDbEntity
  8
ARBORI
 62
3
100
AcDbPoint
 10
390885.04
 20
585654.16
 30
0.0
  0
CIRCLE
  5
414
330
17
100
AcDbEntity
  8
ARBORI
 62
3
100
AcDbCircle
 10
390899.04
 20
585654.16
 30
0.0
 40
2.0
  0
POINT
  5
415
330
17
100
AcDbEntity
  8
ARBORI
 62
3
100
AcDbPoint
 10
390899.04
 20
585654.16
 30
0.0
  0
CIRCLE
  5
416
330
17
100
AcDbEntity
  8
ARBORI
 62
3
100
AcDbCircle
 10
391103.04
 20
585654.16
 30
0.0
 40
5.0
  0
POINT
  5
417
330
17
100
AcDbEntity
  8
ARBORI
 62
3
100
AcDbPoint
 10
391103.04
 20
585654.16
 30
0.0
  0
CIRCLE
  5
418
330
17
100
AcDbEntity
  8
ARBORI
 62
3
100
AcDbCircle
 10
391278.04
 20
585654.16
 30
0.0
 40
2.0
  0
POINT
  5
419
330
17
100
AcDbEntity
  8
ARBORI
 62
3
100
AcDbPoint
 10
391278.04
 20
585654.16
 30
0.0
  0
CIRCLE
  5
41A
330
17
100
AcDbEntity
  8
ARBORI
 62
3
100
AcDbCircle
 10
391284.04
 20
585654.16
 30
0.0
 40
2.1
  0
POINT
  5
41B
330
17
100
AcDbEntity
  8
ARBORI
 62
3
100
AcDbPoint
 10
391284.04
 20
585654.16
 30
0.0
  0
CIRCLE
  5
41C
330
17
100
AcDbEntity
  8
ARBORI
 62
3
100
AcDbCircle
 10
390799.04
 20
585653.16
 30
0.0
 40
1.5
  0
POINT
  5
41D
330
17
100
AcDbEntity
  8
ARBORI
 62
3
100
AcDbPoint
 10
390799.04
 20
585653.16
 30
0.0
  0
CIRCLE
  5
41E
330
17
100
AcDbEntity
  8
ARBORI
 62
3
100
AcDbCircle
 10
391044.04
 20
585653.16
 30
0.0
 40
5.6
  0
POINT
  5
41F
330
17
100
AcDbEntity
  8
ARBORI
 62
3
100
AcDbPoint
 10
391044.04
 20
585653.16
 30
0.0
  0
CIRCLE
  5
420
330
17
100
AcDbEntity
  8
ARBORI
 62
3
100
AcDbCircle
 10
391093.04
 20
585652.16
 30
0.0
 40
6.0
  0
POINT
  5
421
330
17
100
AcDbEntity
  8
ARBORI
 62
3
100
AcDbPoint
 10
391093.04
 20
585652.16
 30
0.0
  0
CIRCLE
  5
422
330
17
100
AcDbEntity
  8
ARBORI
 62
3
100
AcDbCircle
 10
391156.04
 20
585652.16
 30
0.0
 40
6.0
  0
POINT
  5
423
330
17
100
AcDbEntity
  8
ARBORI
 62
3
100
AcDbPoint
 10
391156.04
 20
585652.16
 30
0.0
  0
CIRCLE
  5
424
330
17
100
AcDbEntity
  8
ARBORI
 62
3
100
AcDbCircle
 10
390895.04
 20
585651.16
 30
0.0
 40
5.5
  0
POINT
  5
425
330
17
100
AcDbEntity
  8
ARBORI
 62
3
100
AcDbPoint
 10
390895.04
 20
585651.16
 30
0.0
  0
CIRCLE
  5
426
330
17
100
AcDbEntity
  8
ARBORI
 62
3
100
AcDbCircle
 10
390942.04
 20
585651.16
 30
0.0
 40
6.0
  0
POINT
  5
427
330
17
100
AcDbEntity
  8
ARBORI
 62
3
100
AcDbPoint
 10
390942.04
 20
585651.16
 30
0.0
  0
CIRCLE
  5
428
330
17
100
AcDbEntity
  8
ARBORI
 62
3
100
AcDbCircle
 10
390954.04
 20
585651.16
 30
0.0
 40
5.4
  0
POINT
  5
429
330
17
100
AcDbEntity
  8
ARBORI
 62
3
100
AcDbPoint
 10
390954.04
 20
585651.16
 30
0.0
  0
CIRCLE
  5
42A
330
17
100
AcDbEntity
  8
ARBORI
 62
3
100
AcDbCircle
 10
390860.04
 20
585650.16
 30
0.0
 40
1.5
  0
POINT
  5
42B
330
17
100
AcDbEntity
  8
ARBORI
 62
3
100
AcDbPoint
 10
390860.04
 20
585650.16
 30
0.0
  0
CIRCLE
  5
42C
330
17
100
AcDbEntity
  8
ARBORI
 62
3
100
AcDbCircle
 10
390877.04
 20
585650.16
 30
0.0
 40
5.3
  0
POINT
  5
42D
330
17
100
AcDbEntity
  8
ARBORI
 62
3
100
AcDbPoint
 10
390877.04
 20
585650.16
 30
0.0
  0
CIRCLE
  5
42E
330
17
100
AcDbEntity
  8
ARBORI
 62
3
100
AcDbCircle
 10
390837.04
 20
585649.16
 30
0.0
 40
1.8
  0
POINT
  5
42F
330
17
100
AcDbEntity
  8
ARBORI
 62
3
100
AcDbPoint
 10
390837.04
 20
585649.16
 30
0.0
  0
CIRCLE
  5
430
330
17
100
AcDbEntity
  8
ARBORI
 62
3
100
AcDbCircle
 10
390825.04
 20
585648.16
 30
0.0
 40
2.1
  0
POINT
  5
431
330
17
100
AcDbEntity
  8
ARBORI
 62
3
100
AcDbPoint
 10
390825.04
 20
585648.16
 30
0.0
  0
CIRCLE
  5
432
330
17
100
AcDbEntity
  8
ARBORI
 62
3
100
AcDbCircle
 10
390973.04
 20
585648.16
 30
0.0
 40
5.8
  0
POINT
  5
433
330
17
100
AcDbEntity
  8
ARBORI
 62
3
100
AcDbPoint
 10
390973.04
 20
585648.16
 30
0.0
  0
CIRCLE
  5
434
330
17
100
AcDbEntity
  8
ARBORI
 62
3
100
AcDbCircle
 10
390990.04
 20
585648.16
 30
0.0
 40
5.0
  0
POINT
  5
435
330
17
100
AcDbEntity
  8
ARBORI
 62
3
100
AcDbPoint
 10
390990.04
 20
585648.16
 30
0.0
  0
CIRCLE
  5
436
330
17
100
AcDbEntity
  8
ARBORI
 62
3
100
AcDbCircle
 10
391019.04
 20
585648.16
 30
0.0
 40
6.0
  0
POINT
  5
437
330
17
100
AcDbEntity
  8
ARBORI
 62
3
100
AcDbPoint
 10
391019.04
 20
585648.16
 30
0.0
  0
CIRCLE
  5
438
330
17
100
AcDbEntity
  8
ARBORI
 62
3
100
AcDbCircle
 10
391027.04
 20
585648.16
 30
0.0
 40
5.7
  0
POINT
  5
439
330
17
100
AcDbEntity
  8
ARBORI
 62
3
100
AcDbPoint
 10
391027.04
 20
585648.16
 30
0.0
  0
CIRCLE
  5
43A
330
17
100
AcDbEntity
  8
ARBORI
 62
3
100
AcDbCircle
 10
391044.04
 20
585648.16
 30
0.0
 40
5.6
  0
POINT
  5
43B
330
17
100
AcDbEntity
  8
ARBORI
 62
3
100
AcDbPoint
 10
391044.04
 20
585648.16
 30
0.0
  0
CIRCLE
  5
43C
330
17
100
AcDbEntity
  8
ARBORI
 62
3
100
AcDbCircle
 10
391153.04
 20
585648.16
 30
0.0
 40
6.0
  0
POINT
  5
43D
330
17
100
AcDbEntity
  8
ARBORI
 62
3
100
AcDbPoint
 10
391153.04
 20
585648.16
 30
0.0
  0
CIRCLE
  5
43E
330
17
100
AcDbEntity
  8
ARBORI
 62
3
100
AcDbCircle
 10
391288.04
 20
585648.16
 30
0.0
 40
2.0
  0
POINT
  5
43F
330
17
100
AcDbEntity
  8
ARBORI
 62
3
100
AcDbPoint
 10
391288.04
 20
585648.16
 30
0.0
  0
CIRCLE
  5
440
330
17
100
AcDbEntity
  8
ARBORI
 62
3
100
AcDbCircle
 10
390791.04
 20
585647.16
 30
0.0
 40
1.5
  0
POINT
  5
441
330
17
100
AcDbEntity
  8
ARBORI
 62
3
100
AcDbPoint
 10
390791.04
 20
585647.16
 30
0.0
  0
CIRCLE
  5
442
330
17
100
AcDbEntity
  8
ARBORI
 62
3
100
AcDbCircle
 10
390896.04
 20
585647.16
 30
0.0
 40
5.5
  0
POINT
  5
443
330
17
100
AcDbEntity
  8
ARBORI
 62
3
100
AcDbPoint
 10
390896.04
 20
585647.16
 30
0.0
  0
CIRCLE
  5
444
330
17
100
AcDbEntity
  8
ARBORI
 62
3
100
AcDbCircle
 10
390984.04
 20
585647.16
 30
0.0
 40
5.9
  0
POINT
  5
445
330
17
100
AcDbEntity
  8
ARBORI
 62
3
100
AcDbPoint
 10
390984.04
 20
585647.16
 30
0.0
  0
CIRCLE
  5
446
330
17
100
AcDbEntity
  8
ARBORI
 62
3
100
AcDbCircle
 10
391323.04
 20
585646.16
 30
0.0
 40
3.9
  0
POINT
  5
447
330
17
100
AcDbEntity
  8
ARBORI
 62
3
100
AcDbPoint
 10
391323.04
 20
585646.16
 30
0.0
  0
CIRCLE
  5
448
330
17
100
AcDbEntity
  8
ARBORI
 62
3
100
AcDbCircle
 10
390943.04
 20
585645.16
 30
0.0
 40
6.0
  0
POINT
  5
449
330
17
100
AcDbEntity
  8
ARBORI
 62
3
100
AcDbPoint
 10
390943.04
 20
585645.16
 30
0.0
  0
CIRCLE
  5
44A
330
17
100
AcDbEntity
  8
ARBORI
 62
3
100
AcDbCircle
 10
390957.04
 20
585645.16
 30
0.0
 40
6.0
  0
POINT
  5
44B
330
17
100
AcDbEntity
  8
ARBORI
 62
3
100
AcDbPoint
 10
390957.04
 20
585645.16
 30
0.0
  0
CIRCLE
  5
44C
330
17
100
AcDbEntity
  8
ARBORI
 62
3
100
AcDbCircle
 10
391270.04
 20
585645.16
 30
0.0
 40
2.1
  0
POINT
  5
44D
330
17
100
AcDbEntity
  8
ARBORI
 62
3
100
AcDbPoint
 10
391270.04
 20
585645.16
 30
0.0
  0
CIRCLE
  5
44E
330
17
100
AcDbEntity
  8
ARBORI
 62
3
100
AcDbCircle
 10
390970.04
 20
585644.16
 30
0.0
 40
5.9
  0
POINT
  5
44F
330
17
100
AcDbEntity
  8
ARBORI
 62
3
100
AcDbPoint
 10
390970.04
 20
585644.16
 30
0.0
  0
CIRCLE
  5
450
330
17
100
AcDbEntity
  8
ARBORI
 62
3
100
AcDbCircle
 10
390978.04
 20
585644.16
 30
0.0
 40
6.0
  0
POINT
  5
451
330
17
100
AcDbEntity
  8
ARBORI
 62
3
100
AcDbPoint
 10
390978.04
 20
585644.16
 30
0.0
  0
CIRCLE
  5
452
330
17
100
AcDbEntity
  8
ARBORI
 62
3
100
AcDbCircle
 10
391284.04
 20
585644.16
 30
0.0
 40
1.7
  0
POINT
  5
453
330
17
100
AcDbEntity
  8
ARBORI
 62
3
100
AcDbPoint
 10
391284.04
 20
585644.16
 30
0.0
  0
CIRCLE
  5
454
330
17
100
AcDbEntity
  8
ARBORI
 62
3
100
AcDbCircle
 10
390758.04
 20
585643.16
 30
0.0
 40
1.5
  0
POINT
  5
455
330
17
100
AcDbEntity
  8
ARBORI
 62
3
100
AcDbPoint
 10
390758.04
 20
585643.16
 30
0.0
  0
CIRCLE
  5
456
330
17
100
AcDbEntity
  8
ARBORI
 62
3
100
AcDbCircle
 10
391144.04
 20
585643.16
 30
0.0
 40
6.0
  0
POINT
  5
457
330
17
100
AcDbEntity
  8
ARBORI
 62
3
100
AcDbPoint
 10
391144.04
 20
585643.16
 30
0.0
  0
CIRCLE
  5
458
330
17
100
AcDbEntity
  8
ARBORI
 62
3
100
AcDbCircle
 10
391301.04
 20
585643.16
 30
0.0
 40
2.5
  0
POINT
  5
459
330
17
100
AcDbEntity
  8
ARBORI
 62
3
100
AcDbPoint
 10
391301.04
 20
585643.16
 30
0.0
  0
CIRCLE
  5
45A
330
17
100
AcDbEntity
  8
ARBORI
 62
3
100
AcDbCircle
 10
391317.04
 20
585643.16
 30
0.0
 40
2.4
  0
POINT
  5
45B
330
17
100
AcDbEntity
  8
ARBORI
 62
3
100
AcDbPoint
 10
391317.04
 20
585643.16
 30
0.0
  0
CIRCLE
  5
45C
330
17
100
AcDbEntity
  8
ARBORI
 62
3
100
AcDbCircle
 10
390641.04
 20
585642.16
 30
0.0
 40
2.9
  0
POINT
  5
45D
330
17
100
AcDbEntity
  8
ARBORI
 62
3
100
AcDbPoint
 10
390641.04
 20
585642.16
 30
0.0
  0
CIRCLE
  5
45E
330
17
100
AcDbEntity
  8
ARBORI
 62
3
100
AcDbCircle
 10
390853.04
 20
585642.16
 30
0.0
 40
2.0
  0
POINT
  5
45F
330
17
100
AcDbEntity
  8
ARBORI
 62
3
100
AcDbPoint
 10
390853.04
 20
585642.16
 30
0.0
  0
CIRCLE
  5
460
330
17
100
AcDbEntity
  8
ARBORI
 62
3
100
AcDbCircle
 10
390924.04
 20
585642.16
 30
0.0
 40
6.0
  0
POINT
  5
461
330
17
100
AcDbEntity
  8
ARBORI
 62
3
100
AcDbPoint
 10
390924.04
 20
585642.16
 30
0.0
  0
CIRCLE
  5
462
330
17
100
AcDbEntity
  8
ARBORI
 62
3
100
AcDbCircle
 10
390937.04
 20
585642.16
 30
0.0
 40
6.0
  0
POINT
  5
463
330
17
100
AcDbEntity
  8
ARBORI
 62
3
100
AcDbPoint
 10
390937.04
 20
585642.16
 30
0.0
  0
CIRCLE
  5
464
330
17
100
AcDbEntity
  8
ARBORI
 62
3
100
AcDbCircle
 10
391116.04
 20
585642.16
 30
0.0
 40
3.9
  0
POINT
  5
465
330
17
100
AcDbEntity
  8
ARBORI
 62
3
100
AcDbPoint
 10
391116.04
 20
585642.16
 30
0.0
  0
CIRCLE
  5
466
330
17
100
AcDbEntity
  8
ARBORI
 62
3
100
AcDbCircle
 10
391312.04
 20
585642.16
 30
0.0
 40
2.5
  0
POINT
  5
467
330
17
100
AcDbEntity
  8
ARBORI
 62
3
100
AcDbPoint
 10
391312.04
 20
585642.16
 30
0.0
  0
CIRCLE
  5
468
330
17
100
AcDbEntity
  8
ARBORI
 62
3
100
AcDbCircle
 10
390952.04
 20
585641.16
 30
0.0
 40
6.0
  0
POINT
  5
469
330
17
100
AcDbEntity
  8
ARBORI
 62
3
100
AcDbPoint
 10
390952.04
 20
585641.16
 30
0.0
  0
CIRCLE
  5
46A
330
17
100
AcDbEntity
  8
ARBORI
 62
3
100
AcDbCircle
 10
390740.04
 20
585640.16
 30
0.0
 40
2.1
  0
POINT
  5
46B
330
17
100
AcDbEntity
  8
ARBORI
 62
3
100
AcDbPoint
 10
390740.04
 20
585640.16
 30
0.0
  0
CIRCLE
  5
46C
330
17
100
AcDbEntity
  8
ARBORI
 62
3
100
AcDbCircle
 10
391153.04
 20
585640.16
 30
0.0
 40
6.0
  0
POINT
  5
46D
330
17
100
AcDbEntity
  8
ARBORI
 62
3
100
AcDbPoint
 10
391153.04
 20
585640.16
 30
0.0
  0
CIRCLE
  5
46E
330
17
100
AcDbEntity
  8
ARBORI
 62
3
100
AcDbCircle
 10
391281.04
 20
585640.16
 30
0.0
 40
1.8
  0
POINT
  5
46F
330
17
100
AcDbEntity
  8
ARBORI
 62
3
100
AcDbPoint
 10
391281.04
 20
585640.16
 30
0.0
  0
CIRCLE
  5
470
330
17
100
AcDbEntity
  8
ARBORI
 62
3
100
AcDbCircle
 10
390864.04
 20
585639.16
 30
0.0
 40
1.6
  0
POINT
  5
471
330
17
100
AcDbEntity
  8
ARBORI
 62
3
100
AcDbPoint
 10
390864.04
 20
585639.16
 30
0.0
  0
CIRCLE
  5
472
330
17
100
AcDbEntity
  8
ARBORI
 62
3
100
AcDbCircle
 10
390947.04
 20
585639.16
 30
0.0
 40
6.0
  0
POINT
  5
473
330
17
100
AcDbEntity
  8
ARBORI
 62
3
100
AcDbPoint
 10
390947.04
 20
585639.16
 30
0.0
  0
CIRCLE
  5
474
330
17
100
AcDbEntity
  8
ARBORI
 62
3
100
AcDbCircle
 10
390967.04
 20
585639.16
 30
0.0
 40
5.9
  0
POINT
  5
475
330
17
100
AcDbEntity
  8
ARBORI
 62
3
100
AcDbPoint
 10
390967.04
 20
585639.16
 30
0.0
  0
CIRCLE
  5
476
330
17
100
AcDbEntity
  8
ARBORI
 62
3
100
AcDbCircle
 10
391108.04
 20
585639.16
 30
0.0
 40
3.9
  0
POINT
  5
477
330
17
100
AcDbEntity
  8
ARBORI
 62
3
100
AcDbPoint
 10
391108.04
 20
585639.16
 30
0.0
  0
CIRCLE
  5
478
330
17
100
AcDbEntity
  8
ARBORI
 62
3
100
AcDbCircle
 10
391292.04
 20
585639.16
 30
0.0
 40
2.4
  0
POINT
  5
479
330
17
100
AcDbEntity
  8
ARBORI
 62
3
100
AcDbPoint
 10
391292.04
 20
585639.16
 30
0.0
  0
CIRCLE
  5
47A
330
17
100
AcDbEntity
  8
ARBORI
 62
3
100
AcDbCircle
 10
390933.04
 20
585638.16
 30
0.0
 40
6.0
  0
POINT
  5
47B
330
17
100
AcDbEntity
  8
ARBORI
 62
3
100
AcDbPoint
 10
390933.04
 20
585638.16
 30
0.0
  0
CIRCLE
  5
47C
330
17
100
AcDbEntity
  8
ARBORI
 62
3
100
AcDbCircle
 10
391001.04
 20
585637.16
 30
0.0
 40
5.6
  0
POINT
  5
47D
330
17
100
AcDbEntity
  8
ARBORI
 62
3
100
AcDbPoint
 10
391001.04
 20
585637.16
 30
0.0
  0
CIRCLE
  5
47E
330
17
100
AcDbEntity
  8
ARBORI
 62
3
100
AcDbCircle
 10
390809.04
 20
585636.16
 30
0.0
 40
4.3
  0
POINT
  5
47F
330
17
100
AcDbEntity
  8
ARBORI
 62
3
100
AcDbPoint
 10
390809.04
 20
585636.16
 30
0.0
  0
CIRCLE
  5
480
330
17
100
AcDbEntity
  8
ARBORI
 62
3
100
AcDbCircle
 10
391073.04
 20
585636.16
 30
0.0
 40
4.9
  0
POINT
  5
481
330
17
100
AcDbEntity
  8
ARBORI
 62
3
100
AcDbPoint
 10
391073.04
 20
585636.16
 30
0.0
  0
CIRCLE
  5
482
330
17
100
AcDbEntity
  8
ARBORI
 62
3
100
AcDbCircle
 10
391238.04
 20
585636.16
 30
0.0
 40
1.5
  0
POINT
  5
483
330
17
100
AcDbEntity
  8
ARBORI
 62
3
100
AcDbPoint
 10
391238.04
 20
585636.16
 30
0.0
  0
CIRCLE
  5
484
330
17
100
AcDbEntity
  8
ARBORI
 62
3
100
AcDbCircle
 10
390834.04
 20
585635.16
 30
0.0
 40
3.8
  0
POINT
  5
485
330
17
100
AcDbEntity
  8
ARBORI
 62
3
100
AcDbPoint
 10
390834.04
 20
585635.16
 30
0.0
  0
CIRCLE
  5
486
330
17
100
AcDbEntity
  8
ARBORI
 62
3
100
AcDbCircle
 10
390942.04
 20
585635.16
 30
0.0
 40
6.0
  0
POINT
  5
487
330
17
100
AcDbEntity
  8
ARBORI
 62
3
100
AcDbPoint
 10
390942.04
 20
585635.16
 30
0.0
  0
CIRCLE
  5
488
330
17
100
AcDbEntity
  8
ARBORI
 62
3
100
AcDbCircle
 10
391295.04
 20
585635.16
 30
0.0
 40
1.5
  0
POINT
  5
489
330
17
100
AcDbEntity
  8
ARBORI
 62
3
100
AcDbPoint
 10
391295.04
 20
585635.16
 30
0.0
  0
CIRCLE
  5
48A
330
17
100
AcDbEntity
  8
ARBORI
 62
3
100
AcDbCircle
 10
391314.04
 20
585635.16
 30
0.0
 40
3.3
  0
POINT
  5
48B
330
17
100
AcDbEntity
  8
ARBORI
 62
3
100
AcDbPoint
 10
391314.04
 20
585635.16
 30
0.0
  0
CIRCLE
  5
48C
330
17
100
AcDbEntity
  8
ARBORI
 62
3
100
AcDbCircle
 10
390917.04
 20
585634.16
 30
0.0
 40
6.0
  0
POINT
  5
48D
330
17
100
AcDbEntity
  8
ARBORI
 62
3
100
AcDbPoint
 10
390917.04
 20
585634.16
 30
0.0
  0
CIRCLE
  5
48E
330
17
100
AcDbEntity
  8
ARBORI
 62
3
100
AcDbCircle
 10
390580.04
 20
585633.16
 30
0.0
 40
1.5
  0
POINT
  5
48F
330
17
100
AcDbEntity
  8
ARBORI
 62
3
100
AcDbPoint
 10
390580.04
 20
585633.16
 30
0.0
  0
CIRCLE
  5
490
330
17
100
AcDbEntity
  8
ARBORI
 62
3
100
AcDbCircle
 10
390852.04
 20
585633.16
 30
0.0
 40
1.5
  0
POINT
  5
491
330
17
100
AcDbEntity
  8
ARBORI
 62
3
100
AcDbPoint
 10
390852.04
 20
585633.16
 30
0.0
  0
CIRCLE
  5
492
330
17
100
AcDbEntity
  8
ARBORI
 62
3
100
AcDbCircle
 10
391017.04
 20
585633.16
 30
0.0
 40
5.8
  0
POINT
  5
493
330
17
100
AcDbEntity
  8
ARBORI
 62
3
100
AcDbPoint
 10
391017.04
 20
585633.16
 30
0.0
  0
CIRCLE
  5
494
330
17
100
AcDbEntity
  8
ARBORI
 62
3
100
AcDbCircle
 10
391290.04
 20
585633.16
 30
0.0
 40
1.6
  0
POINT
  5
495
330
17
100
AcDbEntity
  8
ARBORI
 62
3
100
AcDbPoint
 10
391290.04
 20
585633.16
 30
0.0
  0
CIRCLE
  5
496
330
17
100
AcDbEntity
  8
ARBORI
 62
3
100
AcDbCircle
 10
390685.04
 20
585632.16
 30
0.0
 40
1.5
  0
POINT
  5
497
330
17
100
AcDbEntity
  8
ARBORI
 62
3
100
AcDbPoint
 10
390685.04
 20
585632.16
 30
0.0
  0
CIRCLE
  5
498
330
17
100
AcDbEntity
  8
ARBORI
 62
3
100
AcDbCircle
 10
390948.04
 20
585632.16
 30
0.0
 40
6.0
  0
POINT
  5
499
330
17
100
AcDbEntity
  8
ARBORI
 62
3
100
AcDbPoint
 10
390948.04
 20
585632.16
 30
0.0
  0
CIRCLE
  5
49A
330
17
100
AcDbEntity
  8
ARBORI
 62
3
100
AcDbCircle
 10
391280.04
 20
585632.16
 30
0.0
 40
2.0
  0
POINT
  5
49B
330
17
100
AcDbEntity
  8
ARBORI
 62
3
100
AcDbPoint
 10
391280.04
 20
585632.16
 30
0.0
  0
CIRCLE
  5
49C
330
17
100
AcDbEntity
  8
ARBORI
 62
3
100
AcDbCircle
 10
390994.04
 20
585631.16
 30
0.0
 40
6.0
  0
POINT
  5
49D
330
17
100
AcDbEntity
  8
ARBORI
 62
3
100
AcDbPoint
 10
390994.04
 20
585631.16
 30
0.0
  0
CIRCLE
  5
49E
330
17
100
AcDbEntity
  8
ARBORI
 62
3
100
AcDbCircle
 10
391252.04
 20
585631.16
 30
0.0
 40
1.5
  0
POINT
  5
49F
330
17
100
AcDbEntity
  8
ARBORI
 62
3
100
AcDbPoint
 10
391252.04
 20
585631.16
 30
0.0
  0
CIRCLE
  5
4A0
330
17
100
AcDbEntity
  8
ARBORI
 62
3
100
AcDbCircle
 10
391259.04
 20
585631.16
 30
0.0
 40
1.8
  0
POINT
  5
4A1
330
17
100
AcDbEntity
  8
ARBORI
 62
3
100
AcDbPoint
 10
391259.04
 20
585631.16
 30
0.0
  0
CIRCLE
  5
4A2
330
17
100
AcDbEntity
  8
ARBORI
 62
3
100
AcDbCircle
 10
391266.04
 20
585631.16
 30
0.0
 40
1.5
  0
POINT
  5
4A3
330
17
100
AcDbEntity
  8
ARBORI
 62
3
100
AcDbPoint
 10
391266.04
 20
585631.16
 30
0.0
  0
CIRCLE
  5
4A4
330
17
100
AcDbEntity
  8
ARBORI
 62
3
100
AcDbCircle
 10
390733.04
 20
585629.16
 30
0.0
 40
1.7
  0
POINT
  5
4A5
330
17
100
AcDbEntity
  8
ARBORI
 62
3
100
AcDbPoint
 10
390733.04
 20
585629.16
 30
0.0
  0
CIRCLE
  5
4A6
330
17
100
AcDbEntity
  8
ARBORI
 62
3
100
AcDbCircle
 10
390895.04
 20
585629.16
 30
0.0
 40
5.7
  0
POINT
  5
4A7
330
17
100
AcDbEntity
  8
ARBORI
 62
3
100
AcDbPoint
 10
390895.04
 20
585629.16
 30
0.0
  0
CIRCLE
  5
4A8
330
17
100
AcDbEntity
  8
ARBORI
 62
3
100
AcDbCircle
 10
390916.04
 20
585629.16
 30
0.0
 40
6.0
  0
POINT
  5
4A9
330
17
100
AcDbEntity
  8
ARBORI
 62
3
100
AcDbPoint
 10
390916.04
 20
585629.16
 30
0.0
  0
CIRCLE
  5
4AA
330
17
100
AcDbEntity
  8
ARBORI
 62
3
100
AcDbCircle
 10
391072.04
 20
585629.16
 30
0.0
 40
4.8
  0
POINT
  5
4AB
330
17
100
AcDbEntity
  8
ARBORI
 62
3
100
AcDbPoint
 10
391072.04
 20
585629.16
 30
0.0
  0
CIRCLE
  5
4AC
330
17
100
AcDbEntity
  8
ARBORI
 62
3
100
AcDbCircle
 10
391301.04
 20
585629.16
 30
0.0
 40
2.3
  0
POINT
  5
4AD
330
17
100
AcDbEntity
  8
ARBORI
 62
3
100
AcDbPoint
 10
391301.04
 20
585629.16
 30
0.0
  0
CIRCLE
  5
4AE
330
17
100
AcDbEntity
  8
ARBORI
 62
3
100
AcDbCircle
 10
390673.04
 20
585628.16
 30
0.0
 40
1.5
  0
POINT
  5
4AF
330
17
100
AcDbEntity
  8
ARBORI
 62
3
100
AcDbPoint
 10
390673.04
 20
585628.16
 30
0.0
  0
CIRCLE
  5
4B0
330
17
100
AcDbEntity
  8
ARBORI
 62
3
100
AcDbCircle
 10
391015.04
 20
585628.16
 30
0.0
 40
6.0
  0
POINT
  5
4B1
330
17
100
AcDbEntity
  8
ARBORI
 62
3
100
AcDbPoint
 10
391015.04
 20
585628.16
 30
0.0
  0
CIRCLE
  5
4B2
330
17
100
AcDbEntity
  8
ARBORI
 62
3
100
AcDbCircle
 10
390706.04
 20
585627.16
 30
0.0
 40
1.8
  0
POINT
  5
4B3
330
17
100
AcDbEntity
  8
ARBORI
 62
3
100
AcDbPoint
 10
390706.04
 20
585627.16
 30
0.0
  0
CIRCLE
  5
4B4
330
17
100
AcDbEntity
  8
ARBORI
 62
3
100
AcDbCircle
 10
390750.04
 20
585627.16
 30
0.0
 40
1.5
  0
POINT
  5
4B5
330
17
100
AcDbEntity
  8
ARBORI
 62
3
100
AcDbPoint
 10
390750.04
 20
585627.16
 30
0.0
  0
CIRCLE
  5
4B6
330
17
100
AcDbEntity
  8
ARBORI
 62
3
100
AcDbCircle
 10
390816.04
 20
585627.16
 30
0.0
 40
1.5
  0
POINT
  5
4B7
330
17
100
AcDbEntity
  8
ARBORI
 62
3
100
AcDbPoint
 10
390816.04
 20
585627.16
 30
0.0
  0
CIRCLE
  5
4B8
330
17
100
AcDbEntity
  8
ARBORI
 62
3
100
AcDbCircle
 10
391162.04
 20
585627.16
 30
0.0
 40
6.0
  0
POINT
  5
4B9
330
17
100
AcDbEntity
  8
ARBORI
 62
3
100
AcDbPoint
 10
391162.04
 20
585627.16
 30
0.0
  0
CIRCLE
  5
4BA
330
17
100
AcDbEntity
  8
ARBORI
 62
3
100
AcDbCircle
 10
391245.04
 20
585627.16
 30
0.0
 40
2.1
  0
POINT
  5
4BB
330
17
100
AcDbEntity
  8
ARBORI
 62
3
100
AcDbPoint
 10
391245.04
 20
585627.16
 30
0.0
  0
CIRCLE
  5
4BC
330
17
100
AcDbEntity
  8
ARBORI
 62
3
100
AcDbCircle
 10
391065.04
 20
585626.16
 30
0.0
 40
4.5
  0
POINT
  5
4BD
330
17
100
AcDbEntity
  8
ARBORI
 62
3
100
AcDbPoint
 10
391065.04
 20
585626.16
 30
0.0
  0
CIRCLE
  5
4BE
330
17
100
AcDbEntity
  8
ARBORI
 62
3
100
AcDbCircle
 10
391297.04
 20
585626.16
 30
0.0
 40
2.0
  0
POINT
  5
4BF
330
17
100
AcDbEntity
  8
ARBORI
 62
3
100
AcDbPoint
 10
391297.04
 20
585626.16
 30
0.0
  0
CIRCLE
  5
4C0
330
17
100
AcDbEntity
  8
ARBORI
 62
3
100
AcDbCircle
 10
390717.04
 20
585625.16
 30
0.0
 40
2.3
  0
POINT
  5
4C1
330
17
100
AcDbEntity
  8
ARBORI
 62
3
100
AcDbPoint
 10
390717.04
 20
585625.16
 30
0.0
  0
CIRCLE
  5
4C2
330
17
100
AcDbEntity
  8
ARBORI
 62
3
100
AcDbCircle
 10
390916.04
 20
585625.16
 30
0.0
 40
6.0
  0
POINT
  5
4C3
330
17
100
AcDbEntity
  8
ARBORI
 62
3
100
AcDbPoint
 10
390916.04
 20
585625.16
 30
0.0
  0
CIRCLE
  5
4C4
330
17
100
AcDbEntity
  8
ARBORI
 62
3
100
AcDbCircle
 10
390977.04
 20
585625.16
 30
0.0
 40
6.0
  0
POINT
  5
4C5
330
17
100
AcDbEntity
  8
ARBORI
 62
3
100
AcDbPoint
 10
390977.04
 20
585625.16
 30
0.0
  0
CIRCLE
  5
4C6
330
17
100
AcDbEntity
  8
ARBORI
 62
3
100
AcDbCircle
 10
391209.04
 20
585625.16
 30
0.0
 40
1.9
  0
POINT
  5
4C7
330
17
100
AcDbEntity
  8
ARBORI
 62
3
100
AcDbPoint
 10
391209.04
 20
585625.16
 30
0.0
  0
CIRCLE
  5
4C8
330
17
100
AcDbEntity
  8
ARBORI
 62
3
100
AcDbCircle
 10
391262.04
 20
585625.16
 30
0.0
 40
1.6
  0
POINT
  5
4C9
330
17
100
AcDbEntity
  8
ARBORI
 62
3
100
AcDbPoint
 10
391262.04
 20
585625.16
 30
0.0
  0
CIRCLE
  5
4CA
330
17
100
AcDbEntity
  8
ARBORI
 62
3
100
AcDbCircle
 10
390905.04
 20
585624.16
 30
0.0
 40
6.0
  0
POINT
  5
4CB
330
17
100
AcDbEntity
  8
ARBORI
 62
3
100
AcDbPoint
 10
390905.04
 20
585624.16
 30
0.0
  0
CIRCLE
  5
4CC
330
17
100
AcDbEntity
  8
ARBORI
 62
3
100
AcDbCircle
 10
391269.04
 20
585624.16
 30
0.0
 40
1.8
  0
POINT
  5
4CD
330
17
100
AcDbEntity
  8
ARBORI
 62
3
100
AcDbPoint
 10
391269.04
 20
585624.16
 30
0.0
  0
CIRCLE
  5
4CE
330
17
100
AcDbEntity
  8
ARBORI
 62
3
100
AcDbCircle
 10
391328.04
 20
585624.16
 30
0.0
 40
1.5
  0
POINT
  5
4CF
330
17
100
AcDbEntity
  8
ARBORI
 62
3
100
AcDbPoint
 10
391328.04
 20
585624.16
 30
0.0
  0
CIRCLE
  5
4D0
330
17
100
AcDbEntity
  8
ARBORI
 62
3
100
AcDbCircle
 10
390785.04
 20
585623.16
 30
0.0
 40
3.0
  0
POINT
  5
4D1
330
17
100
AcDbEntity
  8
ARBORI
 62
3
100
AcDbPoint
 10
390785.04
 20
585623.16
 30
0.0
  0
CIRCLE
  5
4D2
330
17
100
AcDbEntity
  8
ARBORI
 62
3
100
AcDbCircle
 10
391074.04
 20
585623.16
 30
0.0
 40
5.6
  0
POINT
  5
4D3
330
17
100
AcDbEntity
  8
ARBORI
 62
3
100
AcDbPoint
 10
391074.04
 20
585623.16
 30
0.0
  0
CIRCLE
  5
4D4
330
17
100
AcDbEntity
  8
ARBORI
 62
3
100
AcDbCircle
 10
390892.04
 20
585621.16
 30
0.0
 40
5.0
  0
POINT
  5
4D5
330
17
100
AcDbEntity
  8
ARBORI
 62
3
100
AcDbPoint
 10
390892.04
 20
585621.16
 30
0.0
  0
CIRCLE
  5
4D6
330
17
100
AcDbEntity
  8
ARBORI
 62
3
100
AcDbCircle
 10
390971.04
 20
585621.16
 30
0.0
 40
6.0
  0
POINT
  5
4D7
330
17
100
AcDbEntity
  8
ARBORI
 62
3
100
AcDbPoint
 10
390971.04
 20
585621.16
 30
0.0
  0
CIRCLE
  5
4D8
330
17
100
AcDbEntity
  8
ARBORI
 62
3
100
AcDbCircle
 10
391203.04
 20
585621.16
 30
0.0
 40
1.9
  0
POINT
  5
4D9
330
17
100
AcDbEntity
  8
ARBORI
 62
3
100
AcDbPoint
 10
391203.04
 20
585621.16
 30
0.0
  0
CIRCLE
  5
4DA
330
17
100
AcDbEntity
  8
ARBORI
 62
3
100
AcDbCircle
 10
391305.04
 20
585621.16
 30
0.0
 40
2.3
  0
POINT
  5
4DB
330
17
100
AcDbEntity
  8
ARBORI
 62
3
100
AcDbPoint
 10
391305.04
 20
585621.16
 30
0.0
  0
CIRCLE
  5
4DC
330
17
100
AcDbEntity
  8
ARBORI
 62
3
100
AcDbCircle
 10
390967.04
 20
585620.16
 30
0.0
 40
6.0
  0
POINT
  5
4DD
330
17
100
AcDbEntity
  8
ARBORI
 62
3
100
AcDbPoint
 10
390967.04
 20
585620.16
 30
0.0
  0
CIRCLE
  5
4DE
330
17
100
AcDbEntity
  8
ARBORI
 62
3
100
AcDbCircle
 10
391011.04
 20
585620.16
 30
0.0
 40
6.0
  0
POINT
  5
4DF
330
17
100
AcDbEntity
  8
ARBORI
 62
3
100
AcDbPoint
 10
391011.04
 20
585620.16
 30
0.0
  0
CIRCLE
  5
4E0
330
17
100
AcDbEntity
  8
ARBORI
 62
3
100
AcDbCircle
 10
390675.04
 20
585619.16
 30
0.0
 40
2.3
  0
POINT
  5
4E1
330
17
100
AcDbEntity
  8
ARBORI
 62
3
100
AcDbPoint
 10
390675.04
 20
585619.16
 30
0.0
  0
CIRCLE
  5
4E2
330
17
100
AcDbEntity
  8
ARBORI
 62
3
100
AcDbCircle
 10
390962.04
 20
585619.16
 30
0.0
 40
5.2
  0
POINT
  5
4E3
330
17
100
AcDbEntity
  8
ARBORI
 62
3
100
AcDbPoint
 10
390962.04
 20
585619.16
 30
0.0
  0
CIRCLE
  5
4E4
330
17
100
AcDbEntity
  8
ARBORI
 62
3
100
AcDbCircle
 10
391182.04
 20
585619.16
 30
0.0
 40
2.1
  0
POINT
  5
4E5
330
17
100
AcDbEntity
  8
ARBORI
 62
3
100
AcDbPoint
 10
391182.04
 20
585619.16
 30
0.0
  0
CIRCLE
  5
4E6
330
17
100
AcDbEntity
  8
ARBORI
 62
3
100
AcDbCircle
 10
391252.04
 20
585619.16
 30
0.0
 40
2.3
  0
POINT
  5
4E7
330
17
100
AcDbEntity
  8
ARBORI
 62
3
100
AcDbPoint
 10
391252.04
 20
585619.16
 30
0.0
  0
CIRCLE
  5
4E8
330
17
100
AcDbEntity
  8
ARBORI
 62
3
100
AcDbCircle
 10
391152.04
 20
585618.16
 30
0.0
 40
6.0
  0
POINT
  5
4E9
330
17
100
AcDbEntity
  8
ARBORI
 62
3
100
AcDbPoint
 10
391152.04
 20
585618.16
 30
0.0
  0
CIRCLE
  5
4EA
330
17
100
AcDbEntity
  8
ARBORI
 62
3
100
AcDbCircle
 10
391323.04
 20
585618.16
 30
0.0
 40
1.5
  0
POINT
  5
4EB
330
17
100
AcDbEntity
  8
ARBORI
 62
3
100
AcDbPoint
 10
391323.04
 20
585618.16
 30
0.0
  0
CIRCLE
  5
4EC
330
17
100
AcDbEntity
  8
ARBORI
 62
3
100
AcDbCircle
 10
391202.04
 20
585617.16
 30
0.0
 40
2.1
  0
POINT
  5
4ED
330
17
100
AcDbEntity
  8
ARBORI
 62
3
100
AcDbPoint
 10
391202.04
 20
585617.16
 30
0.0
  0
CIRCLE
  5
4EE
330
17
100
AcDbEntity
  8
ARBORI
 62
3
100
AcDbCircle
 10
391313.04
 20
585617.16
 30
0.0
 40
2.0
  0
POINT
  5
4EF
330
17
100
AcDbEntity
  8
ARBORI
 62
3
100
AcDbPoint
 10
391313.04
 20
585617.16
 30
0.0
  0
CIRCLE
  5
4F0
330
17
100
AcDbEntity
  8
ARBORI
 62
3
100
AcDbCircle
 10
391160.04
 20
585616.16
 30
0.0
 40
6.0
  0
POINT
  5
4F1
330
17
100
AcDbEntity
  8
ARBORI
 62
3
100
AcDbPoint
 10
391160.04
 20
585616.16
 30
0.0
  0
CIRCLE
  5
4F2
330
17
100
AcDbEntity
  8
ARBORI
 62
3
100
AcDbCircle
 10
390894.04
 20
585615.16
 30
0.0
 40
4.7
  0
POINT
  5
4F3
330
17
100
AcDbEntity
  8
ARBORI
 62
3
100
AcDbPoint
 10
390894.04
 20
585615.16
 30
0.0
  0
CIRCLE
  5
4F4
330
17
100
AcDbEntity
  8
ARBORI
 62
3
100
AcDbCircle
 10
391082.04
 20
585615.16
 30
0.0
 40
6.0
  0
POINT
  5
4F5
330
17
100
AcDbEntity
  8
ARBORI
 62
3
100
AcDbPoint
 10
391082.04
 20
585615.16
 30
0.0
  0
CIRCLE
  5
4F6
330
17
100
AcDbEntity
  8
ARBORI
 62
3
100
AcDbCircle
 10
390772.04
 20
585614.16
 30
0.0
 40
1.5
  0
POINT
  5
4F7
330
17
100
AcDbEntity
  8
ARBORI
 62
3
100
AcDbPoint
 10
390772.04
 20
585614.16
 30
0.0
  0
CIRCLE
  5
4F8
330
17
100
AcDbEntity
  8
ARBORI
 62
3
100
AcDbCircle
 10
390791.04
 20
585614.16
 30
0.0
 40
1.5
  0
POINT
  5
4F9
330
17
100
AcDbEntity
  8
ARBORI
 62
3
100
AcDbPoint
 10
390791.04
 20
585614.16
 30
0.0
  0
CIRCLE
  5
4FA
330
17
100
AcDbEntity
  8
ARBORI
 62
3
100
AcDbCircle
 10
391059.04
 20
585614.16
 30
0.0
 40
5.4
  0
POINT
  5
4FB
330
17
100
AcDbEntity
  8
ARBORI
 62
3
100
AcDbPoint
 10
391059.04
 20
585614.16
 30
0.0
  0
CIRCLE
  5
4FC
330
17
100
AcDbEntity
  8
ARBORI
 62
3
100
AcDbCircle
 10
391268.04
 20
585614.16
 30
0.0
 40
1.7
  0
POINT
  5
4FD
330
17
100
AcDbEntity
  8
ARBORI
 62
3
100
AcDbPoint
 10
391268.04
 20
585614.16
 30
0.0
  0
CIRCLE
  5
4FE
330
17
100
AcDbEntity
  8
ARBORI
 62
3
100
AcDbCircle
 10
390873.04
 20
585613.16
 30
0.0
 40
1.8
  0
POINT
  5
4FF
330
17
100
AcDbEntity
  8
ARBORI
 62
3
100
AcDbPoint
 10
390873.04
 20
585613.16
 30
0.0
  0
CIRCLE
  5
500
330
17
100
AcDbEntity
  8
ARBORI
 62
3
100
AcDbCircle
 10
391298.04
 20
585613.16
 30
0.0
 40
2.5
  0
POINT
  5
501
330
17
100
AcDbEntity
  8
ARBORI
 62
3
100
AcDbPoint
 10
391298.04
 20
585613.16
 30
0.0
  0
CIRCLE
  5
502
330
17
100
AcDbEntity
  8
ARBORI
 62
3
100
AcDbCircle
 10
391153.04
 20
585612.16
 30
0.0
 40
6.0
  0
POINT
  5
503
330
17
100
AcDbEntity
  8
ARBORI
 62
3
100
AcDbPoint
 10
391153.04
 20
585612.16
 30
0.0
  0
CIRCLE
  5
504
330
17
100
AcDbEntity
  8
ARBORI
 62
3
100
AcDbCircle
 10
391261.04
 20
585612.16
 30
0.0
 40
1.5
  0
POINT
  5
505
330
17
100
AcDbEntity
  8
ARBORI
 62
3
100
AcDbPoint
 10
391261.04
 20
585612.16
 30
0.0
  0
CIRCLE
  5
506
330
17
100
AcDbEntity
  8
ARBORI
 62
3
100
AcDbCircle
 10
390749.04
 20
585611.16
 30
0.0
 40
1.5
  0
POINT
  5
507
330
17
100
AcDbEntity
  8
ARBORI
 62
3
100
AcDbPoint
 10
390749.04
 20
585611.16
 30
0.0
  0
CIRCLE
  5
508
330
17
100
AcDbEntity
  8
ARBORI
 62
3
100
AcDbCircle
 10
390783.04
 20
585611.16
 30
0.0
 40
1.5
  0
POINT
  5
509
330
17
100
AcDbEntity
  8
ARBORI
 62
3
100
AcDbPoint
 10
390783.04
 20
585611.16
 30
0.0
  0
CIRCLE
  5
50A
330
17
100
AcDbEntity
  8
ARBORI
 62
3
100
AcDbCircle
 10
391189.04
 20
585611.16
 30
0.0
 40
4.7
  0
POINT
  5
50B
330
17
100
AcDbEntity
  8
ARBORI
 62
3
100
AcDbPoint
 10
391189.04
 20
585611.16
 30
0.0
  0
CIRCLE
  5
50C
330
17
100
AcDbEntity
  8
ARBORI
 62
3
100
AcDbCircle
 10
390936.04
 20
585610.16
 30
0.0
 40
6.0
  0
POINT
  5
50D
330
17
100
AcDbEntity
  8
ARBORI
 62
3
100
AcDbPoint
 10
390936.04
 20
585610.16
 30
0.0
  0
CIRCLE
  5
50E
330
17
100
AcDbEntity
  8
ARBORI
 62
3
100
AcDbCircle
 10
391140.04
 20
585610.16
 30
0.0
 40
6.0
  0
POINT
  5
50F
330
17
100
AcDbEntity
  8
ARBORI
 62
3
100
AcDbPoint
 10
391140.04
 20
585610.16
 30
0.0
  0
CIRCLE
  5
510
330
17
100
AcDbEntity
  8
ARBORI
 62
3
100
AcDbCircle
 10
391149.04
 20
585610.16
 30
0.0
 40
6.0
  0
POINT
  5
511
330
17
100
AcDbEntity
  8
ARBORI
 62
3
100
AcDbPoint
 10
391149.04
 20
585610.16
 30
0.0
  0
CIRCLE
  5
512
330
17
100
AcDbEntity
  8
ARBORI
 62
3
100
AcDbCircle
 10
391067.04
 20
585609.16
 30
0.0
 40
5.8
  0
POINT
  5
513
330
17
100
AcDbEntity
  8
ARBORI
 62
3
100
AcDbPoint
 10
391067.04
 20
585609.16
 30
0.0
  0
CIRCLE
  5
514
330
17
100
AcDbEntity
  8
ARBORI
 62
3
100
AcDbCircle
 10
391238.04
 20
585609.16
 30
0.0
 40
1.9
  0
POINT
  5
515
330
17
100
AcDbEntity
  8
ARBORI
 62
3
100
AcDbPoint
 10
391238.04
 20
585609.16
 30
0.0
  0
CIRCLE
  5
516
330
17
100
AcDbEntity
  8
ARBORI
 62
3
100
AcDbCircle
 10
390708.04
 20
585608.16
 30
0.0
 40
1.5
  0
POINT
  5
517
330
17
100
AcDbEntity
  8
ARBORI
 62
3
100
AcDbPoint
 10
390708.04
 20
585608.16
 30
0.0
  0
CIRCLE
  5
518
330
17
100
AcDbEntity
  8
ARBORI
 62
3
100
AcDbCircle
 10
390776.04
 20
585608.16
 30
0.0
 40
1.5
  0
POINT
  5
519
330
17
100
AcDbEntity
  8
ARBORI
 62
3
100
AcDbPoint
 10
390776.04
 20
585608.16
 30
0.0
  0
CIRCLE
  5
51A
330
17
100
AcDbEntity
  8
ARBORI
 62
3
100
AcDbCircle
 10
390885.04
 20
585608.16
 30
0.0
 40
4.3
  0
POINT
  5
51B
330
17
100
AcDbEntity
  8
ARBORI
 62
3
100
AcDbPoint
 10
390885.04
 20
585608.16
 30
0.0
  0
CIRCLE
  5
51C
330
17
100
AcDbEntity
  8
ARBORI
 62
3
100
AcDbCircle
 10
391072.04
 20
585608.16
 30
0.0
 40
5.1
  0
POINT
  5
51D
330
17
100
AcDbEntity
  8
ARBORI
 62
3
100
AcDbPoint
 10
391072.04
 20
585608.16
 30
0.0
  0
CIRCLE
  5
51E
330
17
100
AcDbEntity
  8
ARBORI
 62
3
100
AcDbCircle
 10
391161.04
 20
585608.16
 30
0.0
 40
6.0
  0
POINT
  5
51F
330
17
100
AcDbEntity
  8
ARBORI
 62
3
100
AcDbPoint
 10
391161.04
 20
585608.16
 30
0.0
  0
CIRCLE
  5
520
330
17
100
AcDbEntity
  8
ARBORI
 62
3
100
AcDbCircle
 10
391332.04
 20
585608.16
 30
0.0
 40
1.8
  0
POINT
  5
521
330
17
100
AcDbEntity
  8
ARBORI
 62
3
100
AcDbPoint
 10
391332.04
 20
585608.16
 30
0.0
  0
CIRCLE
  5
522
330
17
100
AcDbEntity
  8
ARBORI
 62
3
100
AcDbCircle
 10
390624.04
 20
585607.16
 30
0.0
 40
1.5
  0
POINT
  5
523
330
17
100
AcDbEntity
  8
ARBORI
 62
3
100
AcDbPoint
 10
390624.04
 20
585607.16
 30
0.0
  0
CIRCLE
  5
524
330
17
100
AcDbEntity
  8
ARBORI
 62
3
100
AcDbCircle
 10
390680.04
 20
585607.16
 30
0.0
 40
2.7
  0
POINT
  5
525
330
17
100
AcDbEntity
  8
ARBORI
 62
3
100
AcDbPoint
 10
390680.04
 20
585607.16
 30
0.0
  0
CIRCLE
  5
526
330
17
100
AcDbEntity
  8
ARBORI
 62
3
100
AcDbCircle
 10
390940.04
 20
585607.16
 30
0.0
 40
6.0
  0
POINT
  5
527
330
17
100
AcDbEntity
  8
ARBORI
 62
3
100
AcDbPoint
 10
390940.04
 20
585607.16
 30
0.0
  0
CIRCLE
  5
528
330
17
100
AcDbEntity
  8
ARBORI
 62
3
100
AcDbCircle
 10
391123.04
 20
585607.16
 30
0.0
 40
6.0
  0
POINT
  5
529
330
17
100
AcDbEntity
  8
ARBORI
 62
3
100
AcDbPoint
 10
391123.04
 20
585607.16
 30
0.0
  0
CIRCLE
  5
52A
330
17
100
AcDbEntity
  8
ARBORI
 62
3
100
AcDbCircle
 10
391176.04
 20
585607.16
 30
0.0
 40
6.0
  0
POINT
  5
52B
330
17
100
AcDbEntity
  8
ARBORI
 62
3
100
AcDbPoint
 10
391176.04
 20
585607.16
 30
0.0
  0
CIRCLE
  5
52C
330
17
100
AcDbEntity
  8
ARBORI
 62
3
100
AcDbCircle
 10
391291.04
 20
585607.16
 30
0.0
 40
1.5
  0
POINT
  5
52D
330
17
100
AcDbEntity
  8
ARBORI
 62
3
100
AcDbPoint
 10
391291.04
 20
585607.16
 30
0.0
  0
CIRCLE
  5
52E
330
17
100
AcDbEntity
  8
ARBORI
 62
3
100
AcDbCircle
 10
391323.04
 20
585607.16
 30
0.0
 40
3.5
  0
POINT
  5
52F
330
17
100
AcDbEntity
  8
ARBORI
 62
3
100
AcDbPoint
 10
391323.04
 20
585607.16
 30
0.0
  0
CIRCLE
  5
530
330
17
100
AcDbEntity
  8
ARBORI
 62
3
100
AcDbCircle
 10
390859.04
 20
585606.16
 30
0.0
 40
6.0
  0
POINT
  5
531
330
17
100
AcDbEntity
  8
ARBORI
 62
3
100
AcDbPoint
 10
390859.04
 20
585606.16
 30
0.0
  0
CIRCLE
  5
532
330
17
100
AcDbEntity
  8
ARBORI
 62
3
100
AcDbCircle
 10
391003.04
 20
585606.16
 30
0.0
 40
3.4
  0
POINT
  5
533
330
17
100
AcDbEntity
  8
ARBORI
 62
3
100
AcDbPoint
 10
391003.04
 20
585606.16
 30
0.0
  0
CIRCLE
  5
534
330
17
100
AcDbEntity
  8
ARBORI
 62
3
100
AcDbCircle
 10
391213.04
 20
585606.16
 30
0.0
 40
1.5
  0
POINT
  5
535
330
17
100
AcDbEntity
  8
ARBORI
 62
3
100
AcDbPoint
 10
391213.04
 20
585606.16
 30
0.0
  0
CIRCLE
  5
536
330
17
100
AcDbEntity
  8
ARBORI
 62
3
100
AcDbCircle
 10
391300.04
 20
585606.16
 30
0.0
 40
2.6
  0
POINT
  5
537
330
17
100
AcDbEntity
  8
ARBORI
 62
3
100
AcDbPoint
 10
391300.04
 20
585606.16
 30
0.0
  0
CIRCLE
  5
538
330
17
100
AcDbEntity
  8
ARBORI
 62
3
100
AcDbCircle
 10
390847.04
 20
585605.16
 30
0.0
 40
6.0
  0
POINT
  5
539
330
17
100
AcDbEntity
  8
ARBORI
 62
3
100
AcDbPoint
 10
390847.04
 20
585605.16
 30
0.0
  0
CIRCLE
  5
53A
330
17
100
AcDbEntity
  8
ARBORI
 62
3
100
AcDbCircle
 10
391068.04
 20
585605.16
 30
0.0
 40
6.0
  0
POINT
  5
53B
330
17
100
AcDbEntity
  8
ARBORI
 62
3
100
AcDbPoint
 10
391068.04
 20
585605.16
 30
0.0
  0
CIRCLE
  5
53C
330
17
100
AcDbEntity
  8
ARBORI
 62
3
100
AcDbCircle
 10
391129.04
 20
585605.16
 30
0.0
 40
6.0
  0
POINT
  5
53D
330
17
100
AcDbEntity
  8
ARBORI
 62
3
100
AcDbPoint
 10
391129.04
 20
585605.16
 30
0.0
  0
CIRCLE
  5
53E
330
17
100
AcDbEntity
  8
ARBORI
 62
3
100
AcDbCircle
 10
390745.04
 20
585604.16
 30
0.0
 40
1.5
  0
POINT
  5
53F
330
17
100
AcDbEntity
  8
ARBORI
 62
3
100
AcDbPoint
 10
390745.04
 20
585604.16
 30
0.0
  0
CIRCLE
  5
540
330
17
100
AcDbEntity
  8
ARBORI
 62
3
100
AcDbCircle
 10
390768.04
 20
585604.16
 30
0.0
 40
1.5
  0
POINT
  5
541
330
17
100
AcDbEntity
  8
ARBORI
 62
3
100
AcDbPoint
 10
390768.04
 20
585604.16
 30
0.0
  0
CIRCLE
  5
542
330
17
100
AcDbEntity
  8
ARBORI
 62
3
100
AcDbCircle
 10
390878.04
 20
585604.16
 30
0.0
 40
4.1
  0
POINT
  5
543
330
17
100
AcDbEntity
  8
ARBORI
 62
3
100
AcDbPoint
 10
390878.04
 20
585604.16
 30
0.0
  0
CIRCLE
  5
544
330
17
100
AcDbEntity
  8
ARBORI
 62
3
100
AcDbCircle
 10
390935.04
 20
585604.16
 30
0.0
 40
6.0
  0
POINT
  5
545
330
17
100
AcDbEntity
  8
ARBORI
 62
3
100
AcDbPoint
 10
390935.04
 20
585604.16
 30
0.0
  0
CIRCLE
  5
546
330
17
100
AcDbEntity
  8
ARBORI
 62
3
100
AcDbCircle
 10
391029.04
 20
585604.16
 30
0.0
 40
1.5
  0
POINT
  5
547
330
17
100
AcDbEntity
  8
ARBORI
 62
3
100
AcDbPoint
 10
391029.04
 20
585604.16
 30
0.0
  0
CIRCLE
  5
548
330
17
100
AcDbEntity
  8
ARBORI
 62
3
100
AcDbCircle
 10
390613.04
 20
585603.16
 30
0.0
 40
1.5
  0
POINT
  5
549
330
17
100
AcDbEntity
  8
ARBORI
 62
3
100
AcDbPoint
 10
390613.04
 20
585603.16
 30
0.0
  0
CIRCLE
  5
54A
330
17
100
AcDbEntity
  8
ARBORI
 62
3
100
AcDbCircle
 10
390921.04
 20
585603.16
 30
0.0
 40
6.0
  0
POINT
  5
54B
330
17
100
AcDbEntity
  8
ARBORI
 62
3
100
AcDbPoint
 10
390921.04
 20
585603.16
 30
0.0
  0
CIRCLE
  5
54C
330
17
100
AcDbEntity
  8
ARBORI
 62
3
100
AcDbCircle
 10
391203.04
 20
585603.16
 30
0.0
 40
2.0
  0
POINT
  5
54D
330
17
100
AcDbEntity
  8
ARBORI
 62
3
100
AcDbPoint
 10
391203.04
 20
585603.16
 30
0.0
  0
CIRCLE
  5
54E
330
17
100
AcDbEntity
  8
ARBORI
 62
3
100
AcDbCircle
 10
391242.04
 20
585603.16
 30
0.0
 40
1.5
  0
POINT
  5
54F
330
17
100
AcDbEntity
  8
ARBORI
 62
3
100
AcDbPoint
 10
391242.04
 20
585603.16
 30
0.0
  0
CIRCLE
  5
550
330
17
100
AcDbEntity
  8
ARBORI
 62
3
100
AcDbCircle
 10
390714.04
 20
585602.16
 30
0.0
 40
1.5
  0
POINT
  5
551
330
17
100
AcDbEntity
  8
ARBORI
 62
3
100
AcDbPoint
 10
390714.04
 20
585602.16
 30
0.0
  0
CIRCLE
  5
552
330
17
100
AcDbEntity
  8
ARBORI
 62
3
100
AcDbCircle
 10
390703.04
 20
585601.16
 30
0.0
 40
3.2
  0
POINT
  5
553
330
17
100
AcDbEntity
  8
ARBORI
 62
3
100
AcDbPoint
 10
390703.04
 20
585601.16
 30
0.0
  0
CIRCLE
  5
554
330
17
100
AcDbEntity
  8
ARBORI
 62
3
100
AcDbCircle
 10
391058.04
 20
585601.16
 30
0.0
 40
4.1
  0
POINT
  5
555
330
17
100
AcDbEntity
  8
ARBORI
 62
3
100
AcDbPoint
 10
391058.04
 20
585601.16
 30
0.0
  0
CIRCLE
  5
556
330
17
100
AcDbEntity
  8
ARBORI
 62
3
100
AcDbCircle
 10
390643.04
 20
585599.16
 30
0.0
 40
2.7
  0
POINT
  5
557
330
17
100
AcDbEntity
  8
ARBORI
 62
3
100
AcDbPoint
 10
390643.04
 20
585599.16
 30
0.0
  0
CIRCLE
  5
558
330
17
100
AcDbEntity
  8
ARBORI
 62
3
100
AcDbCircle
 10
390678.04
 20
585599.16
 30
0.0
 40
3.7
  0
POINT
  5
559
330
17
100
AcDbEntity
  8
ARBORI
 62
3
100
AcDbPoint
 10
390678.04
 20
585599.16
 30
0.0
  0
CIRCLE
  5
55A
330
17
100
AcDbEntity
  8
ARBORI
 62
3
100
AcDbCircle
 10
390754.04
 20
585599.16
 30
0.0
 40
1.5
  0
POINT
  5
55B
330
17
100
AcDbEntity
  8
ARBORI
 62
3
100
AcDbPoint
 10
390754.04
 20
585599.16
 30
0.0
  0
CIRCLE
  5
55C
330
17
100
AcDbEntity
  8
ARBORI
 62
3
100
AcDbCircle
 10
391137.04
 20
585599.16
 30
0.0
 40
6.0
  0
POINT
  5
55D
330
17
100
AcDbEntity
  8
ARBORI
 62
3
100
AcDbPoint
 10
391137.04
 20
585599.16
 30
0.0
  0
CIRCLE
  5
55E
330
17
100
AcDbEntity
  8
ARBORI
 62
3
100
AcDbCircle
 10
391225.04
 20
585599.16
 30
0.0
 40
1.5
  0
POINT
  5
55F
330
17
100
AcDbEntity
  8
ARBORI
 62
3
100
AcDbPoint
 10
391225.04
 20
585599.16
 30
0.0
  0
CIRCLE
  5
560
330
17
100
AcDbEntity
  8
ARBORI
 62
3
100
AcDbCircle
 10
391273.04
 20
585599.16
 30
0.0
 40
2.7
  0
POINT
  5
561
330
17
100
AcDbEntity
  8
ARBORI
 62
3
100
AcDbPoint
 10
391273.04
 20
585599.16
 30
0.0
  0
CIRCLE
  5
562
330
17
100
AcDbEntity
  8
ARBORI
 62
3
100
AcDbCircle
 10
390606.04
 20
585598.16
 30
0.0
 40
6.0
  0
POINT
  5
563
330
17
100
AcDbEntity
  8
ARBORI
 62
3
100
AcDbPoint
 10
390606.04
 20
585598.16
 30
0.0
  0
CIRCLE
  5
564
330
17
100
AcDbEntity
  8
ARBORI
 62
3
100
AcDbCircle
 10
390635.04
 20
585598.16
 30
0.0
 40
6.0
  0
POINT
  5
565
330
17
100
AcDbEntity
  8
ARBORI
 62
3
100
AcDbPoint
 10
390635.04
 20
585598.16
 30
0.0
  0
CIRCLE
  5
566
330
17
100
AcDbEntity
  8
ARBORI
 62
3
100
AcDbCircle
 10
390668.04
 20
585598.16
 30
0.0
 40
1.5
  0
POINT
  5
567
330
17
100
AcDbEntity
  8
ARBORI
 62
3
100
AcDbPoint
 10
390668.04
 20
585598.16
 30
0.0
  0
CIRCLE
  5
568
330
17
100
AcDbEntity
  8
ARBORI
 62
3
100
AcDbCircle
 10
390813.04
 20
585598.16
 30
0.0
 40
6.0
  0
POINT
  5
569
330
17
100
AcDbEntity
  8
ARBORI
 62
3
100
AcDbPoint
 10
390813.04
 20
585598.16
 30
0.0
  0
CIRCLE
  5
56A
330
17
100
AcDbEntity
  8
ARBORI
 62
3
100
AcDbCircle
 10
391012.04
 20
585598.16
 30
0.0
 40
5.2
  0
POINT
  5
56B
330
17
100
AcDbEntity
  8
ARBORI
 62
3
100
AcDbPoint
 10
391012.04
 20
585598.16
 30
0.0
  0
CIRCLE
  5
56C
330
17
100
AcDbEntity
  8
ARBORI
 62
3
100
AcDbCircle
 10
391042.04
 20
585598.16
 30
0.0
 40
4.9
  0
POINT
  5
56D
330
17
100
AcDbEntity
  8
ARBORI
 62
3
100
AcDbPoint
 10
391042.04
 20
585598.16
 30
0.0
  0
CIRCLE
  5
56E
330
17
100
AcDbEntity
  8
ARBORI
 62
3
100
AcDbCircle
 10
391051.04
 20
585598.16
 30
0.0
 40
5.3
  0
POINT
  5
56F
330
17
100
AcDbEntity
  8
ARBORI
 62
3
100
AcDbPoint
 10
391051.04
 20
585598.16
 30
0.0
  0
CIRCLE
  5
570
330
17
100
AcDbEntity
  8
ARBORI
 62
3
100
AcDbCircle
 10
391069.04
 20
585597.16
 30
0.0
 40
6.0
  0
POINT
  5
571
330
17
100
AcDbEntity
  8
ARBORI
 62
3
100
AcDbPoint
 10
391069.04
 20
585597.16
 30
0.0
  0
CIRCLE
  5
572
330
17
100
AcDbEntity
  8
ARBORI
 62
3
100
AcDbCircle
 10
391317.04
 20
585597.16
 30
0.0
 40
2.9
  0
POINT
  5
573
330
17
100
AcDbEntity
  8
ARBORI
 62
3
100
AcDbPoint
 10
391317.04
 20
585597.16
 30
0.0
  0
CIRCLE
  5
574
330
17
100
AcDbEntity
  8
ARBORI
 62
3
100
AcDbCircle
 10
390861.04
 20
585596.16
 30
0.0
 40
2.9
  0
POINT
  5
575
330
17
100
AcDbEntity
  8
ARBORI
 62
3
100
AcDbPoint
 10
390861.04
 20
585596.16
 30
0.0
  0
CIRCLE
  5
576
330
17
100
AcDbEntity
  8
ARBORI
 62
3
100
AcDbCircle
 10
391074.04
 20
585596.16
 30
0.0
 40
6.0
  0
POINT
  5
577
330
17
100
AcDbEntity
  8
ARBORI
 62
3
100
AcDbPoint
 10
391074.04
 20
585596.16
 30
0.0
  0
CIRCLE
  5
578
330
17
100
AcDbEntity
  8
ARBORI
 62
3
100
AcDbCircle
 10
391194.04
 20
585596.16
 30
0.0
 40
6.0
  0
POINT
  5
579
330
17
100
AcDbEntity
  8
ARBORI
 62
3
100
AcDbPoint
 10
391194.04
 20
585596.16
 30
0.0
  0
CIRCLE
  5
57A
330
17
100
AcDbEntity
  8
ARBORI
 62
3
100
AcDbCircle
 10
391109.04
 20
585595.16
 30
0.0
 40
6.0
  0
POINT
  5
57B
330
17
100
AcDbEntity
  8
ARBORI
 62
3
100
AcDbPoint
 10
391109.04
 20
585595.16
 30
0.0
  0
CIRCLE
  5
57C
330
17
100
AcDbEntity
  8
ARBORI
 62
3
100
AcDbCircle
 10
390643.04
 20
585594.16
 30
0.0
 40
2.2
  0
POINT
  5
57D
330
17
100
AcDbEntity
  8
ARBORI
 62
3
100
AcDbPoint
 10
390643.04
 20
585594.16
 30
0.0
  0
CIRCLE
  5
57E
330
17
100
AcDbEntity
  8
ARBORI
 62
3
100
AcDbCircle
 10
391118.04
 20
585594.16
 30
0.0
 40
6.0
  0
POINT
  5
57F
330
17
100
AcDbEntity
  8
ARBORI
 62
3
100
AcDbPoint
 10
391118.04
 20
585594.16
 30
0.0
  0
CIRCLE
  5
580
330
17
100
AcDbEntity
  8
ARBORI
 62
3
100
AcDbCircle
 10
391161.04
 20
585594.16
 30
0.0
 40
6.0
  0
POINT
  5
581
330
17
100
AcDbEntity
  8
ARBORI
 62
3
100
AcDbPoint
 10
391161.04
 20
585594.16
 30
0.0
  0
CIRCLE
  5
582
330
17
100
AcDbEntity
  8
ARBORI
 62
3
100
AcDbCircle
 10
391297.04
 20
585594.16
 30
0.0
 40
1.5
  0
POINT
  5
583
330
17
100
AcDbEntity
  8
ARBORI
 62
3
100
AcDbPoint
 10
391297.04
 20
585594.16
 30
0.0
  0
CIRCLE
  5
584
330
17
100
AcDbEntity
  8
ARBORI
 62
3
100
AcDbCircle
 10
390648.04
 20
585593.16
 30
0.0
 40
2.8
  0
POINT
  5
585
330
17
100
AcDbEntity
  8
ARBORI
 62
3
100
AcDbPoint
 10
390648.04
 20
585593.16
 30
0.0
  0
CIRCLE
  5
586
330
17
100
AcDbEntity
  8
ARBORI
 62
3
100
AcDbCircle
 10
391148.04
 20
585593.16
 30
0.0
 40
6.0
  0
POINT
  5
587
330
17
100
AcDbEntity
  8
ARBORI
 62
3
100
AcDbPoint
 10
391148.04
 20
585593.16
 30
0.0
  0
CIRCLE
  5
588
330
17
100
AcDbEntity
  8
ARBORI
 62
3
100
AcDbCircle
 10
390800.04
 20
585592.16
 30
0.0
 40
6.0
  0
POINT
  5
589
330
17
100
AcDbEntity
  8
ARBORI
 62
3
100
AcDbPoint
 10
390800.04
 20
585592.16
 30
0.0
  0
CIRCLE
  5
58A
330
17
100
AcDbEntity
  8
ARBORI
 62
3
100
AcDbCircle
 10
391045.04
 20
585592.16
 30
0.0
 40
4.6
  0
POINT
  5
58B
330
17
100
AcDbEntity
  8
ARBORI
 62
3
100
AcDbPoint
 10
391045.04
 20
585592.16
 30
0.0
  0
CIRCLE
  5
58C
330
17
100
AcDbEntity
  8
ARBORI
 62
3
100
AcDbCircle
 10
391256.04
 20
585592.16
 30
0.0
 40
2.3
  0
POINT
  5
58D
330
17
100
AcDbEntity
  8
ARBORI
 62
3
100
AcDbPoint
 10
391256.04
 20
585592.16
 30
0.0
  0
CIRCLE
  5
58E
330
17
100
AcDbEntity
  8
ARBORI
 62
3
100
AcDbCircle
 10
390674.04
 20
585591.16
 30
0.0
 40
1.5
  0
POINT
  5
58F
330
17
100
AcDbEntity
  8
ARBORI
 62
3
100
AcDbPoint
 10
390674.04
 20
585591.16
 30
0.0
  0
CIRCLE
  5
590
330
17
100
AcDbEntity
  8
ARBORI
 62
3
100
AcDbCircle
 10
390694.04
 20
585591.16
 30
0.0
 40
2.7
  0
POINT
  5
591
330
17
100
AcDbEntity
  8
ARBORI
 62
3
100
AcDbPoint
 10
390694.04
 20
585591.16
 30
0.0
  0
CIRCLE
  5
592
330
17
100
AcDbEntity
  8
ARBORI
 62
3
100
AcDbCircle
 10
391028.04
 20
585591.16
 30
0.0
 40
6.0
  0
POINT
  5
593
330
17
100
AcDbEntity
  8
ARBORI
 62
3
100
AcDbPoint
 10
391028.04
 20
585591.16
 30
0.0
  0
CIRCLE
  5
594
330
17
100
AcDbEntity
  8
ARBORI
 62
3
100
AcDbCircle
 10
391325.04
 20
585591.16
 30
0.0
 40
2.7
  0
POINT
  5
595
330
17
100
AcDbEntity
  8
ARBORI
 62
3
100
AcDbPoint
 10
391325.04
 20
585591.16
 30
0.0
  0
CIRCLE
  5
596
330
17
100
AcDbEntity
  8
ARBORI
 62
3
100
AcDbCircle
 10
390780.04
 20
585590.16
 30
0.0
 40
4.5
  0
POINT
  5
597
330
17
100
AcDbEntity
  8
ARBORI
 62
3
100
AcDbPoint
 10
390780.04
 20
585590.16
 30
0.0
  0
CIRCLE
  5
598
330
17
100
AcDbEntity
  8
ARBORI
 62
3
100
AcDbCircle
 10
390796.04
 20
585590.16
 30
0.0
 40
6.0
  0
POINT
  5
599
330
17
100
AcDbEntity
  8
ARBORI
 62
3
100
AcDbPoint
 10
390796.04
 20
585590.16
 30
0.0
  0
CIRCLE
  5
59A
330
17
100
AcDbEntity
  8
ARBORI
 62
3
100
AcDbCircle
 10
390823.04
 20
585590.16
 30
0.0
 40
6.0
  0
POINT
  5
59B
330
17
100
AcDbEntity
  8
ARBORI
 62
3
100
AcDbPoint
 10
390823.04
 20
585590.16
 30
0.0
  0
CIRCLE
  5
59C
330
17
100
AcDbEntity
  8
ARBORI
 62
3
100
AcDbCircle
 10
390575.04
 20
585589.16
 30
0.0
 40
1.5
  0
POINT
  5
59D
330
17
100
AcDbEntity
  8
ARBORI
 62
3
100
AcDbPoint
 10
390575.04
 20
585589.16
 30
0.0
  0
CIRCLE
  5
59E
330
17
100
AcDbEntity
  8
ARBORI
 62
3
100
AcDbCircle
 10
391082.04
 20
585589.16
 30
0.0
 40
4.7
  0
POINT
  5
59F
330
17
100
AcDbEntity
  8
ARBORI
 62
3
100
AcDbPoint
 10
391082.04
 20
585589.16
 30
0.0
  0
CIRCLE
  5
5A0
330
17
100
AcDbEntity
  8
ARBORI
 62
3
100
AcDbCircle
 10
391110.04
 20
585589.16
 30
0.0
 40
5.4
  0
POINT
  5
5A1
330
17
100
AcDbEntity
  8
ARBORI
 62
3
100
AcDbPoint
 10
391110.04
 20
585589.16
 30
0.0
  0
CIRCLE
  5
5A2
330
17
100
AcDbEntity
  8
ARBORI
 62
3
100
AcDbCircle
 10
390570.04
 20
585588.16
 30
0.0
 40
1.8
  0
POINT
  5
5A3
330
17
100
AcDbEntity
  8
ARBORI
 62
3
100
AcDbPoint
 10
390570.04
 20
585588.16
 30
0.0
  0
CIRCLE
  5
5A4
330
17
100
AcDbEntity
  8
ARBORI
 62
3
100
AcDbCircle
 10
390638.04
 20
585588.16
 30
0.0
 40
6.0
  0
POINT
  5
5A5
330
17
100
AcDbEntity
  8
ARBORI
 62
3
100
AcDbPoint
 10
390638.04
 20
585588.16
 30
0.0
  0
CIRCLE
  5
5A6
330
17
100
AcDbEntity
  8
ARBORI
 62
3
100
AcDbCircle
 10
390659.04
 20
585588.16
 30
0.0
 40
2.2
  0
POINT
  5
5A7
330
17
100
AcDbEntity
  8
ARBORI
 62
3
100
AcDbPoint
 10
390659.04
 20
585588.16
 30
0.0
  0
CIRCLE
  5
5A8
330
17
100
AcDbEntity
  8
ARBORI
 62
3
100
AcDbCircle
 10
391194.04
 20
585588.16
 30
0.0
 40
6.0
  0
POINT
  5
5A9
330
17
100
AcDbEntity
  8
ARBORI
 62
3
100
AcDbPoint
 10
391194.04
 20
585588.16
 30
0.0
  0
CIRCLE
  5
5AA
330
17
100
AcDbEntity
  8
ARBORI
 62
3
100
AcDbCircle
 10
391000.04
 20
585587.16
 30
0.0
 40
1.5
  0
POINT
  5
5AB
330
17
100
AcDbEntity
  8
ARBORI
 62
3
100
AcDbPoint
 10
391000.04
 20
585587.16
 30
0.0
  0
CIRCLE
  5
5AC
330
17
100
AcDbEntity
  8
ARBORI
 62
3
100
AcDbCircle
 10
391021.04
 20
585587.16
 30
0.0
 40
6.0
  0
POINT
  5
5AD
330
17
100
AcDbEntity
  8
ARBORI
 62
3
100
AcDbPoint
 10
391021.04
 20
585587.16
 30
0.0
  0
CIRCLE
  5
5AE
330
17
100
AcDbEntity
  8
ARBORI
 62
3
100
AcDbCircle
 10
391097.04
 20
585587.16
 30
0.0
 40
5.9
  0
POINT
  5
5AF
330
17
100
AcDbEntity
  8
ARBORI
 62
3
100
AcDbPoint
 10
391097.04
 20
585587.16
 30
0.0
  0
CIRCLE
  5
5B0
330
17
100
AcDbEntity
  8
ARBORI
 62
3
100
AcDbCircle
 10
391154.04
 20
585587.16
 30
0.0
 40
6.0
  0
POINT
  5
5B1
330
17
100
AcDbEntity
  8
ARBORI
 62
3
100
AcDbPoint
 10
391154.04
 20
585587.16
 30
0.0
  0
CIRCLE
  5
5B2
330
17
100
AcDbEntity
  8
ARBORI
 62
3
100
AcDbCircle
 10
391200.04
 20
585587.16
 30
0.0
 40
6.0
  0
POINT
  5
5B3
330
17
100
AcDbEntity
  8
ARBORI
 62
3
100
AcDbPoint
 10
391200.04
 20
585587.16
 30
0.0
  0
CIRCLE
  5
5B4
330
17
100
AcDbEntity
  8
ARBORI
 62
3
100
AcDbCircle
 10
390619.04
 20
585586.16
 30
0.0
 40
2.0
  0
POINT
  5
5B5
330
17
100
AcDbEntity
  8
ARBORI
 62
3
100
AcDbPoint
 10
390619.04
 20
585586.16
 30
0.0
  0
CIRCLE
  5
5B6
330
17
100
AcDbEntity
  8
ARBORI
 62
3
100
AcDbCircle
 10
390798.04
 20
585586.16
 30
0.0
 40
6.0
  0
POINT
  5
5B7
330
17
100
AcDbEntity
  8
ARBORI
 62
3
100
AcDbPoint
 10
390798.04
 20
585586.16
 30
0.0
  0
CIRCLE
  5
5B8
330
17
100
AcDbEntity
  8
ARBORI
 62
3
100
AcDbCircle
 10
390814.04
 20
585586.16
 30
0.0
 40
6.0
  0
POINT
  5
5B9
330
17
100
AcDbEntity
  8
ARBORI
 62
3
100
AcDbPoint
 10
390814.04
 20
585586.16
 30
0.0
  0
CIRCLE
  5
5BA
330
17
100
AcDbEntity
  8
ARBORI
 62
3
100
AcDbCircle
 10
390887.04
 20
585586.16
 30
0.0
 40
3.7
  0
POINT
  5
5BB
330
17
100
AcDbEntity
  8
ARBORI
 62
3
100
AcDbPoint
 10
390887.04
 20
585586.16
 30
0.0
  0
CIRCLE
  5
5BC
330
17
100
AcDbEntity
  8
ARBORI
 62
3
100
AcDbCircle
 10
390536.04
 20
585585.16
 30
0.0
 40
1.5
  0
POINT
  5
5BD
330
17
100
AcDbEntity
  8
ARBORI
 62
3
100
AcDbPoint
 10
390536.04
 20
585585.16
 30
0.0
  0
CIRCLE
  5
5BE
330
17
100
AcDbEntity
  8
ARBORI
 62
3
100
AcDbCircle
 10
390829.04
 20
585585.16
 30
0.0
 40
5.4
  0
POINT
  5
5BF
330
17
100
AcDbEntity
  8
ARBORI
 62
3
100
AcDbPoint
 10
390829.04
 20
585585.16
 30
0.0
  0
CIRCLE
  5
5C0
330
17
100
AcDbEntity
  8
ARBORI
 62
3
100
AcDbCircle
 10
391078.04
 20
585585.16
 30
0.0
 40
5.4
  0
POINT
  5
5C1
330
17
100
AcDbEntity
  8
ARBORI
 62
3
100
AcDbPoint
 10
391078.04
 20
585585.16
 30
0.0
  0
CIRCLE
  5
5C2
330
17
100
AcDbEntity
  8
ARBORI
 62
3
100
AcDbCircle
 10
391033.04
 20
585584.16
 30
0.0
 40
5.8
  0
POINT
  5
5C3
330
17
100
AcDbEntity
  8
ARBORI
 62
3
100
AcDbPoint
 10
391033.04
 20
585584.16
 30
0.0
  0
CIRCLE
  5
5C4
330
17
100
AcDbEntity
  8
ARBORI
 62
3
100
AcDbCircle
 10
391063.04
 20
585584.16
 30
0.0
 40
6.0
  0
POINT
  5
5C5
330
17
100
AcDbEntity
  8
ARBORI
 62
3
100
AcDbPoint
 10
391063.04
 20
585584.16
 30
0.0
  0
CIRCLE
  5
5C6
330
17
100
AcDbEntity
  8
ARBORI
 62
3
100
AcDbCircle
 10
391236.04
 20
585584.16
 30
0.0
 40
3.7
  0
POINT
  5
5C7
330
17
100
AcDbEntity
  8
ARBORI
 62
3
100
AcDbPoint
 10
391236.04
 20
585584.16
 30
0.0
  0
CIRCLE
  5
5C8
330
17
100
AcDbEntity
  8
ARBORI
 62
3
100
AcDbCircle
 10
390561.04
 20
585583.16
 30
0.0
 40
2.2
  0
POINT
  5
5C9
330
17
100
AcDbEntity
  8
ARBORI
 62
3
100
AcDbPoint
 10
390561.04
 20
585583.16
 30
0.0
  0
CIRCLE
  5
5CA
330
17
100
AcDbEntity
  8
ARBORI
 62
3
100
AcDbCircle
 10
390648.04
 20
585583.16
 30
0.0
 40
2.1
  0
POINT
  5
5CB
330
17
100
AcDbEntity
  8
ARBORI
 62
3
100
AcDbPoint
 10
390648.04
 20
585583.16
 30
0.0
  0
CIRCLE
  5
5CC
330
17
100
AcDbEntity
  8
ARBORI
 62
3
100
AcDbCircle
 10
391160.04
 20
585583.16
 30
0.0
 40
5.7
  0
POINT
  5
5CD
330
17
100
AcDbEntity
  8
ARBORI
 62
3
100
AcDbPoint
 10
391160.04
 20
585583.16
 30
0.0
  0
CIRCLE
  5
5CE
330
17
100
AcDbEntity
  8
ARBORI
 62
3
100
AcDbCircle
 10
391183.04
 20
585583.16
 30
0.0
 40
6.0
  0
POINT
  5
5CF
330
17
100
AcDbEntity
  8
ARBORI
 62
3
100
AcDbPoint
 10
391183.04
 20
585583.16
 30
0.0
  0
CIRCLE
  5
5D0
330
17
100
AcDbEntity
  8
ARBORI
 62
3
100
AcDbCircle
 10
391215.04
 20
585583.16
 30
0.0
 40
6.0
  0
POINT
  5
5D1
330
17
100
AcDbEntity
  8
ARBORI
 62
3
100
AcDbPoint
 10
391215.04
 20
585583.16
 30
0.0
  0
CIRCLE
  5
5D2
330
17
100
AcDbEntity
  8
ARBORI
 62
3
100
AcDbCircle
 10
391248.04
 20
585582.16
 30
0.0
 40
1.5
  0
POINT
  5
5D3
330
17
100
AcDbEntity
  8
ARBORI
 62
3
100
AcDbPoint
 10
391248.04
 20
585582.16
 30
0.0
  0
CIRCLE
  5
5D4
330
17
100
AcDbEntity
  8
ARBORI
 62
3
100
AcDbCircle
 10
391053.04
 20
585581.16
 30
0.0
 40
6.0
  0
POINT
  5
5D5
330
17
100
AcDbEntity
  8
ARBORI
 62
3
100
AcDbPoint
 10
391053.04
 20
585581.16
 30
0.0
  0
CIRCLE
  5
5D6
330
17
100
AcDbEntity
  8
ARBORI
 62
3
100
AcDbCircle
 10
391089.04
 20
585581.16
 30
0.0
 40
4.8
  0
POINT
  5
5D7
330
17
100
AcDbEntity
  8
ARBORI
 62
3
100
AcDbPoint
 10
391089.04
 20
585581.16
 30
0.0
  0
CIRCLE
  5
5D8
330
17
100
AcDbEntity
  8
ARBORI
 62
3
100
AcDbCircle
 10
391172.04
 20
585581.16
 30
0.0
 40
6.0
  0
POINT
  5
5D9
330
17
100
AcDbEntity
  8
ARBORI
 62
3
100
AcDbPoint
 10
391172.04
 20
585581.16
 30
0.0
  0
CIRCLE
  5
5DA
330
17
100
AcDbEntity
  8
ARBORI
 62
3
100
AcDbCircle
 10
390636.04
 20
585580.16
 30
0.0
 40
3.9
  0
POINT
  5
5DB
330
17
100
AcDbEntity
  8
ARBORI
 62
3
100
AcDbPoint
 10
390636.04
 20
585580.16
 30
0.0
  0
CIRCLE
  5
5DC
330
17
100
AcDbEntity
  8
ARBORI
 62
3
100
AcDbCircle
 10
391042.04
 20
585580.16
 30
0.0
 40
6.0
  0
POINT
  5
5DD
330
17
100
AcDbEntity
  8
ARBORI
 62
3
100
AcDbPoint
 10
391042.04
 20
585580.16
 30
0.0
  0
CIRCLE
  5
5DE
330
17
100
AcDbEntity
  8
ARBORI
 62
3
100
AcDbCircle
 10
391152.04
 20
585580.16
 30
0.0
 40
6.0
  0
POINT
  5
5DF
330
17
100
AcDbEntity
  8
ARBORI
 62
3
100
AcDbPoint
 10
391152.04
 20
585580.16
 30
0.0
  0
CIRCLE
  5
5E0
330
17
100
AcDbEntity
  8
ARBORI
 62
3
100
AcDbCircle
 10
391270.04
 20
585580.16
 30
0.0
 40
3.4
  0
POINT
  5
5E1
330
17
100
AcDbEntity
  8
ARBORI
 62
3
100
AcDbPoint
 10
391270.04
 20
585580.16
 30
0.0
  0
CIRCLE
  5
5E2
330
17
100
AcDbEntity
  8
ARBORI
 62
3
100
AcDbCircle
 10
390569.04
 20
585579.16
 30
0.0
 40
6.0
  0
POINT
  5
5E3
330
17
100
AcDbEntity
  8
ARBORI
 62
3
100
AcDbPoint
 10
390569.04
 20
585579.16
 30
0.0
  0
CIRCLE
  5
5E4
330
17
100
AcDbEntity
  8
ARBORI
 62
3
100
AcDbCircle
 10
390798.04
 20
585578.16
 30
0.0
 40
6.0
  0
POINT
  5
5E5
330
17
100
AcDbEntity
  8
ARBORI
 62
3
100
AcDbPoint
 10
390798.04
 20
585578.16
 30
0.0
  0
CIRCLE
  5
5E6
330
17
100
AcDbEntity
  8
ARBORI
 62
3
100
AcDbCircle
 10
390854.04
 20
585578.16
 30
0.0
 40
5.4
  0
POINT
  5
5E7
330
17
100
AcDbEntity
  8
ARBORI
 62
3
100
AcDbPoint
 10
390854.04
 20
585578.16
 30
0.0
  0
CIRCLE
  5
5E8
330
17
100
AcDbEntity
  8
ARBORI
 62
3
100
AcDbCircle
 10
391074.04
 20
585578.16
 30
0.0
 40
5.0
  0
POINT
  5
5E9
330
17
100
AcDbEntity
  8
ARBORI
 62
3
100
AcDbPoint
 10
391074.04
 20
585578.16
 30
0.0
  0
CIRCLE
  5
5EA
330
17
100
AcDbEntity
  8
ARBORI
 62
3
100
AcDbCircle
 10
391189.04
 20
585578.16
 30
0.0
 40
6.0
  0
POINT
  5
5EB
330
17
100
AcDbEntity
  8
ARBORI
 62
3
100
AcDbPoint
 10
391189.04
 20
585578.16
 30
0.0
  0
CIRCLE
  5
5EC
330
17
100
AcDbEntity
  8
ARBORI
 62
3
100
AcDbCircle
 10
391247.04
 20
585578.16
 30
0.0
 40
1.5
  0
POINT
  5
5ED
330
17
100
AcDbEntity
  8
ARBORI
 62
3
100
AcDbPoint
 10
391247.04
 20
585578.16
 30
0.0
  0
CIRCLE
  5
5EE
330
17
100
AcDbEntity
  8
ARBORI
 62
3
100
AcDbCircle
 10
390559.04
 20
585577.16
 30
0.0
 40
1.6
  0
POINT
  5
5EF
330
17
100
AcDbEntity
  8
ARBORI
 62
3
100
AcDbPoint
 10
390559.04
 20
585577.16
 30
0.0
  0
CIRCLE
  5
5F0
330
17
100
AcDbEntity
  8
ARBORI
 62
3
100
AcDbCircle
 10
390844.04
 20
585577.16
 30
0.0
 40
5.4
  0
POINT
  5
5F1
330
17
100
AcDbEntity
  8
ARBORI
 62
3
100
AcDbPoint
 10
390844.04
 20
585577.16
 30
0.0
  0
CIRCLE
  5
5F2
330
17
100
AcDbEntity
  8
ARBORI
 62
3
100
AcDbCircle
 10
390808.04
 20
585576.16
 30
0.0
 40
5.1
  0
POINT
  5
5F3
330
17
100
AcDbEntity
  8
ARBORI
 62
3
100
AcDbPoint
 10
390808.04
 20
585576.16
 30
0.0
  0
CIRCLE
  5
5F4
330
17
100
AcDbEntity
  8
ARBORI
 62
3
100
AcDbCircle
 10
390882.04
 20
585576.16
 30
0.0
 40
6.0
  0
POINT
  5
5F5
330
17
100
AcDbEntity
  8
ARBORI
 62
3
100
AcDbPoint
 10
390882.04
 20
585576.16
 30
0.0
  0
CIRCLE
  5
5F6
330
17
100
AcDbEntity
  8
ARBORI
 62
3
100
AcDbCircle
 10
391035.04
 20
585575.16
 30
0.0
 40
6.0
  0
POINT
  5
5F7
330
17
100
AcDbEntity
  8
ARBORI
 62
3
100
AcDbPoint
 10
391035.04
 20
585575.16
 30
0.0
  0
CIRCLE
  5
5F8
330
17
100
AcDbEntity
  8
ARBORI
 62
3
100
AcDbCircle
 10
390555.04
 20
585574.16
 30
0.0
 40
3.1
  0
POINT
  5
5F9
330
17
100
AcDbEntity
  8
ARBORI
 62
3
100
AcDbPoint
 10
390555.04
 20
585574.16
 30
0.0
  0
CIRCLE
  5
5FA
330
17
100
AcDbEntity
  8
ARBORI
 62
3
100
AcDbCircle
 10
390876.04
 20
585574.16
 30
0.0
 40
6.0
  0
POINT
  5
5FB
330
17
100
AcDbEntity
  8
ARBORI
 62
3
100
AcDbPoint
 10
390876.04
 20
585574.16
 30
0.0
  0
CIRCLE
  5
5FC
330
17
100
AcDbEntity
  8
ARBORI
 62
3
100
AcDbCircle
 10
390569.04
 20
585573.16
 30
0.0
 40
6.0
  0
POINT
  5
5FD
330
17
100
AcDbEntity
  8
ARBORI
 62
3
100
AcDbPoint
 10
390569.04
 20
585573.16
 30
0.0
  0
CIRCLE
  5
5FE
330
17
100
AcDbEntity
  8
ARBORI
 62
3
100
AcDbCircle
 10
391210.04
 20
585573.16
 30
0.0
 40
6.0
  0
POINT
  5
5FF
330
17
100
AcDbEntity
  8
ARBORI
 62
3
100
AcDbPoint
 10
391210.04
 20
585573.16
 30
0.0
  0
CIRCLE
  5
600
330
17
100
AcDbEntity
  8
ARBORI
 62
3
100
AcDbCircle
 10
391239.04
 20
585573.16
 30
0.0
 40
1.5
  0
POINT
  5
601
330
17
100
AcDbEntity
  8
ARBORI
 62
3
100
AcDbPoint
 10
391239.04
 20
585573.16
 30
0.0
  0
CIRCLE
  5
602
330
17
100
AcDbEntity
  8
ARBORI
 62
3
100
AcDbCircle
 10
390587.04
 20
585572.16
 30
0.0
 40
6.0
  0
POINT
  5
603
330
17
100
AcDbEntity
  8
ARBORI
 62
3
100
AcDbPoint
 10
390587.04
 20
585572.16
 30
0.0
  0
CIRCLE
  5
604
330
17
100
AcDbEntity
  8
ARBORI
 62
3
100
AcDbCircle
 10
390762.04
 20
585572.16
 30
0.0
 40
3.5
  0
POINT
  5
605
330
17
100
AcDbEntity
  8
ARBORI
 62
3
100
AcDbPoint
 10
390762.04
 20
585572.16
 30
0.0
  0
CIRCLE
  5
606
330
17
100
AcDbEntity
  8
ARBORI
 62
3
100
AcDbCircle
 10
390785.04
 20
585572.16
 30
0.0
 40
6.0
  0
POINT
  5
607
330
17
100
AcDbEntity
  8
ARBORI
 62
3
100
AcDbPoint
 10
390785.04
 20
585572.16
 30
0.0
  0
CIRCLE
  5
608
330
17
100
AcDbEntity
  8
ARBORI
 62
3
100
AcDbCircle
 10
391187.04
 20
585572.16
 30
0.0
 40
5.4
  0
POINT
  5
609
330
17
100
AcDbEntity
  8
ARBORI
 62
3
100
AcDbPoint
 10
391187.04
 20
585572.16
 30
0.0
  0
CIRCLE
  5
60A
330
17
100
AcDbEntity
  8
ARBORI
 62
3
100
AcDbCircle
 10
390755.04
 20
585571.16
 30
0.0
 40
1.5
  0
POINT
  5
60B
330
17
100
AcDbEntity
  8
ARBORI
 62
3
100
AcDbPoint
 10
390755.04
 20
585571.16
 30
0.0
  0
CIRCLE
  5
60C
330
17
100
AcDbEntity
  8
ARBORI
 62
3
100
AcDbCircle
 10
390857.04
 20
585571.16
 30
0.0
 40
4.8
  0
POINT
  5
60D
330
17
100
AcDbEntity
  8
ARBORI
 62
3
100
AcDbPoint
 10
390857.04
 20
585571.16
 30
0.0
  0
CIRCLE
  5
60E
330
17
100
AcDbEntity
  8
ARBORI
 62
3
100
AcDbCircle
 10
391013.04
 20
585571.16
 30
0.0
 40
5.7
  0
POINT
  5
60F
330
17
100
AcDbEntity
  8
ARBORI
 62
3
100
AcDbPoint
 10
391013.04
 20
585571.16
 30
0.0
  0
CIRCLE
  5
610
330
17
100
AcDbEntity
  8
ARBORI
 62
3
100
AcDbCircle
 10
391151.04
 20
585571.16
 30
0.0
 40
6.0
  0
POINT
  5
611
330
17
100
AcDbEntity
  8
ARBORI
 62
3
100
AcDbPoint
 10
391151.04
 20
585571.16
 30
0.0
  0
CIRCLE
  5
612
330
17
100
AcDbEntity
  8
ARBORI
 62
3
100
AcDbCircle
 10
391220.04
 20
585571.16
 30
0.0
 40
5.5
  0
POINT
  5
613
330
17
100
AcDbEntity
  8
ARBORI
 62
3
100
AcDbPoint
 10
391220.04
 20
585571.16
 30
0.0
  0
CIRCLE
  5
614
330
17
100
AcDbEntity
  8
ARBORI
 62
3
100
AcDbCircle
 10
391081.04
 20
585570.16
 30
0.0
 40
1.5
  0
POINT
  5
615
330
17
100
AcDbEntity
  8
ARBORI
 62
3
100
AcDbPoint
 10
391081.04
 20
585570.16
 30
0.0
  0
CIRCLE
  5
616
330
17
100
AcDbEntity
  8
ARBORI
 62
3
100
AcDbCircle
 10
390563.04
 20
585569.16
 30
0.0
 40
1.8
  0
POINT
  5
617
330
17
100
AcDbEntity
  8
ARBORI
 62
3
100
AcDbPoint
 10
390563.04
 20
585569.16
 30
0.0
  0
CIRCLE
  5
618
330
17
100
AcDbEntity
  8
ARBORI
 62
3
100
AcDbCircle
 10
390536.04
 20
585568.16
 30
0.0
 40
2.6
  0
POINT
  5
619
330
17
100
AcDbEntity
  8
ARBORI
 62
3
100
AcDbPoint
 10
390536.04
 20
585568.16
 30
0.0
  0
CIRCLE
  5
61A
330
17
100
AcDbEntity
  8
ARBORI
 62
3
100
AcDbCircle
 10
390590.04
 20
585568.16
 30
0.0
 40
4.2
  0
POINT
  5
61B
330
17
100
AcDbEntity
  8
ARBORI
 62
3
100
AcDbPoint
 10
390590.04
 20
585568.16
 30
0.0
  0
CIRCLE
  5
61C
330
17
100
AcDbEntity
  8
ARBORI
 62
3
100
AcDbCircle
 10
391017.04
 20
585568.16
 30
0.0
 40
6.0
  0
POINT
  5
61D
330
17
100
AcDbEntity
  8
ARBORI
 62
3
100
AcDbPoint
 10
391017.04
 20
585568.16
 30
0.0
  0
CIRCLE
  5
61E
330
17
100
AcDbEntity
  8
ARBORI
 62
3
100
AcDbCircle
 10
390871.04
 20
585567.16
 30
0.0
 40
6.0
  0
POINT
  5
61F
330
17
100
AcDbEntity
  8
ARBORI
 62
3
100
AcDbPoint
 10
390871.04
 20
585567.16
 30
0.0
  0
CIRCLE
  5
620
330
17
100
AcDbEntity
  8
ARBORI
 62
3
100
AcDbCircle
 10
391011.04
 20
585567.16
 30
0.0
 40
5.8
  0
POINT
  5
621
330
17
100
AcDbEntity
  8
ARBORI
 62
3
100
AcDbPoint
 10
391011.04
 20
585567.16
 30
0.0
  0
CIRCLE
  5
622
330
17
100
AcDbEntity
  8
ARBORI
 62
3
100
AcDbCircle
 10
391129.04
 20
585567.16
 30
0.0
 40
4.7
  0
POINT
  5
623
330
17
100
AcDbEntity
  8
ARBORI
 62
3
100
AcDbPoint
 10
391129.04
 20
585567.16
 30
0.0
  0
CIRCLE
  5
624
330
17
100
AcDbEntity
  8
ARBORI
 62
3
100
AcDbCircle
 10
391139.04
 20
585567.16
 30
0.0
 40
5.7
  0
POINT
  5
625
330
17
100
AcDbEntity
  8
ARBORI
 62
3
100
AcDbPoint
 10
391139.04
 20
585567.16
 30
0.0
  0
CIRCLE
  5
626
330
17
100
AcDbEntity
  8
ARBORI
 62
3
100
AcDbCircle
 10
391211.04
 20
585567.16
 30
0.0
 40
6.0
  0
POINT
  5
627
330
17
100
AcDbEntity
  8
ARBORI
 62
3
100
AcDbPoint
 10
391211.04
 20
585567.16
 30
0.0
  0
CIRCLE
  5
628
330
17
100
AcDbEntity
  8
ARBORI
 62
3
100
AcDbCircle
 10
391288.04
 20
585567.16
 30
0.0
 40
2.9
  0
POINT
  5
629
330
17
100
AcDbEntity
  8
ARBORI
 62
3
100
AcDbPoint
 10
391288.04
 20
585567.16
 30
0.0
  0
CIRCLE
  5
62A
330
17
100
AcDbEntity
  8
ARBORI
 62
3
100
AcDbCircle
 10
391337.04
 20
585567.16
 30
0.0
 40
2.9
  0
POINT
  5
62B
330
17
100
AcDbEntity
  8
ARBORI
 62
3
100
AcDbPoint
 10
391337.04
 20
585567.16
 30
0.0
  0
CIRCLE
  5
62C
330
17
100
AcDbEntity
  8
ARBORI
 62
3
100
AcDbCircle
 10
390842.04
 20
585566.16
 30
0.0
 40
4.1
  0
POINT
  5
62D
330
17
100
AcDbEntity
  8
ARBORI
 62
3
100
AcDbPoint
 10
390842.04
 20
585566.16
 30
0.0
  0
CIRCLE
  5
62E
330
17
100
AcDbEntity
  8
ARBORI
 62
3
100
AcDbCircle
 10
391075.04
 20
585566.16
 30
0.0
 40
1.5
  0
POINT
  5
62F
330
17
100
AcDbEntity
  8
ARBORI
 62
3
100
AcDbPoint
 10
391075.04
 20
585566.16
 30
0.0
  0
CIRCLE
  5
630
330
17
100
AcDbEntity
  8
ARBORI
 62
3
100
AcDbCircle
 10
391200.04
 20
585566.16
 30
0.0
 40
6.0
  0
POINT
  5
631
330
17
100
AcDbEntity
  8
ARBORI
 62
3
100
AcDbPoint
 10
391200.04
 20
585566.16
 30
0.0
  0
CIRCLE
  5
632
330
17
100
AcDbEntity
  8
ARBORI
 62
3
100
AcDbCircle
 10
391235.04
 20
585566.16
 30
0.0
 40
2.2
  0
POINT
  5
633
330
17
100
AcDbEntity
  8
ARBORI
 62
3
100
AcDbPoint
 10
391235.04
 20
585566.16
 30
0.0
  0
CIRCLE
  5
634
330
17
100
AcDbEntity
  8
ARBORI
 62
3
100
AcDbCircle
 10
391261.04
 20
585566.16
 30
0.0
 40
4.0
  0
POINT
  5
635
330
17
100
AcDbEntity
  8
ARBORI
 62
3
100
AcDbPoint
 10
391261.04
 20
585566.16
 30
0.0
  0
CIRCLE
  5
636
330
17
100
AcDbEntity
  8
ARBORI
 62
3
100
AcDbCircle
 10
390636.04
 20
585565.16
 30
0.0
 40
3.3
  0
POINT
  5
637
330
17
100
AcDbEntity
  8
ARBORI
 62
3
100
AcDbPoint
 10
390636.04
 20
585565.16
 30
0.0
  0
CIRCLE
  5
638
330
17
100
AcDbEntity
  8
ARBORI
 62
3
100
AcDbCircle
 10
391246.04
 20
585565.16
 30
0.0
 40
1.5
  0
POINT
  5
639
330
17
100
AcDbEntity
  8
ARBORI
 62
3
100
AcDbPoint
 10
391246.04
 20
585565.16
 30
0.0
  0
CIRCLE
  5
63A
330
17
100
AcDbEntity
  8
ARBORI
 62
3
100
AcDbCircle
 10
391283.04
 20
585565.16
 30
0.0
 40
2.9
  0
POINT
  5
63B
330
17
100
AcDbEntity
  8
ARBORI
 62
3
100
AcDbPoint
 10
391283.04
 20
585565.16
 30
0.0
  0
CIRCLE
  5
63C
330
17
100
AcDbEntity
  8
ARBORI
 62
3
100
AcDbCircle
 10
390572.04
 20
585564.16
 30
0.0
 40
6.0
  0
POINT
  5
63D
330
17
100
AcDbEntity
  8
ARBORI
 62
3
100
AcDbPoint
 10
390572.04
 20
585564.16
 30
0.0
  0
CIRCLE
  5
63E
330
17
100
AcDbEntity
  8
ARBORI
 62
3
100
AcDbCircle
 10
390710.04
 20
585564.16
 30
0.0
 40
1.5
  0
POINT
  5
63F
330
17
100
AcDbEntity
  8
ARBORI
 62
3
100
AcDbPoint
 10
390710.04
 20
585564.16
 30
0.0
  0
CIRCLE
  5
640
330
17
100
AcDbEntity
  8
ARBORI
 62
3
100
AcDbCircle
 10
391109.04
 20
585564.16
 30
0.0
 40
4.2
  0
POINT
  5
641
330
17
100
AcDbEntity
  8
ARBORI
 62
3
100
AcDbPoint
 10
391109.04
 20
585564.16
 30
0.0
  0
CIRCLE
  5
642
330
17
100
AcDbEntity
  8
ARBORI
 62
3
100
AcDbCircle
 10
391205.04
 20
585564.16
 30
0.0
 40
6.0
  0
POINT
  5
643
330
17
100
AcDbEntity
  8
ARBORI
 62
3
100
AcDbPoint
 10
391205.04
 20
585564.16
 30
0.0
  0
CIRCLE
  5
644
330
17
100
AcDbEntity
  8
ARBORI
 62
3
100
AcDbCircle
 10
390735.04
 20
585563.16
 30
0.0
 40
1.5
  0
POINT
  5
645
330
17
100
AcDbEntity
  8
ARBORI
 62
3
100
AcDbPoint
 10
390735.04
 20
585563.16
 30
0.0
  0
CIRCLE
  5
646
330
17
100
AcDbEntity
  8
ARBORI
 62
3
100
AcDbCircle
 10
390801.04
 20
585563.16
 30
0.0
 40
3.6
  0
POINT
  5
647
330
17
100
AcDbEntity
  8
ARBORI
 62
3
100
AcDbPoint
 10
390801.04
 20
585563.16
 30
0.0
  0
CIRCLE
  5
648
330
17
100
AcDbEntity
  8
ARBORI
 62
3
100
AcDbCircle
 10
390838.04
 20
585563.16
 30
0.0
 40
4.2
  0
POINT
  5
649
330
17
100
AcDbEntity
  8
ARBORI
 62
3
100
AcDbPoint
 10
390838.04
 20
585563.16
 30
0.0
  0
CIRCLE
  5
64A
330
17
100
AcDbEntity
  8
ARBORI
 62
3
100
AcDbCircle
 10
390874.04
 20
585563.16
 30
0.0
 40
6.0
  0
POINT
  5
64B
330
17
100
AcDbEntity
  8
ARBORI
 62
3
100
AcDbPoint
 10
390874.04
 20
585563.16
 30
0.0
  0
CIRCLE
  5
64C
330
17
100
AcDbEntity
  8
ARBORI
 62
3
100
AcDbCircle
 10
390944.04
 20
585563.16
 30
0.0
 40
1.8
  0
POINT
  5
64D
330
17
100
AcDbEntity
  8
ARBORI
 62
3
100
AcDbPoint
 10
390944.04
 20
585563.16
 30
0.0
  0
CIRCLE
  5
64E
330
17
100
AcDbEntity
  8
ARBORI
 62
3
100
AcDbCircle
 10
390812.04
 20
585562.16
 30
0.0
 40
4.8
  0
POINT
  5
64F
330
17
100
AcDbEntity
  8
ARBORI
 62
3
100
AcDbPoint
 10
390812.04
 20
585562.16
 30
0.0
  0
CIRCLE
  5
650
330
17
100
AcDbEntity
  8
ARBORI
 62
3
100
AcDbCircle
 10
391121.04
 20
585562.16
 30
0.0
 40
6.0
  0
POINT
  5
651
330
17
100
AcDbEntity
  8
ARBORI
 62
3
100
AcDbPoint
 10
391121.04
 20
585562.16
 30
0.0
  0
CIRCLE
  5
652
330
17
100
AcDbEntity
  8
ARBORI
 62
3
100
AcDbCircle
 10
390634.04
 20
585561.16
 30
0.0
 40
3.3
  0
POINT
  5
653
330
17
100
AcDbEntity
  8
ARBORI
 62
3
100
AcDbPoint
 10
390634.04
 20
585561.16
 30
0.0
  0
CIRCLE
  5
654
330
17
100
AcDbEntity
  8
ARBORI
 62
3
100
AcDbCircle
 10
390729.04
 20
585560.16
 30
0.0
 40
1.5
  0
POINT
  5
655
330
17
100
AcDbEntity
  8
ARBORI
 62
3
100
AcDbPoint
 10
390729.04
 20
585560.16
 30
0.0
  0
CIRCLE
  5
656
330
17
100
AcDbEntity
  8
ARBORI
 62
3
100
AcDbCircle
 10
390854.04
 20
585560.16
 30
0.0
 40
5.6
  0
POINT
  5
657
330
17
100
AcDbEntity
  8
ARBORI
 62
3
100
AcDbPoint
 10
390854.04
 20
585560.16
 30
0.0
  0
CIRCLE
  5
658
330
17
100
AcDbEntity
  8
ARBORI
 62
3
100
AcDbCircle
 10
391014.04
 20
585560.16
 30
0.0
 40
4.3
  0
POINT
  5
659
330
17
100
AcDbEntity
  8
ARBORI
 62
3
100
AcDbPoint
 10
391014.04
 20
585560.16
 30
0.0
  0
CIRCLE
  5
65A
330
17
100
AcDbEntity
  8
ARBORI
 62
3
100
AcDbCircle
 10
391276.04
 20
585560.16
 30
0.0
 40
2.2
  0
POINT
  5
65B
330
17
100
AcDbEntity
  8
ARBORI
 62
3
100
AcDbPoint
 10
391276.04
 20
585560.16
 30
0.0
  0
CIRCLE
  5
65C
330
17
100
AcDbEntity
  8
ARBORI
 62
3
100
AcDbCircle
 10
390566.04
 20
585559.16
 30
0.0
 40
1.7
  0
POINT
  5
65D
330
17
100
AcDbEntity
  8
ARBORI
 62
3
100
AcDbPoint
 10
390566.04
 20
585559.16
 30
0.0
  0
CIRCLE
  5
65E
330
17
100
AcDbEntity
  8
ARBORI
 62
3
100
AcDbCircle
 10
390788.04
 20
585558.16
 30
0.0
 40
5.3
  0
POINT
  5
65F
330
17
100
AcDbEntity
  8
ARBORI
 62
3
100
AcDbPoint
 10
390788.04
 20
585558.16
 30
0.0
  0
CIRCLE
  5
660
330
17
100
AcDbEntity
  8
ARBORI
 62
3
100
AcDbCircle
 10
390792.04
 20
585558.16
 30
0.0
 40
5.1
  0
POINT
  5
661
330
17
100
AcDbEntity
  8
ARBORI
 62
3
100
AcDbPoint
 10
390792.04
 20
585558.16
 30
0.0
  0
CIRCLE
  5
662
330
17
100
AcDbEntity
  8
ARBORI
 62
3
100
AcDbCircle
 10
390821.04
 20
585558.16
 30
0.0
 40
4.7
  0
POINT
  5
663
330
17
100
AcDbEntity
  8
ARBORI
 62
3
100
AcDbPoint
 10
390821.04
 20
585558.16
 30
0.0
  0
CIRCLE
  5
664
330
17
100
AcDbEntity
  8
ARBORI
 62
3
100
AcDbCircle
 10
390629.04
 20
585557.16
 30
0.0
 40
3.3
  0
POINT
  5
665
330
17
100
AcDbEntity
  8
ARBORI
 62
3
100
AcDbPoint
 10
390629.04
 20
585557.16
 30
0.0
  0
CIRCLE
  5
666
330
17
100
AcDbEntity
  8
ARBORI
 62
3
100
AcDbCircle
 10
390877.04
 20
585557.16
 30
0.0
 40
6.0
  0
POINT
  5
667
330
17
100
AcDbEntity
  8
ARBORI
 62
3
100
AcDbPoint
 10
390877.04
 20
585557.16
 30
0.0
  0
CIRCLE
  5
668
330
17
100
AcDbEntity
  8
ARBORI
 62
3
100
AcDbCircle
 10
390600.04
 20
585556.16
 30
0.0
 40
1.5
  0
POINT
  5
669
330
17
100
AcDbEntity
  8
ARBORI
 62
3
100
AcDbPoint
 10
390600.04
 20
585556.16
 30
0.0
  0
CIRCLE
  5
66A
330
17
100
AcDbEntity
  8
ARBORI
 62
3
100
AcDbCircle
 10
391257.04
 20
585556.16
 30
0.0
 40
1.5
  0
POINT
  5
66B
330
17
100
AcDbEntity
  8
ARBORI
 62
3
100
AcDbPoint
 10
391257.04
 20
585556.16
 30
0.0
  0
CIRCLE
  5
66C
330
17
100
AcDbEntity
  8
ARBORI
 62
3
100
AcDbCircle
 10
390620.04
 20
585555.16
 30
0.0
 40
4.1
  0
POINT
  5
66D
330
17
100
AcDbEntity
  8
ARBORI
 62
3
100
AcDbPoint
 10
390620.04
 20
585555.16
 30
0.0
  0
CIRCLE
  5
66E
330
17
100
AcDbEntity
  8
ARBORI
 62
3
100
AcDbCircle
 10
391014.04
 20
585555.16
 30
0.0
 40
4.7
  0
POINT
  5
66F
330
17
100
AcDbEntity
  8
ARBORI
 62
3
100
AcDbPoint
 10
391014.04
 20
585555.16
 30
0.0
  0
CIRCLE
  5
670
330
17
100
AcDbEntity
  8
ARBORI
 62
3
100
AcDbCircle
 10
390567.04
 20
585554.16
 30
0.0
 40
1.5
  0
POINT
  5
671
330
17
100
AcDbEntity
  8
ARBORI
 62
3
100
AcDbPoint
 10
390567.04
 20
585554.16
 30
0.0
  0
CIRCLE
  5
672
330
17
100
AcDbEntity
  8
ARBORI
 62
3
100
AcDbCircle
 10
390593.04
 20
585554.16
 30
0.0
 40
1.5
  0
POINT
  5
673
330
17
100
AcDbEntity
  8
ARBORI
 62
3
100
AcDbPoint
 10
390593.04
 20
585554.16
 30
0.0
  0
CIRCLE
  5
674
330
17
100
AcDbEntity
  8
ARBORI
 62
3
100
AcDbCircle
 10
391195.04
 20
585554.16
 30
0.0
 40
4.8
  0
POINT
  5
675
330
17
100
AcDbEntity
  8
ARBORI
 62
3
100
AcDbPoint
 10
391195.04
 20
585554.16
 30
0.0
  0
CIRCLE
  5
676
330
17
100
AcDbEntity
  8
ARBORI
 62
3
100
AcDbCircle
 10
391242.04
 20
585554.16
 30
0.0
 40
5.2
  0
POINT
  5
677
330
17
100
AcDbEntity
  8
ARBORI
 62
3
100
AcDbPoint
 10
391242.04
 20
585554.16
 30
0.0
  0
CIRCLE
  5
678
330
17
100
AcDbEntity
  8
ARBORI
 62
3
100
AcDbCircle
 10
390544.04
 20
585553.16
 30
0.0
 40
2.7
  0
POINT
  5
679
330
17
100
AcDbEntity
  8
ARBORI
 62
3
100
AcDbPoint
 10
390544.04
 20
585553.16
 30
0.0
  0
CIRCLE
  5
67A
330
17
100
AcDbEntity
  8
ARBORI
 62
3
100
AcDbCircle
 10
390777.04
 20
585553.16
 30
0.0
 40
5.1
  0
POINT
  5
67B
330
17
100
AcDbEntity
  8
ARBORI
 62
3
100
AcDbPoint
 10
390777.04
 20
585553.16
 30
0.0
  0
CIRCLE
  5
67C
330
17
100
AcDbEntity
  8
ARBORI
 62
3
100
AcDbCircle
 10
390792.04
 20
585552.16
 30
0.0
 40
5.2
  0
POINT
  5
67D
330
17
100
AcDbEntity
  8
ARBORI
 62
3
100
AcDbPoint
 10
390792.04
 20
585552.16
 30
0.0
  0
CIRCLE
  5
67E
330
17
100
AcDbEntity
  8
ARBORI
 62
3
100
AcDbCircle
 10
390801.04
 20
585551.16
 30
0.0
 40
4.8
  0
POINT
  5
67F
330
17
100
AcDbEntity
  8
ARBORI
 62
3
100
AcDbPoint
 10
390801.04
 20
585551.16
 30
0.0
  0
CIRCLE
  5
680
330
17
100
AcDbEntity
  8
ARBORI
 62
3
100
AcDbCircle
 10
390874.04
 20
585551.16
 30
0.0
 40
1.6
  0
POINT
  5
681
330
17
100
AcDbEntity
  8
ARBORI
 62
3
100
AcDbPoint
 10
390874.04
 20
585551.16
 30
0.0
  0
CIRCLE
  5
682
330
17
100
AcDbEntity
  8
ARBORI
 62
3
100
AcDbCircle
 10
391018.04
 20
585551.16
 30
0.0
 40
4.2
  0
POINT
  5
683
330
17
100
AcDbEntity
  8
ARBORI
 62
3
100
AcDbPoint
 10
391018.04
 20
585551.16
 30
0.0
  0
CIRCLE
  5
684
330
17
100
AcDbEntity
  8
ARBORI
 62
3
100
AcDbCircle
 10
391117.04
 20
585551.16
 30
0.0
 40
2.7
  0
POINT
  5
685
330
17
100
AcDbEntity
  8
ARBORI
 62
3
100
AcDbPoint
 10
391117.04
 20
585551.16
 30
0.0
  0
CIRCLE
  5
686
330
17
100
AcDbEntity
  8
ARBORI
 62
3
100
AcDbCircle
 10
391267.04
 20
585551.16
 30
0.0
 40
1.5
  0
POINT
  5
687
330
17
100
AcDbEntity
  8
ARBORI
 62
3
100
AcDbPoint
 10
391267.04
 20
585551.16
 30
0.0
  0
CIRCLE
  5
688
330
17
100
AcDbEntity
  8
ARBORI
 62
3
100
AcDbCircle
 10
390892.04
 20
585550.16
 30
0.0
 40
1.6
  0
POINT
  5
689
330
17
100
AcDbEntity
  8
ARBORI
 62
3
100
AcDbPoint
 10
390892.04
 20
585550.16
 30
0.0
  0
CIRCLE
  5
68A
330
17
100
AcDbEntity
  8
ARBORI
 62
3
100
AcDbCircle
 10
391111.04
 20
585550.16
 30
0.0
 40
2.1
  0
POINT
  5
68B
330
17
100
AcDbEntity
  8
ARBORI
 62
3
100
AcDbPoint
 10
391111.04
 20
585550.16
 30
0.0
  0
CIRCLE
  5
68C
330
17
100
AcDbEntity
  8
ARBORI
 62
3
100
AcDbCircle
 10
391273.04
 20
585550.16
 30
0.0
 40
1.5
  0
POINT
  5
68D
330
17
100
AcDbEntity
  8
ARBORI
 62
3
100
AcDbPoint
 10
391273.04
 20
585550.16
 30
0.0
  0
CIRCLE
  5
68E
330
17
100
AcDbEntity
  8
ARBORI
 62
3
100
AcDbCircle
 10
390852.04
 20
585549.16
 30
0.0
 40
4.4
  0
POINT
  5
68F
330
17
100
AcDbEntity
  8
ARBORI
 62
3
100
AcDbPoint
 10
390852.04
 20
585549.16
 30
0.0
  0
CIRCLE
  5
690
330
17
100
AcDbEntity
  8
ARBORI
 62
3
100
AcDbCircle
 10
391186.04
 20
585549.16
 30
0.0
 40
2.5
  0
POINT
  5
691
330
17
100
AcDbEntity
  8
ARBORI
 62
3
100
AcDbPoint
 10
391186.04
 20
585549.16
 30
0.0
  0
CIRCLE
  5
692
330
17
100
AcDbEntity
  8
ARBORI
 62
3
100
AcDbCircle
 10
391305.04
 20
585549.16
 30
0.0
 40
1.7
  0
POINT
  5
693
330
17
100
AcDbEntity
  8
ARBORI
 62
3
100
AcDbPoint
 10
391305.04
 20
585549.16
 30
0.0
  0
CIRCLE
  5
694
330
17
100
AcDbEntity
  8
ARBORI
 62
3
100
AcDbCircle
 10
391239.04
 20
585548.16
 30
0.0
 40
5.4
  0
POINT
  5
695
330
17
100
AcDbEntity
  8
ARBORI
 62
3
100
AcDbPoint
 10
391239.04
 20
585548.16
 30
0.0
  0
CIRCLE
  5
696
330
17
100
AcDbEntity
  8
ARBORI
 62
3
100
AcDbCircle
 10
390751.04
 20
585547.16
 30
0.0
 40
5.6
  0
POINT
  5
697
330
17
100
AcDbEntity
  8
ARBORI
 62
3
100
AcDbPoint
 10
390751.04
 20
585547.16
 30
0.0
  0
CIRCLE
  5
698
330
17
100
AcDbEntity
  8
ARBORI
 62
3
100
AcDbCircle
 10
390756.04
 20
585547.16
 30
0.0
 40
5.0
  0
POINT
  5
699
330
17
100
AcDbEntity
  8
ARBORI
 62
3
100
AcDbPoint
 10
390756.04
 20
585547.16
 30
0.0
  0
CIRCLE
  5
69A
330
17
100
AcDbEntity
  8
ARBORI
 62
3
100
AcDbCircle
 10
390816.04
 20
585547.16
 30
0.0
 40
2.0
  0
POINT
  5
69B
330
17
100
AcDbEntity
  8
ARBORI
 62
3
100
AcDbPoint
 10
390816.04
 20
585547.16
 30
0.0
  0
CIRCLE
  5
69C
330
17
100
AcDbEntity
  8
ARBORI
 62
3
100
AcDbCircle
 10
391144.04
 20
585547.16
 30
0.0
 40
6.0
  0
POINT
  5
69D
330
17
100
AcDbEntity
  8
ARBORI
 62
3
100
AcDbPoint
 10
391144.04
 20
585547.16
 30
0.0
  0
CIRCLE
  5
69E
330
17
100
AcDbEntity
  8
ARBORI
 62
3
100
AcDbCircle
 10
391348.04
 20
585547.16
 30
0.0
 40
1.9
  0
POINT
  5
69F
330
17
100
AcDbEntity
  8
ARBORI
 62
3
100
AcDbPoint
 10
391348.04
 20
585547.16
 30
0.0
  0
CIRCLE
  5
6A0
330
17
100
AcDbEntity
  8
ARBORI
 62
3
100
AcDbCircle
 10
390693.04
 20
585546.16
 30
0.0
 40
2.8
  0
POINT
  5
6A1
330
17
100
AcDbEntity
  8
ARBORI
 62
3
100
AcDbPoint
 10
390693.04
 20
585546.16
 30
0.0
  0
CIRCLE
  5
6A2
330
17
100
AcDbEntity
  8
ARBORI
 62
3
100
AcDbCircle
 10
390721.04
 20
585546.16
 30
0.0
 40
6.0
  0
POINT
  5
6A3
330
17
100
AcDbEntity
  8
ARBORI
 62
3
100
AcDbPoint
 10
390721.04
 20
585546.16
 30
0.0
  0
CIRCLE
  5
6A4
330
17
100
AcDbEntity
  8
ARBORI
 62
3
100
AcDbCircle
 10
390807.04
 20
585546.16
 30
0.0
 40
3.3
  0
POINT
  5
6A5
330
17
100
AcDbEntity
  8
ARBORI
 62
3
100
AcDbPoint
 10
390807.04
 20
585546.16
 30
0.0
  0
CIRCLE
  5
6A6
330
17
100
AcDbEntity
  8
ARBORI
 62
3
100
AcDbCircle
 10
391138.04
 20
585546.16
 30
0.0
 40
6.0
  0
POINT
  5
6A7
330
17
100
AcDbEntity
  8
ARBORI
 62
3
100
AcDbPoint
 10
391138.04
 20
585546.16
 30
0.0
  0
CIRCLE
  5
6A8
330
17
100
AcDbEntity
  8
ARBORI
 62
3
100
AcDbCircle
 10
390544.04
 20
585545.16
 30
0.0
 40
1.9
  0
POINT
  5
6A9
330
17
100
AcDbEntity
  8
ARBORI
 62
3
100
AcDbPoint
 10
390544.04
 20
585545.16
 30
0.0
  0
CIRCLE
  5
6AA
330
17
100
AcDbEntity
  8
ARBORI
 62
3
100
AcDbCircle
 10
390604.04
 20
585545.16
 30
0.0
 40
1.5
  0
POINT
  5
6AB
330
17
100
AcDbEntity
  8
ARBORI
 62
3
100
AcDbPoint
 10
390604.04
 20
585545.16
 30
0.0
  0
CIRCLE
  5
6AC
330
17
100
AcDbEntity
  8
ARBORI
 62
3
100
AcDbCircle
 10
390746.04
 20
585545.16
 30
0.0
 40
4.4
  0
POINT
  5
6AD
330
17
100
AcDbEntity
  8
ARBORI
 62
3
100
AcDbPoint
 10
390746.04
 20
585545.16
 30
0.0
  0
CIRCLE
  5
6AE
330
17
100
AcDbEntity
  8
ARBORI
 62
3
100
AcDbCircle
 10
391108.04
 20
585545.16
 30
0.0
 40
1.9
  0
POINT
  5
6AF
330
17
100
AcDbEntity
  8
ARBORI
 62
3
100
AcDbPoint
 10
391108.04
 20
585545.16
 30
0.0
  0
CIRCLE
  5
6B0
330
17
100
AcDbEntity
  8
ARBORI
 62
3
100
AcDbCircle
 10
391119.04
 20
585545.16
 30
0.0
 40
2.0
  0
POINT
  5
6B1
330
17
100
AcDbEntity
  8
ARBORI
 62
3
100
AcDbPoint
 10
391119.04
 20
585545.16
 30
0.0
  0
CIRCLE
  5
6B2
330
17
100
AcDbEntity
  8
ARBORI
 62
3
100
AcDbCircle
 10
391247.04
 20
585545.16
 30
0.0
 40
4.9
  0
POINT
  5
6B3
330
17
100
AcDbEntity
  8
ARBORI
 62
3
100
AcDbPoint
 10
391247.04
 20
585545.16
 30
0.0
  0
CIRCLE
  5
6B4
330
17
100
AcDbEntity
  8
ARBORI
 62
3
100
AcDbCircle
 10
391263.04
 20
585545.16
 30
0.0
 40
1.5
  0
POINT
  5
6B5
330
17
100
AcDbEntity
  8
ARBORI
 62
3
100
AcDbPoint
 10
391263.04
 20
585545.16
 30
0.0
  0
CIRCLE
  5
6B6
330
17
100
AcDbEntity
  8
ARBORI
 62
3
100
AcDbCircle
 10
391309.04
 20
585544.16
 30
0.0
 40
1.7
  0
POINT
  5
6B7
330
17
100
AcDbEntity
  8
ARBORI
 62
3
100
AcDbPoint
 10
391309.04
 20
585544.16
 30
0.0
  0
CIRCLE
  5
6B8
330
17
100
AcDbEntity
  8
ARBORI
 62
3
100
AcDbCircle
 10
390773.04
 20
585542.16
 30
0.0
 40
6.0
  0
POINT
  5
6B9
330
17
100
AcDbEntity
  8
ARBORI
 62
3
100
AcDbPoint
 10
390773.04
 20
585542.16
 30
0.0
  0
CIRCLE
  5
6BA
330
17
100
AcDbEntity
  8
ARBORI
 62
3
100
AcDbCircle
 10
390575.04
 20
585541.16
 30
0.0
 40
1.5
  0
POINT
  5
6BB
330
17
100
AcDbEntity
  8
ARBORI
 62
3
100
AcDbPoint
 10
390575.04
 20
585541.16
 30
0.0
  0
CIRCLE
  5
6BC
330
17
100
AcDbEntity
  8
ARBORI
 62
3
100
AcDbCircle
 10
390746.04
 20
585541.16
 30
0.0
 40
4.7
  0
POINT
  5
6BD
330
17
100
AcDbEntity
  8
ARBORI
 62
3
100
AcDbPoint
 10
390746.04
 20
585541.16
 30
0.0
  0
CIRCLE
  5
6BE
330
17
100
AcDbEntity
  8
ARBORI
 62
3
100
AcDbCircle
 10
390785.04
 20
585541.16
 30
0.0
 40
6.0
  0
POINT
  5
6BF
330
17
100
AcDbEntity
  8
ARBORI
 62
3
100
AcDbPoint
 10
390785.04
 20
585541.16
 30
0.0
  0
CIRCLE
  5
6C0
330
17
100
AcDbEntity
  8
ARBORI
 62
3
100
AcDbCircle
 10
391165.04
 20
585541.16
 30
0.0
 40
5.7
  0
POINT
  5
6C1
330
17
100
AcDbEntity
  8
ARBORI
 62
3
100
AcDbPoint
 10
391165.04
 20
585541.16
 30
0.0
  0
CIRCLE
  5
6C2
330
17
100
AcDbEntity
  8
ARBORI
 62
3
100
AcDbCircle
 10
391265.04
 20
585541.16
 30
0.0
 40
1.5
  0
POINT
  5
6C3
330
17
100
AcDbEntity
  8
ARBORI
 62
3
100
AcDbPoint
 10
391265.04
 20
585541.16
 30
0.0
  0
CIRCLE
  5
6C4
330
17
100
AcDbEntity
  8
ARBORI
 62
3
100
AcDbCircle
 10
391273.04
 20
585541.16
 30
0.0
 40
2.1
  0
POINT
  5
6C5
330
17
100
AcDbEntity
  8
ARBORI
 62
3
100
AcDbPoint
 10
391273.04
 20
585541.16
 30
0.0
  0
CIRCLE
  5
6C6
330
17
100
AcDbEntity
  8
ARBORI
 62
3
100
AcDbCircle
 10
390740.04
 20
585540.16
 30
0.0
 40
4.2
  0
POINT
  5
6C7
330
17
100
AcDbEntity
  8
ARBORI
 62
3
100
AcDbPoint
 10
390740.04
 20
585540.16
 30
0.0
  0
CIRCLE
  5
6C8
330
17
100
AcDbEntity
  8
ARBORI
 62
3
100
AcDbCircle
 10
390766.04
 20
585540.16
 30
0.0
 40
6.0
  0
POINT
  5
6C9
330
17
100
AcDbEntity
  8
ARBORI
 62
3
100
AcDbPoint
 10
390766.04
 20
585540.16
 30
0.0
  0
CIRCLE
  5
6CA
330
17
100
AcDbEntity
  8
ARBORI
 62
3
100
AcDbCircle
 10
390883.04
 20
585540.16
 30
0.0
 40
2.7
  0
POINT
  5
6CB
330
17
100
AcDbEntity
  8
ARBORI
 62
3
100
AcDbPoint
 10
390883.04
 20
585540.16
 30
0.0
  0
CIRCLE
  5
6CC
330
17
100
AcDbEntity
  8
ARBORI
 62
3
100
AcDbCircle
 10
391124.04
 20
585540.16
 30
0.0
 40
2.4
  0
POINT
  5
6CD
330
17
100
AcDbEntity
  8
ARBORI
 62
3
100
AcDbPoint
 10
391124.04
 20
585540.16
 30
0.0
  0
CIRCLE
  5
6CE
330
17
100
AcDbEntity
  8
ARBORI
 62
3
100
AcDbCircle
 10
390734.04
 20
585539.16
 30
0.0
 40
5.4
  0
POINT
  5
6CF
330
17
100
AcDbEntity
  8
ARBORI
 62
3
100
AcDbPoint
 10
390734.04
 20
585539.16
 30
0.0
  0
CIRCLE
  5
6D0
330
17
100
AcDbEntity
  8
ARBORI
 62
3
100
AcDbCircle
 10
391279.04
 20
585539.16
 30
0.0
 40
2.2
  0
POINT
  5
6D1
330
17
100
AcDbEntity
  8
ARBORI
 62
3
100
AcDbPoint
 10
391279.04
 20
585539.16
 30
0.0
  0
CIRCLE
  5
6D2
330
17
100
AcDbEntity
  8
ARBORI
 62
3
100
AcDbCircle
 10
391314.04
 20
585539.16
 30
0.0
 40
2.5
  0
POINT
  5
6D3
330
17
100
AcDbEntity
  8
ARBORI
 62
3
100
AcDbPoint
 10
391314.04
 20
585539.16
 30
0.0
  0
CIRCLE
  5
6D4
330
17
100
AcDbEntity
  8
ARBORI
 62
3
100
AcDbCircle
 10
391335.04
 20
585539.16
 30
0.0
 40
1.6
  0
POINT
  5
6D5
330
17
100
AcDbEntity
  8
ARBORI
 62
3
100
AcDbPoint
 10
391335.04
 20
585539.16
 30
0.0
  0
CIRCLE
  5
6D6
330
17
100
AcDbEntity
  8
ARBORI
 62
3
100
AcDbCircle
 10
390775.04
 20
585538.16
 30
0.0
 40
6.0
  0
POINT
  5
6D7
330
17
100
AcDbEntity
  8
ARBORI
 62
3
100
AcDbPoint
 10
390775.04
 20
585538.16
 30
0.0
  0
CIRCLE
  5
6D8
330
17
100
AcDbEntity
  8
ARBORI
 62
3
100
AcDbCircle
 10
390909.04
 20
585538.16
 30
0.0
 40
2.9
  0
POINT
  5
6D9
330
17
100
AcDbEntity
  8
ARBORI
 62
3
100
AcDbPoint
 10
390909.04
 20
585538.16
 30
0.0
  0
CIRCLE
  5
6DA
330
17
100
AcDbEntity
  8
ARBORI
 62
3
100
AcDbCircle
 10
391171.04
 20
585538.16
 30
0.0
 40
5.5
  0
POINT
  5
6DB
330
17
100
AcDbEntity
  8
ARBORI
 62
3
100
AcDbPoint
 10
391171.04
 20
585538.16
 30
0.0
  0
CIRCLE
  5
6DC
330
17
100
AcDbEntity
  8
ARBORI
 62
3
100
AcDbCircle
 10
390575.04
 20
585537.16
 30
0.0
 40
1.5
  0
POINT
  5
6DD
330
17
100
AcDbEntity
  8
ARBORI
 62
3
100
AcDbPoint
 10
390575.04
 20
585537.16
 30
0.0
  0
CIRCLE
  5
6DE
330
17
100
AcDbEntity
  8
ARBORI
 62
3
100
AcDbCircle
 10
390889.04
 20
585537.16
 30
0.0
 40
5.3
  0
POINT
  5
6DF
330
17
100
AcDbEntity
  8
ARBORI
 62
3
100
AcDbPoint
 10
390889.04
 20
585537.16
 30
0.0
  0
CIRCLE
  5
6E0
330
17
100
AcDbEntity
  8
ARBORI
 62
3
100
AcDbCircle
 10
391107.04
 20
585537.16
 30
0.0
 40
2.0
  0
POINT
  5
6E1
330
17
100
AcDbEntity
  8
ARBORI
 62
3
100
AcDbPoint
 10
391107.04
 20
585537.16
 30
0.0
  0
CIRCLE
  5
6E2
330
17
100
AcDbEntity
  8
ARBORI
 62
3
100
AcDbCircle
 10
391119.04
 20
585537.16
 30
0.0
 40
2.1
  0
POINT
  5
6E3
330
17
100
AcDbEntity
  8
ARBORI
 62
3
100
AcDbPoint
 10
391119.04
 20
585537.16
 30
0.0
  0
CIRCLE
  5
6E4
330
17
100
AcDbEntity
  8
ARBORI
 62
3
100
AcDbCircle
 10
390797.04
 20
585536.16
 30
0.0
 40
3.1
  0
POINT
  5
6E5
330
17
100
AcDbEntity
  8
ARBORI
 62
3
100
AcDbPoint
 10
390797.04
 20
585536.16
 30
0.0
  0
CIRCLE
  5
6E6
330
17
100
AcDbEntity
  8
ARBORI
 62
3
100
AcDbCircle
 10
390869.04
 20
585536.16
 30
0.0
 40
2.0
  0
POINT
  5
6E7
330
17
100
AcDbEntity
  8
ARBORI
 62
3
100
AcDbPoint
 10
390869.04
 20
585536.16
 30
0.0
  0
CIRCLE
  5
6E8
330
17
100
AcDbEntity
  8
ARBORI
 62
3
100
AcDbCircle
 10
391115.04
 20
585536.16
 30
0.0
 40
2.0
  0
POINT
  5
6E9
330
17
100
AcDbEntity
  8
ARBORI
 62
3
100
AcDbPoint
 10
391115.04
 20
585536.16
 30
0.0
  0
CIRCLE
  5
6EA
330
17
100
AcDbEntity
  8
ARBORI
 62
3
100
AcDbCircle
 10
391143.04
 20
585536.16
 30
0.0
 40
6.0
  0
POINT
  5
6EB
330
17
100
AcDbEntity
  8
ARBORI
 62
3
100
AcDbPoint
 10
391143.04
 20
585536.16
 30
0.0
  0
CIRCLE
  5
6EC
330
17
100
AcDbEntity
  8
ARBORI
 62
3
100
AcDbCircle
 10
391164.04
 20
585536.16
 30
0.0
 40
5.8
  0
POINT
  5
6ED
330
17
100
AcDbEntity
  8
ARBORI
 62
3
100
AcDbPoint
 10
391164.04
 20
585536.16
 30
0.0
  0
CIRCLE
  5
6EE
330
17
100
AcDbEntity
  8
ARBORI
 62
3
100
AcDbCircle
 10
390724.04
 20
585535.16
 30
0.0
 40
4.6
  0
POINT
  5
6EF
330
17
100
AcDbEntity
  8
ARBORI
 62
3
100
AcDbPoint
 10
390724.04
 20
585535.16
 30
0.0
  0
CIRCLE
  5
6F0
330
17
100
AcDbEntity
  8
ARBORI
 62
3
100
AcDbCircle
 10
391139.04
 20
585535.16
 30
0.0
 40
6.0
  0
POINT
  5
6F1
330
17
100
AcDbEntity
  8
ARBORI
 62
3
100
AcDbPoint
 10
391139.04
 20
585535.16
 30
0.0
  0
CIRCLE
  5
6F2
330
17
100
AcDbEntity
  8
ARBORI
 62
3
100
AcDbCircle
 10
390591.04
 20
585534.16
 30
0.0
 40
1.5
  0
POINT
  5
6F3
330
17
100
AcDbEntity
  8
ARBORI
 62
3
100
AcDbPoint
 10
390591.04
 20
585534.16
 30
0.0
  0
CIRCLE
  5
6F4
330
17
100
AcDbEntity
  8
ARBORI
 62
3
100
AcDbCircle
 10
390718.04
 20
585534.16
 30
0.0
 40
4.9
  0
POINT
  5
6F5
330
17
100
AcDbEntity
  8
ARBORI
 62
3
100
AcDbPoint
 10
390718.04
 20
585534.16
 30
0.0
  0
CIRCLE
  5
6F6
330
17
100
AcDbEntity
  8
ARBORI
 62
3
100
AcDbCircle
 10
390842.04
 20
585534.16
 30
0.0
 40
4.7
  0
POINT
  5
6F7
330
17
100
AcDbEntity
  8
ARBORI
 62
3
100
AcDbPoint
 10
390842.04
 20
585534.16
 30
0.0
  0
CIRCLE
  5
6F8
330
17
100
AcDbEntity
  8
ARBORI
 62
3
100
AcDbCircle
 10
390975.04
 20
585534.16
 30
0.0
 40
2.3
  0
POINT
  5
6F9
330
17
100
AcDbEntity
  8
ARBORI
 62
3
100
AcDbPoint
 10
390975.04
 20
585534.16
 30
0.0
  0
CIRCLE
  5
6FA
330
17
100
AcDbEntity
  8
ARBORI
 62
3
100
AcDbCircle
 10
391156.04
 20
585534.16
 30
0.0
 40
5.7
  0
POINT
  5
6FB
330
17
100
AcDbEntity
  8
ARBORI
 62
3
100
AcDbPoint
 10
391156.04
 20
585534.16
 30
0.0
  0
CIRCLE
  5
6FC
330
17
100
AcDbEntity
  8
ARBORI
 62
3
100
AcDbCircle
 10
391184.04
 20
585534.16
 30
0.0
 40
2.2
  0
POINT
  5
6FD
330
17
100
AcDbEntity
  8
ARBORI
 62
3
100
AcDbPoint
 10
391184.04
 20
585534.16
 30
0.0
  0
CIRCLE
  5
6FE
330
17
100
AcDbEntity
  8
ARBORI
 62
3
100
AcDbCircle
 10
390837.04
 20
585533.16
 30
0.0
 40
4.4
  0
POINT
  5
6FF
330
17
100
AcDbEntity
  8
ARBORI
 62
3
100
AcDbPoint
 10
390837.04
 20
585533.16
 30
0.0
  0
CIRCLE
  5
700
330
17
100
AcDbEntity
  8
ARBORI
 62
3
100
AcDbCircle
 10
390861.04
 20
585531.16
 30
0.0
 40
3.4
  0
POINT
  5
701
330
17
100
AcDbEntity
  8
ARBORI
 62
3
100
AcDbPoint
 10
390861.04
 20
585531.16
 30
0.0
  0
CIRCLE
  5
702
330
17
100
AcDbEntity
  8
ARBORI
 62
3
100
AcDbCircle
 10
390886.04
 20
585531.16
 30
0.0
 40
4.3
  0
POINT
  5
703
330
17
100
AcDbEntity
  8
ARBORI
 62
3
100
AcDbPoint
 10
390886.04
 20
585531.16
 30
0.0
  0
CIRCLE
  5
704
330
17
100
AcDbEntity
  8
ARBORI
 62
3
100
AcDbCircle
 10
390934.04
 20
585531.16
 30
0.0
 40
1.5
  0
POINT
  5
705
330
17
100
AcDbEntity
  8
ARBORI
 62
3
100
AcDbPoint
 10
390934.04
 20
585531.16
 30
0.0
  0
CIRCLE
  5
706
330
17
100
AcDbEntity
  8
ARBORI
 62
3
100
AcDbCircle
 10
390550.04
 20
585530.16
 30
0.0
 40
2.9
  0
POINT
  5
707
330
17
100
AcDbEntity
  8
ARBORI
 62
3
100
AcDbPoint
 10
390550.04
 20
585530.16
 30
0.0
  0
CIRCLE
  5
708
330
17
100
AcDbEntity
  8
ARBORI
 62
3
100
AcDbCircle
 10
390576.04
 20
585530.16
 30
0.0
 40
1.5
  0
POINT
  5
709
330
17
100
AcDbEntity
  8
ARBORI
 62
3
100
AcDbPoint
 10
390576.04
 20
585530.16
 30
0.0
  0
CIRCLE
  5
70A
330
17
100
AcDbEntity
  8
ARBORI
 62
3
100
AcDbCircle
 10
390830.04
 20
585530.16
 30
0.0
 40
4.1
  0
POINT
  5
70B
330
17
100
AcDbEntity
  8
ARBORI
 62
3
100
AcDbPoint
 10
390830.04
 20
585530.16
 30
0.0
  0
CIRCLE
  5
70C
330
17
100
AcDbEntity
  8
ARBORI
 62
3
100
AcDbCircle
 10
391104.04
 20
585530.16
 30
0.0
 40
1.8
  0
POINT
  5
70D
330
17
100
AcDbEntity
  8
ARBORI
 62
3
100
AcDbPoint
 10
391104.04
 20
585530.16
 30
0.0
  0
CIRCLE
  5
70E
330
17
100
AcDbEntity
  8
ARBORI
 62
3
100
AcDbCircle
 10
391254.04
 20
585530.16
 30
0.0
 40
5.4
  0
POINT
  5
70F
330
17
100
AcDbEntity
  8
ARBORI
 62
3
100
AcDbPoint
 10
391254.04
 20
585530.16
 30
0.0
  0
CIRCLE
  5
710
330
17
100
AcDbEntity
  8
ARBORI
 62
3
100
AcDbCircle
 10
390866.04
 20
585529.16
 30
0.0
 40
3.7
  0
POINT
  5
711
330
17
100
AcDbEntity
  8
ARBORI
 62
3
100
AcDbPoint
 10
390866.04
 20
585529.16
 30
0.0
  0
CIRCLE
  5
712
330
17
100
AcDbEntity
  8
ARBORI
 62
3
100
AcDbCircle
 10
391124.04
 20
585529.16
 30
0.0
 40
1.6
  0
POINT
  5
713
330
17
100
AcDbEntity
  8
ARBORI
 62
3
100
AcDbPoint
 10
391124.04
 20
585529.16
 30
0.0
  0
CIRCLE
  5
714
330
17
100
AcDbEntity
  8
ARBORI
 62
3
100
AcDbCircle
 10
391188.04
 20
585529.16
 30
0.0
 40
4.0
  0
POINT
  5
715
330
17
100
AcDbEntity
  8
ARBORI
 62
3
100
AcDbPoint
 10
391188.04
 20
585529.16
 30
0.0
  0
CIRCLE
  5
716
330
17
100
AcDbEntity
  8
ARBORI
 62
3
100
AcDbCircle
 10
391286.04
 20
585529.16
 30
0.0
 40
1.8
  0
POINT
  5
717
330
17
100
AcDbEntity
  8
ARBORI
 62
3
100
AcDbPoint
 10
391286.04
 20
585529.16
 30
0.0
  0
CIRCLE
  5
718
330
17
100
AcDbEntity
  8
ARBORI
 62
3
100
AcDbCircle
 10
390610.04
 20
585528.16
 30
0.0
 40
3.0
  0
POINT
  5
719
330
17
100
AcDbEntity
  8
ARBORI
 62
3
100
AcDbPoint
 10
390610.04
 20
585528.16
 30
0.0
  0
CIRCLE
  5
71A
330
17
100
AcDbEntity
  8
ARBORI
 62
3
100
AcDbCircle
 10
390736.04
 20
585528.16
 30
0.0
 40
3.6
  0
POINT
  5
71B
330
17
100
AcDbEntity
  8
ARBORI
 62
3
100
AcDbPoint
 10
390736.04
 20
585528.16
 30
0.0
  0
CIRCLE
  5
71C
330
17
100
AcDbEntity
  8
ARBORI
 62
3
100
AcDbCircle
 10
390850.04
 20
585528.16
 30
0.0
 40
1.5
  0
POINT
  5
71D
330
17
100
AcDbEntity
  8
ARBORI
 62
3
100
AcDbPoint
 10
390850.04
 20
585528.16
 30
0.0
  0
CIRCLE
  5
71E
330
17
100
AcDbEntity
  8
ARBORI
 62
3
100
AcDbCircle
 10
391161.04
 20
585528.16
 30
0.0
 40
5.4
  0
POINT
  5
71F
330
17
100
AcDbEntity
  8
ARBORI
 62
3
100
AcDbPoint
 10
391161.04
 20
585528.16
 30
0.0
  0
CIRCLE
  5
720
330
17
100
AcDbEntity
  8
ARBORI
 62
3
100
AcDbCircle
 10
390861.04
 20
585527.16
 30
0.0
 40
2.3
  0
POINT
  5
721
330
17
100
AcDbEntity
  8
ARBORI
 62
3
100
AcDbPoint
 10
390861.04
 20
585527.16
 30
0.0
  0
CIRCLE
  5
722
330
17
100
AcDbEntity
  8
ARBORI
 62
3
100
AcDbCircle
 10
391230.04
 20
585527.16
 30
0.0
 40
1.5
  0
POINT
  5
723
330
17
100
AcDbEntity
  8
ARBORI
 62
3
100
AcDbPoint
 10
391230.04
 20
585527.16
 30
0.0
  0
CIRCLE
  5
724
330
17
100
AcDbEntity
  8
ARBORI
 62
3
100
AcDbCircle
 10
390664.04
 20
585526.16
 30
0.0
 40
1.5
  0
POINT
  5
725
330
17
100
AcDbEntity
  8
ARBORI
 62
3
100
AcDbPoint
 10
390664.04
 20
585526.16
 30
0.0
  0
CIRCLE
  5
726
330
17
100
AcDbEntity
  8
ARBORI
 62
3
100
AcDbCircle
 10
390689.04
 20
585526.16
 30
0.0
 40
2.7
  0
POINT
  5
727
330
17
100
AcDbEntity
  8
ARBORI
 62
3
100
AcDbPoint
 10
390689.04
 20
585526.16
 30
0.0
  0
CIRCLE
  5
728
330
17
100
AcDbEntity
  8
ARBORI
 62
3
100
AcDbCircle
 10
390776.04
 20
585526.16
 30
0.0
 40
4.7
  0
POINT
  5
729
330
17
100
AcDbEntity
  8
ARBORI
 62
3
100
AcDbPoint
 10
390776.04
 20
585526.16
 30
0.0
  0
CIRCLE
  5
72A
330
17
100
AcDbEntity
  8
ARBORI
 62
3
100
AcDbCircle
 10
390783.04
 20
585526.16
 30
0.0
 40
4.3
  0
POINT
  5
72B
330
17
100
AcDbEntity
  8
ARBORI
 62
3
100
AcDbPoint
 10
390783.04
 20
585526.16
 30
0.0
  0
CIRCLE
  5
72C
330
17
100
AcDbEntity
  8
ARBORI
 62
3
100
AcDbCircle
 10
390889.04
 20
585526.16
 30
0.0
 40
4.6
  0
POINT
  5
72D
330
17
100
AcDbEntity
  8
ARBORI
 62
3
100
AcDbPoint
 10
390889.04
 20
585526.16
 30
0.0
  0
CIRCLE
  5
72E
330
17
100
AcDbEntity
  8
ARBORI
 62
3
100
AcDbCircle
 10
390962.04
 20
585526.16
 30
0.0
 40
1.9
  0
POINT
  5
72F
330
17
100
AcDbEntity
  8
ARBORI
 62
3
100
AcDbPoint
 10
390962.04
 20
585526.16
 30
0.0
  0
CIRCLE
  5
730
330
17
100
AcDbEntity
  8
ARBORI
 62
3
100
AcDbCircle
 10
391114.04
 20
585526.16
 30
0.0
 40
1.7
  0
POINT
  5
731
330
17
100
AcDbEntity
  8
ARBORI
 62
3
100
AcDbPoint
 10
391114.04
 20
585526.16
 30
0.0
  0
CIRCLE
  5
732
330
17
100
AcDbEntity
  8
ARBORI
 62
3
100
AcDbCircle
 10
391324.04
 20
585526.16
 30
0.0
 40
1.5
  0
POINT
  5
733
330
17
100
AcDbEntity
  8
ARBORI
 62
3
100
AcDbPoint
 10
391324.04
 20
585526.16
 30
0.0
  0
CIRCLE
  5
734
330
17
100
AcDbEntity
  8
ARBORI
 62
3
100
AcDbCircle
 10
390842.04
 20
585525.16
 30
0.0
 40
3.4
  0
POINT
  5
735
330
17
100
AcDbEntity
  8
ARBORI
 62
3
100
AcDbPoint
 10
390842.04
 20
585525.16
 30
0.0
  0
CIRCLE
  5
736
330
17
100
AcDbEntity
  8
ARBORI
 62
3
100
AcDbCircle
 10
390924.04
 20
585525.16
 30
0.0
 40
2.3
  0
POINT
  5
737
330
17
100
AcDbEntity
  8
ARBORI
 62
3
100
AcDbPoint
 10
390924.04
 20
585525.16
 30
0.0
  0
CIRCLE
  5
738
330
17
100
AcDbEntity
  8
ARBORI
 62
3
100
AcDbCircle
 10
390696.04
 20
585524.16
 30
0.0
 40
3.0
  0
POINT
  5
739
330
17
100
AcDbEntity
  8
ARBORI
 62
3
100
AcDbPoint
 10
390696.04
 20
585524.16
 30
0.0
  0
CIRCLE
  5
73A
330
17
100
AcDbEntity
  8
ARBORI
 62
3
100
AcDbCircle
 10
390814.04
 20
585524.16
 30
0.0
 40
2.1
  0
POINT
  5
73B
330
17
100
AcDbEntity
  8
ARBORI
 62
3
100
AcDbPoint
 10
390814.04
 20
585524.16
 30
0.0
  0
CIRCLE
  5
73C
330
17
100
AcDbEntity
  8
ARBORI
 62
3
100
AcDbCircle
 10
391356.04
 20
585524.16
 30
0.0
 40
2.5
  0
POINT
  5
73D
330
17
100
AcDbEntity
  8
ARBORI
 62
3
100
AcDbPoint
 10
391356.04
 20
585524.16
 30
0.0
  0
CIRCLE
  5
73E
330
17
100
AcDbEntity
  8
ARBORI
 62
3
100
AcDbCircle
 10
390598.04
 20
585523.16
 30
0.0
 40
1.5
  0
POINT
  5
73F
330
17
100
AcDbEntity
  8
ARBORI
 62
3
100
AcDbPoint
 10
390598.04
 20
585523.16
 30
0.0
  0
CIRCLE
  5
740
330
17
100
AcDbEntity
  8
ARBORI
 62
3
100
AcDbCircle
 10
390607.04
 20
585523.16
 30
0.0
 40
1.5
  0
POINT
  5
741
330
17
100
AcDbEntity
  8
ARBORI
 62
3
100
AcDbPoint
 10
390607.04
 20
585523.16
 30
0.0
  0
CIRCLE
  5
742
330
17
100
AcDbEntity
  8
ARBORI
 62
3
100
AcDbCircle
 10
390787.04
 20
585523.16
 30
0.0
 40
3.4
  0
POINT
  5
743
330
17
100
AcDbEntity
  8
ARBORI
 62
3
100
AcDbPoint
 10
390787.04
 20
585523.16
 30
0.0
  0
CIRCLE
  5
744
330
17
100
AcDbEntity
  8
ARBORI
 62
3
100
AcDbCircle
 10
390851.04
 20
585523.16
 30
0.0
 40
3.5
  0
POINT
  5
745
330
17
100
AcDbEntity
  8
ARBORI
 62
3
100
AcDbPoint
 10
390851.04
 20
585523.16
 30
0.0
  0
CIRCLE
  5
746
330
17
100
AcDbEntity
  8
ARBORI
 62
3
100
AcDbCircle
 10
391191.04
 20
585523.16
 30
0.0
 40
1.5
  0
POINT
  5
747
330
17
100
AcDbEntity
  8
ARBORI
 62
3
100
AcDbPoint
 10
391191.04
 20
585523.16
 30
0.0
  0
CIRCLE
  5
748
330
17
100
AcDbEntity
  8
ARBORI
 62
3
100
AcDbCircle
 10
391210.04
 20
585523.16
 30
0.0
 40
4.0
  0
POINT
  5
749
330
17
100
AcDbEntity
  8
ARBORI
 62
3
100
AcDbPoint
 10
391210.04
 20
585523.16
 30
0.0
  0
CIRCLE
  5
74A
330
17
100
AcDbEntity
  8
ARBORI
 62
3
100
AcDbCircle
 10
390772.04
 20
585522.16
 30
0.0
 40
4.4
  0
POINT
  5
74B
330
17
100
AcDbEntity
  8
ARBORI
 62
3
100
AcDbPoint
 10
390772.04
 20
585522.16
 30
0.0
  0
CIRCLE
  5
74C
330
17
100
AcDbEntity
  8
ARBORI
 62
3
100
AcDbCircle
 10
390937.04
 20
585522.16
 30
0.0
 40
4.1
  0
POINT
  5
74D
330
17
100
AcDbEntity
  8
ARBORI
 62
3
100
AcDbPoint
 10
390937.04
 20
585522.16
 30
0.0
  0
CIRCLE
  5
74E
330
17
100
AcDbEntity
  8
ARBORI
 62
3
100
AcDbCircle
 10
391103.04
 20
585522.16
 30
0.0
 40
1.9
  0
POINT
  5
74F
330
17
100
AcDbEntity
  8
ARBORI
 62
3
100
AcDbPoint
 10
391103.04
 20
585522.16
 30
0.0
  0
CIRCLE
  5
750
330
17
100
AcDbEntity
  8
ARBORI
 62
3
100
AcDbCircle
 10
391116.04
 20
585522.16
 30
0.0
 40
1.6
  0
POINT
  5
751
330
17
100
AcDbEntity
  8
ARBORI
 62
3
100
AcDbPoint
 10
391116.04
 20
585522.16
 30
0.0
  0
CIRCLE
  5
752
330
17
100
AcDbEntity
  8
ARBORI
 62
3
100
AcDbCircle
 10
391279.04
 20
585522.16
 30
0.0
 40
1.9
  0
POINT
  5
753
330
17
100
AcDbEntity
  8
ARBORI
 62
3
100
AcDbPoint
 10
391279.04
 20
585522.16
 30
0.0
  0
CIRCLE
  5
754
330
17
100
AcDbEntity
  8
ARBORI
 62
3
100
AcDbCircle
 10
391351.04
 20
585522.16
 30
0.0
 40
2.0
  0
POINT
  5
755
330
17
100
AcDbEntity
  8
ARBORI
 62
3
100
AcDbPoint
 10
391351.04
 20
585522.16
 30
0.0
  0
CIRCLE
  5
756
330
17
100
AcDbEntity
  8
ARBORI
 62
3
100
AcDbCircle
 10
390809.04
 20
585521.16
 30
0.0
 40
3.3
  0
POINT
  5
757
330
17
100
AcDbEntity
  8
ARBORI
 62
3
100
AcDbPoint
 10
390809.04
 20
585521.16
 30
0.0
  0
CIRCLE
  5
758
330
17
100
AcDbEntity
  8
ARBORI
 62
3
100
AcDbCircle
 10
391152.04
 20
585521.16
 30
0.0
 40
4.2
  0
POINT
  5
759
330
17
100
AcDbEntity
  8
ARBORI
 62
3
100
AcDbPoint
 10
391152.04
 20
585521.16
 30
0.0
  0
CIRCLE
  5
75A
330
17
100
AcDbEntity
  8
ARBORI
 62
3
100
AcDbCircle
 10
390768.04
 20
585520.16
 30
0.0
 40
4.1
  0
POINT
  5
75B
330
17
100
AcDbEntity
  8
ARBORI
 62
3
100
AcDbPoint
 10
390768.04
 20
585520.16
 30
0.0
  0
CIRCLE
  5
75C
330
17
100
AcDbEntity
  8
ARBORI
 62
3
100
AcDbCircle
 10
390843.04
 20
585520.16
 30
0.0
 40
3.5
  0
POINT
  5
75D
330
17
100
AcDbEntity
  8
ARBORI
 62
3
100
AcDbPoint
 10
390843.04
 20
585520.16
 30
0.0
  0
CIRCLE
  5
75E
330
17
100
AcDbEntity
  8
ARBORI
 62
3
100
AcDbCircle
 10
390723.04
 20
585519.16
 30
0.0
 40
1.5
  0
POINT
  5
75F
330
17
100
AcDbEntity
  8
ARBORI
 62
3
100
AcDbPoint
 10
390723.04
 20
585519.16
 30
0.0
  0
CIRCLE
  5
760
330
17
100
AcDbEntity
  8
ARBORI
 62
3
100
AcDbCircle
 10
390910.04
 20
585519.16
 30
0.0
 40
3.0
  0
POINT
  5
761
330
17
100
AcDbEntity
  8
ARBORI
 62
3
100
AcDbPoint
 10
390910.04
 20
585519.16
 30
0.0
  0
CIRCLE
  5
762
330
17
100
AcDbEntity
  8
ARBORI
 62
3
100
AcDbCircle
 10
391266.04
 20
585519.16
 30
0.0
 40
5.4
  0
POINT
  5
763
330
17
100
AcDbEntity
  8
ARBORI
 62
3
100
AcDbPoint
 10
391266.04
 20
585519.16
 30
0.0
  0
CIRCLE
  5
764
330
17
100
AcDbEntity
  8
ARBORI
 62
3
100
AcDbCircle
 10
390552.04
 20
585518.16
 30
0.0
 40
2.3
  0
POINT
  5
765
330
17
100
AcDbEntity
  8
ARBORI
 62
3
100
AcDbPoint
 10
390552.04
 20
585518.16
 30
0.0
  0
CIRCLE
  5
766
330
17
100
AcDbEntity
  8
ARBORI
 62
3
100
AcDbCircle
 10
391321.04
 20
585518.16
 30
0.0
 40
3.5
  0
POINT
  5
767
330
17
100
AcDbEntity
  8
ARBORI
 62
3
100
AcDbPoint
 10
391321.04
 20
585518.16
 30
0.0
  0
CIRCLE
  5
768
330
17
100
AcDbEntity
  8
ARBORI
 62
3
100
AcDbCircle
 10
390798.04
 20
585517.16
 30
0.0
 40
3.4
  0
POINT
  5
769
330
17
100
AcDbEntity
  8
ARBORI
 62
3
100
AcDbPoint
 10
390798.04
 20
585517.16
 30
0.0
  0
CIRCLE
  5
76A
330
17
100
AcDbEntity
  8
ARBORI
 62
3
100
AcDbCircle
 10
390837.04
 20
585517.16
 30
0.0
 40
3.5
  0
POINT
  5
76B
330
17
100
AcDbEntity
  8
ARBORI
 62
3
100
AcDbPoint
 10
390837.04
 20
585517.16
 30
0.0
  0
CIRCLE
  5
76C
330
17
100
AcDbEntity
  8
ARBORI
 62
3
100
AcDbCircle
 10
390890.04
 20
585517.16
 30
0.0
 40
3.9
  0
POINT
  5
76D
330
17
100
AcDbEntity
  8
ARBORI
 62
3
100
AcDbPoint
 10
390890.04
 20
585517.16
 30
0.0
  0
CIRCLE
  5
76E
330
17
100
AcDbEntity
  8
ARBORI
 62
3
100
AcDbCircle
 10
391355.04
 20
585517.16
 30
0.0
 40
1.5
  0
POINT
  5
76F
330
17
100
AcDbEntity
  8
ARBORI
 62
3
100
AcDbPoint
 10
391355.04
 20
585517.16
 30
0.0
  0
CIRCLE
  5
770
330
17
100
AcDbEntity
  8
ARBORI
 62
3
100
AcDbCircle
 10
390681.04
 20
585516.16
 30
0.0
 40
3.4
  0
POINT
  5
771
330
17
100
AcDbEntity
  8
ARBORI
 62
3
100
AcDbPoint
 10
390681.04
 20
585516.16
 30
0.0
  0
CIRCLE
  5
772
330
17
100
AcDbEntity
  8
ARBORI
 62
3
100
AcDbCircle
 10
391101.04
 20
585516.16
 30
0.0
 40
1.8
  0
POINT
  5
773
330
17
100
AcDbEntity
  8
ARBORI
 62
3
100
AcDbPoint
 10
391101.04
 20
585516.16
 30
0.0
  0
CIRCLE
  5
774
330
17
100
AcDbEntity
  8
ARBORI
 62
3
100
AcDbCircle
 10
391197.04
 20
585516.16
 30
0.0
 40
4.3
  0
POINT
  5
775
330
17
100
AcDbEntity
  8
ARBORI
 62
3
100
AcDbPoint
 10
391197.04
 20
585516.16
 30
0.0
  0
CIRCLE
  5
776
330
17
100
AcDbEntity
  8
ARBORI
 62
3
100
AcDbCircle
 10
391305.04
 20
585516.16
 30
0.0
 40
2.3
  0
POINT
  5
777
330
17
100
AcDbEntity
  8
ARBORI
 62
3
100
AcDbPoint
 10
391305.04
 20
585516.16
 30
0.0
  0
CIRCLE
  5
778
330
17
100
AcDbEntity
  8
ARBORI
 62
3
100
AcDbCircle
 10
390714.04
 20
585515.16
 30
0.0
 40
1.5
  0
POINT
  5
779
330
17
100
AcDbEntity
  8
ARBORI
 62
3
100
AcDbPoint
 10
390714.04
 20
585515.16
 30
0.0
  0
CIRCLE
  5
77A
330
17
100
AcDbEntity
  8
ARBORI
 62
3
100
AcDbCircle
 10
390898.04
 20
585515.16
 30
0.0
 40
5.0
  0
POINT
  5
77B
330
17
100
AcDbEntity
  8
ARBORI
 62
3
100
AcDbPoint
 10
390898.04
 20
585515.16
 30
0.0
  0
CIRCLE
  5
77C
330
17
100
AcDbEntity
  8
ARBORI
 62
3
100
AcDbCircle
 10
391208.04
 20
585515.16
 30
0.0
 40
5.5
  0
POINT
  5
77D
330
17
100
AcDbEntity
  8
ARBORI
 62
3
100
AcDbPoint
 10
391208.04
 20
585515.16
 30
0.0
  0
CIRCLE
  5
77E
330
17
100
AcDbEntity
  8
ARBORI
 62
3
100
AcDbCircle
 10
391277.04
 20
585515.16
 30
0.0
 40
1.7
  0
POINT
  5
77F
330
17
100
AcDbEntity
  8
ARBORI
 62
3
100
AcDbPoint
 10
391277.04
 20
585515.16
 30
0.0
  0
CIRCLE
  5
780
330
17
100
AcDbEntity
  8
ARBORI
 62
3
100
AcDbCircle
 10
391287.04
 20
585515.16
 30
0.0
 40
1.5
  0
POINT
  5
781
330
17
100
AcDbEntity
  8
ARBORI
 62
3
100
AcDbPoint
 10
391287.04
 20
585515.16
 30
0.0
  0
CIRCLE
  5
782
330
17
100
AcDbEntity
  8
ARBORI
 62
3
100
AcDbCircle
 10
390772.04
 20
585514.16
 30
0.0
 40
6.0
  0
POINT
  5
783
330
17
100
AcDbEntity
  8
ARBORI
 62
3
100
AcDbPoint
 10
390772.04
 20
585514.16
 30
0.0
  0
CIRCLE
  5
784
330
17
100
AcDbEntity
  8
ARBORI
 62
3
100
AcDbCircle
 10
390829.04
 20
585514.16
 30
0.0
 40
4.0
  0
POINT
  5
785
330
17
100
AcDbEntity
  8
ARBORI
 62
3
100
AcDbPoint
 10
390829.04
 20
585514.16
 30
0.0
  0
CIRCLE
  5
786
330
17
100
AcDbEntity
  8
ARBORI
 62
3
100
AcDbCircle
 10
390676.04
 20
585513.16
 30
0.0
 40
4.2
  0
POINT
  5
787
330
17
100
AcDbEntity
  8
ARBORI
 62
3
100
AcDbPoint
 10
390676.04
 20
585513.16
 30
0.0
  0
CIRCLE
  5
788
330
17
100
AcDbEntity
  8
ARBORI
 62
3
100
AcDbCircle
 10
390710.04
 20
585513.16
 30
0.0
 40
1.5
  0
POINT
  5
789
330
17
100
AcDbEntity
  8
ARBORI
 62
3
100
AcDbPoint
 10
390710.04
 20
585513.16
 30
0.0
  0
CIRCLE
  5
78A
330
17
100
AcDbEntity
  8
ARBORI
 62
3
100
AcDbCircle
 10
390786.04
 20
585513.16
 30
0.0
 40
4.1
  0
POINT
  5
78B
330
17
100
AcDbEntity
  8
ARBORI
 62
3
100
AcDbPoint
 10
390786.04
 20
585513.16
 30
0.0
  0
CIRCLE
  5
78C
330
17
100
AcDbEntity
  8
ARBORI
 62
3
100
AcDbCircle
 10
390810.04
 20
585513.16
 30
0.0
 40
3.0
  0
POINT
  5
78D
330
17
100
AcDbEntity
  8
ARBORI
 62
3
100
AcDbPoint
 10
390810.04
 20
585513.16
 30
0.0
  0
CIRCLE
  5
78E
330
17
100
AcDbEntity
  8
ARBORI
 62
3
100
AcDbCircle
 10
390929.04
 20
585513.16
 30
0.0
 40
3.2
  0
POINT
  5
78F
330
17
100
AcDbEntity
  8
ARBORI
 62
3
100
AcDbPoint
 10
390929.04
 20
585513.16
 30
0.0
  0
CIRCLE
  5
790
330
17
100
AcDbEntity
  8
ARBORI
 62
3
100
AcDbCircle
 10
391156.04
 20
585513.16
 30
0.0
 40
1.5
  0
POINT
  5
791
330
17
100
AcDbEntity
  8
ARBORI
 62
3
100
AcDbPoint
 10
391156.04
 20
585513.16
 30
0.0
  0
CIRCLE
  5
792
330
17
100
AcDbEntity
  8
ARBORI
 62
3
100
AcDbCircle
 10
391298.04
 20
585512.16
 30
0.0
 40
2.5
  0
POINT
  5
793
330
17
100
AcDbEntity
  8
ARBORI
 62
3
100
AcDbPoint
 10
391298.04
 20
585512.16
 30
0.0
  0
CIRCLE
  5
794
330
17
100
AcDbEntity
  8
ARBORI
 62
3
100
AcDbCircle
 10
391335.04
 20
585512.16
 30
0.0
 40
2.4
  0
POINT
  5
795
330
17
100
AcDbEntity
  8
ARBORI
 62
3
100
AcDbPoint
 10
391335.04
 20
585512.16
 30
0.0
  0
CIRCLE
  5
796
330
17
100
AcDbEntity
  8
ARBORI
 62
3
100
AcDbCircle
 10
390629.04
 20
585511.16
 30
0.0
 40
2.2
  0
POINT
  5
797
330
17
100
AcDbEntity
  8
ARBORI
 62
3
100
AcDbPoint
 10
390629.04
 20
585511.16
 30
0.0
  0
CIRCLE
  5
798
330
17
100
AcDbEntity
  8
ARBORI
 62
3
100
AcDbCircle
 10
390874.04
 20
585511.16
 30
0.0
 40
4.4
  0
POINT
  5
799
330
17
100
AcDbEntity
  8
ARBORI
 62
3
100
AcDbPoint
 10
390874.04
 20
585511.16
 30
0.0
  0
CIRCLE
  5
79A
330
17
100
AcDbEntity
  8
ARBORI
 62
3
100
AcDbCircle
 10
391101.04
 20
585511.16
 30
0.0
 40
1.5
  0
POINT
  5
79B
330
17
100
AcDbEntity
  8
ARBORI
 62
3
100
AcDbPoint
 10
391101.04
 20
585511.16
 30
0.0
  0
CIRCLE
  5
79C
330
17
100
AcDbEntity
  8
ARBORI
 62
3
100
AcDbCircle
 10
391191.04
 20
585511.16
 30
0.0
 40
1.5
  0
POINT
  5
79D
330
17
100
AcDbEntity
  8
ARBORI
 62
3
100
AcDbPoint
 10
391191.04
 20
585511.16
 30
0.0
  0
CIRCLE
  5
79E
330
17
100
AcDbEntity
  8
ARBORI
 62
3
100
AcDbCircle
 10
390780.04
 20
585510.16
 30
0.0
 40
4.5
  0
POINT
  5
79F
330
17
100
AcDbEntity
  8
ARBORI
 62
3
100
AcDbPoint
 10
390780.04
 20
585510.16
 30
0.0
  0
CIRCLE
  5
7A0
330
17
100
AcDbEntity
  8
ARBORI
 62
3
100
AcDbCircle
 10
390899.04
 20
585510.16
 30
0.0
 40
3.6
  0
POINT
  5
7A1
330
17
100
AcDbEntity
  8
ARBORI
 62
3
100
AcDbPoint
 10
390899.04
 20
585510.16
 30
0.0
  0
CIRCLE
  5
7A2
330
17
100
AcDbEntity
  8
ARBORI
 62
3
100
AcDbCircle
 10
390703.04
 20
585509.16
 30
0.0
 40
1.5
  0
POINT
  5
7A3
330
17
100
AcDbEntity
  8
ARBORI
 62
3
100
AcDbPoint
 10
390703.04
 20
585509.16
 30
0.0
  0
CIRCLE
  5
7A4
330
17
100
AcDbEntity
  8
ARBORI
 62
3
100
AcDbCircle
 10
390771.04
 20
585509.16
 30
0.0
 40
6.0
  0
POINT
  5
7A5
330
17
100
AcDbEntity
  8
ARBORI
 62
3
100
AcDbPoint
 10
390771.04
 20
585509.16
 30
0.0
  0
CIRCLE
  5
7A6
330
17
100
AcDbEntity
  8
ARBORI
 62
3
100
AcDbCircle
 10
390886.04
 20
585509.16
 30
0.0
 40
1.5
  0
POINT
  5
7A7
330
17
100
AcDbEntity
  8
ARBORI
 62
3
100
AcDbPoint
 10
390886.04
 20
585509.16
 30
0.0
  0
CIRCLE
  5
7A8
330
17
100
AcDbEntity
  8
ARBORI
 62
3
100
AcDbCircle
 10
390910.04
 20
585509.16
 30
0.0
 40
6.0
  0
POINT
  5
7A9
330
17
100
AcDbEntity
  8
ARBORI
 62
3
100
AcDbPoint
 10
390910.04
 20
585509.16
 30
0.0
  0
CIRCLE
  5
7AA
330
17
100
AcDbEntity
  8
ARBORI
 62
3
100
AcDbCircle
 10
391200.04
 20
585509.16
 30
0.0
 40
4.1
  0
POINT
  5
7AB
330
17
100
AcDbEntity
  8
ARBORI
 62
3
100
AcDbPoint
 10
391200.04
 20
585509.16
 30
0.0
  0
CIRCLE
  5
7AC
330
17
100
AcDbEntity
  8
ARBORI
 62
3
100
AcDbCircle
 10
390556.04
 20
585508.16
 30
0.0
 40
2.7
  0
POINT
  5
7AD
330
17
100
AcDbEntity
  8
ARBORI
 62
3
100
AcDbPoint
 10
390556.04
 20
585508.16
 30
0.0
  0
CIRCLE
  5
7AE
330
17
100
AcDbEntity
  8
ARBORI
 62
3
100
AcDbCircle
 10
391288.04
 20
585507.16
 30
0.0
 40
1.5
  0
POINT
  5
7AF
330
17
100
AcDbEntity
  8
ARBORI
 62
3
100
AcDbPoint
 10
391288.04
 20
585507.16
 30
0.0
  0
CIRCLE
  5
7B0
330
17
100
AcDbEntity
  8
ARBORI
 62
3
100
AcDbCircle
 10
390670.04
 20
585506.16
 30
0.0
 40
1.5
  0
POINT
  5
7B1
330
17
100
AcDbEntity
  8
ARBORI
 62
3
100
AcDbPoint
 10
390670.04
 20
585506.16
 30
0.0
  0
CIRCLE
  5
7B2
330
17
100
AcDbEntity
  8
ARBORI
 62
3
100
AcDbCircle
 10
390759.04
 20
585506.16
 30
0.0
 40
5.8
  0
POINT
  5
7B3
330
17
100
AcDbEntity
  8
ARBORI
 62
3
100
AcDbPoint
 10
390759.04
 20
585506.16
 30
0.0
  0
CIRCLE
  5
7B4
330
17
100
AcDbEntity
  8
ARBORI
 62
3
100
AcDbCircle
 10
390805.04
 20
585506.16
 30
0.0
 40
3.7
  0
POINT
  5
7B5
330
17
100
AcDbEntity
  8
ARBORI
 62
3
100
AcDbPoint
 10
390805.04
 20
585506.16
 30
0.0
  0
CIRCLE
  5
7B6
330
17
100
AcDbEntity
  8
ARBORI
 62
3
100
AcDbCircle
 10
390864.04
 20
585505.16
 30
0.0
 40
4.9
  0
POINT
  5
7B7
330
17
100
AcDbEntity
  8
ARBORI
 62
3
100
AcDbPoint
 10
390864.04
 20
585505.16
 30
0.0
  0
CIRCLE
  5
7B8
330
17
100
AcDbEntity
  8
ARBORI
 62
3
100
AcDbCircle
 10
390923.04
 20
585505.16
 30
0.0
 40
4.0
  0
POINT
  5
7B9
330
17
100
AcDbEntity
  8
ARBORI
 62
3
100
AcDbPoint
 10
390923.04
 20
585505.16
 30
0.0
  0
CIRCLE
  5
7BA
330
17
100
AcDbEntity
  8
ARBORI
 62
3
100
AcDbCircle
 10
390945.04
 20
585505.16
 30
0.0
 40
3.0
  0
POINT
  5
7BB
330
17
100
AcDbEntity
  8
ARBORI
 62
3
100
AcDbPoint
 10
390945.04
 20
585505.16
 30
0.0
  0
CIRCLE
  5
7BC
330
17
100
AcDbEntity
  8
ARBORI
 62
3
100
AcDbCircle
 10
390704.04
 20
585504.16
 30
0.0
 40
1.9
  0
POINT
  5
7BD
330
17
100
AcDbEntity
  8
ARBORI
 62
3
100
AcDbPoint
 10
390704.04
 20
585504.16
 30
0.0
  0
CIRCLE
  5
7BE
330
17
100
AcDbEntity
  8
ARBORI
 62
3
100
AcDbCircle
 10
390742.04
 20
585504.16
 30
0.0
 40
5.8
  0
POINT
  5
7BF
330
17
100
AcDbEntity
  8
ARBORI
 62
3
100
AcDbPoint
 10
390742.04
 20
585504.16
 30
0.0
  0
CIRCLE
  5
7C0
330
17
100
AcDbEntity
  8
ARBORI
 62
3
100
AcDbCircle
 10
390792.04
 20
585504.16
 30
0.0
 40
1.6
  0
POINT
  5
7C1
330
17
100
AcDbEntity
  8
ARBORI
 62
3
100
AcDbPoint
 10
390792.04
 20
585504.16
 30
0.0
  0
CIRCLE
  5
7C2
330
17
100
AcDbEntity
  8
ARBORI
 62
3
100
AcDbCircle
 10
391276.04
 20
585504.16
 30
0.0
 40
3.6
  0
POINT
  5
7C3
330
17
100
AcDbEntity
  8
ARBORI
 62
3
100
AcDbPoint
 10
391276.04
 20
585504.16
 30
0.0
  0
CIRCLE
  5
7C4
330
17
100
AcDbEntity
  8
ARBORI
 62
3
100
AcDbCircle
 10
391303.04
 20
585504.16
 30
0.0
 40
2.8
  0
POINT
  5
7C5
330
17
100
AcDbEntity
  8
ARBORI
 62
3
100
AcDbPoint
 10
391303.04
 20
585504.16
 30
0.0
  0
CIRCLE
  5
7C6
330
17
100
AcDbEntity
  8
ARBORI
 62
3
100
AcDbCircle
 10
391338.04
 20
585504.16
 30
0.0
 40
3.3
  0
POINT
  5
7C7
330
17
100
AcDbEntity
  8
ARBORI
 62
3
100
AcDbPoint
 10
391338.04
 20
585504.16
 30
0.0
  0
CIRCLE
  5
7C8
330
17
100
AcDbEntity
  8
ARBORI
 62
3
100
AcDbCircle
 10
391343.04
 20
585504.16
 30
0.0
 40
3.5
  0
POINT
  5
7C9
330
17
100
AcDbEntity
  8
ARBORI
 62
3
100
AcDbPoint
 10
391343.04
 20
585504.16
 30
0.0
  0
CIRCLE
  5
7CA
330
17
100
AcDbEntity
  8
ARBORI
 62
3
100
AcDbCircle
 10
390607.04
 20
585503.16
 30
0.0
 40
2.5
  0
POINT
  5
7CB
330
17
100
AcDbEntity
  8
ARBORI
 62
3
100
AcDbPoint
 10
390607.04
 20
585503.16
 30
0.0
  0
CIRCLE
  5
7CC
330
17
100
AcDbEntity
  8
ARBORI
 62
3
100
AcDbCircle
 10
390691.04
 20
585503.16
 30
0.0
 40
1.5
  0
POINT
  5
7CD
330
17
100
AcDbEntity
  8
ARBORI
 62
3
100
AcDbPoint
 10
390691.04
 20
585503.16
 30
0.0
  0
CIRCLE
  5
7CE
330
17
100
AcDbEntity
  8
ARBORI
 62
3
100
AcDbCircle
 10
390736.04
 20
585503.16
 30
0.0
 40
5.0
  0
POINT
  5
7CF
330
17
100
AcDbEntity
  8
ARBORI
 62
3
100
AcDbPoint
 10
390736.04
 20
585503.16
 30
0.0
  0
CIRCLE
  5
7D0
330
17
100
AcDbEntity
  8
ARBORI
 62
3
100
AcDbCircle
 10
390897.04
 20
585503.16
 30
0.0
 40
5.8
  0
POINT
  5
7D1
330
17
100
AcDbEntity
  8
ARBORI
 62
3
100
AcDbPoint
 10
390897.04
 20
585503.16
 30
0.0
  0
CIRCLE
  5
7D2
330
17
100
AcDbEntity
  8
ARBORI
 62
3
100
AcDbCircle
 10
391206.04
 20
585503.16
 30
0.0
 40
5.3
  0
POINT
  5
7D3
330
17
100
AcDbEntity
  8
ARBORI
 62
3
100
AcDbPoint
 10
391206.04
 20
585503.16
 30
0.0
  0
CIRCLE
  5
7D4
330
17
100
AcDbEntity
  8
ARBORI
 62
3
100
AcDbCircle
 10
391210.04
 20
585503.16
 30
0.0
 40
4.4
  0
POINT
  5
7D5
330
17
100
AcDbEntity
  8
ARBORI
 62
3
100
AcDbPoint
 10
391210.04
 20
585503.16
 30
0.0
  0
CIRCLE
  5
7D6
330
17
100
AcDbEntity
  8
ARBORI
 62
3
100
AcDbCircle
 10
390872.04
 20
585502.16
 30
0.0
 40
4.8
  0
POINT
  5
7D7
330
17
100
AcDbEntity
  8
ARBORI
 62
3
100
AcDbPoint
 10
390872.04
 20
585502.16
 30
0.0
  0
CIRCLE
  5
7D8
330
17
100
AcDbEntity
  8
ARBORI
 62
3
100
AcDbCircle
 10
391098.04
 20
585502.16
 30
0.0
 40
1.6
  0
POINT
  5
7D9
330
17
100
AcDbEntity
  8
ARBORI
 62
3
100
AcDbPoint
 10
391098.04
 20
585502.16
 30
0.0
  0
CIRCLE
  5
7DA
330
17
100
AcDbEntity
  8
ARBORI
 62
3
100
AcDbCircle
 10
390641.04
 20
585501.16
 30
0.0
 40
3.8
  0
POINT
  5
7DB
330
17
100
AcDbEntity
  8
ARBORI
 62
3
100
AcDbPoint
 10
390641.04
 20
585501.16
 30
0.0
  0
CIRCLE
  5
7DC
330
17
100
AcDbEntity
  8
ARBORI
 62
3
100
AcDbCircle
 10
391309.04
 20
585501.16
 30
0.0
 40
2.8
  0
POINT
  5
7DD
330
17
100
AcDbEntity
  8
ARBORI
 62
3
100
AcDbPoint
 10
391309.04
 20
585501.16
 30
0.0
  0
CIRCLE
  5
7DE
330
17
100
AcDbEntity
  8
ARBORI
 62
3
100
AcDbCircle
 10
390686.04
 20
585500.16
 30
0.0
 40
1.5
  0
POINT
  5
7DF
330
17
100
AcDbEntity
  8
ARBORI
 62
3
100
AcDbPoint
 10
390686.04
 20
585500.16
 30
0.0
  0
CIRCLE
  5
7E0
330
17
100
AcDbEntity
  8
ARBORI
 62
3
100
AcDbCircle
 10
390790.04
 20
585500.16
 30
0.0
 40
2.5
  0
POINT
  5
7E1
330
17
100
AcDbEntity
  8
ARBORI
 62
3
100
AcDbPoint
 10
390790.04
 20
585500.16
 30
0.0
  0
CIRCLE
  5
7E2
330
17
100
AcDbEntity
  8
ARBORI
 62
3
100
AcDbCircle
 10
390880.04
 20
585500.16
 30
0.0
 40
2.4
  0
POINT
  5
7E3
330
17
100
AcDbEntity
  8
ARBORI
 62
3
100
AcDbPoint
 10
390880.04
 20
585500.16
 30
0.0
  0
CIRCLE
  5
7E4
330
17
100
AcDbEntity
  8
ARBORI
 62
3
100
AcDbCircle
 10
391367.04
 20
585500.16
 30
0.0
 40
1.5
  0
POINT
  5
7E5
330
17
100
AcDbEntity
  8
ARBORI
 62
3
100
AcDbPoint
 10
391367.04
 20
585500.16
 30
0.0
  0
CIRCLE
  5
7E6
330
17
100
AcDbEntity
  8
ARBORI
 62
3
100
AcDbCircle
 10
390619.04
 20
585499.16
 30
0.0
 40
2.0
  0
POINT
  5
7E7
330
17
100
AcDbEntity
  8
ARBORI
 62
3
100
AcDbPoint
 10
390619.04
 20
585499.16
 30
0.0
  0
CIRCLE
  5
7E8
330
17
100
AcDbEntity
  8
ARBORI
 62
3
100
AcDbCircle
 10
390629.04
 20
585499.16
 30
0.0
 40
1.7
  0
POINT
  5
7E9
330
17
100
AcDbEntity
  8
ARBORI
 62
3
100
AcDbPoint
 10
390629.04
 20
585499.16
 30
0.0
  0
CIRCLE
  5
7EA
330
17
100
AcDbEntity
  8
ARBORI
 62
3
100
AcDbCircle
 10
390696.04
 20
585499.16
 30
0.0
 40
1.9
  0
POINT
  5
7EB
330
17
100
AcDbEntity
  8
ARBORI
 62
3
100
AcDbPoint
 10
390696.04
 20
585499.16
 30
0.0
  0
CIRCLE
  5
7EC
330
17
100
AcDbEntity
  8
ARBORI
 62
3
100
AcDbCircle
 10
391297.04
 20
585499.16
 30
0.0
 40
2.8
  0
POINT
  5
7ED
330
17
100
AcDbEntity
  8
ARBORI
 62
3
100
AcDbPoint
 10
391297.04
 20
585499.16
 30
0.0
  0
CIRCLE
  5
7EE
330
17
100
AcDbEntity
  8
ARBORI
 62
3
100
AcDbCircle
 10
390838.04
 20
585498.16
 30
0.0
 40
3.5
  0
POINT
  5
7EF
330
17
100
AcDbEntity
  8
ARBORI
 62
3
100
AcDbPoint
 10
390838.04
 20
585498.16
 30
0.0
  0
CIRCLE
  5
7F0
330
17
100
AcDbEntity
  8
ARBORI
 62
3
100
AcDbCircle
 10
390724.04
 20
585497.16
 30
0.0
 40
4.9
  0
POINT
  5
7F1
330
17
100
AcDbEntity
  8
ARBORI
 62
3
100
AcDbPoint
 10
390724.04
 20
585497.16
 30
0.0
  0
CIRCLE
  5
7F2
330
17
100
AcDbEntity
  8
ARBORI
 62
3
100
AcDbCircle
 10
390851.04
 20
585497.16
 30
0.0
 40
3.3
  0
POINT
  5
7F3
330
17
100
AcDbEntity
  8
ARBORI
 62
3
100
AcDbPoint
 10
390851.04
 20
585497.16
 30
0.0
  0
CIRCLE
  5
7F4
330
17
100
AcDbEntity
  8
ARBORI
 62
3
100
AcDbCircle
 10
391139.04
 20
585497.16
 30
0.0
 40
1.5
  0
POINT
  5
7F5
330
17
100
AcDbEntity
  8
ARBORI
 62
3
100
AcDbPoint
 10
391139.04
 20
585497.16
 30
0.0
  0
CIRCLE
  5
7F6
330
17
100
AcDbEntity
  8
ARBORI
 62
3
100
AcDbCircle
 10
391277.04
 20
585497.16
 30
0.0
 40
4.2
  0
POINT
  5
7F7
330
17
100
AcDbEntity
  8
ARBORI
 62
3
100
AcDbPoint
 10
391277.04
 20
585497.16
 30
0.0
  0
CIRCLE
  5
7F8
330
17
100
AcDbEntity
  8
ARBORI
 62
3
100
AcDbCircle
 10
391334.04
 20
585497.16
 30
0.0
 40
3.9
  0
POINT
  5
7F9
330
17
100
AcDbEntity
  8
ARBORI
 62
3
100
AcDbPoint
 10
391334.04
 20
585497.16
 30
0.0
  0
CIRCLE
  5
7FA
330
17
100
AcDbEntity
  8
ARBORI
 62
3
100
AcDbCircle
 10
390708.04
 20
585496.16
 30
0.0
 40
1.9
  0
POINT
  5
7FB
330
17
100
AcDbEntity
  8
ARBORI
 62
3
100
AcDbPoint
 10
390708.04
 20
585496.16
 30
0.0
  0
CIRCLE
  5
7FC
330
17
100
AcDbEntity
  8
ARBORI
 62
3
100
AcDbCircle
 10
390880.04
 20
585496.16
 30
0.0
 40
3.4
  0
POINT
  5
7FD
330
17
100
AcDbEntity
  8
ARBORI
 62
3
100
AcDbPoint
 10
390880.04
 20
585496.16
 30
0.0
  0
CIRCLE
  5
7FE
330
17
100
AcDbEntity
  8
ARBORI
 62
3
100
AcDbCircle
 10
391326.04
 20
585496.16
 30
0.0
 40
3.8
  0
POINT
  5
7FF
330
17
100
AcDbEntity
  8
ARBORI
 62
3
100
AcDbPoint
 10
391326.04
 20
585496.16
 30
0.0
  0
CIRCLE
  5
800
330
17
100
AcDbEntity
  8
ARBORI
 62
3
100
AcDbCircle
 10
390612.04
 20
585495.16
 30
0.0
 40
2.4
  0
POINT
  5
801
330
17
100
AcDbEntity
  8
ARBORI
 62
3
100
AcDbPoint
 10
390612.04
 20
585495.16
 30
0.0
  0
CIRCLE
  5
802
330
17
100
AcDbEntity
  8
ARBORI
 62
3
100
AcDbCircle
 10
390734.04
 20
585495.16
 30
0.0
 40
6.0
  0
POINT
  5
803
330
17
100
AcDbEntity
  8
ARBORI
 62
3
100
AcDbPoint
 10
390734.04
 20
585495.16
 30
0.0
  0
CIRCLE
  5
804
330
17
100
AcDbEntity
  8
ARBORI
 62
3
100
AcDbCircle
 10
390884.04
 20
585495.16
 30
0.0
 40
3.6
  0
POINT
  5
805
330
17
100
AcDbEntity
  8
ARBORI
 62
3
100
AcDbPoint
 10
390884.04
 20
585495.16
 30
0.0
  0
CIRCLE
  5
806
330
17
100
AcDbEntity
  8
ARBORI
 62
3
100
AcDbCircle
 10
391100.04
 20
585495.16
 30
0.0
 40
1.5
  0
POINT
  5
807
330
17
100
AcDbEntity
  8
ARBORI
 62
3
100
AcDbPoint
 10
391100.04
 20
585495.16
 30
0.0
  0
CIRCLE
  5
808
330
17
100
AcDbEntity
  8
ARBORI
 62
3
100
AcDbCircle
 10
390600.04
 20
585494.16
 30
0.0
 40
1.5
  0
POINT
  5
809
330
17
100
AcDbEntity
  8
ARBORI
 62
3
100
AcDbPoint
 10
390600.04
 20
585494.16
 30
0.0
  0
CIRCLE
  5
80A
330
17
100
AcDbEntity
  8
ARBORI
 62
3
100
AcDbCircle
 10
390764.04
 20
585494.16
 30
0.0
 40
5.3
  0
POINT
  5
80B
330
17
100
AcDbEntity
  8
ARBORI
 62
3
100
AcDbPoint
 10
390764.04
 20
585494.16
 30
0.0
  0
CIRCLE
  5
80C
330
17
100
AcDbEntity
  8
ARBORI
 62
3
100
AcDbCircle
 10
390845.04
 20
585494.16
 30
0.0
 40
3.6
  0
POINT
  5
80D
330
17
100
AcDbEntity
  8
ARBORI
 62
3
100
AcDbPoint
 10
390845.04
 20
585494.16
 30
0.0
  0
CIRCLE
  5
80E
330
17
100
AcDbEntity
  8
ARBORI
 62
3
100
AcDbCircle
 10
391297.04
 20
585494.16
 30
0.0
 40
2.8
  0
POINT
  5
80F
330
17
100
AcDbEntity
  8
ARBORI
 62
3
100
AcDbPoint
 10
391297.04
 20
585494.16
 30
0.0
  0
CIRCLE
  5
810
330
17
100
AcDbEntity
  8
ARBORI
 62
3
100
AcDbCircle
 10
390780.04
 20
585493.16
 30
0.0
 40
4.4
  0
POINT
  5
811
330
17
100
AcDbEntity
  8
ARBORI
 62
3
100
AcDbPoint
 10
390780.04
 20
585493.16
 30
0.0
  0
CIRCLE
  5
812
330
17
100
AcDbEntity
  8
ARBORI
 62
3
100
AcDbCircle
 10
390859.04
 20
585493.16
 30
0.0
 40
3.7
  0
POINT
  5
813
330
17
100
AcDbEntity
  8
ARBORI
 62
3
100
AcDbPoint
 10
390859.04
 20
585493.16
 30
0.0
  0
CIRCLE
  5
814
330
17
100
AcDbEntity
  8
ARBORI
 62
3
100
AcDbCircle
 10
391333.04
 20
585493.16
 30
0.0
 40
4.3
  0
POINT
  5
815
330
17
100
AcDbEntity
  8
ARBORI
 62
3
100
AcDbPoint
 10
391333.04
 20
585493.16
 30
0.0
  0
CIRCLE
  5
816
330
17
100
AcDbEntity
  8
ARBORI
 62
3
100
AcDbCircle
 10
390925.04
 20
585492.16
 30
0.0
 40
5.2
  0
POINT
  5
817
330
17
100
AcDbEntity
  8
ARBORI
 62
3
100
AcDbPoint
 10
390925.04
 20
585492.16
 30
0.0
  0
CIRCLE
  5
818
330
17
100
AcDbEntity
  8
ARBORI
 62
3
100
AcDbCircle
 10
391209.04
 20
585492.16
 30
0.0
 40
5.3
  0
POINT
  5
819
330
17
100
AcDbEntity
  8
ARBORI
 62
3
100
AcDbPoint
 10
391209.04
 20
585492.16
 30
0.0
  0
CIRCLE
  5
81A
330
17
100
AcDbEntity
  8
ARBORI
 62
3
100
AcDbCircle
 10
391311.04
 20
585492.16
 30
0.0
 40
2.1
  0
POINT
  5
81B
330
17
100
AcDbEntity
  8
ARBORI
 62
3
100
AcDbPoint
 10
391311.04
 20
585492.16
 30
0.0
  0
CIRCLE
  5
81C
330
17
100
AcDbEntity
  8
ARBORI
 62
3
100
AcDbCircle
 10
391328.04
 20
585492.16
 30
0.0
 40
3.9
  0
POINT
  5
81D
330
17
100
AcDbEntity
  8
ARBORI
 62
3
100
AcDbPoint
 10
391328.04
 20
585492.16
 30
0.0
  0
CIRCLE
  5
81E
330
17
100
AcDbEntity
  8
ARBORI
 62
3
100
AcDbCircle
 10
390732.04
 20
585491.16
 30
0.0
 40
6.0
  0
POINT
  5
81F
330
17
100
AcDbEntity
  8
ARBORI
 62
3
100
AcDbPoint
 10
390732.04
 20
585491.16
 30
0.0
  0
CIRCLE
  5
820
330
17
100
AcDbEntity
  8
ARBORI
 62
3
100
AcDbCircle
 10
391354.04
 20
585491.16
 30
0.0
 40
1.5
  0
POINT
  5
821
330
17
100
AcDbEntity
  8
ARBORI
 62
3
100
AcDbPoint
 10
391354.04
 20
585491.16
 30
0.0
  0
CIRCLE
  5
822
330
17
100
AcDbEntity
  8
ARBORI
 62
3
100
AcDbCircle
 10
390892.04
 20
585490.16
 30
0.0
 40
3.7
  0
POINT
  5
823
330
17
100
AcDbEntity
  8
ARBORI
 62
3
100
AcDbPoint
 10
390892.04
 20
585490.16
 30
0.0
  0
CIRCLE
  5
824
330
17
100
AcDbEntity
  8
ARBORI
 62
3
100
AcDbCircle
 10
390600.04
 20
585489.16
 30
0.0
 40
1.8
  0
POINT
  5
825
330
17
100
AcDbEntity
  8
ARBORI
 62
3
100
AcDbPoint
 10
390600.04
 20
585489.16
 30
0.0
  0
CIRCLE
  5
826
330
17
100
AcDbEntity
  8
ARBORI
 62
3
100
AcDbCircle
 10
390866.04
 20
585489.16
 30
0.0
 40
4.8
  0
POINT
  5
827
330
17
100
AcDbEntity
  8
ARBORI
 62
3
100
AcDbPoint
 10
390866.04
 20
585489.16
 30
0.0
  0
CIRCLE
  5
828
330
17
100
AcDbEntity
  8
ARBORI
 62
3
100
AcDbCircle
 10
390880.04
 20
585489.16
 30
0.0
 40
4.4
  0
POINT
  5
829
330
17
100
AcDbEntity
  8
ARBORI
 62
3
100
AcDbPoint
 10
390880.04
 20
585489.16
 30
0.0
  0
CIRCLE
  5
82A
330
17
100
AcDbEntity
  8
ARBORI
 62
3
100
AcDbCircle
 10
391308.04
 20
585488.16
 30
0.0
 40
1.9
  0
POINT
  5
82B
330
17
100
AcDbEntity
  8
ARBORI
 62
3
100
AcDbPoint
 10
391308.04
 20
585488.16
 30
0.0
  0
CIRCLE
  5
82C
330
17
100
AcDbEntity
  8
ARBORI
 62
3
100
AcDbCircle
 10
391323.04
 20
585487.16
 30
0.0
 40
2.3
  0
POINT
  5
82D
330
17
100
AcDbEntity
  8
ARBORI
 62
3
100
AcDbPoint
 10
391323.04
 20
585487.16
 30
0.0
  0
CIRCLE
  5
82E
330
17
100
AcDbEntity
  8
ARBORI
 62
3
100
AcDbCircle
 10
390804.04
 20
585486.16
 30
0.0
 40
3.2
  0
POINT
  5
82F
330
17
100
AcDbEntity
  8
ARBORI
 62
3
100
AcDbPoint
 10
390804.04
 20
585486.16
 30
0.0
  0
CIRCLE
  5
830
330
17
100
AcDbEntity
  8
ARBORI
 62
3
100
AcDbCircle
 10
390884.04
 20
585486.16
 30
0.0
 40
3.1
  0
POINT
  5
831
330
17
100
AcDbEntity
  8
ARBORI
 62
3
100
AcDbPoint
 10
390884.04
 20
585486.16
 30
0.0
  0
CIRCLE
  5
832
330
17
100
AcDbEntity
  8
ARBORI
 62
3
100
AcDbCircle
 10
391298.04
 20
585486.16
 30
0.0
 40
2.3
  0
POINT
  5
833
330
17
100
AcDbEntity
  8
ARBORI
 62
3
100
AcDbPoint
 10
391298.04
 20
585486.16
 30
0.0
  0
CIRCLE
  5
834
330
17
100
AcDbEntity
  8
ARBORI
 62
3
100
AcDbCircle
 10
391364.04
 20
585486.16
 30
0.0
 40
3.0
  0
POINT
  5
835
330
17
100
AcDbEntity
  8
ARBORI
 62
3
100
AcDbPoint
 10
391364.04
 20
585486.16
 30
0.0
  0
CIRCLE
  5
836
330
17
100
AcDbEntity
  8
ARBORI
 62
3
100
AcDbCircle
 10
391164.04
 20
585484.16
 30
0.0
 40
2.3
  0
POINT
  5
837
330
17
100
AcDbEntity
  8
ARBORI
 62
3
100
AcDbPoint
 10
391164.04
 20
585484.16
 30
0.0
  0
CIRCLE
  5
838
330
17
100
AcDbEntity
  8
ARBORI
 62
3
100
AcDbCircle
 10
391269.04
 20
585484.16
 30
0.0
 40
4.3
  0
POINT
  5
839
330
17
100
AcDbEntity
  8
ARBORI
 62
3
100
AcDbPoint
 10
391269.04
 20
585484.16
 30
0.0
  0
CIRCLE
  5
83A
330
17
100
AcDbEntity
  8
ARBORI
 62
3
100
AcDbCircle
 10
391313.04
 20
585484.16
 30
0.0
 40
2.1
  0
POINT
  5
83B
330
17
100
AcDbEntity
  8
ARBORI
 62
3
100
AcDbPoint
 10
391313.04
 20
585484.16
 30
0.0
  0
CIRCLE
  5
83C
330
17
100
AcDbEntity
  8
ARBORI
 62
3
100
AcDbCircle
 10
391179.04
 20
585483.16
 30
0.0
 40
6.0
  0
POINT
  5
83D
330
17
100
AcDbEntity
  8
ARBORI
 62
3
100
AcDbPoint
 10
391179.04
 20
585483.16
 30
0.0
  0
CIRCLE
  5
83E
330
17
100
AcDbEntity
  8
ARBORI
 62
3
100
AcDbCircle
 10
390782.04
 20
585482.16
 30
0.0
 40
4.1
  0
POINT
  5
83F
330
17
100
AcDbEntity
  8
ARBORI
 62
3
100
AcDbPoint
 10
390782.04
 20
585482.16
 30
0.0
  0
CIRCLE
  5
840
330
17
100
AcDbEntity
  8
ARBORI
 62
3
100
AcDbCircle
 10
390909.04
 20
585482.16
 30
0.0
 40
6.0
  0
POINT
  5
841
330
17
100
AcDbEntity
  8
ARBORI
 62
3
100
AcDbPoint
 10
390909.04
 20
585482.16
 30
0.0
  0
CIRCLE
  5
842
330
17
100
AcDbEntity
  8
ARBORI
 62
3
100
AcDbCircle
 10
391100.04
 20
585482.16
 30
0.0
 40
1.7
  0
POINT
  5
843
330
17
100
AcDbEntity
  8
ARBORI
 62
3
100
AcDbPoint
 10
391100.04
 20
585482.16
 30
0.0
  0
CIRCLE
  5
844
330
17
100
AcDbEntity
  8
ARBORI
 62
3
100
AcDbCircle
 10
391292.04
 20
585482.16
 30
0.0
 40
1.9
  0
POINT
  5
845
330
17
100
AcDbEntity
  8
ARBORI
 62
3
100
AcDbPoint
 10
391292.04
 20
585482.16
 30
0.0
  0
CIRCLE
  5
846
330
17
100
AcDbEntity
  8
ARBORI
 62
3
100
AcDbCircle
 10
391366.04
 20
585482.16
 30
0.0
 40
3.0
  0
POINT
  5
847
330
17
100
AcDbEntity
  8
ARBORI
 62
3
100
AcDbPoint
 10
391366.04
 20
585482.16
 30
0.0
  0
CIRCLE
  5
848
330
17
100
AcDbEntity
  8
ARBORI
 62
3
100
AcDbCircle
 10
390644.04
 20
585480.16
 30
0.0
 40
2.4
  0
POINT
  5
849
330
17
100
AcDbEntity
  8
ARBORI
 62
3
100
AcDbPoint
 10
390644.04
 20
585480.16
 30
0.0
  0
CIRCLE
  5
84A
330
17
100
AcDbEntity
  8
ARBORI
 62
3
100
AcDbCircle
 10
391109.04
 20
585480.16
 30
0.0
 40
1.7
  0
POINT
  5
84B
330
17
100
AcDbEntity
  8
ARBORI
 62
3
100
AcDbPoint
 10
391109.04
 20
585480.16
 30
0.0
  0
CIRCLE
  5
84C
330
17
100
AcDbEntity
  8
ARBORI
 62
3
100
AcDbCircle
 10
391187.04
 20
585480.16
 30
0.0
 40
6.0
  0
POINT
  5
84D
330
17
100
AcDbEntity
  8
ARBORI
 62
3
100
AcDbPoint
 10
391187.04
 20
585480.16
 30
0.0
  0
CIRCLE
  5
84E
330
17
100
AcDbEntity
  8
ARBORI
 62
3
100
AcDbCircle
 10
391212.04
 20
585480.16
 30
0.0
 40
5.5
  0
POINT
  5
84F
330
17
100
AcDbEntity
  8
ARBORI
 62
3
100
AcDbPoint
 10
391212.04
 20
585480.16
 30
0.0
  0
CIRCLE
  5
850
330
17
100
AcDbEntity
  8
ARBORI
 62
3
100
AcDbCircle
 10
390741.04
 20
585479.16
 30
0.0
 40
6.0
  0
POINT
  5
851
330
17
100
AcDbEntity
  8
ARBORI
 62
3
100
AcDbPoint
 10
390741.04
 20
585479.16
 30
0.0
  0
CIRCLE
  5
852
330
17
100
AcDbEntity
  8
ARBORI
 62
3
100
AcDbCircle
 10
390897.04
 20
585479.16
 30
0.0
 40
3.5
  0
POINT
  5
853
330
17
100
AcDbEntity
  8
ARBORI
 62
3
100
AcDbPoint
 10
390897.04
 20
585479.16
 30
0.0
  0
CIRCLE
  5
854
330
17
100
AcDbEntity
  8
ARBORI
 62
3
100
AcDbCircle
 10
391163.04
 20
585479.16
 30
0.0
 40
2.6
  0
POINT
  5
855
330
17
100
AcDbEntity
  8
ARBORI
 62
3
100
AcDbPoint
 10
391163.04
 20
585479.16
 30
0.0
  0
CIRCLE
  5
856
330
17
100
AcDbEntity
  8
ARBORI
 62
3
100
AcDbCircle
 10
390789.04
 20
585478.16
 30
0.0
 40
3.7
  0
POINT
  5
857
330
17
100
AcDbEntity
  8
ARBORI
 62
3
100
AcDbPoint
 10
390789.04
 20
585478.16
 30
0.0
  0
CIRCLE
  5
858
330
17
100
AcDbEntity
  8
ARBORI
 62
3
100
AcDbCircle
 10
391116.04
 20
585478.16
 30
0.0
 40
1.5
  0
POINT
  5
859
330
17
100
AcDbEntity
  8
ARBORI
 62
3
100
AcDbPoint
 10
391116.04
 20
585478.16
 30
0.0
  0
CIRCLE
  5
85A
330
17
100
AcDbEntity
  8
ARBORI
 62
3
100
AcDbCircle
 10
391227.04
 20
585478.16
 30
0.0
 40
3.7
  0
POINT
  5
85B
330
17
100
AcDbEntity
  8
ARBORI
 62
3
100
AcDbPoint
 10
391227.04
 20
585478.16
 30
0.0
  0
CIRCLE
  5
85C
330
17
100
AcDbEntity
  8
ARBORI
 62
3
100
AcDbCircle
 10
391362.04
 20
585478.16
 30
0.0
 40
2.5
  0
POINT
  5
85D
330
17
100
AcDbEntity
  8
ARBORI
 62
3
100
AcDbPoint
 10
391362.04
 20
585478.16
 30
0.0
  0
CIRCLE
  5
85E
330
17
100
AcDbEntity
  8
ARBORI
 62
3
100
AcDbCircle
 10
390785.04
 20
585477.16
 30
0.0
 40
4.0
  0
POINT
  5
85F
330
17
100
AcDbEntity
  8
ARBORI
 62
3
100
AcDbPoint
 10
390785.04
 20
585477.16
 30
0.0
  0
CIRCLE
  5
860
330
17
100
AcDbEntity
  8
ARBORI
 62
3
100
AcDbCircle
 10
391104.04
 20
585477.16
 30
0.0
 40
1.8
  0
POINT
  5
861
330
17
100
AcDbEntity
  8
ARBORI
 62
3
100
AcDbPoint
 10
391104.04
 20
585477.16
 30
0.0
  0
CIRCLE
  5
862
330
17
100
AcDbEntity
  8
ARBORI
 62
3
100
AcDbCircle
 10
391315.04
 20
585477.16
 30
0.0
 40
1.5
  0
POINT
  5
863
330
17
100
AcDbEntity
  8
ARBORI
 62
3
100
AcDbPoint
 10
391315.04
 20
585477.16
 30
0.0
  0
CIRCLE
  5
864
330
17
100
AcDbEntity
  8
ARBORI
 62
3
100
AcDbCircle
 10
390654.04
 20
585476.16
 30
0.0
 40
2.3
  0
POINT
  5
865
330
17
100
AcDbEntity
  8
ARBORI
 62
3
100
AcDbPoint
 10
390654.04
 20
585476.16
 30
0.0
  0
CIRCLE
  5
866
330
17
100
AcDbEntity
  8
ARBORI
 62
3
100
AcDbCircle
 10
390891.04
 20
585476.16
 30
0.0
 40
3.1
  0
POINT
  5
867
330
17
100
AcDbEntity
  8
ARBORI
 62
3
100
AcDbPoint
 10
390891.04
 20
585476.16
 30
0.0
  0
CIRCLE
  5
868
330
17
100
AcDbEntity
  8
ARBORI
 62
3
100
AcDbCircle
 10
391261.04
 20
585476.16
 30
0.0
 40
3.8
  0
POINT
  5
869
330
17
100
AcDbEntity
  8
ARBORI
 62
3
100
AcDbPoint
 10
391261.04
 20
585476.16
 30
0.0
  0
CIRCLE
  5
86A
330
17
100
AcDbEntity
  8
ARBORI
 62
3
100
AcDbCircle
 10
390760.04
 20
585475.16
 30
0.0
 40
3.0
  0
POINT
  5
86B
330
17
100
AcDbEntity
  8
ARBORI
 62
3
100
AcDbPoint
 10
390760.04
 20
585475.16
 30
0.0
  0
CIRCLE
  5
86C
330
17
100
AcDbEntity
  8
ARBORI
 62
3
100
AcDbCircle
 10
390734.04
 20
585474.16
 30
0.0
 40
6.0
  0
POINT
  5
86D
330
17
100
AcDbEntity
  8
ARBORI
 62
3
100
AcDbPoint
 10
390734.04
 20
585474.16
 30
0.0
  0
CIRCLE
  5
86E
330
17
100
AcDbEntity
  8
ARBORI
 62
3
100
AcDbCircle
 10
391142.04
 20
585474.16
 30
0.0
 40
2.2
  0
POINT
  5
86F
330
17
100
AcDbEntity
  8
ARBORI
 62
3
100
AcDbPoint
 10
391142.04
 20
585474.16
 30
0.0
  0
CIRCLE
  5
870
330
17
100
AcDbEntity
  8
ARBORI
 62
3
100
AcDbCircle
 10
391183.04
 20
585474.16
 30
0.0
 40
6.0
  0
POINT
  5
871
330
17
100
AcDbEntity
  8
ARBORI
 62
3
100
AcDbPoint
 10
391183.04
 20
585474.16
 30
0.0
  0
CIRCLE
  5
872
330
17
100
AcDbEntity
  8
ARBORI
 62
3
100
AcDbCircle
 10
391299.04
 20
585474.16
 30
0.0
 40
1.8
  0
POINT
  5
873
330
17
100
AcDbEntity
  8
ARBORI
 62
3
100
AcDbPoint
 10
391299.04
 20
585474.16
 30
0.0
  0
CIRCLE
  5
874
330
17
100
AcDbEntity
  8
ARBORI
 62
3
100
AcDbCircle
 10
390813.04
 20
585473.16
 30
0.0
 40
4.6
  0
POINT
  5
875
330
17
100
AcDbEntity
  8
ARBORI
 62
3
100
AcDbPoint
 10
390813.04
 20
585473.16
 30
0.0
  0
CIRCLE
  5
876
330
17
100
AcDbEntity
  8
ARBORI
 62
3
100
AcDbCircle
 10
391154.04
 20
585473.16
 30
0.0
 40
2.9
  0
POINT
  5
877
330
17
100
AcDbEntity
  8
ARBORI
 62
3
100
AcDbPoint
 10
391154.04
 20
585473.16
 30
0.0
  0
CIRCLE
  5
878
330
17
100
AcDbEntity
  8
ARBORI
 62
3
100
AcDbCircle
 10
390883.04
 20
585472.16
 30
0.0
 40
3.1
  0
POINT
  5
879
330
17
100
AcDbEntity
  8
ARBORI
 62
3
100
AcDbPoint
 10
390883.04
 20
585472.16
 30
0.0
  0
CIRCLE
  5
87A
330
17
100
AcDbEntity
  8
ARBORI
 62
3
100
AcDbCircle
 10
391227.04
 20
585472.16
 30
0.0
 40
3.0
  0
POINT
  5
87B
330
17
100
AcDbEntity
  8
ARBORI
 62
3
100
AcDbPoint
 10
391227.04
 20
585472.16
 30
0.0
  0
CIRCLE
  5
87C
330
17
100
AcDbEntity
  8
ARBORI
 62
3
100
AcDbCircle
 10
391361.04
 20
585472.16
 30
0.0
 40
3.8
  0
POINT
  5
87D
330
17
100
AcDbEntity
  8
ARBORI
 62
3
100
AcDbPoint
 10
391361.04
 20
585472.16
 30
0.0
  0
CIRCLE
  5
87E
330
17
100
AcDbEntity
  8
ARBORI
 62
3
100
AcDbCircle
 10
391241.04
 20
585471.16
 30
0.0
 40
4.5
  0
POINT
  5
87F
330
17
100
AcDbEntity
  8
ARBORI
 62
3
100
AcDbPoint
 10
391241.04
 20
585471.16
 30
0.0
  0
CIRCLE
  5
880
330
17
100
AcDbEntity
  8
ARBORI
 62
3
100
AcDbCircle
 10
390723.04
 20
585470.16
 30
0.0
 40
6.0
  0
POINT
  5
881
330
17
100
AcDbEntity
  8
ARBORI
 62
3
100
AcDbPoint
 10
390723.04
 20
585470.16
 30
0.0
  0
CIRCLE
  5
882
330
17
100
AcDbEntity
  8
ARBORI
 62
3
100
AcDbCircle
 10
391169.04
 20
585470.16
 30
0.0
 40
5.5
  0
POINT
  5
883
330
17
100
AcDbEntity
  8
ARBORI
 62
3
100
AcDbPoint
 10
391169.04
 20
585470.16
 30
0.0
  0
CIRCLE
  5
884
330
17
100
AcDbEntity
  8
ARBORI
 62
3
100
AcDbCircle
 10
391232.04
 20
585470.16
 30
0.0
 40
3.5
  0
POINT
  5
885
330
17
100
AcDbEntity
  8
ARBORI
 62
3
100
AcDbPoint
 10
391232.04
 20
585470.16
 30
0.0
  0
CIRCLE
  5
886
330
17
100
AcDbEntity
  8
ARBORI
 62
3
100
AcDbCircle
 10
390619.04
 20
585469.16
 30
0.0
 40
1.8
  0
POINT
  5
887
330
17
100
AcDbEntity
  8
ARBORI
 62
3
100
AcDbPoint
 10
390619.04
 20
585469.16
 30
0.0
  0
CIRCLE
  5
888
330
17
100
AcDbEntity
  8
ARBORI
 62
3
100
AcDbCircle
 10
390680.04
 20
585469.16
 30
0.0
 40
6.0
  0
POINT
  5
889
330
17
100
AcDbEntity
  8
ARBORI
 62
3
100
AcDbPoint
 10
390680.04
 20
585469.16
 30
0.0
  0
CIRCLE
  5
88A
330
17
100
AcDbEntity
  8
ARBORI
 62
3
100
AcDbCircle
 10
390718.04
 20
585469.16
 30
0.0
 40
6.0
  0
POINT
  5
88B
330
17
100
AcDbEntity
  8
ARBORI
 62
3
100
AcDbPoint
 10
390718.04
 20
585469.16
 30
0.0
  0
CIRCLE
  5
88C
330
17
100
AcDbEntity
  8
ARBORI
 62
3
100
AcDbCircle
 10
390736.04
 20
585469.16
 30
0.0
 40
6.0
  0
POINT
  5
88D
330
17
100
AcDbEntity
  8
ARBORI
 62
3
100
AcDbPoint
 10
390736.04
 20
585469.16
 30
0.0
  0
CIRCLE
  5
88E
330
17
100
AcDbEntity
  8
ARBORI
 62
3
100
AcDbCircle
 10
390802.04
 20
585469.16
 30
0.0
 40
6.0
  0
POINT
  5
88F
330
17
100
AcDbEntity
  8
ARBORI
 62
3
100
AcDbPoint
 10
390802.04
 20
585469.16
 30
0.0
  0
CIRCLE
  5
890
330
17
100
AcDbEntity
  8
ARBORI
 62
3
100
AcDbCircle
 10
390879.04
 20
585469.16
 30
0.0
 40
3.6
  0
POINT
  5
891
330
17
100
AcDbEntity
  8
ARBORI
 62
3
100
AcDbPoint
 10
390879.04
 20
585469.16
 30
0.0
  0
CIRCLE
  5
892
330
17
100
AcDbEntity
  8
ARBORI
 62
3
100
AcDbCircle
 10
391111.04
 20
585469.16
 30
0.0
 40
1.6
  0
POINT
  5
893
330
17
100
AcDbEntity
  8
ARBORI
 62
3
100
AcDbPoint
 10
391111.04
 20
585469.16
 30
0.0
  0
CIRCLE
  5
894
330
17
100
AcDbEntity
  8
ARBORI
 62
3
100
AcDbCircle
 10
390696.04
 20
585468.16
 30
0.0
 40
6.0
  0
POINT
  5
895
330
17
100
AcDbEntity
  8
ARBORI
 62
3
100
AcDbPoint
 10
390696.04
 20
585468.16
 30
0.0
  0
CIRCLE
  5
896
330
17
100
AcDbEntity
  8
ARBORI
 62
3
100
AcDbCircle
 10
390701.04
 20
585468.16
 30
0.0
 40
6.0
  0
POINT
  5
897
330
17
100
AcDbEntity
  8
ARBORI
 62
3
100
AcDbPoint
 10
390701.04
 20
585468.16
 30
0.0
  0
CIRCLE
  5
898
330
17
100
AcDbEntity
  8
ARBORI
 62
3
100
AcDbCircle
 10
391345.04
 20
585468.16
 30
0.0
 40
2.5
  0
POINT
  5
899
330
17
100
AcDbEntity
  8
ARBORI
 62
3
100
AcDbPoint
 10
391345.04
 20
585468.16
 30
0.0
  0
CIRCLE
  5
89A
330
17
100
AcDbEntity
  8
ARBORI
 62
3
100
AcDbCircle
 10
390713.04
 20
585467.16
 30
0.0
 40
6.0
  0
POINT
  5
89B
330
17
100
AcDbEntity
  8
ARBORI
 62
3
100
AcDbPoint
 10
390713.04
 20
585467.16
 30
0.0
  0
CIRCLE
  5
89C
330
17
100
AcDbEntity
  8
ARBORI
 62
3
100
AcDbCircle
 10
390874.04
 20
585467.16
 30
0.0
 40
3.1
  0
POINT
  5
89D
330
17
100
AcDbEntity
  8
ARBORI
 62
3
100
AcDbPoint
 10
390874.04
 20
585467.16
 30
0.0
  0
CIRCLE
  5
89E
330
17
100
AcDbEntity
  8
ARBORI
 62
3
100
AcDbCircle
 10
391102.04
 20
585467.16
 30
0.0
 40
1.5
  0
POINT
  5
89F
330
17
100
AcDbEntity
  8
ARBORI
 62
3
100
AcDbPoint
 10
391102.04
 20
585467.16
 30
0.0
  0
CIRCLE
  5
8A0
330
17
100
AcDbEntity
  8
ARBORI
 62
3
100
AcDbCircle
 10
391106.04
 20
585467.16
 30
0.0
 40
1.6
  0
POINT
  5
8A1
330
17
100
AcDbEntity
  8
ARBORI
 62
3
100
AcDbPoint
 10
391106.04
 20
585467.16
 30
0.0
  0
CIRCLE
  5
8A2
330
17
100
AcDbEntity
  8
ARBORI
 62
3
100
AcDbCircle
 10
391146.04
 20
585467.16
 30
0.0
 40
2.7
  0
POINT
  5
8A3
330
17
100
AcDbEntity
  8
ARBORI
 62
3
100
AcDbPoint
 10
391146.04
 20
585467.16
 30
0.0
  0
CIRCLE
  5
8A4
330
17
100
AcDbEntity
  8
ARBORI
 62
3
100
AcDbCircle
 10
391353.04
 20
585467.16
 30
0.0
 40
3.4
  0
POINT
  5
8A5
330
17
100
AcDbEntity
  8
ARBORI
 62
3
100
AcDbPoint
 10
391353.04
 20
585467.16
 30
0.0
  0
CIRCLE
  5
8A6
330
17
100
AcDbEntity
  8
ARBORI
 62
3
100
AcDbCircle
 10
390664.04
 20
585466.16
 30
0.0
 40
4.8
  0
POINT
  5
8A7
330
17
100
AcDbEntity
  8
ARBORI
 62
3
100
AcDbPoint
 10
390664.04
 20
585466.16
 30
0.0
  0
CIRCLE
  5
8A8
330
17
100
AcDbEntity
  8
ARBORI
 62
3
100
AcDbCircle
 10
391299.04
 20
585466.16
 30
0.0
 40
3.2
  0
POINT
  5
8A9
330
17
100
AcDbEntity
  8
ARBORI
 62
3
100
AcDbPoint
 10
391299.04
 20
585466.16
 30
0.0
  0
CIRCLE
  5
8AA
330
17
100
AcDbEntity
  8
ARBORI
 62
3
100
AcDbCircle
 10
390879.04
 20
585465.16
 30
0.0
 40
3.4
  0
POINT
  5
8AB
330
17
100
AcDbEntity
  8
ARBORI
 62
3
100
AcDbPoint
 10
390879.04
 20
585465.16
 30
0.0
  0
CIRCLE
  5
8AC
330
17
100
AcDbEntity
  8
ARBORI
 62
3
100
AcDbCircle
 10
391364.04
 20
585464.16
 30
0.0
 40
3.2
  0
POINT
  5
8AD
330
17
100
AcDbEntity
  8
ARBORI
 62
3
100
AcDbPoint
 10
391364.04
 20
585464.16
 30
0.0
  0
CIRCLE
  5
8AE
330
17
100
AcDbEntity
  8
ARBORI
 62
3
100
AcDbCircle
 10
390596.04
 20
585463.16
 30
0.0
 40
3.1
  0
POINT
  5
8AF
330
17
100
AcDbEntity
  8
ARBORI
 62
3
100
AcDbPoint
 10
390596.04
 20
585463.16
 30
0.0
  0
CIRCLE
  5
8B0
330
17
100
AcDbEntity
  8
ARBORI
 62
3
100
AcDbCircle
 10
390722.04
 20
585462.16
 30
0.0
 40
6.0
  0
POINT
  5
8B1
330
17
100
AcDbEntity
  8
ARBORI
 62
3
100
AcDbPoint
 10
390722.04
 20
585462.16
 30
0.0
  0
CIRCLE
  5
8B2
330
17
100
AcDbEntity
  8
ARBORI
 62
3
100
AcDbCircle
 10
391287.04
 20
585462.16
 30
0.0
 40
1.9
  0
POINT
  5
8B3
330
17
100
AcDbEntity
  8
ARBORI
 62
3
100
AcDbPoint
 10
391287.04
 20
585462.16
 30
0.0
  0
CIRCLE
  5
8B4
330
17
100
AcDbEntity
  8
ARBORI
 62
3
100
AcDbCircle
 10
391340.04
 20
585462.16
 30
0.0
 40
2.2
  0
POINT
  5
8B5
330
17
100
AcDbEntity
  8
ARBORI
 62
3
100
AcDbPoint
 10
391340.04
 20
585462.16
 30
0.0
  0
CIRCLE
  5
8B6
330
17
100
AcDbEntity
  8
ARBORI
 62
3
100
AcDbCircle
 10
390714.04
 20
585461.16
 30
0.0
 40
5.9
  0
POINT
  5
8B7
330
17
100
AcDbEntity
  8
ARBORI
 62
3
100
AcDbPoint
 10
390714.04
 20
585461.16
 30
0.0
  0
CIRCLE
  5
8B8
330
17
100
AcDbEntity
  8
ARBORI
 62
3
100
AcDbCircle
 10
391107.04
 20
585461.16
 30
0.0
 40
1.7
  0
POINT
  5
8B9
330
17
100
AcDbEntity
  8
ARBORI
 62
3
100
AcDbPoint
 10
391107.04
 20
585461.16
 30
0.0
  0
CIRCLE
  5
8BA
330
17
100
AcDbEntity
  8
ARBORI
 62
3
100
AcDbCircle
 10
390592.04
 20
585460.16
 30
0.0
 40
3.2
  0
POINT
  5
8BB
330
17
100
AcDbEntity
  8
ARBORI
 62
3
100
AcDbPoint
 10
390592.04
 20
585460.16
 30
0.0
  0
CIRCLE
  5
8BC
330
17
100
AcDbEntity
  8
ARBORI
 62
3
100
AcDbCircle
 10
391283.04
 20
585460.16
 30
0.0
 40
1.7
  0
POINT
  5
8BD
330
17
100
AcDbEntity
  8
ARBORI
 62
3
100
AcDbPoint
 10
391283.04
 20
585460.16
 30
0.0
  0
CIRCLE
  5
8BE
330
17
100
AcDbEntity
  8
ARBORI
 62
3
100
AcDbCircle
 10
390678.04
 20
585458.16
 30
0.0
 40
4.0
  0
POINT
  5
8BF
330
17
100
AcDbEntity
  8
ARBORI
 62
3
100
AcDbPoint
 10
390678.04
 20
585458.16
 30
0.0
  0
CIRCLE
  5
8C0
330
17
100
AcDbEntity
  8
ARBORI
 62
3
100
AcDbCircle
 10
390606.04
 20
585457.16
 30
0.0
 40
2.2
  0
POINT
  5
8C1
330
17
100
AcDbEntity
  8
ARBORI
 62
3
100
AcDbPoint
 10
390606.04
 20
585457.16
 30
0.0
  0
CIRCLE
  5
8C2
330
17
100
AcDbEntity
  8
ARBORI
 62
3
100
AcDbCircle
 10
390875.04
 20
585457.16
 30
0.0
 40
3.7
  0
POINT
  5
8C3
330
17
100
AcDbEntity
  8
ARBORI
 62
3
100
AcDbPoint
 10
390875.04
 20
585457.16
 30
0.0
  0
CIRCLE
  5
8C4
330
17
100
AcDbEntity
  8
ARBORI
 62
3
100
AcDbCircle
 10
391144.04
 20
585456.16
 30
0.0
 40
1.5
  0
POINT
  5
8C5
330
17
100
AcDbEntity
  8
ARBORI
 62
3
100
AcDbPoint
 10
391144.04
 20
585456.16
 30
0.0
  0
CIRCLE
  5
8C6
330
17
100
AcDbEntity
  8
ARBORI
 62
3
100
AcDbCircle
 10
390761.04
 20
585455.16
 30
0.0
 40
4.0
  0
POINT
  5
8C7
330
17
100
AcDbEntity
  8
ARBORI
 62
3
100
AcDbPoint
 10
390761.04
 20
585455.16
 30
0.0
  0
CIRCLE
  5
8C8
330
17
100
AcDbEntity
  8
ARBORI
 62
3
100
AcDbCircle
 10
391273.04
 20
585454.16
 30
0.0
 40
1.5
  0
POINT
  5
8C9
330
17
100
AcDbEntity
  8
ARBORI
 62
3
100
AcDbPoint
 10
391273.04
 20
585454.16
 30
0.0
  0
CIRCLE
  5
8CA
330
17
100
AcDbEntity
  8
ARBORI
 62
3
100
AcDbCircle
 10
390752.04
 20
585453.16
 30
0.0
 40
3.4
  0
POINT
  5
8CB
330
17
100
AcDbEntity
  8
ARBORI
 62
3
100
AcDbPoint
 10
390752.04
 20
585453.16
 30
0.0
  0
CIRCLE
  5
8CC
330
17
100
AcDbEntity
  8
ARBORI
 62
3
100
AcDbCircle
 10
390771.04
 20
585453.16
 30
0.0
 40
6.0
  0
POINT
  5
8CD
330
17
100
AcDbEntity
  8
ARBORI
 62
3
100
AcDbPoint
 10
390771.04
 20
585453.16
 30
0.0
  0
CIRCLE
  5
8CE
330
17
100
AcDbEntity
  8
ARBORI
 62
3
100
AcDbCircle
 10
391146.04
 20
585452.16
 30
0.0
 40
1.5
  0
POINT
  5
8CF
330
17
100
AcDbEntity
  8
ARBORI
 62
3
100
AcDbPoint
 10
391146.04
 20
585452.16
 30
0.0
  0
CIRCLE
  5
8D0
330
17
100
AcDbEntity
  8
ARBORI
 62
3
100
AcDbCircle
 10
391249.04
 20
585452.16
 30
0.0
 40
4.4
  0
POINT
  5
8D1
330
17
100
AcDbEntity
  8
ARBORI
 62
3
100
AcDbPoint
 10
391249.04
 20
585452.16
 30
0.0
  0
CIRCLE
  5
8D2
330
17
100
AcDbEntity
  8
ARBORI
 62
3
100
AcDbCircle
 10
391331.04
 20
585452.16
 30
0.0
 40
2.8
  0
POINT
  5
8D3
330
17
100
AcDbEntity
  8
ARBORI
 62
3
100
AcDbPoint
 10
391331.04
 20
585452.16
 30
0.0
  0
CIRCLE
  5
8D4
330
17
100
AcDbEntity
  8
ARBORI
 62
3
100
AcDbCircle
 10
391350.04
 20
585452.16
 30
0.0
 40
1.7
  0
POINT
  5
8D5
330
17
100
AcDbEntity
  8
ARBORI
 62
3
100
AcDbPoint
 10
391350.04
 20
585452.16
 30
0.0
  0
CIRCLE
  5
8D6
330
17
100
AcDbEntity
  8
ARBORI
 62
3
100
AcDbCircle
 10
390743.04
 20
585450.16
 30
0.0
 40
4.3
  0
POINT
  5
8D7
330
17
100
AcDbEntity
  8
ARBORI
 62
3
100
AcDbPoint
 10
390743.04
 20
585450.16
 30
0.0
  0
CIRCLE
  5
8D8
330
17
100
AcDbEntity
  8
ARBORI
 62
3
100
AcDbCircle
 10
391150.04
 20
585450.16
 30
0.0
 40
1.5
  0
POINT
  5
8D9
330
17
100
AcDbEntity
  8
ARBORI
 62
3
100
AcDbPoint
 10
391150.04
 20
585450.16
 30
0.0
  0
CIRCLE
  5
8DA
330
17
100
AcDbEntity
  8
ARBORI
 62
3
100
AcDbCircle
 10
390866.04
 20
585449.16
 30
0.0
 40
3.8
  0
POINT
  5
8DB
330
17
100
AcDbEntity
  8
ARBORI
 62
3
100
AcDbPoint
 10
390866.04
 20
585449.16
 30
0.0
  0
CIRCLE
  5
8DC
330
17
100
AcDbEntity
  8
ARBORI
 62
3
100
AcDbCircle
 10
391342.04
 20
585449.16
 30
0.0
 40
1.8
  0
POINT
  5
8DD
330
17
100
AcDbEntity
  8
ARBORI
 62
3
100
AcDbPoint
 10
391342.04
 20
585449.16
 30
0.0
  0
CIRCLE
  5
8DE
330
17
100
AcDbEntity
  8
ARBORI
 62
3
100
AcDbCircle
 10
390887.04
 20
585448.16
 30
0.0
 40
3.6
  0
POINT
  5
8DF
330
17
100
AcDbEntity
  8
ARBORI
 62
3
100
AcDbPoint
 10
390887.04
 20
585448.16
 30
0.0
  0
CIRCLE
  5
8E0
330
17
100
AcDbEntity
  8
ARBORI
 62
3
100
AcDbCircle
 10
391117.04
 20
585448.16
 30
0.0
 40
1.5
  0
POINT
  5
8E1
330
17
100
AcDbEntity
  8
ARBORI
 62
3
100
AcDbPoint
 10
391117.04
 20
585448.16
 30
0.0
  0
CIRCLE
  5
8E2
330
17
100
AcDbEntity
  8
ARBORI
 62
3
100
AcDbCircle
 10
391261.04
 20
585448.16
 30
0.0
 40
1.5
  0
POINT
  5
8E3
330
17
100
AcDbEntity
  8
ARBORI
 62
3
100
AcDbPoint
 10
391261.04
 20
585448.16
 30
0.0
  0
CIRCLE
  5
8E4
330
17
100
AcDbEntity
  8
ARBORI
 62
3
100
AcDbCircle
 10
390806.04
 20
585447.16
 30
0.0
 40
5.2
  0
POINT
  5
8E5
330
17
100
AcDbEntity
  8
ARBORI
 62
3
100
AcDbPoint
 10
390806.04
 20
585447.16
 30
0.0
  0
CIRCLE
  5
8E6
330
17
100
AcDbEntity
  8
ARBORI
 62
3
100
AcDbCircle
 10
390870.04
 20
585447.16
 30
0.0
 40
3.8
  0
POINT
  5
8E7
330
17
100
AcDbEntity
  8
ARBORI
 62
3
100
AcDbPoint
 10
390870.04
 20
585447.16
 30
0.0
  0
CIRCLE
  5
8E8
330
17
100
AcDbEntity
  8
ARBORI
 62
3
100
AcDbCircle
 10
390769.04
 20
585446.16
 30
0.0
 40
6.0
  0
POINT
  5
8E9
330
17
100
AcDbEntity
  8
ARBORI
 62
3
100
AcDbPoint
 10
390769.04
 20
585446.16
 30
0.0
  0
CIRCLE
  5
8EA
330
17
100
AcDbEntity
  8
ARBORI
 62
3
100
AcDbCircle
 10
390733.04
 20
585445.16
 30
0.0
 40
3.9
  0
POINT
  5
8EB
330
17
100
AcDbEntity
  8
ARBORI
 62
3
100
AcDbPoint
 10
390733.04
 20
585445.16
 30
0.0
  0
CIRCLE
  5
8EC
330
17
100
AcDbEntity
  8
ARBORI
 62
3
100
AcDbCircle
 10
391127.04
 20
585445.16
 30
0.0
 40
1.5
  0
POINT
  5
8ED
330
17
100
AcDbEntity
  8
ARBORI
 62
3
100
AcDbPoint
 10
391127.04
 20
585445.16
 30
0.0
  0
CIRCLE
  5
8EE
330
17
100
AcDbEntity
  8
ARBORI
 62
3
100
AcDbCircle
 10
391142.04
 20
585445.16
 30
0.0
 40
1.5
  0
POINT
  5
8EF
330
17
100
AcDbEntity
  8
ARBORI
 62
3
100
AcDbPoint
 10
391142.04
 20
585445.16
 30
0.0
  0
CIRCLE
  5
8F0
330
17
100
AcDbEntity
  8
ARBORI
 62
3
100
AcDbCircle
 10
390610.04
 20
585444.16
 30
0.0
 40
4.3
  0
POINT
  5
8F1
330
17
100
AcDbEntity
  8
ARBORI
 62
3
100
AcDbPoint
 10
390610.04
 20
585444.16
 30
0.0
  0
CIRCLE
  5
8F2
330
17
100
AcDbEntity
  8
ARBORI
 62
3
100
AcDbCircle
 10
390633.04
 20
585444.16
 30
0.0
 40
1.5
  0
POINT
  5
8F3
330
17
100
AcDbEntity
  8
ARBORI
 62
3
100
AcDbPoint
 10
390633.04
 20
585444.16
 30
0.0
  0
CIRCLE
  5
8F4
330
17
100
AcDbEntity
  8
ARBORI
 62
3
100
AcDbCircle
 10
390893.04
 20
585444.16
 30
0.0
 40
2.4
  0
POINT
  5
8F5
330
17
100
AcDbEntity
  8
ARBORI
 62
3
100
AcDbPoint
 10
390893.04
 20
585444.16
 30
0.0
  0
CIRCLE
  5
8F6
330
17
100
AcDbEntity
  8
ARBORI
 62
3
100
AcDbCircle
 10
391117.04
 20
585444.16
 30
0.0
 40
1.5
  0
POINT
  5
8F7
330
17
100
AcDbEntity
  8
ARBORI
 62
3
100
AcDbPoint
 10
391117.04
 20
585444.16
 30
0.0
  0
CIRCLE
  5
8F8
330
17
100
AcDbEntity
  8
ARBORI
 62
3
100
AcDbCircle
 10
391319.04
 20
585444.16
 30
0.0
 40
2.6
  0
POINT
  5
8F9
330
17
100
AcDbEntity
  8
ARBORI
 62
3
100
AcDbPoint
 10
391319.04
 20
585444.16
 30
0.0
  0
CIRCLE
  5
8FA
330
17
100
AcDbEntity
  8
ARBORI
 62
3
100
AcDbCircle
 10
390723.04
 20
585443.16
 30
0.0
 40
3.8
  0
POINT
  5
8FB
330
17
100
AcDbEntity
  8
ARBORI
 62
3
100
AcDbPoint
 10
390723.04
 20
585443.16
 30
0.0
  0
CIRCLE
  5
8FC
330
17
100
AcDbEntity
  8
ARBORI
 62
3
100
AcDbCircle
 10
390727.04
 20
585443.16
 30
0.0
 40
3.8
  0
POINT
  5
8FD
330
17
100
AcDbEntity
  8
ARBORI
 62
3
100
AcDbPoint
 10
390727.04
 20
585443.16
 30
0.0
  0
CIRCLE
  5
8FE
330
17
100
AcDbEntity
  8
ARBORI
 62
3
100
AcDbCircle
 10
391148.04
 20
585443.16
 30
0.0
 40
1.5
  0
POINT
  5
8FF
330
17
100
AcDbEntity
  8
ARBORI
 62
3
100
AcDbPoint
 10
391148.04
 20
585443.16
 30
0.0
  0
CIRCLE
  5
900
330
17
100
AcDbEntity
  8
ARBORI
 62
3
100
AcDbCircle
 10
391335.04
 20
585443.16
 30
0.0
 40
1.9
  0
POINT
  5
901
330
17
100
AcDbEntity
  8
ARBORI
 62
3
100
AcDbPoint
 10
391335.04
 20
585443.16
 30
0.0
  0
CIRCLE
  5
902
330
17
100
AcDbEntity
  8
ARBORI
 62
3
100
AcDbCircle
 10
390781.04
 20
585442.16
 30
0.0
 40
1.5
  0
POINT
  5
903
330
17
100
AcDbEntity
  8
ARBORI
 62
3
100
AcDbPoint
 10
390781.04
 20
585442.16
 30
0.0
  0
CIRCLE
  5
904
330
17
100
AcDbEntity
  8
ARBORI
 62
3
100
AcDbCircle
 10
391110.04
 20
585442.16
 30
0.0
 40
1.5
  0
POINT
  5
905
330
17
100
AcDbEntity
  8
ARBORI
 62
3
100
AcDbPoint
 10
391110.04
 20
585442.16
 30
0.0
  0
CIRCLE
  5
906
330
17
100
AcDbEntity
  8
ARBORI
 62
3
100
AcDbCircle
 10
390889.04
 20
585441.16
 30
0.0
 40
2.6
  0
POINT
  5
907
330
17
100
AcDbEntity
  8
ARBORI
 62
3
100
AcDbPoint
 10
390889.04
 20
585441.16
 30
0.0
  0
CIRCLE
  5
908
330
17
100
AcDbEntity
  8
ARBORI
 62
3
100
AcDbCircle
 10
391153.04
 20
585441.16
 30
0.0
 40
1.5
  0
POINT
  5
909
330
17
100
AcDbEntity
  8
ARBORI
 62
3
100
AcDbPoint
 10
391153.04
 20
585441.16
 30
0.0
  0
CIRCLE
  5
90A
330
17
100
AcDbEntity
  8
ARBORI
 62
3
100
AcDbCircle
 10
390719.04
 20
585440.16
 30
0.0
 40
4.5
  0
POINT
  5
90B
330
17
100
AcDbEntity
  8
ARBORI
 62
3
100
AcDbPoint
 10
390719.04
 20
585440.16
 30
0.0
  0
CIRCLE
  5
90C
330
17
100
AcDbEntity
  8
ARBORI
 62
3
100
AcDbCircle
 10
391141.04
 20
585440.16
 30
0.0
 40
1.5
  0
POINT
  5
90D
330
17
100
AcDbEntity
  8
ARBORI
 62
3
100
AcDbPoint
 10
391141.04
 20
585440.16
 30
0.0
  0
CIRCLE
  5
90E
330
17
100
AcDbEntity
  8
ARBORI
 62
3
100
AcDbCircle
 10
390708.04
 20
585438.16
 30
0.0
 40
5.2
  0
POINT
  5
90F
330
17
100
AcDbEntity
  8
ARBORI
 62
3
100
AcDbPoint
 10
390708.04
 20
585438.16
 30
0.0
  0
CIRCLE
  5
910
330
17
100
AcDbEntity
  8
ARBORI
 62
3
100
AcDbCircle
 10
390811.04
 20
585438.16
 30
0.0
 40
3.2
  0
POINT
  5
911
330
17
100
AcDbEntity
  8
ARBORI
 62
3
100
AcDbPoint
 10
390811.04
 20
585438.16
 30
0.0
  0
CIRCLE
  5
912
330
17
100
AcDbEntity
  8
ARBORI
 62
3
100
AcDbCircle
 10
390695.04
 20
585437.16
 30
0.0
 40
2.7
  0
POINT
  5
913
330
17
100
AcDbEntity
  8
ARBORI
 62
3
100
AcDbPoint
 10
390695.04
 20
585437.16
 30
0.0
  0
CIRCLE
  5
914
330
17
100
AcDbEntity
  8
ARBORI
 62
3
100
AcDbCircle
 10
391122.04
 20
585437.16
 30
0.0
 40
1.5
  0
POINT
  5
915
330
17
100
AcDbEntity
  8
ARBORI
 62
3
100
AcDbPoint
 10
391122.04
 20
585437.16
 30
0.0
  0
CIRCLE
  5
916
330
17
100
AcDbEntity
  8
ARBORI
 62
3
100
AcDbCircle
 10
391317.04
 20
585437.16
 30
0.0
 40
3.1
  0
POINT
  5
917
330
17
100
AcDbEntity
  8
ARBORI
 62
3
100
AcDbPoint
 10
391317.04
 20
585437.16
 30
0.0
  0
CIRCLE
  5
918
330
17
100
AcDbEntity
  8
ARBORI
 62
3
100
AcDbCircle
 10
390629.04
 20
585435.16
 30
0.0
 40
1.6
  0
POINT
  5
919
330
17
100
AcDbEntity
  8
ARBORI
 62
3
100
AcDbPoint
 10
390629.04
 20
585435.16
 30
0.0
  0
CIRCLE
  5
91A
330
17
100
AcDbEntity
  8
ARBORI
 62
3
100
AcDbCircle
 10
390806.04
 20
585435.16
 30
0.0
 40
3.5
  0
POINT
  5
91B
330
17
100
AcDbEntity
  8
ARBORI
 62
3
100
AcDbPoint
 10
390806.04
 20
585435.16
 30
0.0
  0
CIRCLE
  5
91C
330
17
100
AcDbEntity
  8
ARBORI
 62
3
100
AcDbCircle
 10
390880.04
 20
585435.16
 30
0.0
 40
4.1
  0
POINT
  5
91D
330
17
100
AcDbEntity
  8
ARBORI
 62
3
100
AcDbPoint
 10
390880.04
 20
585435.16
 30
0.0
  0
CIRCLE
  5
91E
330
17
100
AcDbEntity
  8
ARBORI
 62
3
100
AcDbCircle
 10
391108.04
 20
585435.16
 30
0.0
 40
1.6
  0
POINT
  5
91F
330
17
100
AcDbEntity
  8
ARBORI
 62
3
100
AcDbPoint
 10
391108.04
 20
585435.16
 30
0.0
  0
CIRCLE
  5
920
330
17
100
AcDbEntity
  8
ARBORI
 62
3
100
AcDbCircle
 10
391117.04
 20
585435.16
 30
0.0
 40
1.5
  0
POINT
  5
921
330
17
100
AcDbEntity
  8
ARBORI
 62
3
100
AcDbPoint
 10
391117.04
 20
585435.16
 30
0.0
  0
CIRCLE
  5
922
330
17
100
AcDbEntity
  8
ARBORI
 62
3
100
AcDbCircle
 10
391150.04
 20
585435.16
 30
0.0
 40
1.5
  0
POINT
  5
923
330
17
100
AcDbEntity
  8
ARBORI
 62
3
100
AcDbPoint
 10
391150.04
 20
585435.16
 30
0.0
  0
CIRCLE
  5
924
330
17
100
AcDbEntity
  8
ARBORI
 62
3
100
AcDbCircle
 10
390641.04
 20
585433.16
 30
0.0
 40
2.2
  0
POINT
  5
925
330
17
100
AcDbEntity
  8
ARBORI
 62
3
100
AcDbPoint
 10
390641.04
 20
585433.16
 30
0.0
  0
CIRCLE
  5
926
330
17
100
AcDbEntity
  8
ARBORI
 62
3
100
AcDbCircle
 10
390602.04
 20
585431.16
 30
0.0
 40
1.5
  0
POINT
  5
927
330
17
100
AcDbEntity
  8
ARBORI
 62
3
100
AcDbPoint
 10
390602.04
 20
585431.16
 30
0.0
  0
CIRCLE
  5
928
330
17
100
AcDbEntity
  8
ARBORI
 62
3
100
AcDbCircle
 10
390711.04
 20
585431.16
 30
0.0
 40
3.4
  0
POINT
  5
929
330
17
100
AcDbEntity
  8
ARBORI
 62
3
100
AcDbPoint
 10
390711.04
 20
585431.16
 30
0.0
  0
CIRCLE
  5
92A
330
17
100
AcDbEntity
  8
ARBORI
 62
3
100
AcDbCircle
 10
390752.04
 20
585431.16
 30
0.0
 40
5.0
  0
POINT
  5
92B
330
17
100
AcDbEntity
  8
ARBORI
 62
3
100
AcDbPoint
 10
390752.04
 20
585431.16
 30
0.0
  0
CIRCLE
  5
92C
330
17
100
AcDbEntity
  8
ARBORI
 62
3
100
AcDbCircle
 10
390793.04
 20
585431.16
 30
0.0
 40
3.0
  0
POINT
  5
92D
330
17
100
AcDbEntity
  8
ARBORI
 62
3
100
AcDbPoint
 10
390793.04
 20
585431.16
 30
0.0
  0
CIRCLE
  5
92E
330
17
100
AcDbEntity
  8
ARBORI
 62
3
100
AcDbCircle
 10
390678.04
 20
585430.16
 30
0.0
 40
4.0
  0
POINT
  5
92F
330
17
100
AcDbEntity
  8
ARBORI
 62
3
100
AcDbPoint
 10
390678.04
 20
585430.16
 30
0.0
  0
CIRCLE
  5
930
330
17
100
AcDbEntity
  8
ARBORI
 62
3
100
AcDbCircle
 10
390871.04
 20
585430.16
 30
0.0
 40
4.7
  0
POINT
  5
931
330
17
100
AcDbEntity
  8
ARBORI
 62
3
100
AcDbPoint
 10
390871.04
 20
585430.16
 30
0.0
  0
CIRCLE
  5
932
330
17
100
AcDbEntity
  8
ARBORI
 62
3
100
AcDbCircle
 10
391121.04
 20
585430.16
 30
0.0
 40
1.5
  0
POINT
  5
933
330
17
100
AcDbEntity
  8
ARBORI
 62
3
100
AcDbPoint
 10
391121.04
 20
585430.16
 30
0.0
  0
CIRCLE
  5
934
330
17
100
AcDbEntity
  8
ARBORI
 62
3
100
AcDbCircle
 10
390779.04
 20
585429.16
 30
0.0
 40
5.8
  0
POINT
  5
935
330
17
100
AcDbEntity
  8
ARBORI
 62
3
100
AcDbPoint
 10
390779.04
 20
585429.16
 30
0.0
  0
CIRCLE
  5
936
330
17
100
AcDbEntity
  8
ARBORI
 62
3
100
AcDbCircle
 10
390867.04
 20
585428.16
 30
0.0
 40
6.0
  0
POINT
  5
937
330
17
100
AcDbEntity
  8
ARBORI
 62
3
100
AcDbPoint
 10
390867.04
 20
585428.16
 30
0.0
  0
CIRCLE
  5
938
330
17
100
AcDbEntity
  8
ARBORI
 62
3
100
AcDbCircle
 10
391150.04
 20
585428.16
 30
0.0
 40
2.3
  0
POINT
  5
939
330
17
100
AcDbEntity
  8
ARBORI
 62
3
100
AcDbPoint
 10
391150.04
 20
585428.16
 30
0.0
  0
CIRCLE
  5
93A
330
17
100
AcDbEntity
  8
ARBORI
 62
3
100
AcDbCircle
 10
390860.04
 20
585427.16
 30
0.0
 40
3.8
  0
POINT
  5
93B
330
17
100
AcDbEntity
  8
ARBORI
 62
3
100
AcDbPoint
 10
390860.04
 20
585427.16
 30
0.0
  0
CIRCLE
  5
93C
330
17
100
AcDbEntity
  8
ARBORI
 62
3
100
AcDbCircle
 10
390644.04
 20
585426.16
 30
0.0
 40
1.9
  0
POINT
  5
93D
330
17
100
AcDbEntity
  8
ARBORI
 62
3
100
AcDbPoint
 10
390644.04
 20
585426.16
 30
0.0
  0
CIRCLE
  5
93E
330
17
100
AcDbEntity
  8
ARBORI
 62
3
100
AcDbCircle
 10
390677.04
 20
585426.16
 30
0.0
 40
5.0
  0
POINT
  5
93F
330
17
100
AcDbEntity
  8
ARBORI
 62
3
100
AcDbPoint
 10
390677.04
 20
585426.16
 30
0.0
  0
CIRCLE
  5
940
330
17
100
AcDbEntity
  8
ARBORI
 62
3
100
AcDbCircle
 10
391143.04
 20
585426.16
 30
0.0
 40
2.1
  0
POINT
  5
941
330
17
100
AcDbEntity
  8
ARBORI
 62
3
100
AcDbPoint
 10
391143.04
 20
585426.16
 30
0.0
  0
CIRCLE
  5
942
330
17
100
AcDbEntity
  8
ARBORI
 62
3
100
AcDbCircle
 10
391126.04
 20
585425.16
 30
0.0
 40
1.5
  0
POINT
  5
943
330
17
100
AcDbEntity
  8
ARBORI
 62
3
100
AcDbPoint
 10
391126.04
 20
585425.16
 30
0.0
  0
CIRCLE
  5
944
330
17
100
AcDbEntity
  8
ARBORI
 62
3
100
AcDbCircle
 10
391131.04
 20
585425.16
 30
0.0
 40
1.5
  0
POINT
  5
945
330
17
100
AcDbEntity
  8
ARBORI
 62
3
100
AcDbPoint
 10
391131.04
 20
585425.16
 30
0.0
  0
CIRCLE
  5
946
330
17
100
AcDbEntity
  8
ARBORI
 62
3
100
AcDbCircle
 10
391105.04
 20
585423.16
 30
0.0
 40
1.5
  0
POINT
  5
947
330
17
100
AcDbEntity
  8
ARBORI
 62
3
100
AcDbPoint
 10
391105.04
 20
585423.16
 30
0.0
  0
CIRCLE
  5
948
330
17
100
AcDbEntity
  8
ARBORI
 62
3
100
AcDbCircle
 10
390848.04
 20
585421.16
 30
0.0
 40
3.4
  0
POINT
  5
949
330
17
100
AcDbEntity
  8
ARBORI
 62
3
100
AcDbPoint
 10
390848.04
 20
585421.16
 30
0.0
  0
CIRCLE
  5
94A
330
17
100
AcDbEntity
  8
ARBORI
 62
3
100
AcDbCircle
 10
390760.04
 20
585420.16
 30
0.0
 40
1.9
  0
POINT
  5
94B
330
17
100
AcDbEntity
  8
ARBORI
 62
3
100
AcDbPoint
 10
390760.04
 20
585420.16
 30
0.0
  0
CIRCLE
  5
94C
330
17
100
AcDbEntity
  8
ARBORI
 62
3
100
AcDbCircle
 10
390836.04
 20
585420.16
 30
0.0
 40
3.7
  0
POINT
  5
94D
330
17
100
AcDbEntity
  8
ARBORI
 62
3
100
AcDbPoint
 10
390836.04
 20
585420.16
 30
0.0
  0
CIRCLE
  5
94E
330
17
100
AcDbEntity
  8
ARBORI
 62
3
100
AcDbCircle
 10
391133.04
 20
585419.16
 30
0.0
 40
1.7
  0
POINT
  5
94F
330
17
100
AcDbEntity
  8
ARBORI
 62
3
100
AcDbPoint
 10
391133.04
 20
585419.16
 30
0.0
  0
CIRCLE
  5
950
330
17
100
AcDbEntity
  8
ARBORI
 62
3
100
AcDbCircle
 10
391137.04
 20
585419.16
 30
0.0
 40
1.7
  0
POINT
  5
951
330
17
100
AcDbEntity
  8
ARBORI
 62
3
100
AcDbPoint
 10
391137.04
 20
585419.16
 30
0.0
  0
CIRCLE
  5
952
330
17
100
AcDbEntity
  8
ARBORI
 62
3
100
AcDbCircle
 10
390696.04
 20
585417.16
 30
0.0
 40
4.8
  0
POINT
  5
953
330
17
100
AcDbEntity
  8
ARBORI
 62
3
100
AcDbPoint
 10
390696.04
 20
585417.16
 30
0.0
  0
CIRCLE
  5
954
330
17
100
AcDbEntity
  8
ARBORI
 62
3
100
AcDbCircle
 10
391112.04
 20
585417.16
 30
0.0
 40
1.5
  0
POINT
  5
955
330
17
100
AcDbEntity
  8
ARBORI
 62
3
100
AcDbPoint
 10
391112.04
 20
585417.16
 30
0.0
  0
CIRCLE
  5
956
330
17
100
AcDbEntity
  8
ARBORI
 62
3
100
AcDbCircle
 10
390691.04
 20
585416.16
 30
0.0
 40
5.1
  0
POINT
  5
957
330
17
100
AcDbEntity
  8
ARBORI
 62
3
100
AcDbPoint
 10
390691.04
 20
585416.16
 30
0.0
  0
CIRCLE
  5
958
330
17
100
AcDbEntity
  8
ARBORI
 62
3
100
AcDbCircle
 10
390753.04
 20
585416.16
 30
0.0
 40
3.4
  0
POINT
  5
959
330
17
100
AcDbEntity
  8
ARBORI
 62
3
100
AcDbPoint
 10
390753.04
 20
585416.16
 30
0.0
  0
CIRCLE
  5
95A
330
17
100
AcDbEntity
  8
ARBORI
 62
3
100
AcDbCircle
 10
390835.04
 20
585415.16
 30
0.0
 40
3.6
  0
POINT
  5
95B
330
17
100
AcDbEntity
  8
ARBORI
 62
3
100
AcDbPoint
 10
390835.04
 20
585415.16
 30
0.0
  0
CIRCLE
  5
95C
330
17
100
AcDbEntity
  8
ARBORI
 62
3
100
AcDbCircle
 10
391104.04
 20
585415.16
 30
0.0
 40
1.6
  0
POINT
  5
95D
330
17
100
AcDbEntity
  8
ARBORI
 62
3
100
AcDbPoint
 10
391104.04
 20
585415.16
 30
0.0
  0
CIRCLE
  5
95E
330
17
100
AcDbEntity
  8
ARBORI
 62
3
100
AcDbCircle
 10
390744.04
 20
585414.16
 30
0.0
 40
2.7
  0
POINT
  5
95F
330
17
100
AcDbEntity
  8
ARBORI
 62
3
100
AcDbPoint
 10
390744.04
 20
585414.16
 30
0.0
  0
CIRCLE
  5
960
330
17
100
AcDbEntity
  8
ARBORI
 62
3
100
AcDbCircle
 10
390633.04
 20
585413.16
 30
0.0
 40
4.0
  0
POINT
  5
961
330
17
100
AcDbEntity
  8
ARBORI
 62
3
100
AcDbPoint
 10
390633.04
 20
585413.16
 30
0.0
  0
CIRCLE
  5
962
330
17
100
AcDbEntity
  8
ARBORI
 62
3
100
AcDbCircle
 10
390733.04
 20
585413.16
 30
0.0
 40
1.6
  0
POINT
  5
963
330
17
100
AcDbEntity
  8
ARBORI
 62
3
100
AcDbPoint
 10
390733.04
 20
585413.16
 30
0.0
  0
CIRCLE
  5
964
330
17
100
AcDbEntity
  8
ARBORI
 62
3
100
AcDbCircle
 10
390839.04
 20
585413.16
 30
0.0
 40
3.5
  0
POINT
  5
965
330
17
100
AcDbEntity
  8
ARBORI
 62
3
100
AcDbPoint
 10
390839.04
 20
585413.16
 30
0.0
  0
CIRCLE
  5
966
330
17
100
AcDbEntity
  8
ARBORI
 62
3
100
AcDbCircle
 10
391116.04
 20
585413.16
 30
0.0
 40
1.5
  0
POINT
  5
967
330
17
100
AcDbEntity
  8
ARBORI
 62
3
100
AcDbPoint
 10
391116.04
 20
585413.16
 30
0.0
  0
CIRCLE
  5
968
330
17
100
AcDbEntity
  8
ARBORI
 62
3
100
AcDbCircle
 10
390810.04
 20
585412.16
 30
0.0
 40
4.2
  0
POINT
  5
969
330
17
100
AcDbEntity
  8
ARBORI
 62
3
100
AcDbPoint
 10
390810.04
 20
585412.16
 30
0.0
  0
CIRCLE
  5
96A
330
17
100
AcDbEntity
  8
ARBORI
 62
3
100
AcDbCircle
 10
390855.04
 20
585412.16
 30
0.0
 40
1.5
  0
POINT
  5
96B
330
17
100
AcDbEntity
  8
ARBORI
 62
3
100
AcDbPoint
 10
390855.04
 20
585412.16
 30
0.0
  0
CIRCLE
  5
96C
330
17
100
AcDbEntity
  8
ARBORI
 62
3
100
AcDbCircle
 10
390652.04
 20
585410.16
 30
0.0
 40
1.5
  0
POINT
  5
96D
330
17
100
AcDbEntity
  8
ARBORI
 62
3
100
AcDbPoint
 10
390652.04
 20
585410.16
 30
0.0
  0
CIRCLE
  5
96E
330
17
100
AcDbEntity
  8
ARBORI
 62
3
100
AcDbCircle
 10
391138.04
 20
585409.16
 30
0.0
 40
2.3
  0
POINT
  5
96F
330
17
100
AcDbEntity
  8
ARBORI
 62
3
100
AcDbPoint
 10
391138.04
 20
585409.16
 30
0.0
  0
CIRCLE
  5
970
330
17
100
AcDbEntity
  8
ARBORI
 62
3
100
AcDbCircle
 10
390819.04
 20
585408.16
 30
0.0
 40
4.9
  0
POINT
  5
971
330
17
100
AcDbEntity
  8
ARBORI
 62
3
100
AcDbPoint
 10
390819.04
 20
585408.16
 30
0.0
  0
CIRCLE
  5
972
330
17
100
AcDbEntity
  8
ARBORI
 62
3
100
AcDbCircle
 10
390830.04
 20
585408.16
 30
0.0
 40
3.4
  0
POINT
  5
973
330
17
100
AcDbEntity
  8
ARBORI
 62
3
100
AcDbPoint
 10
390830.04
 20
585408.16
 30
0.0
  0
CIRCLE
  5
974
330
17
100
AcDbEntity
  8
ARBORI
 62
3
100
AcDbCircle
 10
390865.04
 20
585408.16
 30
0.0
 40
2.0
  0
POINT
  5
975
330
17
100
AcDbEntity
  8
ARBORI
 62
3
100
AcDbPoint
 10
390865.04
 20
585408.16
 30
0.0
  0
CIRCLE
  5
976
330
17
100
AcDbEntity
  8
ARBORI
 62
3
100
AcDbCircle
 10
391098.04
 20
585404.16
 30
0.0
 40
1.5
  0
POINT
  5
977
330
17
100
AcDbEntity
  8
ARBORI
 62
3
100
AcDbPoint
 10
391098.04
 20
585404.16
 30
0.0
  0
CIRCLE
  5
978
330
17
100
AcDbEntity
  8
ARBORI
 62
3
100
AcDbCircle
 10
390632.04
 20
585403.16
 30
0.0
 40
4.9
  0
POINT
  5
979
330
17
100
AcDbEntity
  8
ARBORI
 62
3
100
AcDbPoint
 10
390632.04
 20
585403.16
 30
0.0
  0
CIRCLE
  5
97A
330
17
100
AcDbEntity
  8
ARBORI
 62
3
100
AcDbCircle
 10
390802.04
 20
585402.16
 30
0.0
 40
4.3
  0
POINT
  5
97B
330
17
100
AcDbEntity
  8
ARBORI
 62
3
100
AcDbPoint
 10
390802.04
 20
585402.16
 30
0.0
  0
CIRCLE
  5
97C
330
17
100
AcDbEntity
  8
ARBORI
 62
3
100
AcDbCircle
 10
390862.04
 20
585402.16
 30
0.0
 40
2.1
  0
POINT
  5
97D
330
17
100
AcDbEntity
  8
ARBORI
 62
3
100
AcDbPoint
 10
390862.04
 20
585402.16
 30
0.0
  0
CIRCLE
  5
97E
330
17
100
AcDbEntity
  8
ARBORI
 62
3
100
AcDbCircle
 10
391103.04
 20
585402.16
 30
0.0
 40
2.7
  0
POINT
  5
97F
330
17
100
AcDbEntity
  8
ARBORI
 62
3
100
AcDbPoint
 10
391103.04
 20
585402.16
 30
0.0
  0
CIRCLE
  5
980
330
17
100
AcDbEntity
  8
ARBORI
 62
3
100
AcDbCircle
 10
391149.04
 20
585400.16
 30
0.0
 40
2.3
  0
POINT
  5
981
330
17
100
AcDbEntity
  8
ARBORI
 62
3
100
AcDbPoint
 10
391149.04
 20
585400.16
 30
0.0
  0
CIRCLE
  5
982
330
17
100
AcDbEntity
  8
ARBORI
 62
3
100
AcDbCircle
 10
390653.04
 20
585399.16
 30
0.0
 40
1.8
  0
POINT
  5
983
330
17
100
AcDbEntity
  8
ARBORI
 62
3
100
AcDbPoint
 10
390653.04
 20
585399.16
 30
0.0
  0
CIRCLE
  5
984
330
17
100
AcDbEntity
  8
ARBORI
 62
3
100
AcDbCircle
 10
390794.04
 20
585399.16
 30
0.0
 40
4.3
  0
POINT
  5
985
330
17
100
AcDbEntity
  8
ARBORI
 62
3
100
AcDbPoint
 10
390794.04
 20
585399.16
 30
0.0
  0
CIRCLE
  5
986
330
17
100
AcDbEntity
  8
ARBORI
 62
3
100
AcDbCircle
 10
391127.04
 20
585399.16
 30
0.0
 40
5.6
  0
POINT
  5
987
330
17
100
AcDbEntity
  8
ARBORI
 62
3
100
AcDbPoint
 10
391127.04
 20
585399.16
 30
0.0
  0
CIRCLE
  5
988
330
17
100
AcDbEntity
  8
ARBORI
 62
3
100
AcDbCircle
 10
391137.04
 20
585399.16
 30
0.0
 40
5.4
  0
POINT
  5
989
330
17
100
AcDbEntity
  8
ARBORI
 62
3
100
AcDbPoint
 10
391137.04
 20
585399.16
 30
0.0
  0
CIRCLE
  5
98A
330
17
100
AcDbEntity
  8
ARBORI
 62
3
100
AcDbCircle
 10
390729.04
 20
585398.16
 30
0.0
 40
2.9
  0
POINT
  5
98B
330
17
100
AcDbEntity
  8
ARBORI
 62
3
100
AcDbPoint
 10
390729.04
 20
585398.16
 30
0.0
  0
CIRCLE
  5
98C
330
17
100
AcDbEntity
  8
ARBORI
 62
3
100
AcDbCircle
 10
390789.04
 20
585398.16
 30
0.0
 40
4.5
  0
POINT
  5
98D
330
17
100
AcDbEntity
  8
ARBORI
 62
3
100
AcDbPoint
 10
390789.04
 20
585398.16
 30
0.0
  0
CIRCLE
  5
98E
330
17
100
AcDbEntity
  8
ARBORI
 62
3
100
AcDbCircle
 10
390611.04
 20
585397.16
 30
0.0
 40
1.7
  0
POINT
  5
98F
330
17
100
AcDbEntity
  8
ARBORI
 62
3
100
AcDbPoint
 10
390611.04
 20
585397.16
 30
0.0
  0
CIRCLE
  5
990
330
17
100
AcDbEntity
  8
ARBORI
 62
3
100
AcDbCircle
 10
390723.04
 20
585397.16
 30
0.0
 40
4.2
  0
POINT
  5
991
330
17
100
AcDbEntity
  8
ARBORI
 62
3
100
AcDbPoint
 10
390723.04
 20
585397.16
 30
0.0
  0
CIRCLE
  5
992
330
17
100
AcDbEntity
  8
ARBORI
 62
3
100
AcDbCircle
 10
390626.04
 20
585395.16
 30
0.0
 40
4.3
  0
POINT
  5
993
330
17
100
AcDbEntity
  8
ARBORI
 62
3
100
AcDbPoint
 10
390626.04
 20
585395.16
 30
0.0
  0
CIRCLE
  5
994
330
17
100
AcDbEntity
  8
ARBORI
 62
3
100
AcDbCircle
 10
390863.04
 20
585395.16
 30
0.0
 40
1.7
  0
POINT
  5
995
330
17
100
AcDbEntity
  8
ARBORI
 62
3
100
AcDbPoint
 10
390863.04
 20
585395.16
 30
0.0
  0
CIRCLE
  5
996
330
17
100
AcDbEntity
  8
ARBORI
 62
3
100
AcDbCircle
 10
390754.04
 20
585394.16
 30
0.0
 40
2.7
  0
POINT
  5
997
330
17
100
AcDbEntity
  8
ARBORI
 62
3
100
AcDbPoint
 10
390754.04
 20
585394.16
 30
0.0
  0
CIRCLE
  5
998
330
17
100
AcDbEntity
  8
ARBORI
 62
3
100
AcDbCircle
 10
390780.04
 20
585394.16
 30
0.0
 40
4.2
  0
POINT
  5
999
330
17
100
AcDbEntity
  8
ARBORI
 62
3
100
AcDbPoint
 10
390780.04
 20
585394.16
 30
0.0
  0
CIRCLE
  5
99A
330
17
100
AcDbEntity
  8
ARBORI
 62
3
100
AcDbCircle
 10
390610.04
 20
585393.16
 30
0.0
 40
2.0
  0
POINT
  5
99B
330
17
100
AcDbEntity
  8
ARBORI
 62
3
100
AcDbPoint
 10
390610.04
 20
585393.16
 30
0.0
  0
CIRCLE
  5
99C
330
17
100
AcDbEntity
  8
ARBORI
 62
3
100
AcDbCircle
 10
390770.04
 20
585393.16
 30
0.0
 40
4.2
  0
POINT
  5
99D
330
17
100
AcDbEntity
  8
ARBORI
 62
3
100
AcDbPoint
 10
390770.04
 20
585393.16
 30
0.0
  0
CIRCLE
  5
99E
330
17
100
AcDbEntity
  8
ARBORI
 62
3
100
AcDbCircle
 10
390742.04
 20
585391.16
 30
0.0
 40
3.8
  0
POINT
  5
99F
330
17
100
AcDbEntity
  8
ARBORI
 62
3
100
AcDbPoint
 10
390742.04
 20
585391.16
 30
0.0
  0
CIRCLE
  5
9A0
330
17
100
AcDbEntity
  8
ARBORI
 62
3
100
AcDbCircle
 10
390763.04
 20
585391.16
 30
0.0
 40
4.0
  0
POINT
  5
9A1
330
17
100
AcDbEntity
  8
ARBORI
 62
3
100
AcDbPoint
 10
390763.04
 20
585391.16
 30
0.0
  0
CIRCLE
  5
9A2
330
17
100
AcDbEntity
  8
ARBORI
 62
3
100
AcDbCircle
 10
390844.04
 20
585391.16
 30
0.0
 40
4.3
  0
POINT
  5
9A3
330
17
100
AcDbEntity
  8
ARBORI
 62
3
100
AcDbPoint
 10
390844.04
 20
585391.16
 30
0.0
  0
CIRCLE
  5
9A4
330
17
100
AcDbEntity
  8
ARBORI
 62
3
100
AcDbCircle
 10
390728.04
 20
585389.16
 30
0.0
 40
2.6
  0
POINT
  5
9A5
330
17
100
AcDbEntity
  8
ARBORI
 62
3
100
AcDbPoint
 10
390728.04
 20
585389.16
 30
0.0
  0
CIRCLE
  5
9A6
330
17
100
AcDbEntity
  8
ARBORI
 62
3
100
AcDbCircle
 10
390758.04
 20
585389.16
 30
0.0
 40
3.5
  0
POINT
  5
9A7
330
17
100
AcDbEntity
  8
ARBORI
 62
3
100
AcDbPoint
 10
390758.04
 20
585389.16
 30
0.0
  0
CIRCLE
  5
9A8
330
17
100
AcDbEntity
  8
ARBORI
 62
3
100
AcDbCircle
 10
390773.04
 20
585389.16
 30
0.0
 40
4.1
  0
POINT
  5
9A9
330
17
100
AcDbEntity
  8
ARBORI
 62
3
100
AcDbPoint
 10
390773.04
 20
585389.16
 30
0.0
  0
CIRCLE
  5
9AA
330
17
100
AcDbEntity
  8
ARBORI
 62
3
100
AcDbCircle
 10
390816.04
 20
585389.16
 30
0.0
 40
3.6
  0
POINT
  5
9AB
330
17
100
AcDbEntity
  8
ARBORI
 62
3
100
AcDbPoint
 10
390816.04
 20
585389.16
 30
0.0
  0
CIRCLE
  5
9AC
330
17
100
AcDbEntity
  8
ARBORI
 62
3
100
AcDbCircle
 10
391146.04
 20
585389.16
 30
0.0
 40
4.3
  0
POINT
  5
9AD
330
17
100
AcDbEntity
  8
ARBORI
 62
3
100
AcDbPoint
 10
391146.04
 20
585389.16
 30
0.0
  0
CIRCLE
  5
9AE
330
17
100
AcDbEntity
  8
ARBORI
 62
3
100
AcDbCircle
 10
391154.04
 20
585389.16
 30
0.0
 40
2.7
  0
POINT
  5
9AF
330
17
100
AcDbEntity
  8
ARBORI
 62
3
100
AcDbPoint
 10
391154.04
 20
585389.16
 30
0.0
  0
CIRCLE
  5
9B0
330
17
100
AcDbEntity
  8
ARBORI
 62
3
100
AcDbCircle
 10
390800.04
 20
585388.16
 30
0.0
 40
2.5
  0
POINT
  5
9B1
330
17
100
AcDbEntity
  8
ARBORI
 62
3
100
AcDbPoint
 10
390800.04
 20
585388.16
 30
0.0
  0
CIRCLE
  5
9B2
330
17
100
AcDbEntity
  8
ARBORI
 62
3
100
AcDbCircle
 10
390745.04
 20
585386.16
 30
0.0
 40
3.5
  0
POINT
  5
9B3
330
17
100
AcDbEntity
  8
ARBORI
 62
3
100
AcDbPoint
 10
390745.04
 20
585386.16
 30
0.0
  0
CIRCLE
  5
9B4
330
17
100
AcDbEntity
  8
ARBORI
 62
3
100
AcDbCircle
 10
390750.04
 20
585386.16
 30
0.0
 40
3.4
  0
POINT
  5
9B5
330
17
100
AcDbEntity
  8
ARBORI
 62
3
100
AcDbPoint
 10
390750.04
 20
585386.16
 30
0.0
  0
CIRCLE
  5
9B6
330
17
100
AcDbEntity
  8
ARBORI
 62
3
100
AcDbCircle
 10
390830.04
 20
585386.16
 30
0.0
 40
5.7
  0
POINT
  5
9B7
330
17
100
AcDbEntity
  8
ARBORI
 62
3
100
AcDbPoint
 10
390830.04
 20
585386.16
 30
0.0
  0
CIRCLE
  5
9B8
330
17
100
AcDbEntity
  8
ARBORI
 62
3
100
AcDbCircle
 10
390858.04
 20
585386.16
 30
0.0
 40
3.5
  0
POINT
  5
9B9
330
17
100
AcDbEntity
  8
ARBORI
 62
3
100
AcDbPoint
 10
390858.04
 20
585386.16
 30
0.0
  0
CIRCLE
  5
9BA
330
17
100
AcDbEntity
  8
ARBORI
 62
3
100
AcDbCircle
 10
391105.04
 20
585386.16
 30
0.0
 40
2.9
  0
POINT
  5
9BB
330
17
100
AcDbEntity
  8
ARBORI
 62
3
100
AcDbPoint
 10
391105.04
 20
585386.16
 30
0.0
  0
CIRCLE
  5
9BC
330
17
100
AcDbEntity
  8
ARBORI
 62
3
100
AcDbCircle
 10
390845.04
 20
585385.16
 30
0.0
 40
4.4
  0
POINT
  5
9BD
330
17
100
AcDbEntity
  8
ARBORI
 62
3
100
AcDbPoint
 10
390845.04
 20
585385.16
 30
0.0
  0
CIRCLE
  5
9BE
330
17
100
AcDbEntity
  8
ARBORI
 62
3
100
AcDbCircle
 10
390808.04
 20
585384.16
 30
0.0
 40
4.9
  0
POINT
  5
9BF
330
17
100
AcDbEntity
  8
ARBORI
 62
3
100
AcDbPoint
 10
390808.04
 20
585384.16
 30
0.0
  0
CIRCLE
  5
9C0
330
17
100
AcDbEntity
  8
ARBORI
 62
3
100
AcDbCircle
 10
390871.04
 20
585384.16
 30
0.0
 40
3.7
  0
POINT
  5
9C1
330
17
100
AcDbEntity
  8
ARBORI
 62
3
100
AcDbPoint
 10
390871.04
 20
585384.16
 30
0.0
  0
CIRCLE
  5
9C2
330
17
100
AcDbEntity
  8
ARBORI
 62
3
100
AcDbCircle
 10
391112.04
 20
585384.16
 30
0.0
 40
6.0
  0
POINT
  5
9C3
330
17
100
AcDbEntity
  8
ARBORI
 62
3
100
AcDbPoint
 10
391112.04
 20
585384.16
 30
0.0
  0
CIRCLE
  5
9C4
330
17
100
AcDbEntity
  8
ARBORI
 62
3
100
AcDbCircle
 10
390836.04
 20
585383.16
 30
0.0
 40
5.2
  0
POINT
  5
9C5
330
17
100
AcDbEntity
  8
ARBORI
 62
3
100
AcDbPoint
 10
390836.04
 20
585383.16
 30
0.0
  0
CIRCLE
  5
9C6
330
17
100
AcDbEntity
  8
ARBORI
 62
3
100
AcDbCircle
 10
390849.04
 20
585383.16
 30
0.0
 40
3.7
  0
POINT
  5
9C7
330
17
100
AcDbEntity
  8
ARBORI
 62
3
100
AcDbPoint
 10
390849.04
 20
585383.16
 30
0.0
  0
CIRCLE
  5
9C8
330
17
100
AcDbEntity
  8
ARBORI
 62
3
100
AcDbCircle
 10
391099.04
 20
585383.16
 30
0.0
 40
5.5
  0
POINT
  5
9C9
330
17
100
AcDbEntity
  8
ARBORI
 62
3
100
AcDbPoint
 10
391099.04
 20
585383.16
 30
0.0
  0
CIRCLE
  5
9CA
330
17
100
AcDbEntity
  8
ARBORI
 62
3
100
AcDbCircle
 10
391138.04
 20
585382.16
 30
0.0
 40
1.6
  0
POINT
  5
9CB
330
17
100
AcDbEntity
  8
ARBORI
 62
3
100
AcDbPoint
 10
391138.04
 20
585382.16
 30
0.0
  0
CIRCLE
  5
9CC
330
17
100
AcDbEntity
  8
ARBORI
 62
3
100
AcDbCircle
 10
390778.04
 20
585381.16
 30
0.0
 40
5.3
  0
POINT
  5
9CD
330
17
100
AcDbEntity
  8
ARBORI
 62
3
100
AcDbPoint
 10
390778.04
 20
585381.16
 30
0.0
  0
CIRCLE
  5
9CE
330
17
100
AcDbEntity
  8
ARBORI
 62
3
100
AcDbCircle
 10
391144.04
 20
585381.16
 30
0.0
 40
1.5
  0
POINT
  5
9CF
330
17
100
AcDbEntity
  8
ARBORI
 62
3
100
AcDbPoint
 10
391144.04
 20
585381.16
 30
0.0
  0
CIRCLE
  5
9D0
330
17
100
AcDbEntity
  8
ARBORI
 62
3
100
AcDbCircle
 10
391164.04
 20
585381.16
 30
0.0
 40
2.0
  0
POINT
  5
9D1
330
17
100
AcDbEntity
  8
ARBORI
 62
3
100
AcDbPoint
 10
391164.04
 20
585381.16
 30
0.0
  0
CIRCLE
  5
9D2
330
17
100
AcDbEntity
  8
ARBORI
 62
3
100
AcDbCircle
 10
390788.04
 20
585379.16
 30
0.0
 40
5.8
  0
POINT
  5
9D3
330
17
100
AcDbEntity
  8
ARBORI
 62
3
100
AcDbPoint
 10
390788.04
 20
585379.16
 30
0.0
  0
CIRCLE
  5
9D4
330
17
100
AcDbEntity
  8
ARBORI
 62
3
100
AcDbCircle
 10
390625.04
 20
585378.16
 30
0.0
 40
1.8
  0
POINT
  5
9D5
330
17
100
AcDbEntity
  8
ARBORI
 62
3
100
AcDbPoint
 10
390625.04
 20
585378.16
 30
0.0
  0
CIRCLE
  5
9D6
330
17
100
AcDbEntity
  8
ARBORI
 62
3
100
AcDbCircle
 10
390863.04
 20
585378.16
 30
0.0
 40
2.6
  0
POINT
  5
9D7
330
17
100
AcDbEntity
  8
ARBORI
 62
3
100
AcDbPoint
 10
390863.04
 20
585378.16
 30
0.0
  0
CIRCLE
  5
9D8
330
17
100
AcDbEntity
  8
ARBORI
 62
3
100
AcDbCircle
 10
391107.04
 20
585378.16
 30
0.0
 40
5.4
  0
POINT
  5
9D9
330
17
100
AcDbEntity
  8
ARBORI
 62
3
100
AcDbPoint
 10
391107.04
 20
585378.16
 30
0.0
  0
CIRCLE
  5
9DA
330
17
100
AcDbEntity
  8
ARBORI
 62
3
100
AcDbCircle
 10
390850.04
 20
585377.16
 30
0.0
 40
4.4
  0
POINT
  5
9DB
330
17
100
AcDbEntity
  8
ARBORI
 62
3
100
AcDbPoint
 10
390850.04
 20
585377.16
 30
0.0
  0
CIRCLE
  5
9DC
330
17
100
AcDbEntity
  8
ARBORI
 62
3
100
AcDbCircle
 10
390618.04
 20
585376.16
 30
0.0
 40
2.1
  0
POINT
  5
9DD
330
17
100
AcDbEntity
  8
ARBORI
 62
3
100
AcDbPoint
 10
390618.04
 20
585376.16
 30
0.0
  0
CIRCLE
  5
9DE
330
17
100
AcDbEntity
  8
ARBORI
 62
3
100
AcDbCircle
 10
391093.04
 20
585376.16
 30
0.0
 40
2.7
  0
POINT
  5
9DF
330
17
100
AcDbEntity
  8
ARBORI
 62
3
100
AcDbPoint
 10
391093.04
 20
585376.16
 30
0.0
  0
CIRCLE
  5
9E0
330
17
100
AcDbEntity
  8
ARBORI
 62
3
100
AcDbCircle
 10
391097.04
 20
585376.16
 30
0.0
 40
4.6
  0
POINT
  5
9E1
330
17
100
AcDbEntity
  8
ARBORI
 62
3
100
AcDbPoint
 10
391097.04
 20
585376.16
 30
0.0
  0
CIRCLE
  5
9E2
330
17
100
AcDbEntity
  8
ARBORI
 62
3
100
AcDbCircle
 10
391122.04
 20
585376.16
 30
0.0
 40
2.5
  0
POINT
  5
9E3
330
17
100
AcDbEntity
  8
ARBORI
 62
3
100
AcDbPoint
 10
391122.04
 20
585376.16
 30
0.0
  0
CIRCLE
  5
9E4
330
17
100
AcDbEntity
  8
ARBORI
 62
3
100
AcDbCircle
 10
391129.04
 20
585376.16
 30
0.0
 40
1.8
  0
POINT
  5
9E5
330
17
100
AcDbEntity
  8
ARBORI
 62
3
100
AcDbPoint
 10
391129.04
 20
585376.16
 30
0.0
  0
CIRCLE
  5
9E6
330
17
100
AcDbEntity
  8
ARBORI
 62
3
100
AcDbCircle
 10
391137.04
 20
585376.16
 30
0.0
 40
2.1
  0
POINT
  5
9E7
330
17
100
AcDbEntity
  8
ARBORI
 62
3
100
AcDbPoint
 10
391137.04
 20
585376.16
 30
0.0
  0
CIRCLE
  5
9E8
330
17
100
AcDbEntity
  8
ARBORI
 62
3
100
AcDbCircle
 10
390790.04
 20
585375.16
 30
0.0
 40
5.9
  0
POINT
  5
9E9
330
17
100
AcDbEntity
  8
ARBORI
 62
3
100
AcDbPoint
 10
390790.04
 20
585375.16
 30
0.0
  0
CIRCLE
  5
9EA
330
17
100
AcDbEntity
  8
ARBORI
 62
3
100
AcDbCircle
 10
391151.04
 20
585375.16
 30
0.0
 40
1.7
  0
POINT
  5
9EB
330
17
100
AcDbEntity
  8
ARBORI
 62
3
100
AcDbPoint
 10
391151.04
 20
585375.16
 30
0.0
  0
CIRCLE
  5
9EC
330
17
100
AcDbEntity
  8
ARBORI
 62
3
100
AcDbCircle
 10
391277.04
 20
585374.16
 30
0.0
 40
1.9
  0
POINT
  5
9ED
330
17
100
AcDbEntity
  8
ARBORI
 62
3
100
AcDbPoint
 10
391277.04
 20
585374.16
 30
0.0
  0
CIRCLE
  5
9EE
330
17
100
AcDbEntity
  8
ARBORI
 62
3
100
AcDbCircle
 10
390784.04
 20
585373.16
 30
0.0
 40
5.7
  0
POINT
  5
9EF
330
17
100
AcDbEntity
  8
ARBORI
 62
3
100
AcDbPoint
 10
390784.04
 20
585373.16
 30
0.0
  0
CIRCLE
  5
9F0
330
17
100
AcDbEntity
  8
ARBORI
 62
3
100
AcDbCircle
 10
390822.04
 20
585373.16
 30
0.0
 40
4.6
  0
POINT
  5
9F1
330
17
100
AcDbEntity
  8
ARBORI
 62
3
100
AcDbPoint
 10
390822.04
 20
585373.16
 30
0.0
  0
CIRCLE
  5
9F2
330
17
100
AcDbEntity
  8
ARBORI
 62
3
100
AcDbCircle
 10
390647.04
 20
585370.16
 30
0.0
 40
2.5
  0
POINT
  5
9F3
330
17
100
AcDbEntity
  8
ARBORI
 62
3
100
AcDbPoint
 10
390647.04
 20
585370.16
 30
0.0
  0
CIRCLE
  5
9F4
330
17
100
AcDbEntity
  8
ARBORI
 62
3
100
AcDbCircle
 10
390848.04
 20
585370.16
 30
0.0
 40
4.0
  0
POINT
  5
9F5
330
17
100
AcDbEntity
  8
ARBORI
 62
3
100
AcDbPoint
 10
390848.04
 20
585370.16
 30
0.0
  0
CIRCLE
  5
9F6
330
17
100
AcDbEntity
  8
ARBORI
 62
3
100
AcDbCircle
 10
390620.04
 20
585369.16
 30
0.0
 40
1.5
  0
POINT
  5
9F7
330
17
100
AcDbEntity
  8
ARBORI
 62
3
100
AcDbPoint
 10
390620.04
 20
585369.16
 30
0.0
  0
CIRCLE
  5
9F8
330
17
100
AcDbEntity
  8
ARBORI
 62
3
100
AcDbCircle
 10
391091.04
 20
585369.16
 30
0.0
 40
3.8
  0
POINT
  5
9F9
330
17
100
AcDbEntity
  8
ARBORI
 62
3
100
AcDbPoint
 10
391091.04
 20
585369.16
 30
0.0
  0
CIRCLE
  5
9FA
330
17
100
AcDbEntity
  8
ARBORI
 62
3
100
AcDbCircle
 10
391262.04
 20
585368.16
 30
0.0
 40
1.5
  0
POINT
  5
9FB
330
17
100
AcDbEntity
  8
ARBORI
 62
3
100
AcDbPoint
 10
391262.04
 20
585368.16
 30
0.0
  0
CIRCLE
  5
9FC
330
17
100
AcDbEntity
  8
ARBORI
 62
3
100
AcDbCircle
 10
391110.04
 20
585367.16
 30
0.0
 40
4.4
  0
POINT
  5
9FD
330
17
100
AcDbEntity
  8
ARBORI
 62
3
100
AcDbPoint
 10
391110.04
 20
585367.16
 30
0.0
  0
CIRCLE
  5
9FE
330
17
100
AcDbEntity
  8
ARBORI
 62
3
100
AcDbCircle
 10
391268.04
 20
585367.16
 30
0.0
 40
2.6
  0
POINT
  5
9FF
330
17
100
AcDbEntity
  8
ARBORI
 62
3
100
AcDbPoint
 10
391268.04
 20
585367.16
 30
0.0
  0
CIRCLE
  5
A00
330
17
100
AcDbEntity
  8
ARBORI
 62
3
100
AcDbCircle
 10
390870.04
 20
585366.16
 30
0.0
 40
1.9
  0
POINT
  5
A01
330
17
100
AcDbEntity
  8
ARBORI
 62
3
100
AcDbPoint
 10
390870.04
 20
585366.16
 30
0.0
  0
CIRCLE
  5
A02
330
17
100
AcDbEntity
  8
ARBORI
 62
3
100
AcDbCircle
 10
391080.04
 20
585366.16
 30
0.0
 40
3.8
  0
POINT
  5
A03
330
17
100
AcDbEntity
  8
ARBORI
 62
3
100
AcDbPoint
 10
391080.04
 20
585366.16
 30
0.0
  0
CIRCLE
  5
A04
330
17
100
AcDbEntity
  8
ARBORI
 62
3
100
AcDbCircle
 10
391160.04
 20
585366.16
 30
0.0
 40
1.6
  0
POINT
  5
A05
330
17
100
AcDbEntity
  8
ARBORI
 62
3
100
AcDbPoint
 10
391160.04
 20
585366.16
 30
0.0
  0
CIRCLE
  5
A06
330
17
100
AcDbEntity
  8
ARBORI
 62
3
100
AcDbCircle
 10
390800.04
 20
585364.16
 30
0.0
 40
5.2
  0
POINT
  5
A07
330
17
100
AcDbEntity
  8
ARBORI
 62
3
100
AcDbPoint
 10
390800.04
 20
585364.16
 30
0.0
  0
CIRCLE
  5
A08
330
17
100
AcDbEntity
  8
ARBORI
 62
3
100
AcDbCircle
 10
390874.04
 20
585364.16
 30
0.0
 40
2.9
  0
POINT
  5
A09
330
17
100
AcDbEntity
  8
ARBORI
 62
3
100
AcDbPoint
 10
390874.04
 20
585364.16
 30
0.0
  0
CIRCLE
  5
A0A
330
17
100
AcDbEntity
  8
ARBORI
 62
3
100
AcDbCircle
 10
391115.04
 20
585364.16
 30
0.0
 40
1.5
  0
POINT
  5
A0B
330
17
100
AcDbEntity
  8
ARBORI
 62
3
100
AcDbPoint
 10
391115.04
 20
585364.16
 30
0.0
  0
CIRCLE
  5
A0C
330
17
100
AcDbEntity
  8
ARBORI
 62
3
100
AcDbCircle
 10
391125.04
 20
585363.16
 30
0.0
 40
1.5
  0
POINT
  5
A0D
330
17
100
AcDbEntity
  8
ARBORI
 62
3
100
AcDbPoint
 10
391125.04
 20
585363.16
 30
0.0
  0
CIRCLE
  5
A0E
330
17
100
AcDbEntity
  8
ARBORI
 62
3
100
AcDbCircle
 10
391164.04
 20
585363.16
 30
0.0
 40
1.6
  0
POINT
  5
A0F
330
17
100
AcDbEntity
  8
ARBORI
 62
3
100
AcDbPoint
 10
391164.04
 20
585363.16
 30
0.0
  0
CIRCLE
  5
A10
330
17
100
AcDbEntity
  8
ARBORI
 62
3
100
AcDbCircle
 10
390621.04
 20
585362.16
 30
0.0
 40
1.8
  0
POINT
  5
A11
330
17
100
AcDbEntity
  8
ARBORI
 62
3
100
AcDbPoint
 10
390621.04
 20
585362.16
 30
0.0
  0
CIRCLE
  5
A12
330
17
100
AcDbEntity
  8
ARBORI
 62
3
100
AcDbCircle
 10
390819.04
 20
585362.16
 30
0.0
 40
4.7
  0
POINT
  5
A13
330
17
100
AcDbEntity
  8
ARBORI
 62
3
100
AcDbPoint
 10
390819.04
 20
585362.16
 30
0.0
  0
CIRCLE
  5
A14
330
17
100
AcDbEntity
  8
ARBORI
 62
3
100
AcDbCircle
 10
390812.04
 20
585361.16
 30
0.0
 40
5.2
  0
POINT
  5
A15
330
17
100
AcDbEntity
  8
ARBORI
 62
3
100
AcDbPoint
 10
390812.04
 20
585361.16
 30
0.0
  0
CIRCLE
  5
A16
330
17
100
AcDbEntity
  8
ARBORI
 62
3
100
AcDbCircle
 10
390864.04
 20
585360.16
 30
0.0
 40
1.7
  0
POINT
  5
A17
330
17
100
AcDbEntity
  8
ARBORI
 62
3
100
AcDbPoint
 10
390864.04
 20
585360.16
 30
0.0
  0
CIRCLE
  5
A18
330
17
100
AcDbEntity
  8
ARBORI
 62
3
100
AcDbCircle
 10
390872.04
 20
585360.16
 30
0.0
 40
2.9
  0
POINT
  5
A19
330
17
100
AcDbEntity
  8
ARBORI
 62
3
100
AcDbPoint
 10
390872.04
 20
585360.16
 30
0.0
  0
CIRCLE
  5
A1A
330
17
100
AcDbEntity
  8
ARBORI
 62
3
100
AcDbCircle
 10
391101.04
 20
585360.16
 30
0.0
 40
2.0
  0
POINT
  5
A1B
330
17
100
AcDbEntity
  8
ARBORI
 62
3
100
AcDbPoint
 10
391101.04
 20
585360.16
 30
0.0
  0
CIRCLE
  5
A1C
330
17
100
AcDbEntity
  8
ARBORI
 62
3
100
AcDbCircle
 10
390832.04
 20
585358.16
 30
0.0
 40
1.7
  0
POINT
  5
A1D
330
17
100
AcDbEntity
  8
ARBORI
 62
3
100
AcDbPoint
 10
390832.04
 20
585358.16
 30
0.0
  0
CIRCLE
  5
A1E
330
17
100
AcDbEntity
  8
ARBORI
 62
3
100
AcDbCircle
 10
391159.04
 20
585358.16
 30
0.0
 40
1.5
  0
POINT
  5
A1F
330
17
100
AcDbEntity
  8
ARBORI
 62
3
100
AcDbPoint
 10
391159.04
 20
585358.16
 30
0.0
  0
CIRCLE
  5
A20
330
17
100
AcDbEntity
  8
ARBORI
 62
3
100
AcDbCircle
 10
390642.04
 20
585357.16
 30
0.0
 40
3.0
  0
POINT
  5
A21
330
17
100
AcDbEntity
  8
ARBORI
 62
3
100
AcDbPoint
 10
390642.04
 20
585357.16
 30
0.0
  0
CIRCLE
  5
A22
330
17
100
AcDbEntity
  8
ARBORI
 62
3
100
AcDbCircle
 10
390809.04
 20
585357.16
 30
0.0
 40
5.1
  0
POINT
  5
A23
330
17
100
AcDbEntity
  8
ARBORI
 62
3
100
AcDbPoint
 10
390809.04
 20
585357.16
 30
0.0
  0
CIRCLE
  5
A24
330
17
100
AcDbEntity
  8
ARBORI
 62
3
100
AcDbCircle
 10
391130.04
 20
585357.16
 30
0.0
 40
1.7
  0
POINT
  5
A25
330
17
100
AcDbEntity
  8
ARBORI
 62
3
100
AcDbPoint
 10
391130.04
 20
585357.16
 30
0.0
  0
CIRCLE
  5
A26
330
17
100
AcDbEntity
  8
ARBORI
 62
3
100
AcDbCircle
 10
391138.04
 20
585357.16
 30
0.0
 40
1.5
  0
POINT
  5
A27
330
17
100
AcDbEntity
  8
ARBORI
 62
3
100
AcDbPoint
 10
391138.04
 20
585357.16
 30
0.0
  0
CIRCLE
  5
A28
330
17
100
AcDbEntity
  8
ARBORI
 62
3
100
AcDbCircle
 10
391168.04
 20
585357.16
 30
0.0
 40
1.6
  0
POINT
  5
A29
330
17
100
AcDbEntity
  8
ARBORI
 62
3
100
AcDbPoint
 10
391168.04
 20
585357.16
 30
0.0
  0
CIRCLE
  5
A2A
330
17
100
AcDbEntity
  8
ARBORI
 62
3
100
AcDbCircle
 10
390816.04
 20
585356.16
 30
0.0
 40
5.0
  0
POINT
  5
A2B
330
17
100
AcDbEntity
  8
ARBORI
 62
3
100
AcDbPoint
 10
390816.04
 20
585356.16
 30
0.0
  0
CIRCLE
  5
A2C
330
17
100
AcDbEntity
  8
ARBORI
 62
3
100
AcDbCircle
 10
390838.04
 20
585356.16
 30
0.0
 40
2.4
  0
POINT
  5
A2D
330
17
100
AcDbEntity
  8
ARBORI
 62
3
100
AcDbPoint
 10
390838.04
 20
585356.16
 30
0.0
  0
CIRCLE
  5
A2E
330
17
100
AcDbEntity
  8
ARBORI
 62
3
100
AcDbCircle
 10
391103.04
 20
585356.16
 30
0.0
 40
1.9
  0
POINT
  5
A2F
330
17
100
AcDbEntity
  8
ARBORI
 62
3
100
AcDbPoint
 10
391103.04
 20
585356.16
 30
0.0
  0
CIRCLE
  5
A30
330
17
100
AcDbEntity
  8
ARBORI
 62
3
100
AcDbCircle
 10
391256.04
 20
585356.16
 30
0.0
 40
2.2
  0
POINT
  5
A31
330
17
100
AcDbEntity
  8
ARBORI
 62
3
100
AcDbPoint
 10
391256.04
 20
585356.16
 30
0.0
  0
CIRCLE
  5
A32
330
17
100
AcDbEntity
  8
ARBORI
 62
3
100
AcDbCircle
 10
390791.04
 20
585354.16
 30
0.0
 40
4.8
  0
POINT
  5
A33
330
17
100
AcDbEntity
  8
ARBORI
 62
3
100
AcDbPoint
 10
390791.04
 20
585354.16
 30
0.0
  0
CIRCLE
  5
A34
330
17
100
AcDbEntity
  8
ARBORI
 62
3
100
AcDbCircle
 10
390852.04
 20
585354.16
 30
0.0
 40
1.6
  0
POINT
  5
A35
330
17
100
AcDbEntity
  8
ARBORI
 62
3
100
AcDbPoint
 10
390852.04
 20
585354.16
 30
0.0
  0
CIRCLE
  5
A36
330
17
100
AcDbEntity
  8
ARBORI
 62
3
100
AcDbCircle
 10
391091.04
 20
585354.16
 30
0.0
 40
5.4
  0
POINT
  5
A37
330
17
100
AcDbEntity
  8
ARBORI
 62
3
100
AcDbPoint
 10
391091.04
 20
585354.16
 30
0.0
  0
CIRCLE
  5
A38
330
17
100
AcDbEntity
  8
ARBORI
 62
3
100
AcDbCircle
 10
391246.04
 20
585353.16
 30
0.0
 40
2.6
  0
POINT
  5
A39
330
17
100
AcDbEntity
  8
ARBORI
 62
3
100
AcDbPoint
 10
391246.04
 20
585353.16
 30
0.0
  0
CIRCLE
  5
A3A
330
17
100
AcDbEntity
  8
ARBORI
 62
3
100
AcDbCircle
 10
390638.04
 20
585352.16
 30
0.0
 40
2.6
  0
POINT
  5
A3B
330
17
100
AcDbEntity
  8
ARBORI
 62
3
100
AcDbPoint
 10
390638.04
 20
585352.16
 30
0.0
  0
CIRCLE
  5
A3C
330
17
100
AcDbEntity
  8
ARBORI
 62
3
100
AcDbCircle
 10
391114.04
 20
585352.16
 30
0.0
 40
1.5
  0
POINT
  5
A3D
330
17
100
AcDbEntity
  8
ARBORI
 62
3
100
AcDbPoint
 10
391114.04
 20
585352.16
 30
0.0
  0
CIRCLE
  5
A3E
330
17
100
AcDbEntity
  8
ARBORI
 62
3
100
AcDbCircle
 10
391128.04
 20
585352.16
 30
0.0
 40
1.7
  0
POINT
  5
A3F
330
17
100
AcDbEntity
  8
ARBORI
 62
3
100
AcDbPoint
 10
391128.04
 20
585352.16
 30
0.0
  0
CIRCLE
  5
A40
330
17
100
AcDbEntity
  8
ARBORI
 62
3
100
AcDbCircle
 10
390876.04
 20
585351.16
 30
0.0
 40
1.5
  0
POINT
  5
A41
330
17
100
AcDbEntity
  8
ARBORI
 62
3
100
AcDbPoint
 10
390876.04
 20
585351.16
 30
0.0
  0
CIRCLE
  5
A42
330
17
100
AcDbEntity
  8
ARBORI
 62
3
100
AcDbCircle
 10
391105.04
 20
585351.16
 30
0.0
 40
2.0
  0
POINT
  5
A43
330
17
100
AcDbEntity
  8
ARBORI
 62
3
100
AcDbPoint
 10
391105.04
 20
585351.16
 30
0.0
  0
CIRCLE
  5
A44
330
17
100
AcDbEntity
  8
ARBORI
 62
3
100
AcDbCircle
 10
391140.04
 20
585351.16
 30
0.0
 40
1.5
  0
POINT
  5
A45
330
17
100
AcDbEntity
  8
ARBORI
 62
3
100
AcDbPoint
 10
391140.04
 20
585351.16
 30
0.0
  0
CIRCLE
  5
A46
330
17
100
AcDbEntity
  8
ARBORI
 62
3
100
AcDbCircle
 10
390796.04
 20
585350.16
 30
0.0
 40
4.8
  0
POINT
  5
A47
330
17
100
AcDbEntity
  8
ARBORI
 62
3
100
AcDbPoint
 10
390796.04
 20
585350.16
 30
0.0
  0
CIRCLE
  5
A48
330
17
100
AcDbEntity
  8
ARBORI
 62
3
100
AcDbCircle
 10
390635.04
 20
585348.16
 30
0.0
 40
2.4
  0
POINT
  5
A49
330
17
100
AcDbEntity
  8
ARBORI
 62
3
100
AcDbPoint
 10
390635.04
 20
585348.16
 30
0.0
  0
CIRCLE
  5
A4A
330
17
100
AcDbEntity
  8
ARBORI
 62
3
100
AcDbCircle
 10
391186.04
 20
585348.16
 30
0.0
 40
1.5
  0
POINT
  5
A4B
330
17
100
AcDbEntity
  8
ARBORI
 62
3
100
AcDbPoint
 10
391186.04
 20
585348.16
 30
0.0
  0
CIRCLE
  5
A4C
330
17
100
AcDbEntity
  8
ARBORI
 62
3
100
AcDbCircle
 10
390814.04
 20
585347.16
 30
0.0
 40
4.2
  0
POINT
  5
A4D
330
17
100
AcDbEntity
  8
ARBORI
 62
3
100
AcDbPoint
 10
390814.04
 20
585347.16
 30
0.0
  0
CIRCLE
  5
A4E
330
17
100
AcDbEntity
  8
ARBORI
 62
3
100
AcDbCircle
 10
390818.04
 20
585347.16
 30
0.0
 40
3.8
  0
POINT
  5
A4F
330
17
100
AcDbEntity
  8
ARBORI
 62
3
100
AcDbPoint
 10
390818.04
 20
585347.16
 30
0.0
  0
CIRCLE
  5
A50
330
17
100
AcDbEntity
  8
ARBORI
 62
3
100
AcDbCircle
 10
390827.04
 20
585347.16
 30
0.0
 40
1.6
  0
POINT
  5
A51
330
17
100
AcDbEntity
  8
ARBORI
 62
3
100
AcDbPoint
 10
390827.04
 20
585347.16
 30
0.0
  0
CIRCLE
  5
A52
330
17
100
AcDbEntity
  8
ARBORI
 62
3
100
AcDbCircle
 10
390872.04
 20
585347.16
 30
0.0
 40
1.5
  0
POINT
  5
A53
330
17
100
AcDbEntity
  8
ARBORI
 62
3
100
AcDbPoint
 10
390872.04
 20
585347.16
 30
0.0
  0
CIRCLE
  5
A54
330
17
100
AcDbEntity
  8
ARBORI
 62
3
100
AcDbCircle
 10
391122.04
 20
585347.16
 30
0.0
 40
1.7
  0
POINT
  5
A55
330
17
100
AcDbEntity
  8
ARBORI
 62
3
100
AcDbPoint
 10
391122.04
 20
585347.16
 30
0.0
  0
CIRCLE
  5
A56
330
17
100
AcDbEntity
  8
ARBORI
 62
3
100
AcDbCircle
 10
391076.04
 20
585346.16
 30
0.0
 40
3.1
  0
POINT
  5
A57
330
17
100
AcDbEntity
  8
ARBORI
 62
3
100
AcDbPoint
 10
391076.04
 20
585346.16
 30
0.0
  0
CIRCLE
  5
A58
330
17
100
AcDbEntity
  8
ARBORI
 62
3
100
AcDbCircle
 10
391102.04
 20
585344.16
 30
0.0
 40
2.0
  0
POINT
  5
A59
330
17
100
AcDbEntity
  8
ARBORI
 62
3
100
AcDbPoint
 10
391102.04
 20
585344.16
 30
0.0
  0
CIRCLE
  5
A5A
330
17
100
AcDbEntity
  8
ARBORI
 62
3
100
AcDbCircle
 10
391081.04
 20
585343.16
 30
0.0
 40
3.1
  0
POINT
  5
A5B
330
17
100
AcDbEntity
  8
ARBORI
 62
3
100
AcDbPoint
 10
391081.04
 20
585343.16
 30
0.0
  0
CIRCLE
  5
A5C
330
17
100
AcDbEntity
  8
ARBORI
 62
3
100
AcDbCircle
 10
391137.04
 20
585343.16
 30
0.0
 40
1.5
  0
POINT
  5
A5D
330
17
100
AcDbEntity
  8
ARBORI
 62
3
100
AcDbPoint
 10
391137.04
 20
585343.16
 30
0.0
  0
CIRCLE
  5
A5E
330
17
100
AcDbEntity
  8
ARBORI
 62
3
100
AcDbCircle
 10
390632.04
 20
585342.16
 30
0.0
 40
2.3
  0
POINT
  5
A5F
330
17
100
AcDbEntity
  8
ARBORI
 62
3
100
AcDbPoint
 10
390632.04
 20
585342.16
 30
0.0
  0
CIRCLE
  5
A60
330
17
100
AcDbEntity
  8
ARBORI
 62
3
100
AcDbCircle
 10
390839.04
 20
585342.16
 30
0.0
 40
1.7
  0
POINT
  5
A61
330
17
100
AcDbEntity
  8
ARBORI
 62
3
100
AcDbPoint
 10
390839.04
 20
585342.16
 30
0.0
  0
CIRCLE
  5
A62
330
17
100
AcDbEntity
  8
ARBORI
 62
3
100
AcDbCircle
 10
391113.04
 20
585342.16
 30
0.0
 40
1.6
  0
POINT
  5
A63
330
17
100
AcDbEntity
  8
ARBORI
 62
3
100
AcDbPoint
 10
391113.04
 20
585342.16
 30
0.0
  0
CIRCLE
  5
A64
330
17
100
AcDbEntity
  8
ARBORI
 62
3
100
AcDbCircle
 10
390816.04
 20
585341.16
 30
0.0
 40
2.9
  0
POINT
  5
A65
330
17
100
AcDbEntity
  8
ARBORI
 62
3
100
AcDbPoint
 10
390816.04
 20
585341.16
 30
0.0
  0
CIRCLE
  5
A66
330
17
100
AcDbEntity
  8
ARBORI
 62
3
100
AcDbCircle
 10
391146.04
 20
585341.16
 30
0.0
 40
1.5
  0
POINT
  5
A67
330
17
100
AcDbEntity
  8
ARBORI
 62
3
100
AcDbPoint
 10
391146.04
 20
585341.16
 30
0.0
  0
CIRCLE
  5
A68
330
17
100
AcDbEntity
  8
ARBORI
 62
3
100
AcDbCircle
 10
391236.04
 20
585341.16
 30
0.0
 40
2.8
  0
POINT
  5
A69
330
17
100
AcDbEntity
  8
ARBORI
 62
3
100
AcDbPoint
 10
391236.04
 20
585341.16
 30
0.0
  0
CIRCLE
  5
A6A
330
17
100
AcDbEntity
  8
ARBORI
 62
3
100
AcDbCircle
 10
391091.04
 20
585338.16
 30
0.0
 40
2.0
  0
POINT
  5
A6B
330
17
100
AcDbEntity
  8
ARBORI
 62
3
100
AcDbPoint
 10
391091.04
 20
585338.16
 30
0.0
  0
CIRCLE
  5
A6C
330
17
100
AcDbEntity
  8
ARBORI
 62
3
100
AcDbCircle
 10
391129.04
 20
585338.16
 30
0.0
 40
1.5
  0
POINT
  5
A6D
330
17
100
AcDbEntity
  8
ARBORI
 62
3
100
AcDbPoint
 10
391129.04
 20
585338.16
 30
0.0
  0
CIRCLE
  5
A6E
330
17
100
AcDbEntity
  8
ARBORI
 62
3
100
AcDbCircle
 10
391158.04
 20
585338.16
 30
0.0
 40
2.0
  0
POINT
  5
A6F
330
17
100
AcDbEntity
  8
ARBORI
 62
3
100
AcDbPoint
 10
391158.04
 20
585338.16
 30
0.0
  0
CIRCLE
  5
A70
330
17
100
AcDbEntity
  8
ARBORI
 62
3
100
AcDbCircle
 10
391166.04
 20
585337.16
 30
0.0
 40
1.7
  0
POINT
  5
A71
330
17
100
AcDbEntity
  8
ARBORI
 62
3
100
AcDbPoint
 10
391166.04
 20
585337.16
 30
0.0
  0
CIRCLE
  5
A72
330
17
100
AcDbEntity
  8
ARBORI
 62
3
100
AcDbCircle
 10
391225.04
 20
585337.16
 30
0.0
 40
3.4
  0
POINT
  5
A73
330
17
100
AcDbEntity
  8
ARBORI
 62
3
100
AcDbPoint
 10
391225.04
 20
585337.16
 30
0.0
  0
CIRCLE
  5
A74
330
17
100
AcDbEntity
  8
ARBORI
 62
3
100
AcDbCircle
 10
390831.04
 20
585336.16
 30
0.0
 40
1.5
  0
POINT
  5
A75
330
17
100
AcDbEntity
  8
ARBORI
 62
3
100
AcDbPoint
 10
390831.04
 20
585336.16
 30
0.0
  0
CIRCLE
  5
A76
330
17
100
AcDbEntity
  8
ARBORI
 62
3
100
AcDbCircle
 10
391079.04
 20
585336.16
 30
0.0
 40
3.2
  0
POINT
  5
A77
330
17
100
AcDbEntity
  8
ARBORI
 62
3
100
AcDbPoint
 10
391079.04
 20
585336.16
 30
0.0
  0
CIRCLE
  5
A78
330
17
100
AcDbEntity
  8
ARBORI
 62
3
100
AcDbCircle
 10
391096.04
 20
585336.16
 30
0.0
 40
1.7
  0
POINT
  5
A79
330
17
100
AcDbEntity
  8
ARBORI
 62
3
100
AcDbPoint
 10
391096.04
 20
585336.16
 30
0.0
  0
CIRCLE
  5
A7A
330
17
100
AcDbEntity
  8
ARBORI
 62
3
100
AcDbCircle
 10
391116.04
 20
585336.16
 30
0.0
 40
1.8
  0
POINT
  5
A7B
330
17
100
AcDbEntity
  8
ARBORI
 62
3
100
AcDbPoint
 10
391116.04
 20
585336.16
 30
0.0
  0
CIRCLE
  5
A7C
330
17
100
AcDbEntity
  8
ARBORI
 62
3
100
AcDbCircle
 10
391150.04
 20
585336.16
 30
0.0
 40
1.5
  0
POINT
  5
A7D
330
17
100
AcDbEntity
  8
ARBORI
 62
3
100
AcDbPoint
 10
391150.04
 20
585336.16
 30
0.0
  0
CIRCLE
  5
A7E
330
17
100
AcDbEntity
  8
ARBORI
 62
3
100
AcDbCircle
 10
391203.04
 20
585336.16
 30
0.0
 40
6.0
  0
POINT
  5
A7F
330
17
100
AcDbEntity
  8
ARBORI
 62
3
100
AcDbPoint
 10
391203.04
 20
585336.16
 30
0.0
  0
CIRCLE
  5
A80
330
17
100
AcDbEntity
  8
ARBORI
 62
3
100
AcDbCircle
 10
391161.04
 20
585334.16
 30
0.0
 40
2.0
  0
POINT
  5
A81
330
17
100
AcDbEntity
  8
ARBORI
 62
3
100
AcDbPoint
 10
391161.04
 20
585334.16
 30
0.0
  0
CIRCLE
  5
A82
330
17
100
AcDbEntity
  8
ARBORI
 62
3
100
AcDbCircle
 10
391221.04
 20
585334.16
 30
0.0
 40
3.3
  0
POINT
  5
A83
330
17
100
AcDbEntity
  8
ARBORI
 62
3
100
AcDbPoint
 10
391221.04
 20
585334.16
 30
0.0
  0
CIRCLE
  5
A84
330
17
100
AcDbEntity
  8
ARBORI
 62
3
100
AcDbCircle
 10
391094.04
 20
585332.16
 30
0.0
 40
1.6
  0
POINT
  5
A85
330
17
100
AcDbEntity
  8
ARBORI
 62
3
100
AcDbPoint
 10
391094.04
 20
585332.16
 30
0.0
  0
CIRCLE
  5
A86
330
17
100
AcDbEntity
  8
ARBORI
 62
3
100
AcDbCircle
 10
391112.04
 20
585332.16
 30
0.0
 40
1.8
  0
POINT
  5
A87
330
17
100
AcDbEntity
  8
ARBORI
 62
3
100
AcDbPoint
 10
391112.04
 20
585332.16
 30
0.0
  0
CIRCLE
  5
A88
330
17
100
AcDbEntity
  8
ARBORI
 62
3
100
AcDbCircle
 10
391150.04
 20
585330.16
 30
0.0
 40
1.5
  0
POINT
  5
A89
330
17
100
AcDbEntity
  8
ARBORI
 62
3
100
AcDbPoint
 10
391150.04
 20
585330.16
 30
0.0
  0
CIRCLE
  5
A8A
330
17
100
AcDbEntity
  8
ARBORI
 62
3
100
AcDbCircle
 10
391164.04
 20
585330.16
 30
0.0
 40
1.9
  0
POINT
  5
A8B
330
17
100
AcDbEntity
  8
ARBORI
 62
3
100
AcDbPoint
 10
391164.04
 20
585330.16
 30
0.0
  0
CIRCLE
  5
A8C
330
17
100
AcDbEntity
  8
ARBORI
 62
3
100
AcDbCircle
 10
391214.04
 20
585329.16
 30
0.0
 40
5.0
  0
POINT
  5
A8D
330
17
100
AcDbEntity
  8
ARBORI
 62
3
100
AcDbPoint
 10
391214.04
 20
585329.16
 30
0.0
  0
CIRCLE
  5
A8E
330
17
100
AcDbEntity
  8
ARBORI
 62
3
100
AcDbCircle
 10
391098.04
 20
585327.16
 30
0.0
 40
1.6
  0
POINT
  5
A8F
330
17
100
AcDbEntity
  8
ARBORI
 62
3
100
AcDbPoint
 10
391098.04
 20
585327.16
 30
0.0
  0
CIRCLE
  5
A90
330
17
100
AcDbEntity
  8
ARBORI
 62
3
100
AcDbCircle
 10
391122.04
 20
585327.16
 30
0.0
 40
1.8
  0
POINT
  5
A91
330
17
100
AcDbEntity
  8
ARBORI
 62
3
100
AcDbPoint
 10
391122.04
 20
585327.16
 30
0.0
  0
CIRCLE
  5
A92
330
17
100
AcDbEntity
  8
ARBORI
 62
3
100
AcDbCircle
 10
391134.04
 20
585327.16
 30
0.0
 40
1.5
  0
POINT
  5
A93
330
17
100
AcDbEntity
  8
ARBORI
 62
3
100
AcDbPoint
 10
391134.04
 20
585327.16
 30
0.0
  0
CIRCLE
  5
A94
330
17
100
AcDbEntity
  8
ARBORI
 62
3
100
AcDbCircle
 10
390636.04
 20
585326.16
 30
0.0
 40
4.3
  0
POINT
  5
A95
330
17
100
AcDbEntity
  8
ARBORI
 62
3
100
AcDbPoint
 10
390636.04
 20
585326.16
 30
0.0
  0
CIRCLE
  5
A96
330
17
100
AcDbEntity
  8
ARBORI
 62
3
100
AcDbCircle
 10
391222.04
 20
585326.16
 30
0.0
 40
4.4
  0
POINT
  5
A97
330
17
100
AcDbEntity
  8
ARBORI
 62
3
100
AcDbPoint
 10
391222.04
 20
585326.16
 30
0.0
  0
CIRCLE
  5
A98
330
17
100
AcDbEntity
  8
ARBORI
 62
3
100
AcDbCircle
 10
391156.04
 20
585325.16
 30
0.0
 40
1.5
  0
POINT
  5
A99
330
17
100
AcDbEntity
  8
ARBORI
 62
3
100
AcDbPoint
 10
391156.04
 20
585325.16
 30
0.0
  0
CIRCLE
  5
A9A
330
17
100
AcDbEntity
  8
ARBORI
 62
3
100
AcDbCircle
 10
390644.04
 20
585324.16
 30
0.0
 40
3.7
  0
POINT
  5
A9B
330
17
100
AcDbEntity
  8
ARBORI
 62
3
100
AcDbPoint
 10
390644.04
 20
585324.16
 30
0.0
  0
CIRCLE
  5
A9C
330
17
100
AcDbEntity
  8
ARBORI
 62
3
100
AcDbCircle
 10
391218.04
 20
585324.16
 30
0.0
 40
3.7
  0
POINT
  5
A9D
330
17
100
AcDbEntity
  8
ARBORI
 62
3
100
AcDbPoint
 10
391218.04
 20
585324.16
 30
0.0
  0
CIRCLE
  5
A9E
330
17
100
AcDbEntity
  8
ARBORI
 62
3
100
AcDbCircle
 10
391090.04
 20
585323.16
 30
0.0
 40
1.6
  0
POINT
  5
A9F
330
17
100
AcDbEntity
  8
ARBORI
 62
3
100
AcDbPoint
 10
391090.04
 20
585323.16
 30
0.0
  0
CIRCLE
  5
AA0
330
17
100
AcDbEntity
  8
ARBORI
 62
3
100
AcDbCircle
 10
391116.04
 20
585323.16
 30
0.0
 40
1.5
  0
POINT
  5
AA1
330
17
100
AcDbEntity
  8
ARBORI
 62
3
100
AcDbPoint
 10
391116.04
 20
585323.16
 30
0.0
  0
CIRCLE
  5
AA2
330
17
100
AcDbEntity
  8
ARBORI
 62
3
100
AcDbCircle
 10
391130.04
 20
585323.16
 30
0.0
 40
1.5
  0
POINT
  5
AA3
330
17
100
AcDbEntity
  8
ARBORI
 62
3
100
AcDbPoint
 10
391130.04
 20
585323.16
 30
0.0
  0
CIRCLE
  5
AA4
330
17
100
AcDbEntity
  8
ARBORI
 62
3
100
AcDbCircle
 10
391147.04
 20
585323.16
 30
0.0
 40
1.6
  0
POINT
  5
AA5
330
17
100
AcDbEntity
  8
ARBORI
 62
3
100
AcDbPoint
 10
391147.04
 20
585323.16
 30
0.0
  0
CIRCLE
  5
AA6
330
17
100
AcDbEntity
  8
ARBORI
 62
3
100
AcDbCircle
 10
391079.04
 20
585322.16
 30
0.0
 40
5.2
  0
POINT
  5
AA7
330
17
100
AcDbEntity
  8
ARBORI
 62
3
100
AcDbPoint
 10
391079.04
 20
585322.16
 30
0.0
  0
CIRCLE
  5
AA8
330
17
100
AcDbEntity
  8
ARBORI
 62
3
100
AcDbCircle
 10
391137.04
 20
585322.16
 30
0.0
 40
1.5
  0
POINT
  5
AA9
330
17
100
AcDbEntity
  8
ARBORI
 62
3
100
AcDbPoint
 10
391137.04
 20
585322.16
 30
0.0
  0
CIRCLE
  5
AAA
330
17
100
AcDbEntity
  8
ARBORI
 62
3
100
AcDbCircle
 10
391175.04
 20
585321.16
 30
0.0
 40
1.8
  0
POINT
  5
AAB
330
17
100
AcDbEntity
  8
ARBORI
 62
3
100
AcDbPoint
 10
391175.04
 20
585321.16
 30
0.0
  0
CIRCLE
  5
AAC
330
17
100
AcDbEntity
  8
ARBORI
 62
3
100
AcDbCircle
 10
391193.04
 20
585321.16
 30
0.0
 40
1.5
  0
POINT
  5
AAD
330
17
100
AcDbEntity
  8
ARBORI
 62
3
100
AcDbPoint
 10
391193.04
 20
585321.16
 30
0.0
  0
CIRCLE
  5
AAE
330
17
100
AcDbEntity
  8
ARBORI
 62
3
100
AcDbCircle
 10
391120.04
 20
585320.16
 30
0.0
 40
1.6
  0
POINT
  5
AAF
330
17
100
AcDbEntity
  8
ARBORI
 62
3
100
AcDbPoint
 10
391120.04
 20
585320.16
 30
0.0
  0
CIRCLE
  5
AB0
330
17
100
AcDbEntity
  8
ARBORI
 62
3
100
AcDbCircle
 10
391101.04
 20
585319.16
 30
0.0
 40
1.5
  0
POINT
  5
AB1
330
17
100
AcDbEntity
  8
ARBORI
 62
3
100
AcDbPoint
 10
391101.04
 20
585319.16
 30
0.0
  0
CIRCLE
  5
AB2
330
17
100
AcDbEntity
  8
ARBORI
 62
3
100
AcDbCircle
 10
391228.04
 20
585319.16
 30
0.0
 40
4.3
  0
POINT
  5
AB3
330
17
100
AcDbEntity
  8
ARBORI
 62
3
100
AcDbPoint
 10
391228.04
 20
585319.16
 30
0.0
  0
CIRCLE
  5
AB4
330
17
100
AcDbEntity
  8
ARBORI
 62
3
100
AcDbCircle
 10
391138.04
 20
585317.16
 30
0.0
 40
1.5
  0
POINT
  5
AB5
330
17
100
AcDbEntity
  8
ARBORI
 62
3
100
AcDbPoint
 10
391138.04
 20
585317.16
 30
0.0
  0
CIRCLE
  5
AB6
330
17
100
AcDbEntity
  8
ARBORI
 62
3
100
AcDbCircle
 10
391156.04
 20
585317.16
 30
0.0
 40
1.5
  0
POINT
  5
AB7
330
17
100
AcDbEntity
  8
ARBORI
 62
3
100
AcDbPoint
 10
391156.04
 20
585317.16
 30
0.0
  0
CIRCLE
  5
AB8
330
17
100
AcDbEntity
  8
ARBORI
 62
3
100
AcDbCircle
 10
391213.04
 20
585317.16
 30
0.0
 40
6.0
  0
POINT
  5
AB9
330
17
100
AcDbEntity
  8
ARBORI
 62
3
100
AcDbPoint
 10
391213.04
 20
585317.16
 30
0.0
  0
CIRCLE
  5
ABA
330
17
100
AcDbEntity
  8
ARBORI
 62
3
100
AcDbCircle
 10
391199.04
 20
585316.16
 30
0.0
 40
5.5
  0
POINT
  5
ABB
330
17
100
AcDbEntity
  8
ARBORI
 62
3
100
AcDbPoint
 10
391199.04
 20
585316.16
 30
0.0
  0
CIRCLE
  5
ABC
330
17
100
AcDbEntity
  8
ARBORI
 62
3
100
AcDbCircle
 10
391222.04
 20
585316.16
 30
0.0
 40
3.7
  0
POINT
  5
ABD
330
17
100
AcDbEntity
  8
ARBORI
 62
3
100
AcDbPoint
 10
391222.04
 20
585316.16
 30
0.0
  0
CIRCLE
  5
ABE
330
17
100
AcDbEntity
  8
ARBORI
 62
3
100
AcDbCircle
 10
390643.04
 20
585315.16
 30
0.0
 40
3.0
  0
POINT
  5
ABF
330
17
100
AcDbEntity
  8
ARBORI
 62
3
100
AcDbPoint
 10
390643.04
 20
585315.16
 30
0.0
  0
CIRCLE
  5
AC0
330
17
100
AcDbEntity
  8
ARBORI
 62
3
100
AcDbCircle
 10
390829.04
 20
585314.16
 30
0.0
 40
2.0
  0
POINT
  5
AC1
330
17
100
AcDbEntity
  8
ARBORI
 62
3
100
AcDbPoint
 10
390829.04
 20
585314.16
 30
0.0
  0
CIRCLE
  5
AC2
330
17
100
AcDbEntity
  8
ARBORI
 62
3
100
AcDbCircle
 10
391086.04
 20
585314.16
 30
0.0
 40
5.5
  0
POINT
  5
AC3
330
17
100
AcDbEntity
  8
ARBORI
 62
3
100
AcDbPoint
 10
391086.04
 20
585314.16
 30
0.0
  0
CIRCLE
  5
AC4
330
17
100
AcDbEntity
  8
ARBORI
 62
3
100
AcDbCircle
 10
391105.04
 20
585313.16
 30
0.0
 40
2.0
  0
POINT
  5
AC5
330
17
100
AcDbEntity
  8
ARBORI
 62
3
100
AcDbPoint
 10
391105.04
 20
585313.16
 30
0.0
  0
CIRCLE
  5
AC6
330
17
100
AcDbEntity
  8
ARBORI
 62
3
100
AcDbCircle
 10
391145.04
 20
585313.16
 30
0.0
 40
1.5
  0
POINT
  5
AC7
330
17
100
AcDbEntity
  8
ARBORI
 62
3
100
AcDbPoint
 10
391145.04
 20
585313.16
 30
0.0
  0
CIRCLE
  5
AC8
330
17
100
AcDbEntity
  8
ARBORI
 62
3
100
AcDbCircle
 10
391212.04
 20
585313.16
 30
0.0
 40
6.0
  0
POINT
  5
AC9
330
17
100
AcDbEntity
  8
ARBORI
 62
3
100
AcDbPoint
 10
391212.04
 20
585313.16
 30
0.0
  0
CIRCLE
  5
ACA
330
17
100
AcDbEntity
  8
ARBORI
 62
3
100
AcDbCircle
 10
391152.04
 20
585312.16
 30
0.0
 40
1.5
  0
POINT
  5
ACB
330
17
100
AcDbEntity
  8
ARBORI
 62
3
100
AcDbPoint
 10
391152.04
 20
585312.16
 30
0.0
  0
CIRCLE
  5
ACC
330
17
100
AcDbEntity
  8
ARBORI
 62
3
100
AcDbCircle
 10
391208.04
 20
585312.16
 30
0.0
 40
6.0
  0
POINT
  5
ACD
330
17
100
AcDbEntity
  8
ARBORI
 62
3
100
AcDbPoint
 10
391208.04
 20
585312.16
 30
0.0
  0
CIRCLE
  5
ACE
330
17
100
AcDbEntity
  8
ARBORI
 62
3
100
AcDbCircle
 10
391122.04
 20
585311.16
 30
0.0
 40
1.5
  0
POINT
  5
ACF
330
17
100
AcDbEntity
  8
ARBORI
 62
3
100
AcDbPoint
 10
391122.04
 20
585311.16
 30
0.0
  0
CIRCLE
  5
AD0
330
17
100
AcDbEntity
  8
ARBORI
 62
3
100
AcDbCircle
 10
391067.04
 20
585310.16
 30
0.0
 40
1.5
  0
POINT
  5
AD1
330
17
100
AcDbEntity
  8
ARBORI
 62
3
100
AcDbPoint
 10
391067.04
 20
585310.16
 30
0.0
  0
CIRCLE
  5
AD2
330
17
100
AcDbEntity
  8
ARBORI
 62
3
100
AcDbCircle
 10
391096.04
 20
585310.16
 30
0.0
 40
1.5
  0
POINT
  5
AD3
330
17
100
AcDbEntity
  8
ARBORI
 62
3
100
AcDbPoint
 10
391096.04
 20
585310.16
 30
0.0
  0
CIRCLE
  5
AD4
330
17
100
AcDbEntity
  8
ARBORI
 62
3
100
AcDbCircle
 10
391126.04
 20
585310.16
 30
0.0
 40
1.5
  0
POINT
  5
AD5
330
17
100
AcDbEntity
  8
ARBORI
 62
3
100
AcDbPoint
 10
391126.04
 20
585310.16
 30
0.0
  0
CIRCLE
  5
AD6
330
17
100
AcDbEntity
  8
ARBORI
 62
3
100
AcDbCircle
 10
391229.04
 20
585310.16
 30
0.0
 40
5.6
  0
POINT
  5
AD7
330
17
100
AcDbEntity
  8
ARBORI
 62
3
100
AcDbPoint
 10
391229.04
 20
585310.16
 30
0.0
  0
CIRCLE
  5
AD8
330
17
100
AcDbEntity
  8
ARBORI
 62
3
100
AcDbCircle
 10
391234.04
 20
585310.16
 30
0.0
 40
5.6
  0
POINT
  5
AD9
330
17
100
AcDbEntity
  8
ARBORI
 62
3
100
AcDbPoint
 10
391234.04
 20
585310.16
 30
0.0
  0
CIRCLE
  5
ADA
330
17
100
AcDbEntity
  8
ARBORI
 62
3
100
AcDbCircle
 10
391059.04
 20
585309.16
 30
0.0
 40
1.5
  0
POINT
  5
ADB
330
17
100
AcDbEntity
  8
ARBORI
 62
3
100
AcDbPoint
 10
391059.04
 20
585309.16
 30
0.0
  0
CIRCLE
  5
ADC
330
17
100
AcDbEntity
  8
ARBORI
 62
3
100
AcDbCircle
 10
390815.04
 20
585308.16
 30
0.0
 40
2.2
  0
POINT
  5
ADD
330
17
100
AcDbEntity
  8
ARBORI
 62
3
100
AcDbPoint
 10
390815.04
 20
585308.16
 30
0.0
  0
CIRCLE
  5
ADE
330
17
100
AcDbEntity
  8
ARBORI
 62
3
100
AcDbCircle
 10
390859.04
 20
585307.16
 30
0.0
 40
2.4
  0
POINT
  5
ADF
330
17
100
AcDbEntity
  8
ARBORI
 62
3
100
AcDbPoint
 10
390859.04
 20
585307.16
 30
0.0
  0
CIRCLE
  5
AE0
330
17
100
AcDbEntity
  8
ARBORI
 62
3
100
AcDbCircle
 10
391184.04
 20
585307.16
 30
0.0
 40
6.0
  0
POINT
  5
AE1
330
17
100
AcDbEntity
  8
ARBORI
 62
3
100
AcDbPoint
 10
391184.04
 20
585307.16
 30
0.0
  0
CIRCLE
  5
AE2
330
17
100
AcDbEntity
  8
ARBORI
 62
3
100
AcDbCircle
 10
391194.04
 20
585307.16
 30
0.0
 40
3.6
  0
POINT
  5
AE3
330
17
100
AcDbEntity
  8
ARBORI
 62
3
100
AcDbPoint
 10
391194.04
 20
585307.16
 30
0.0
  0
CIRCLE
  5
AE4
330
17
100
AcDbEntity
  8
ARBORI
 62
3
100
AcDbCircle
 10
391088.04
 20
585306.16
 30
0.0
 40
5.3
  0
POINT
  5
AE5
330
17
100
AcDbEntity
  8
ARBORI
 62
3
100
AcDbPoint
 10
391088.04
 20
585306.16
 30
0.0
  0
CIRCLE
  5
AE6
330
17
100
AcDbEntity
  8
ARBORI
 62
3
100
AcDbCircle
 10
391217.04
 20
585306.16
 30
0.0
 40
6.0
  0
POINT
  5
AE7
330
17
100
AcDbEntity
  8
ARBORI
 62
3
100
AcDbPoint
 10
391217.04
 20
585306.16
 30
0.0
  0
CIRCLE
  5
AE8
330
17
100
AcDbEntity
  8
ARBORI
 62
3
100
AcDbCircle
 10
390655.04
 20
585304.16
 30
0.0
 40
1.5
  0
POINT
  5
AE9
330
17
100
AcDbEntity
  8
ARBORI
 62
3
100
AcDbPoint
 10
390655.04
 20
585304.16
 30
0.0
  0
CIRCLE
  5
AEA
330
17
100
AcDbEntity
  8
ARBORI
 62
3
100
AcDbCircle
 10
391059.04
 20
585304.16
 30
0.0
 40
1.5
  0
POINT
  5
AEB
330
17
100
AcDbEntity
  8
ARBORI
 62
3
100
AcDbPoint
 10
391059.04
 20
585304.16
 30
0.0
  0
CIRCLE
  5
AEC
330
17
100
AcDbEntity
  8
ARBORI
 62
3
100
AcDbCircle
 10
391114.04
 20
585304.16
 30
0.0
 40
1.5
  0
POINT
  5
AED
330
17
100
AcDbEntity
  8
ARBORI
 62
3
100
AcDbPoint
 10
391114.04
 20
585304.16
 30
0.0
  0
CIRCLE
  5
AEE
330
17
100
AcDbEntity
  8
ARBORI
 62
3
100
AcDbCircle
 10
391100.04
 20
585303.16
 30
0.0
 40
1.5
  0
POINT
  5
AEF
330
17
100
AcDbEntity
  8
ARBORI
 62
3
100
AcDbPoint
 10
391100.04
 20
585303.16
 30
0.0
  0
CIRCLE
  5
AF0
330
17
100
AcDbEntity
  8
ARBORI
 62
3
100
AcDbCircle
 10
391106.04
 20
585303.16
 30
0.0
 40
1.5
  0
POINT
  5
AF1
330
17
100
AcDbEntity
  8
ARBORI
 62
3
100
AcDbPoint
 10
391106.04
 20
585303.16
 30
0.0
  0
CIRCLE
  5
AF2
330
17
100
AcDbEntity
  8
ARBORI
 62
3
100
AcDbCircle
 10
390841.04
 20
585301.16
 30
0.0
 40
2.6
  0
POINT
  5
AF3
330
17
100
AcDbEntity
  8
ARBORI
 62
3
100
AcDbPoint
 10
390841.04
 20
585301.16
 30
0.0
  0
CIRCLE
  5
AF4
330
17
100
AcDbEntity
  8
ARBORI
 62
3
100
AcDbCircle
 10
391049.04
 20
585301.16
 30
0.0
 40
1.5
  0
POINT
  5
AF5
330
17
100
AcDbEntity
  8
ARBORI
 62
3
100
AcDbPoint
 10
391049.04
 20
585301.16
 30
0.0
  0
CIRCLE
  5
AF6
330
17
100
AcDbEntity
  8
ARBORI
 62
3
100
AcDbCircle
 10
391143.04
 20
585301.16
 30
0.0
 40
6.0
  0
POINT
  5
AF7
330
17
100
AcDbEntity
  8
ARBORI
 62
3
100
AcDbPoint
 10
391143.04
 20
585301.16
 30
0.0
  0
CIRCLE
  5
AF8
330
17
100
AcDbEntity
  8
ARBORI
 62
3
100
AcDbCircle
 10
391170.04
 20
585301.16
 30
0.0
 40
6.0
  0
POINT
  5
AF9
330
17
100
AcDbEntity
  8
ARBORI
 62
3
100
AcDbPoint
 10
391170.04
 20
585301.16
 30
0.0
  0
CIRCLE
  5
AFA
330
17
100
AcDbEntity
  8
ARBORI
 62
3
100
AcDbCircle
 10
390848.04
 20
585300.16
 30
0.0
 40
3.5
  0
POINT
  5
AFB
330
17
100
AcDbEntity
  8
ARBORI
 62
3
100
AcDbPoint
 10
390848.04
 20
585300.16
 30
0.0
  0
CIRCLE
  5
AFC
330
17
100
AcDbEntity
  8
ARBORI
 62
3
100
AcDbCircle
 10
390862.04
 20
585300.16
 30
0.0
 40
2.5
  0
POINT
  5
AFD
330
17
100
AcDbEntity
  8
ARBORI
 62
3
100
AcDbPoint
 10
390862.04
 20
585300.16
 30
0.0
  0
CIRCLE
  5
AFE
330
17
100
AcDbEntity
  8
ARBORI
 62
3
100
AcDbCircle
 10
391117.04
 20
585300.16
 30
0.0
 40
1.5
  0
POINT
  5
AFF
330
17
100
AcDbEntity
  8
ARBORI
 62
3
100
AcDbPoint
 10
391117.04
 20
585300.16
 30
0.0
  0
CIRCLE
  5
B00
330
17
100
AcDbEntity
  8
ARBORI
 62
3
100
AcDbCircle
 10
391161.04
 20
585300.16
 30
0.0
 40
3.1
  0
POINT
  5
B01
330
17
100
AcDbEntity
  8
ARBORI
 62
3
100
AcDbPoint
 10
391161.04
 20
585300.16
 30
0.0
  0
CIRCLE
  5
B02
330
17
100
AcDbEntity
  8
ARBORI
 62
3
100
AcDbCircle
 10
391166.04
 20
585300.16
 30
0.0
 40
6.0
  0
POINT
  5
B03
330
17
100
AcDbEntity
  8
ARBORI
 62
3
100
AcDbPoint
 10
391166.04
 20
585300.16
 30
0.0
  0
CIRCLE
  5
B04
330
17
100
AcDbEntity
  8
ARBORI
 62
3
100
AcDbCircle
 10
391087.04
 20
585299.16
 30
0.0
 40
4.8
  0
POINT
  5
B05
330
17
100
AcDbEntity
  8
ARBORI
 62
3
100
AcDbPoint
 10
391087.04
 20
585299.16
 30
0.0
  0
CIRCLE
  5
B06
330
17
100
AcDbEntity
  8
ARBORI
 62
3
100
AcDbCircle
 10
390660.04
 20
585298.16
 30
0.0
 40
1.5
  0
POINT
  5
B07
330
17
100
AcDbEntity
  8
ARBORI
 62
3
100
AcDbPoint
 10
390660.04
 20
585298.16
 30
0.0
  0
CIRCLE
  5
B08
330
17
100
AcDbEntity
  8
ARBORI
 62
3
100
AcDbCircle
 10
391127.04
 20
585298.16
 30
0.0
 40
6.0
  0
POINT
  5
B09
330
17
100
AcDbEntity
  8
ARBORI
 62
3
100
AcDbPoint
 10
391127.04
 20
585298.16
 30
0.0
  0
CIRCLE
  5
B0A
330
17
100
AcDbEntity
  8
ARBORI
 62
3
100
AcDbCircle
 10
391196.04
 20
585298.16
 30
0.0
 40
6.0
  0
POINT
  5
B0B
330
17
100
AcDbEntity
  8
ARBORI
 62
3
100
AcDbPoint
 10
391196.04
 20
585298.16
 30
0.0
  0
CIRCLE
  5
B0C
330
17
100
AcDbEntity
  8
ARBORI
 62
3
100
AcDbCircle
 10
390671.04
 20
585297.16
 30
0.0
 40
2.9
  0
POINT
  5
B0D
330
17
100
AcDbEntity
  8
ARBORI
 62
3
100
AcDbPoint
 10
390671.04
 20
585297.16
 30
0.0
  0
CIRCLE
  5
B0E
330
17
100
AcDbEntity
  8
ARBORI
 62
3
100
AcDbCircle
 10
391100.04
 20
585297.16
 30
0.0
 40
1.5
  0
POINT
  5
B0F
330
17
100
AcDbEntity
  8
ARBORI
 62
3
100
AcDbPoint
 10
391100.04
 20
585297.16
 30
0.0
  0
CIRCLE
  5
B10
330
17
100
AcDbEntity
  8
ARBORI
 62
3
100
AcDbCircle
 10
391105.04
 20
585297.16
 30
0.0
 40
1.5
  0
POINT
  5
B11
330
17
100
AcDbEntity
  8
ARBORI
 62
3
100
AcDbPoint
 10
391105.04
 20
585297.16
 30
0.0
  0
CIRCLE
  5
B12
330
17
100
AcDbEntity
  8
ARBORI
 62
3
100
AcDbCircle
 10
391032.04
 20
585296.16
 30
0.0
 40
1.5
  0
POINT
  5
B13
330
17
100
AcDbEntity
  8
ARBORI
 62
3
100
AcDbPoint
 10
391032.04
 20
585296.16
 30
0.0
  0
CIRCLE
  5
B14
330
17
100
AcDbEntity
  8
ARBORI
 62
3
100
AcDbCircle
 10
391085.04
 20
585294.16
 30
0.0
 40
4.7
  0
POINT
  5
B15
330
17
100
AcDbEntity
  8
ARBORI
 62
3
100
AcDbPoint
 10
391085.04
 20
585294.16
 30
0.0
  0
CIRCLE
  5
B16
330
17
100
AcDbEntity
  8
ARBORI
 62
3
100
AcDbCircle
 10
391162.04
 20
585294.16
 30
0.0
 40
6.0
  0
POINT
  5
B17
330
17
100
AcDbEntity
  8
ARBORI
 62
3
100
AcDbPoint
 10
391162.04
 20
585294.16
 30
0.0
  0
CIRCLE
  5
B18
330
17
100
AcDbEntity
  8
ARBORI
 62
3
100
AcDbCircle
 10
391187.04
 20
585294.16
 30
0.0
 40
6.0
  0
POINT
  5
B19
330
17
100
AcDbEntity
  8
ARBORI
 62
3
100
AcDbPoint
 10
391187.04
 20
585294.16
 30
0.0
  0
CIRCLE
  5
B1A
330
17
100
AcDbEntity
  8
ARBORI
 62
3
100
AcDbCircle
 10
391223.04
 20
585294.16
 30
0.0
 40
6.0
  0
POINT
  5
B1B
330
17
100
AcDbEntity
  8
ARBORI
 62
3
100
AcDbPoint
 10
391223.04
 20
585294.16
 30
0.0
  0
CIRCLE
  5
B1C
330
17
100
AcDbEntity
  8
ARBORI
 62
3
100
AcDbCircle
 10
391071.04
 20
585293.16
 30
0.0
 40
2.9
  0
POINT
  5
B1D
330
17
100
AcDbEntity
  8
ARBORI
 62
3
100
AcDbPoint
 10
391071.04
 20
585293.16
 30
0.0
  0
CIRCLE
  5
B1E
330
17
100
AcDbEntity
  8
ARBORI
 62
3
100
AcDbCircle
 10
390667.04
 20
585292.16
 30
0.0
 40
1.7
  0
POINT
  5
B1F
330
17
100
AcDbEntity
  8
ARBORI
 62
3
100
AcDbPoint
 10
390667.04
 20
585292.16
 30
0.0
  0
CIRCLE
  5
B20
330
17
100
AcDbEntity
  8
ARBORI
 62
3
100
AcDbCircle
 10
390856.04
 20
585292.16
 30
0.0
 40
2.4
  0
POINT
  5
B21
330
17
100
AcDbEntity
  8
ARBORI
 62
3
100
AcDbPoint
 10
390856.04
 20
585292.16
 30
0.0
  0
CIRCLE
  5
B22
330
17
100
AcDbEntity
  8
ARBORI
 62
3
100
AcDbCircle
 10
391119.04
 20
585292.16
 30
0.0
 40
1.5
  0
POINT
  5
B23
330
17
100
AcDbEntity
  8
ARBORI
 62
3
100
AcDbPoint
 10
391119.04
 20
585292.16
 30
0.0
  0
CIRCLE
  5
B24
330
17
100
AcDbEntity
  8
ARBORI
 62
3
100
AcDbCircle
 10
391147.04
 20
585292.16
 30
0.0
 40
6.0
  0
POINT
  5
B25
330
17
100
AcDbEntity
  8
ARBORI
 62
3
100
AcDbPoint
 10
391147.04
 20
585292.16
 30
0.0
  0
CIRCLE
  5
B26
330
17
100
AcDbEntity
  8
ARBORI
 62
3
100
AcDbCircle
 10
391204.04
 20
585292.16
 30
0.0
 40
6.0
  0
POINT
  5
B27
330
17
100
AcDbEntity
  8
ARBORI
 62
3
100
AcDbPoint
 10
391204.04
 20
585292.16
 30
0.0
  0
CIRCLE
  5
B28
330
17
100
AcDbEntity
  8
ARBORI
 62
3
100
AcDbCircle
 10
391104.04
 20
585291.16
 30
0.0
 40
1.5
  0
POINT
  5
B29
330
17
100
AcDbEntity
  8
ARBORI
 62
3
100
AcDbPoint
 10
391104.04
 20
585291.16
 30
0.0
  0
CIRCLE
  5
B2A
330
17
100
AcDbEntity
  8
ARBORI
 62
3
100
AcDbCircle
 10
391172.04
 20
585290.16
 30
0.0
 40
6.0
  0
POINT
  5
B2B
330
17
100
AcDbEntity
  8
ARBORI
 62
3
100
AcDbPoint
 10
391172.04
 20
585290.16
 30
0.0
  0
CIRCLE
  5
B2C
330
17
100
AcDbEntity
  8
ARBORI
 62
3
100
AcDbCircle
 10
391195.04
 20
585290.16
 30
0.0
 40
6.0
  0
POINT
  5
B2D
330
17
100
AcDbEntity
  8
ARBORI
 62
3
100
AcDbPoint
 10
391195.04
 20
585290.16
 30
0.0
  0
CIRCLE
  5
B2E
330
17
100
AcDbEntity
  8
ARBORI
 62
3
100
AcDbCircle
 10
390653.04
 20
585289.16
 30
0.0
 40
1.5
  0
POINT
  5
B2F
330
17
100
AcDbEntity
  8
ARBORI
 62
3
100
AcDbPoint
 10
390653.04
 20
585289.16
 30
0.0
  0
CIRCLE
  5
B30
330
17
100
AcDbEntity
  8
ARBORI
 62
3
100
AcDbCircle
 10
391180.04
 20
585289.16
 30
0.0
 40
6.0
  0
POINT
  5
B31
330
17
100
AcDbEntity
  8
ARBORI
 62
3
100
AcDbPoint
 10
391180.04
 20
585289.16
 30
0.0
  0
CIRCLE
  5
B32
330
17
100
AcDbEntity
  8
ARBORI
 62
3
100
AcDbCircle
 10
390662.04
 20
585288.16
 30
0.0
 40
1.5
  0
POINT
  5
B33
330
17
100
AcDbEntity
  8
ARBORI
 62
3
100
AcDbPoint
 10
390662.04
 20
585288.16
 30
0.0
  0
CIRCLE
  5
B34
330
17
100
AcDbEntity
  8
ARBORI
 62
3
100
AcDbCircle
 10
390676.04
 20
585288.16
 30
0.0
 40
2.6
  0
POINT
  5
B35
330
17
100
AcDbEntity
  8
ARBORI
 62
3
100
AcDbPoint
 10
390676.04
 20
585288.16
 30
0.0
  0
CIRCLE
  5
B36
330
17
100
AcDbEntity
  8
ARBORI
 62
3
100
AcDbCircle
 10
391050.04
 20
585288.16
 30
0.0
 40
1.5
  0
POINT
  5
B37
330
17
100
AcDbEntity
  8
ARBORI
 62
3
100
AcDbPoint
 10
391050.04
 20
585288.16
 30
0.0
  0
CIRCLE
  5
B38
330
17
100
AcDbEntity
  8
ARBORI
 62
3
100
AcDbCircle
 10
391086.04
 20
585288.16
 30
0.0
 40
4.5
  0
POINT
  5
B39
330
17
100
AcDbEntity
  8
ARBORI
 62
3
100
AcDbPoint
 10
391086.04
 20
585288.16
 30
0.0
  0
CIRCLE
  5
B3A
330
17
100
AcDbEntity
  8
ARBORI
 62
3
100
AcDbCircle
 10
391160.04
 20
585288.16
 30
0.0
 40
6.0
  0
POINT
  5
B3B
330
17
100
AcDbEntity
  8
ARBORI
 62
3
100
AcDbPoint
 10
391160.04
 20
585288.16
 30
0.0
  0
CIRCLE
  5
B3C
330
17
100
AcDbEntity
  8
ARBORI
 62
3
100
AcDbCircle
 10
391045.04
 20
585287.16
 30
0.0
 40
1.5
  0
POINT
  5
B3D
330
17
100
AcDbEntity
  8
ARBORI
 62
3
100
AcDbPoint
 10
391045.04
 20
585287.16
 30
0.0
  0
CIRCLE
  5
B3E
330
17
100
AcDbEntity
  8
ARBORI
 62
3
100
AcDbCircle
 10
391218.04
 20
585287.16
 30
0.0
 40
6.0
  0
POINT
  5
B3F
330
17
100
AcDbEntity
  8
ARBORI
 62
3
100
AcDbPoint
 10
391218.04
 20
585287.16
 30
0.0
  0
CIRCLE
  5
B40
330
17
100
AcDbEntity
  8
ARBORI
 62
3
100
AcDbCircle
 10
390854.04
 20
585286.16
 30
0.0
 40
2.9
  0
POINT
  5
B41
330
17
100
AcDbEntity
  8
ARBORI
 62
3
100
AcDbPoint
 10
390854.04
 20
585286.16
 30
0.0
  0
CIRCLE
  5
B42
330
17
100
AcDbEntity
  8
ARBORI
 62
3
100
AcDbCircle
 10
391155.04
 20
585286.16
 30
0.0
 40
6.0
  0
POINT
  5
B43
330
17
100
AcDbEntity
  8
ARBORI
 62
3
100
AcDbPoint
 10
391155.04
 20
585286.16
 30
0.0
  0
CIRCLE
  5
B44
330
17
100
AcDbEntity
  8
ARBORI
 62
3
100
AcDbCircle
 10
391172.04
 20
585285.16
 30
0.0
 40
6.0
  0
POINT
  5
B45
330
17
100
AcDbEntity
  8
ARBORI
 62
3
100
AcDbPoint
 10
391172.04
 20
585285.16
 30
0.0
  0
CIRCLE
  5
B46
330
17
100
AcDbEntity
  8
ARBORI
 62
3
100
AcDbCircle
 10
391069.04
 20
585284.16
 30
0.0
 40
2.6
  0
POINT
  5
B47
330
17
100
AcDbEntity
  8
ARBORI
 62
3
100
AcDbPoint
 10
391069.04
 20
585284.16
 30
0.0
  0
CIRCLE
  5
B48
330
17
100
AcDbEntity
  8
ARBORI
 62
3
100
AcDbCircle
 10
391064.04
 20
585283.16
 30
0.0
 40
2.6
  0
POINT
  5
B49
330
17
100
AcDbEntity
  8
ARBORI
 62
3
100
AcDbPoint
 10
391064.04
 20
585283.16
 30
0.0
  0
CIRCLE
  5
B4A
330
17
100
AcDbEntity
  8
ARBORI
 62
3
100
AcDbCircle
 10
391213.04
 20
585283.16
 30
0.0
 40
2.2
  0
POINT
  5
B4B
330
17
100
AcDbEntity
  8
ARBORI
 62
3
100
AcDbPoint
 10
391213.04
 20
585283.16
 30
0.0
  0
CIRCLE
  5
B4C
330
17
100
AcDbEntity
  8
ARBORI
 62
3
100
AcDbCircle
 10
391057.04
 20
585282.16
 30
0.0
 40
3.7
  0
POINT
  5
B4D
330
17
100
AcDbEntity
  8
ARBORI
 62
3
100
AcDbPoint
 10
391057.04
 20
585282.16
 30
0.0
  0
CIRCLE
  5
B4E
330
17
100
AcDbEntity
  8
ARBORI
 62
3
100
AcDbCircle
 10
391085.04
 20
585282.16
 30
0.0
 40
4.8
  0
POINT
  5
B4F
330
17
100
AcDbEntity
  8
ARBORI
 62
3
100
AcDbPoint
 10
391085.04
 20
585282.16
 30
0.0
  0
CIRCLE
  5
B50
330
17
100
AcDbEntity
  8
ARBORI
 62
3
100
AcDbCircle
 10
391138.04
 20
585282.16
 30
0.0
 40
6.0
  0
POINT
  5
B51
330
17
100
AcDbEntity
  8
ARBORI
 62
3
100
AcDbPoint
 10
391138.04
 20
585282.16
 30
0.0
  0
CIRCLE
  5
B52
330
17
100
AcDbEntity
  8
ARBORI
 62
3
100
AcDbCircle
 10
391111.04
 20
585281.16
 30
0.0
 40
6.0
  0
POINT
  5
B53
330
17
100
AcDbEntity
  8
ARBORI
 62
3
100
AcDbPoint
 10
391111.04
 20
585281.16
 30
0.0
  0
CIRCLE
  5
B54
330
17
100
AcDbEntity
  8
ARBORI
 62
3
100
AcDbCircle
 10
390853.04
 20
585280.16
 30
0.0
 40
2.9
  0
POINT
  5
B55
330
17
100
AcDbEntity
  8
ARBORI
 62
3
100
AcDbPoint
 10
390853.04
 20
585280.16
 30
0.0
  0
CIRCLE
  5
B56
330
17
100
AcDbEntity
  8
ARBORI
 62
3
100
AcDbCircle
 10
391067.04
 20
585279.16
 30
0.0
 40
3.3
  0
POINT
  5
B57
330
17
100
AcDbEntity
  8
ARBORI
 62
3
100
AcDbPoint
 10
391067.04
 20
585279.16
 30
0.0
  0
CIRCLE
  5
B58
330
17
100
AcDbEntity
  8
ARBORI
 62
3
100
AcDbCircle
 10
391080.04
 20
585279.16
 30
0.0
 40
4.4
  0
POINT
  5
B59
330
17
100
AcDbEntity
  8
ARBORI
 62
3
100
AcDbPoint
 10
391080.04
 20
585279.16
 30
0.0
  0
CIRCLE
  5
B5A
330
17
100
AcDbEntity
  8
ARBORI
 62
3
100
AcDbCircle
 10
391161.04
 20
585279.16
 30
0.0
 40
6.0
  0
POINT
  5
B5B
330
17
100
AcDbEntity
  8
ARBORI
 62
3
100
AcDbPoint
 10
391161.04
 20
585279.16
 30
0.0
  0
CIRCLE
  5
B5C
330
17
100
AcDbEntity
  8
ARBORI
 62
3
100
AcDbCircle
 10
390990.04
 20
585277.16
 30
0.0
 40
1.5
  0
POINT
  5
B5D
330
17
100
AcDbEntity
  8
ARBORI
 62
3
100
AcDbPoint
 10
390990.04
 20
585277.16
 30
0.0
  0
CIRCLE
  5
B5E
330
17
100
AcDbEntity
  8
ARBORI
 62
3
100
AcDbCircle
 10
390964.04
 20
585276.16
 30
0.0
 40
1.5
  0
POINT
  5
B5F
330
17
100
AcDbEntity
  8
ARBORI
 62
3
100
AcDbPoint
 10
390964.04
 20
585276.16
 30
0.0
  0
CIRCLE
  5
B60
330
17
100
AcDbEntity
  8
ARBORI
 62
3
100
AcDbCircle
 10
391122.04
 20
585276.16
 30
0.0
 40
6.0
  0
POINT
  5
B61
330
17
100
AcDbEntity
  8
ARBORI
 62
3
100
AcDbPoint
 10
391122.04
 20
585276.16
 30
0.0
  0
CIRCLE
  5
B62
330
17
100
AcDbEntity
  8
ARBORI
 62
3
100
AcDbCircle
 10
391130.04
 20
585276.16
 30
0.0
 40
6.0
  0
POINT
  5
B63
330
17
100
AcDbEntity
  8
ARBORI
 62
3
100
AcDbPoint
 10
391130.04
 20
585276.16
 30
0.0
  0
CIRCLE
  5
B64
330
17
100
AcDbEntity
  8
ARBORI
 62
3
100
AcDbCircle
 10
391157.04
 20
585275.16
 30
0.0
 40
6.0
  0
POINT
  5
B65
330
17
100
AcDbEntity
  8
ARBORI
 62
3
100
AcDbPoint
 10
391157.04
 20
585275.16
 30
0.0
  0
CIRCLE
  5
B66
330
17
100
AcDbEntity
  8
ARBORI
 62
3
100
AcDbCircle
 10
390658.04
 20
585274.16
 30
0.0
 40
2.7
  0
POINT
  5
B67
330
17
100
AcDbEntity
  8
ARBORI
 62
3
100
AcDbPoint
 10
390658.04
 20
585274.16
 30
0.0
  0
CIRCLE
  5
B68
330
17
100
AcDbEntity
  8
ARBORI
 62
3
100
AcDbCircle
 10
391063.04
 20
585274.16
 30
0.0
 40
4.3
  0
POINT
  5
B69
330
17
100
AcDbEntity
  8
ARBORI
 62
3
100
AcDbPoint
 10
391063.04
 20
585274.16
 30
0.0
  0
CIRCLE
  5
B6A
330
17
100
AcDbEntity
  8
ARBORI
 62
3
100
AcDbCircle
 10
391047.04
 20
585273.16
 30
0.0
 40
2.8
  0
POINT
  5
B6B
330
17
100
AcDbEntity
  8
ARBORI
 62
3
100
AcDbPoint
 10
391047.04
 20
585273.16
 30
0.0
  0
CIRCLE
  5
B6C
330
17
100
AcDbEntity
  8
ARBORI
 62
3
100
AcDbCircle
 10
391096.04
 20
585273.16
 30
0.0
 40
6.0
  0
POINT
  5
B6D
330
17
100
AcDbEntity
  8
ARBORI
 62
3
100
AcDbPoint
 10
391096.04
 20
585273.16
 30
0.0
  0
CIRCLE
  5
B6E
330
17
100
AcDbEntity
  8
ARBORI
 62
3
100
AcDbCircle
 10
391034.04
 20
585272.16
 30
0.0
 40
1.9
  0
POINT
  5
B6F
330
17
100
AcDbEntity
  8
ARBORI
 62
3
100
AcDbPoint
 10
391034.04
 20
585272.16
 30
0.0
  0
CIRCLE
  5
B70
330
17
100
AcDbEntity
  8
ARBORI
 62
3
100
AcDbCircle
 10
391091.04
 20
585272.16
 30
0.0
 40
6.0
  0
POINT
  5
B71
330
17
100
AcDbEntity
  8
ARBORI
 62
3
100
AcDbPoint
 10
391091.04
 20
585272.16
 30
0.0
  0
CIRCLE
  5
B72
330
17
100
AcDbEntity
  8
ARBORI
 62
3
100
AcDbCircle
 10
391135.04
 20
585272.16
 30
0.0
 40
6.0
  0
POINT
  5
B73
330
17
100
AcDbEntity
  8
ARBORI
 62
3
100
AcDbPoint
 10
391135.04
 20
585272.16
 30
0.0
  0
CIRCLE
  5
B74
330
17
100
AcDbEntity
  8
ARBORI
 62
3
100
AcDbCircle
 10
390978.04
 20
585271.16
 30
0.0
 40
1.5
  0
POINT
  5
B75
330
17
100
AcDbEntity
  8
ARBORI
 62
3
100
AcDbPoint
 10
390978.04
 20
585271.16
 30
0.0
  0
CIRCLE
  5
B76
330
17
100
AcDbEntity
  8
ARBORI
 62
3
100
AcDbCircle
 10
391178.04
 20
585271.16
 30
0.0
 40
6.0
  0
POINT
  5
B77
330
17
100
AcDbEntity
  8
ARBORI
 62
3
100
AcDbPoint
 10
391178.04
 20
585271.16
 30
0.0
  0
CIRCLE
  5
B78
330
17
100
AcDbEntity
  8
ARBORI
 62
3
100
AcDbCircle
 10
391193.04
 20
585271.16
 30
0.0
 40
6.0
  0
POINT
  5
B79
330
17
100
AcDbEntity
  8
ARBORI
 62
3
100
AcDbPoint
 10
391193.04
 20
585271.16
 30
0.0
  0
CIRCLE
  5
B7A
330
17
100
AcDbEntity
  8
ARBORI
 62
3
100
AcDbCircle
 10
391066.04
 20
585270.16
 30
0.0
 40
4.2
  0
POINT
  5
B7B
330
17
100
AcDbEntity
  8
ARBORI
 62
3
100
AcDbPoint
 10
391066.04
 20
585270.16
 30
0.0
  0
CIRCLE
  5
B7C
330
17
100
AcDbEntity
  8
ARBORI
 62
3
100
AcDbCircle
 10
391166.04
 20
585269.16
 30
0.0
 40
6.0
  0
POINT
  5
B7D
330
17
100
AcDbEntity
  8
ARBORI
 62
3
100
AcDbPoint
 10
391166.04
 20
585269.16
 30
0.0
  0
CIRCLE
  5
B7E
330
17
100
AcDbEntity
  8
ARBORI
 62
3
100
AcDbCircle
 10
391203.04
 20
585269.16
 30
0.0
 40
6.0
  0
POINT
  5
B7F
330
17
100
AcDbEntity
  8
ARBORI
 62
3
100
AcDbPoint
 10
391203.04
 20
585269.16
 30
0.0
  0
CIRCLE
  5
B80
330
17
100
AcDbEntity
  8
ARBORI
 62
3
100
AcDbCircle
 10
391109.04
 20
585267.16
 30
0.0
 40
6.0
  0
POINT
  5
B81
330
17
100
AcDbEntity
  8
ARBORI
 62
3
100
AcDbPoint
 10
391109.04
 20
585267.16
 30
0.0
  0
CIRCLE
  5
B82
330
17
100
AcDbEntity
  8
ARBORI
 62
3
100
AcDbCircle
 10
391132.04
 20
585267.16
 30
0.0
 40
6.0
  0
POINT
  5
B83
330
17
100
AcDbEntity
  8
ARBORI
 62
3
100
AcDbPoint
 10
391132.04
 20
585267.16
 30
0.0
  0
CIRCLE
  5
B84
330
17
100
AcDbEntity
  8
ARBORI
 62
3
100
AcDbCircle
 10
390969.04
 20
585266.16
 30
0.0
 40
1.5
  0
POINT
  5
B85
330
17
100
AcDbEntity
  8
ARBORI
 62
3
100
AcDbPoint
 10
390969.04
 20
585266.16
 30
0.0
  0
CIRCLE
  5
B86
330
17
100
AcDbEntity
  8
ARBORI
 62
3
100
AcDbCircle
 10
391099.04
 20
585266.16
 30
0.0
 40
6.0
  0
POINT
  5
B87
330
17
100
AcDbEntity
  8
ARBORI
 62
3
100
AcDbPoint
 10
391099.04
 20
585266.16
 30
0.0
  0
CIRCLE
  5
B88
330
17
100
AcDbEntity
  8
ARBORI
 62
3
100
AcDbCircle
 10
391150.04
 20
585266.16
 30
0.0
 40
6.0
  0
POINT
  5
B89
330
17
100
AcDbEntity
  8
ARBORI
 62
3
100
AcDbPoint
 10
391150.04
 20
585266.16
 30
0.0
  0
CIRCLE
  5
B8A
330
17
100
AcDbEntity
  8
ARBORI
 62
3
100
AcDbCircle
 10
391054.04
 20
585265.16
 30
0.0
 40
3.7
  0
POINT
  5
B8B
330
17
100
AcDbEntity
  8
ARBORI
 62
3
100
AcDbPoint
 10
391054.04
 20
585265.16
 30
0.0
  0
CIRCLE
  5
B8C
330
17
100
AcDbEntity
  8
ARBORI
 62
3
100
AcDbCircle
 10
391062.04
 20
585265.16
 30
0.0
 40
3.9
  0
POINT
  5
B8D
330
17
100
AcDbEntity
  8
ARBORI
 62
3
100
AcDbPoint
 10
391062.04
 20
585265.16
 30
0.0
  0
CIRCLE
  5
B8E
330
17
100
AcDbEntity
  8
ARBORI
 62
3
100
AcDbCircle
 10
391069.04
 20
585265.16
 30
0.0
 40
4.0
  0
POINT
  5
B8F
330
17
100
AcDbEntity
  8
ARBORI
 62
3
100
AcDbPoint
 10
391069.04
 20
585265.16
 30
0.0
  0
CIRCLE
  5
B90
330
17
100
AcDbEntity
  8
ARBORI
 62
3
100
AcDbCircle
 10
391146.04
 20
585265.16
 30
0.0
 40
6.0
  0
POINT
  5
B91
330
17
100
AcDbEntity
  8
ARBORI
 62
3
100
AcDbPoint
 10
391146.04
 20
585265.16
 30
0.0
  0
CIRCLE
  5
B92
330
17
100
AcDbEntity
  8
ARBORI
 62
3
100
AcDbCircle
 10
391035.04
 20
585264.16
 30
0.0
 40
3.3
  0
POINT
  5
B93
330
17
100
AcDbEntity
  8
ARBORI
 62
3
100
AcDbPoint
 10
391035.04
 20
585264.16
 30
0.0
  0
CIRCLE
  5
B94
330
17
100
AcDbEntity
  8
ARBORI
 62
3
100
AcDbCircle
 10
391180.04
 20
585264.16
 30
0.0
 40
6.0
  0
POINT
  5
B95
330
17
100
AcDbEntity
  8
ARBORI
 62
3
100
AcDbPoint
 10
391180.04
 20
585264.16
 30
0.0
  0
CIRCLE
  5
B96
330
17
100
AcDbEntity
  8
ARBORI
 62
3
100
AcDbCircle
 10
391041.04
 20
585263.16
 30
0.0
 40
3.9
  0
POINT
  5
B97
330
17
100
AcDbEntity
  8
ARBORI
 62
3
100
AcDbPoint
 10
391041.04
 20
585263.16
 30
0.0
  0
CIRCLE
  5
B98
330
17
100
AcDbEntity
  8
ARBORI
 62
3
100
AcDbCircle
 10
391058.04
 20
585262.16
 30
0.0
 40
3.5
  0
POINT
  5
B99
330
17
100
AcDbEntity
  8
ARBORI
 62
3
100
AcDbPoint
 10
391058.04
 20
585262.16
 30
0.0
  0
CIRCLE
  5
B9A
330
17
100
AcDbEntity
  8
ARBORI
 62
3
100
AcDbCircle
 10
391129.04
 20
585262.16
 30
0.0
 40
6.0
  0
POINT
  5
B9B
330
17
100
AcDbEntity
  8
ARBORI
 62
3
100
AcDbPoint
 10
391129.04
 20
585262.16
 30
0.0
  0
CIRCLE
  5
B9C
330
17
100
AcDbEntity
  8
ARBORI
 62
3
100
AcDbCircle
 10
391184.04
 20
585260.16
 30
0.0
 40
6.0
  0
POINT
  5
B9D
330
17
100
AcDbEntity
  8
ARBORI
 62
3
100
AcDbPoint
 10
391184.04
 20
585260.16
 30
0.0
  0
CIRCLE
  5
B9E
330
17
100
AcDbEntity
  8
ARBORI
 62
3
100
AcDbCircle
 10
391051.04
 20
585259.16
 30
0.0
 40
3.9
  0
POINT
  5
B9F
330
17
100
AcDbEntity
  8
ARBORI
 62
3
100
AcDbPoint
 10
391051.04
 20
585259.16
 30
0.0
  0
CIRCLE
  5
BA0
330
17
100
AcDbEntity
  8
ARBORI
 62
3
100
AcDbCircle
 10
391033.04
 20
585258.16
 30
0.0
 40
3.4
  0
POINT
  5
BA1
330
17
100
AcDbEntity
  8
ARBORI
 62
3
100
AcDbPoint
 10
391033.04
 20
585258.16
 30
0.0
  0
CIRCLE
  5
BA2
330
17
100
AcDbEntity
  8
ARBORI
 62
3
100
AcDbCircle
 10
391041.04
 20
585258.16
 30
0.0
 40
4.1
  0
POINT
  5
BA3
330
17
100
AcDbEntity
  8
ARBORI
 62
3
100
AcDbPoint
 10
391041.04
 20
585258.16
 30
0.0
  0
CIRCLE
  5
BA4
330
17
100
AcDbEntity
  8
ARBORI
 62
3
100
AcDbCircle
 10
391100.04
 20
585258.16
 30
0.0
 40
6.0
  0
POINT
  5
BA5
330
17
100
AcDbEntity
  8
ARBORI
 62
3
100
AcDbPoint
 10
391100.04
 20
585258.16
 30
0.0
  0
CIRCLE
  5
BA6
330
17
100
AcDbEntity
  8
ARBORI
 62
3
100
AcDbCircle
 10
391126.04
 20
585258.16
 30
0.0
 40
6.0
  0
POINT
  5
BA7
330
17
100
AcDbEntity
  8
ARBORI
 62
3
100
AcDbPoint
 10
391126.04
 20
585258.16
 30
0.0
  0
CIRCLE
  5
BA8
330
17
100
AcDbEntity
  8
ARBORI
 62
3
100
AcDbCircle
 10
391118.04
 20
585257.16
 30
0.0
 40
6.0
  0
POINT
  5
BA9
330
17
100
AcDbEntity
  8
ARBORI
 62
3
100
AcDbPoint
 10
391118.04
 20
585257.16
 30
0.0
  0
CIRCLE
  5
BAA
330
17
100
AcDbEntity
  8
ARBORI
 62
3
100
AcDbCircle
 10
391176.04
 20
585257.16
 30
0.0
 40
6.0
  0
POINT
  5
BAB
330
17
100
AcDbEntity
  8
ARBORI
 62
3
100
AcDbPoint
 10
391176.04
 20
585257.16
 30
0.0
  0
CIRCLE
  5
BAC
330
17
100
AcDbEntity
  8
ARBORI
 62
3
100
AcDbCircle
 10
391074.04
 20
585256.16
 30
0.0
 40
3.5
  0
POINT
  5
BAD
330
17
100
AcDbEntity
  8
ARBORI
 62
3
100
AcDbPoint
 10
391074.04
 20
585256.16
 30
0.0
  0
CIRCLE
  5
BAE
330
17
100
AcDbEntity
  8
ARBORI
 62
3
100
AcDbCircle
 10
391089.04
 20
585255.16
 30
0.0
 40
5.8
  0
POINT
  5
BAF
330
17
100
AcDbEntity
  8
ARBORI
 62
3
100
AcDbPoint
 10
391089.04
 20
585255.16
 30
0.0
  0
CIRCLE
  5
BB0
330
17
100
AcDbEntity
  8
ARBORI
 62
3
100
AcDbCircle
 10
391095.04
 20
585255.16
 30
0.0
 40
6.0
  0
POINT
  5
BB1
330
17
100
AcDbEntity
  8
ARBORI
 62
3
100
AcDbPoint
 10
391095.04
 20
585255.16
 30
0.0
  0
CIRCLE
  5
BB2
330
17
100
AcDbEntity
  8
ARBORI
 62
3
100
AcDbCircle
 10
391040.04
 20
585254.16
 30
0.0
 40
3.7
  0
POINT
  5
BB3
330
17
100
AcDbEntity
  8
ARBORI
 62
3
100
AcDbPoint
 10
391040.04
 20
585254.16
 30
0.0
  0
CIRCLE
  5
BB4
330
17
100
AcDbEntity
  8
ARBORI
 62
3
100
AcDbCircle
 10
391109.04
 20
585254.16
 30
0.0
 40
6.0
  0
POINT
  5
BB5
330
17
100
AcDbEntity
  8
ARBORI
 62
3
100
AcDbPoint
 10
391109.04
 20
585254.16
 30
0.0
  0
CIRCLE
  5
BB6
330
17
100
AcDbEntity
  8
ARBORI
 62
3
100
AcDbCircle
 10
391133.04
 20
585254.16
 30
0.0
 40
6.0
  0
POINT
  5
BB7
330
17
100
AcDbEntity
  8
ARBORI
 62
3
100
AcDbPoint
 10
391133.04
 20
585254.16
 30
0.0
  0
CIRCLE
  5
BB8
330
17
100
AcDbEntity
  8
ARBORI
 62
3
100
AcDbCircle
 10
391127.04
 20
585253.16
 30
0.0
 40
6.0
  0
POINT
  5
BB9
330
17
100
AcDbEntity
  8
ARBORI
 62
3
100
AcDbPoint
 10
391127.04
 20
585253.16
 30
0.0
  0
CIRCLE
  5
BBA
330
17
100
AcDbEntity
  8
ARBORI
 62
3
100
AcDbCircle
 10
391068.04
 20
585252.16
 30
0.0
 40
3.1
  0
POINT
  5
BBB
330
17
100
AcDbEntity
  8
ARBORI
 62
3
100
AcDbPoint
 10
391068.04
 20
585252.16
 30
0.0
  0
CIRCLE
  5
BBC
330
17
100
AcDbEntity
  8
ARBORI
 62
3
100
AcDbCircle
 10
391080.04
 20
585251.16
 30
0.0
 40
4.2
  0
POINT
  5
BBD
330
17
100
AcDbEntity
  8
ARBORI
 62
3
100
AcDbPoint
 10
391080.04
 20
585251.16
 30
0.0
  0
CIRCLE
  5
BBE
330
17
100
AcDbEntity
  8
ARBORI
 62
3
100
AcDbCircle
 10
391105.04
 20
585249.16
 30
0.0
 40
6.0
  0
POINT
  5
BBF
330
17
100
AcDbEntity
  8
ARBORI
 62
3
100
AcDbPoint
 10
391105.04
 20
585249.16
 30
0.0
  0
CIRCLE
  5
BC0
330
17
100
AcDbEntity
  8
ARBORI
 62
3
100
AcDbCircle
 10
390988.04
 20
585246.16
 30
0.0
 40
1.7
  0
POINT
  5
BC1
330
17
100
AcDbEntity
  8
ARBORI
 62
3
100
AcDbPoint
 10
390988.04
 20
585246.16
 30
0.0
  0
CIRCLE
  5
BC2
330
17
100
AcDbEntity
  8
ARBORI
 62
3
100
AcDbCircle
 10
391087.04
 20
585246.16
 30
0.0
 40
6.0
  0
POINT
  5
BC3
330
17
100
AcDbEntity
  8
ARBORI
 62
3
100
AcDbPoint
 10
391087.04
 20
585246.16
 30
0.0
  0
CIRCLE
  5
BC4
330
17
100
AcDbEntity
  8
ARBORI
 62
3
100
AcDbCircle
 10
391123.04
 20
585245.16
 30
0.0
 40
6.0
  0
POINT
  5
BC5
330
17
100
AcDbEntity
  8
ARBORI
 62
3
100
AcDbPoint
 10
391123.04
 20
585245.16
 30
0.0
  0
CIRCLE
  5
BC6
330
17
100
AcDbEntity
  8
ARBORI
 62
3
100
AcDbCircle
 10
391136.04
 20
585242.16
 30
0.0
 40
6.0
  0
POINT
  5
BC7
330
17
100
AcDbEntity
  8
ARBORI
 62
3
100
AcDbPoint
 10
391136.04
 20
585242.16
 30
0.0
  0
CIRCLE
  5
BC8
330
17
100
AcDbEntity
  8
ARBORI
 62
3
100
AcDbCircle
 10
391101.04
 20
585239.16
 30
0.0
 40
6.0
  0
POINT
  5
BC9
330
17
100
AcDbEntity
  8
ARBORI
 62
3
100
AcDbPoint
 10
391101.04
 20
585239.16
 30
0.0
  0
CIRCLE
  5
BCA
330
17
100
AcDbEntity
  8
ARBORI
 62
3
100
AcDbCircle
 10
390898.04
 20
585238.16
 30
0.0
 40
3.1
  0
POINT
  5
BCB
330
17
100
AcDbEntity
  8
ARBORI
 62
3
100
AcDbPoint
 10
390898.04
 20
585238.16
 30
0.0
  0
CIRCLE
  5
BCC
330
17
100
AcDbEntity
  8
ARBORI
 62
3
100
AcDbCircle
 10
391059.04
 20
585238.16
 30
0.0
 40
3.8
  0
POINT
  5
BCD
330
17
100
AcDbEntity
  8
ARBORI
 62
3
100
AcDbPoint
 10
391059.04
 20
585238.16
 30
0.0
  0
CIRCLE
  5
BCE
330
17
100
AcDbEntity
  8
ARBORI
 62
3
100
AcDbCircle
 10
391071.04
 20
585237.16
 30
0.0
 40
6.0
  0
POINT
  5
BCF
330
17
100
AcDbEntity
  8
ARBORI
 62
3
100
AcDbPoint
 10
391071.04
 20
585237.16
 30
0.0
  0
CIRCLE
  5
BD0
330
17
100
AcDbEntity
  8
ARBORI
 62
3
100
AcDbCircle
 10
391118.04
 20
585237.16
 30
0.0
 40
6.0
  0
POINT
  5
BD1
330
17
100
AcDbEntity
  8
ARBORI
 62
3
100
AcDbPoint
 10
391118.04
 20
585237.16
 30
0.0
  0
CIRCLE
  5
BD2
330
17
100
AcDbEntity
  8
ARBORI
 62
3
100
AcDbCircle
 10
391129.04
 20
585237.16
 30
0.0
 40
6.0
  0
POINT
  5
BD3
330
17
100
AcDbEntity
  8
ARBORI
 62
3
100
AcDbPoint
 10
391129.04
 20
585237.16
 30
0.0
  0
CIRCLE
  5
BD4
330
17
100
AcDbEntity
  8
ARBORI
 62
3
100
AcDbCircle
 10
390907.04
 20
585235.16
 30
0.0
 40
3.3
  0
POINT
  5
BD5
330
17
100
AcDbEntity
  8
ARBORI
 62
3
100
AcDbPoint
 10
390907.04
 20
585235.16
 30
0.0
  0
CIRCLE
  5
BD6
330
17
100
AcDbEntity
  8
ARBORI
 62
3
100
AcDbCircle
 10
390903.04
 20
585232.16
 30
0.0
 40
3.3
  0
POINT
  5
BD7
330
17
100
AcDbEntity
  8
ARBORI
 62
3
100
AcDbPoint
 10
390903.04
 20
585232.16
 30
0.0
  0
CIRCLE
  5
BD8
330
17
100
AcDbEntity
  8
ARBORI
 62
3
100
AcDbCircle
 10
391123.04
 20
585231.16
 30
0.0
 40
5.7
  0
POINT
  5
BD9
330
17
100
AcDbEntity
  8
ARBORI
 62
3
100
AcDbPoint
 10
391123.04
 20
585231.16
 30
0.0
  0
CIRCLE
  5
BDA
330
17
100
AcDbEntity
  8
ARBORI
 62
3
100
AcDbCircle
 10
391055.04
 20
585228.16
 30
0.0
 40
3.1
  0
POINT
  5
BDB
330
17
100
AcDbEntity
  8
ARBORI
 62
3
100
AcDbPoint
 10
391055.04
 20
585228.16
 30
0.0
  0
CIRCLE
  5
BDC
330
17
100
AcDbEntity
  8
ARBORI
 62
3
100
AcDbCircle
 10
391100.04
 20
585227.16
 30
0.0
 40
5.5
  0
POINT
  5
BDD
330
17
100
AcDbEntity
  8
ARBORI
 62
3
100
AcDbPoint
 10
391100.04
 20
585227.16
 30
0.0
  0
CIRCLE
  5
BDE
330
17
100
AcDbEntity
  8
ARBORI
 62
3
100
AcDbCircle
 10
391104.04
 20
585225.16
 30
0.0
 40
5.2
  0
POINT
  5
BDF
330
17
100
AcDbEntity
  8
ARBORI
 62
3
100
AcDbPoint
 10
391104.04
 20
585225.16
 30
0.0
  0
CIRCLE
  5
BE0
330
17
100
AcDbEntity
  8
ARBORI
 62
3
100
AcDbCircle
 10
391109.04
 20
585225.16
 30
0.0
 40
6.0
  0
POINT
  5
BE1
330
17
100
AcDbEntity
  8
ARBORI
 62
3
100
AcDbPoint
 10
391109.04
 20
585225.16
 30
0.0
  0
CIRCLE
  5
BE2
330
17
100
AcDbEntity
  8
ARBORI
 62
3
100
AcDbCircle
 10
391114.04
 20
585225.16
 30
0.0
 40
6.0
  0
POINT
  5
BE3
330
17
100
AcDbEntity
  8
ARBORI
 62
3
100
AcDbPoint
 10
391114.04
 20
585225.16
 30
0.0
  0
CIRCLE
  5
BE4
330
17
100
AcDbEntity
  8
ARBORI
 62
3
100
AcDbCircle
 10
391083.04
 20
585224.16
 30
0.0
 40
6.0
  0
POINT
  5
BE5
330
17
100
AcDbEntity
  8
ARBORI
 62
3
100
AcDbPoint
 10
391083.04
 20
585224.16
 30
0.0
  0
CIRCLE
  5
BE6
330
17
100
AcDbEntity
  8
ARBORI
 62
3
100
AcDbCircle
 10
391088.04
 20
585224.16
 30
0.0
 40
6.0
  0
POINT
  5
BE7
330
17
100
AcDbEntity
  8
ARBORI
 62
3
100
AcDbPoint
 10
391088.04
 20
585224.16
 30
0.0
  0
CIRCLE
  5
BE8
330
17
100
AcDbEntity
  8
ARBORI
 62
3
100
AcDbCircle
 10
391127.04
 20
585224.16
 30
0.0
 40
6.0
  0
POINT
  5
BE9
330
17
100
AcDbEntity
  8
ARBORI
 62
3
100
AcDbPoint
 10
391127.04
 20
585224.16
 30
0.0
  0
CIRCLE
  5
BEA
330
17
100
AcDbEntity
  8
ARBORI
 62
3
100
AcDbCircle
 10
391121.04
 20
585223.16
 30
0.0
 40
6.0
  0
POINT
  5
BEB
330
17
100
AcDbEntity
  8
ARBORI
 62
3
100
AcDbPoint
 10
391121.04
 20
585223.16
 30
0.0
  0
CIRCLE
  5
BEC
330
17
100
AcDbEntity
  8
ARBORI
 62
3
100
AcDbCircle
 10
390918.04
 20
585220.16
 30
0.0
 40
3.2
  0
POINT
  5
BED
330
17
100
AcDbEntity
  8
ARBORI
 62
3
100
AcDbPoint
 10
390918.04
 20
585220.16
 30
0.0
  0
CIRCLE
  5
BEE
330
17
100
AcDbEntity
  8
ARBORI
 62
3
100
AcDbCircle
 10
391063.04
 20
585220.16
 30
0.0
 40
3.0
  0
POINT
  5
BEF
330
17
100
AcDbEntity
  8
ARBORI
 62
3
100
AcDbPoint
 10
391063.04
 20
585220.16
 30
0.0
  0
CIRCLE
  5
BF0
330
17
100
AcDbEntity
  8
ARBORI
 62
3
100
AcDbCircle
 10
391085.04
 20
585219.16
 30
0.0
 40
6.0
  0
POINT
  5
BF1
330
17
100
AcDbEntity
  8
ARBORI
 62
3
100
AcDbPoint
 10
391085.04
 20
585219.16
 30
0.0
  0
CIRCLE
  5
BF2
330
17
100
AcDbEntity
  8
ARBORI
 62
3
100
AcDbCircle
 10
391111.04
 20
585216.16
 30
0.0
 40
6.0
  0
POINT
  5
BF3
330
17
100
AcDbEntity
  8
ARBORI
 62
3
100
AcDbPoint
 10
391111.04
 20
585216.16
 30
0.0
  0
CIRCLE
  5
BF4
330
17
100
AcDbEntity
  8
ARBORI
 62
3
100
AcDbCircle
 10
391118.04
 20
585214.16
 30
0.0
 40
6.0
  0
POINT
  5
BF5
330
17
100
AcDbEntity
  8
ARBORI
 62
3
100
AcDbPoint
 10
391118.04
 20
585214.16
 30
0.0
  0
CIRCLE
  5
BF6
330
17
100
AcDbEntity
  8
ARBORI
 62
3
100
AcDbCircle
 10
390933.04
 20
585213.16
 30
0.0
 40
2.7
  0
POINT
  5
BF7
330
17
100
AcDbEntity
  8
ARBORI
 62
3
100
AcDbPoint
 10
390933.04
 20
585213.16
 30
0.0
  0
CIRCLE
  5
BF8
330
17
100
AcDbEntity
  8
ARBORI
 62
3
100
AcDbCircle
 10
391123.04
 20
585212.16
 30
0.0
 40
6.0
  0
POINT
  5
BF9
330
17
100
AcDbEntity
  8
ARBORI
 62
3
100
AcDbPoint
 10
391123.04
 20
585212.16
 30
0.0
  0
CIRCLE
  5
BFA
330
17
100
AcDbEntity
  8
ARBORI
 62
3
100
AcDbCircle
 10
391030.04
 20
585210.16
 30
0.0
 40
1.5
  0
POINT
  5
BFB
330
17
100
AcDbEntity
  8
ARBORI
 62
3
100
AcDbPoint
 10
391030.04
 20
585210.16
 30
0.0
  0
CIRCLE
  5
BFC
330
17
100
AcDbEntity
  8
ARBORI
 62
3
100
AcDbCircle
 10
391037.04
 20
585210.16
 30
0.0
 40
2.2
  0
POINT
  5
BFD
330
17
100
AcDbEntity
  8
ARBORI
 62
3
100
AcDbPoint
 10
391037.04
 20
585210.16
 30
0.0
  0
CIRCLE
  5
BFE
330
17
100
AcDbEntity
  8
ARBORI
 62
3
100
AcDbCircle
 10
391087.04
 20
585209.16
 30
0.0
 40
6.0
  0
POINT
  5
BFF
330
17
100
AcDbEntity
  8
ARBORI
 62
3
100
AcDbPoint
 10
391087.04
 20
585209.16
 30
0.0
  0
CIRCLE
  5
C00
330
17
100
AcDbEntity
  8
ARBORI
 62
3
100
AcDbCircle
 10
391043.04
 20
585208.16
 30
0.0
 40
2.7
  0
POINT
  5
C01
330
17
100
AcDbEntity
  8
ARBORI
 62
3
100
AcDbPoint
 10
391043.04
 20
585208.16
 30
0.0
  0
CIRCLE
  5
C02
330
17
100
AcDbEntity
  8
ARBORI
 62
3
100
AcDbCircle
 10
391094.04
 20
585208.16
 30
0.0
 40
6.0
  0
POINT
  5
C03
330
17
100
AcDbEntity
  8
ARBORI
 62
3
100
AcDbPoint
 10
391094.04
 20
585208.16
 30
0.0
  0
CIRCLE
  5
C04
330
17
100
AcDbEntity
  8
ARBORI
 62
3
100
AcDbCircle
 10
390691.04
 20
585206.16
 30
0.0
 40
1.5
  0
POINT
  5
C05
330
17
100
AcDbEntity
  8
ARBORI
 62
3
100
AcDbPoint
 10
390691.04
 20
585206.16
 30
0.0
  0
CIRCLE
  5
C06
330
17
100
AcDbEntity
  8
ARBORI
 62
3
100
AcDbCircle
 10
390941.04
 20
585206.16
 30
0.0
 40
3.5
  0
POINT
  5
C07
330
17
100
AcDbEntity
  8
ARBORI
 62
3
100
AcDbPoint
 10
390941.04
 20
585206.16
 30
0.0
  0
CIRCLE
  5
C08
330
17
100
AcDbEntity
  8
ARBORI
 62
3
100
AcDbCircle
 10
391002.04
 20
585206.16
 30
0.0
 40
1.5
  0
POINT
  5
C09
330
17
100
AcDbEntity
  8
ARBORI
 62
3
100
AcDbPoint
 10
391002.04
 20
585206.16
 30
0.0
  0
CIRCLE
  5
C0A
330
17
100
AcDbEntity
  8
ARBORI
 62
3
100
AcDbCircle
 10
391064.04
 20
585206.16
 30
0.0
 40
6.0
  0
POINT
  5
C0B
330
17
100
AcDbEntity
  8
ARBORI
 62
3
100
AcDbPoint
 10
391064.04
 20
585206.16
 30
0.0
  0
CIRCLE
  5
C0C
330
17
100
AcDbEntity
  8
ARBORI
 62
3
100
AcDbCircle
 10
391082.04
 20
585206.16
 30
0.0
 40
5.9
  0
POINT
  5
C0D
330
17
100
AcDbEntity
  8
ARBORI
 62
3
100
AcDbPoint
 10
391082.04
 20
585206.16
 30
0.0
  0
CIRCLE
  5
C0E
330
17
100
AcDbEntity
  8
ARBORI
 62
3
100
AcDbCircle
 10
391055.04
 20
585204.16
 30
0.0
 40
4.6
  0
POINT
  5
C0F
330
17
100
AcDbEntity
  8
ARBORI
 62
3
100
AcDbPoint
 10
391055.04
 20
585204.16
 30
0.0
  0
CIRCLE
  5
C10
330
17
100
AcDbEntity
  8
ARBORI
 62
3
100
AcDbCircle
 10
391027.04
 20
585203.16
 30
0.0
 40
2.5
  0
POINT
  5
C11
330
17
100
AcDbEntity
  8
ARBORI
 62
3
100
AcDbPoint
 10
391027.04
 20
585203.16
 30
0.0
  0
CIRCLE
  5
C12
330
17
100
AcDbEntity
  8
ARBORI
 62
3
100
AcDbCircle
 10
391080.04
 20
585202.16
 30
0.0
 40
5.9
  0
POINT
  5
C13
330
17
100
AcDbEntity
  8
ARBORI
 62
3
100
AcDbPoint
 10
391080.04
 20
585202.16
 30
0.0
  0
CIRCLE
  5
C14
330
17
100
AcDbEntity
  8
ARBORI
 62
3
100
AcDbCircle
 10
390998.04
 20
585201.16
 30
0.0
 40
1.5
  0
POINT
  5
C15
330
17
100
AcDbEntity
  8
ARBORI
 62
3
100
AcDbPoint
 10
390998.04
 20
585201.16
 30
0.0
  0
CIRCLE
  5
C16
330
17
100
AcDbEntity
  8
ARBORI
 62
3
100
AcDbCircle
 10
391062.04
 20
585198.16
 30
0.0
 40
6.0
  0
POINT
  5
C17
330
17
100
AcDbEntity
  8
ARBORI
 62
3
100
AcDbPoint
 10
391062.04
 20
585198.16
 30
0.0
  0
CIRCLE
  5
C18
330
17
100
AcDbEntity
  8
ARBORI
 62
3
100
AcDbCircle
 10
391116.04
 20
585198.16
 30
0.0
 40
2.1
  0
POINT
  5
C19
330
17
100
AcDbEntity
  8
ARBORI
 62
3
100
AcDbPoint
 10
391116.04
 20
585198.16
 30
0.0
  0
CIRCLE
  5
C1A
330
17
100
AcDbEntity
  8
ARBORI
 62
3
100
AcDbCircle
 10
390957.04
 20
585196.16
 30
0.0
 40
2.7
  0
POINT
  5
C1B
330
17
100
AcDbEntity
  8
ARBORI
 62
3
100
AcDbPoint
 10
390957.04
 20
585196.16
 30
0.0
  0
CIRCLE
  5
C1C
330
17
100
AcDbEntity
  8
ARBORI
 62
3
100
AcDbCircle
 10
391027.04
 20
585196.16
 30
0.0
 40
6.0
  0
POINT
  5
C1D
330
17
100
AcDbEntity
  8
ARBORI
 62
3
100
AcDbPoint
 10
391027.04
 20
585196.16
 30
0.0
  0
CIRCLE
  5
C1E
330
17
100
AcDbEntity
  8
ARBORI
 62
3
100
AcDbCircle
 10
391043.04
 20
585196.16
 30
0.0
 40
5.7
  0
POINT
  5
C1F
330
17
100
AcDbEntity
  8
ARBORI
 62
3
100
AcDbPoint
 10
391043.04
 20
585196.16
 30
0.0
  0
CIRCLE
  5
C20
330
17
100
AcDbEntity
  8
ARBORI
 62
3
100
AcDbCircle
 10
391093.04
 20
585196.16
 30
0.0
 40
6.0
  0
POINT
  5
C21
330
17
100
AcDbEntity
  8
ARBORI
 62
3
100
AcDbPoint
 10
391093.04
 20
585196.16
 30
0.0
  0
CIRCLE
  5
C22
330
17
100
AcDbEntity
  8
ARBORI
 62
3
100
AcDbCircle
 10
391002.04
 20
585194.16
 30
0.0
 40
1.5
  0
POINT
  5
C23
330
17
100
AcDbEntity
  8
ARBORI
 62
3
100
AcDbPoint
 10
391002.04
 20
585194.16
 30
0.0
  0
CIRCLE
  5
C24
330
17
100
AcDbEntity
  8
ARBORI
 62
3
100
AcDbCircle
 10
391087.04
 20
585194.16
 30
0.0
 40
6.0
  0
POINT
  5
C25
330
17
100
AcDbEntity
  8
ARBORI
 62
3
100
AcDbPoint
 10
391087.04
 20
585194.16
 30
0.0
  0
CIRCLE
  5
C26
330
17
100
AcDbEntity
  8
ARBORI
 62
3
100
AcDbCircle
 10
391054.04
 20
585191.16
 30
0.0
 40
2.9
  0
POINT
  5
C27
330
17
100
AcDbEntity
  8
ARBORI
 62
3
100
AcDbPoint
 10
391054.04
 20
585191.16
 30
0.0
  0
CIRCLE
  5
C28
330
17
100
AcDbEntity
  8
ARBORI
 62
3
100
AcDbCircle
 10
391005.04
 20
585188.16
 30
0.0
 40
1.8
  0
POINT
  5
C29
330
17
100
AcDbEntity
  8
ARBORI
 62
3
100
AcDbPoint
 10
391005.04
 20
585188.16
 30
0.0
  0
CIRCLE
  5
C2A
330
17
100
AcDbEntity
  8
ARBORI
 62
3
100
AcDbCircle
 10
390967.04
 20
585187.16
 30
0.0
 40
3.5
  0
POINT
  5
C2B
330
17
100
AcDbEntity
  8
ARBORI
 62
3
100
AcDbPoint
 10
390967.04
 20
585187.16
 30
0.0
  0
CIRCLE
  5
C2C
330
17
100
AcDbEntity
  8
ARBORI
 62
3
100
AcDbCircle
 10
390992.04
 20
585186.16
 30
0.0
 40
1.5
  0
POINT
  5
C2D
330
17
100
AcDbEntity
  8
ARBORI
 62
3
100
AcDbPoint
 10
390992.04
 20
585186.16
 30
0.0
  0
CIRCLE
  5
C2E
330
17
100
AcDbEntity
  8
ARBORI
 62
3
100
AcDbCircle
 10
390985.04
 20
585185.16
 30
0.0
 40
1.8
  0
POINT
  5
C2F
330
17
100
AcDbEntity
  8
ARBORI
 62
3
100
AcDbPoint
 10
390985.04
 20
585185.16
 30
0.0
  0
CIRCLE
  5
C30
330
17
100
AcDbEntity
  8
ARBORI
 62
3
100
AcDbCircle
 10
391066.04
 20
585184.16
 30
0.0
 40
6.0
  0
POINT
  5
C31
330
17
100
AcDbEntity
  8
ARBORI
 62
3
100
AcDbPoint
 10
391066.04
 20
585184.16
 30
0.0
  0
CIRCLE
  5
C32
330
17
100
AcDbEntity
  8
ARBORI
 62
3
100
AcDbCircle
 10
391107.04
 20
585184.16
 30
0.0
 40
6.0
  0
POINT
  5
C33
330
17
100
AcDbEntity
  8
ARBORI
 62
3
100
AcDbPoint
 10
391107.04
 20
585184.16
 30
0.0
  0
CIRCLE
  5
C34
330
17
100
AcDbEntity
  8
ARBORI
 62
3
100
AcDbCircle
 10
391017.04
 20
585183.16
 30
0.0
 40
6.0
  0
POINT
  5
C35
330
17
100
AcDbEntity
  8
ARBORI
 62
3
100
AcDbPoint
 10
391017.04
 20
585183.16
 30
0.0
  0
CIRCLE
  5
C36
330
17
100
AcDbEntity
  8
ARBORI
 62
3
100
AcDbCircle
 10
391054.04
 20
585183.16
 30
0.0
 40
6.0
  0
POINT
  5
C37
330
17
100
AcDbEntity
  8
ARBORI
 62
3
100
AcDbPoint
 10
391054.04
 20
585183.16
 30
0.0
  0
CIRCLE
  5
C38
330
17
100
AcDbEntity
  8
ARBORI
 62
3
100
AcDbCircle
 10
390973.04
 20
585182.16
 30
0.0
 40
3.6
  0
POINT
  5
C39
330
17
100
AcDbEntity
  8
ARBORI
 62
3
100
AcDbPoint
 10
390973.04
 20
585182.16
 30
0.0
  0
CIRCLE
  5
C3A
330
17
100
AcDbEntity
  8
ARBORI
 62
3
100
AcDbCircle
 10
390996.04
 20
585177.16
 30
0.0
 40
3.2
  0
POINT
  5
C3B
330
17
100
AcDbEntity
  8
ARBORI
 62
3
100
AcDbPoint
 10
390996.04
 20
585177.16
 30
0.0
  0
CIRCLE
  5
C3C
330
17
100
AcDbEntity
  8
ARBORI
 62
3
100
AcDbCircle
 10
391043.04
 20
585177.16
 30
0.0
 40
5.4
  0
POINT
  5
C3D
330
17
100
AcDbEntity
  8
ARBORI
 62
3
100
AcDbPoint
 10
391043.04
 20
585177.16
 30
0.0
  0
CIRCLE
  5
C3E
330
17
100
AcDbEntity
  8
ARBORI
 62
3
100
AcDbCircle
 10
391012.04
 20
585176.16
 30
0.0
 40
4.3
  0
POINT
  5
C3F
330
17
100
AcDbEntity
  8
ARBORI
 62
3
100
AcDbPoint
 10
391012.04
 20
585176.16
 30
0.0
  0
CIRCLE
  5
C40
330
17
100
AcDbEntity
  8
ARBORI
 62
3
100
AcDbCircle
 10
391021.04
 20
585176.16
 30
0.0
 40
6.0
  0
POINT
  5
C41
330
17
100
AcDbEntity
  8
ARBORI
 62
3
100
AcDbPoint
 10
391021.04
 20
585176.16
 30
0.0
  0
CIRCLE
  5
C42
330
17
100
AcDbEntity
  8
ARBORI
 62
3
100
AcDbCircle
 10
391031.04
 20
585175.16
 30
0.0
 40
5.4
  0
POINT
  5
C43
330
17
100
AcDbEntity
  8
ARBORI
 62
3
100
AcDbPoint
 10
391031.04
 20
585175.16
 30
0.0
  0
CIRCLE
  5
C44
330
17
100
AcDbEntity
  8
ARBORI
 62
3
100
AcDbCircle
 10
390991.04
 20
585173.16
 30
0.0
 40
3.1
  0
POINT
  5
C45
330
17
100
AcDbEntity
  8
ARBORI
 62
3
100
AcDbPoint
 10
390991.04
 20
585173.16
 30
0.0
  0
CIRCLE
  5
C46
330
17
100
AcDbEntity
  8
ARBORI
 62
3
100
AcDbCircle
 10
390979.04
 20
585171.16
 30
0.0
 40
2.1
  0
POINT
  5
C47
330
17
100
AcDbEntity
  8
ARBORI
 62
3
100
AcDbPoint
 10
390979.04
 20
585171.16
 30
0.0
  0
CIRCLE
  5
C48
330
17
100
AcDbEntity
  8
ARBORI
 62
3
100
AcDbCircle
 10
391012.04
 20
585167.16
 30
0.0
 40
3.9
  0
POINT
  5
C49
330
17
100
AcDbEntity
  8
ARBORI
 62
3
100
AcDbPoint
 10
391012.04
 20
585167.16
 30
0.0
  0
CIRCLE
  5
C4A
330
17
100
AcDbEntity
  8
ARBORI
 62
3
100
AcDbCircle
 10
390982.04
 20
585165.16
 30
0.0
 40
2.8
  0
POINT
  5
C4B
330
17
100
AcDbEntity
  8
ARBORI
 62
3
100
AcDbPoint
 10
390982.04
 20
585165.16
 30
0.0
  0
CIRCLE
  5
C4C
330
17
100
AcDbEntity
  8
ARBORI
 62
3
100
AcDbCircle
 10
390988.04
 20
585163.16
 30
0.0
 40
2.5
  0
POINT
  5
C4D
330
17
100
AcDbEntity
  8
ARBORI
 62
3
100
AcDbPoint
 10
390988.04
 20
585163.16
 30
0.0
  0
CIRCLE
  5
C4E
330
17
100
AcDbEntity
  8
ARBORI
 62
3
100
AcDbCircle
 10
391006.04
 20
585163.16
 30
0.0
 40
3.0
  0
POINT
  5
C4F
330
17
100
AcDbEntity
  8
ARBORI
 62
3
100
AcDbPoint
 10
391006.04
 20
585163.16
 30
0.0
  0
CIRCLE
  5
C50
330
17
100
AcDbEntity
  8
ARBORI
 62
3
100
AcDbCircle
 10
391014.04
 20
585162.16
 30
0.0
 40
3.8
  0
POINT
  5
C51
330
17
100
AcDbEntity
  8
ARBORI
 62
3
100
AcDbPoint
 10
391014.04
 20
585162.16
 30
0.0
  0
CIRCLE
  5
C52
330
17
100
AcDbEntity
  8
ARBORI
 62
3
100
AcDbCircle
 10
391002.04
 20
585158.16
 30
0.0
 40
2.5
  0
POINT
  5
C53
330
17
100
AcDbEntity
  8
ARBORI
 62
3
100
AcDbPoint
 10
391002.04
 20
585158.16
 30
0.0
  0
CIRCLE
  5
C54
330
17
100
AcDbEntity
  8
ARBORI
 62
3
100
AcDbCircle
 10
390993.04
 20
585152.16
 30
0.0
 40
3.0
  0
POINT
  5
C55
330
17
100
AcDbEntity
  8
ARBORI
 62
3
100
AcDbPoint
 10
390993.04
 20
585152.16
 30
0.0
  0
CIRCLE
  5
C56
330
17
100
AcDbEntity
  8
ARBORI
 62
3
100
AcDbCircle
 10
390730.04
 20
585129.16
 30
0.0
 40
6.0
  0
POINT
  5
C57
330
17
100
AcDbEntity
  8
ARBORI
 62
3
100
AcDbPoint
 10
390730.04
 20
585129.16
 30
0.0
  0
CIRCLE
  5
C58
330
17
100
AcDbEntity
  8
ARBORI
 62
3
100
AcDbCircle
 10
390730.04
 20
585117.16
 30
0.0
 40
5.5
  0
POINT
  5
C59
330
17
100
AcDbEntity
  8
ARBORI
 62
3
100
AcDbPoint
 10
390730.04
 20
585117.16
 30
0.0
  0
CIRCLE
  5
C5A
330
17
100
AcDbEntity
  8
ARBORI
 62
3
100
AcDbCircle
 10
390730.04
 20
585113.16
 30
0.0
 40
5.1
  0
POINT
  5
C5B
330
17
100
AcDbEntity
  8
ARBORI
 62
3
100
AcDbPoint
 10
390730.04
 20
585113.16
 30
0.0
  0
CIRCLE
  5
C5C
330
17
100
AcDbEntity
  8
ARBORI
 62
3
100
AcDbCircle
 10
390739.04
 20
585102.16
 30
0.0
 40
2.1
  0
POINT
  5
C5D
330
17
100
AcDbEntity
  8
ARBORI
 62
3
100
AcDbPoint
 10
390739.04
 20
585102.16
 30
0.0
  0
CIRCLE
  5
C5E
330
17
100
AcDbEntity
  8
ARBORI
 62
3
100
AcDbCircle
 10
390762.04
 20
585061.16
 30
0.0
 40
4.7
  0
POINT
  5
C5F
330
17
100
AcDbEntity
  8
ARBORI
 62
3
100
AcDbPoint
 10
390762.04
 20
585061.16
 30
0.0
  0
CIRCLE
  5
C60
330
17
100
AcDbEntity
  8
STALPI
 62
4
100
AcDbCircle
 10
391134.04
 20
585604.16
 30
0.0
 40
1.0
  0
POINT
  5
C61
330
17
100
AcDbEntity
  8
STALPI
 62
4
100
AcDbPoint
 10
391134.04
 20
585604.16
 30
0.0
  0
TEXT
  5
C62
330
17
100
AcDbEntity
  8
TEXTE
 62
7
100
AcDbText
 10
391135.24
 20
585604.16
 30
0.0
 40
1.0
  1
Stalp_Inalt (H=9.6m)
 11
391135.24
 21
585604.16
 31
0.0
100
AcDbText
 73
1
  0
CIRCLE
  5
C63
330
17
100
AcDbEntity
  8
STALPI
 62
4
100
AcDbCircle
 10
391020.04
 20
585633.16
 30
0.0
 40
1.0
  0
POINT
  5
C64
330
17
100
AcDbEntity
  8
STALPI
 62
4
100
AcDbPoint
 10
391020.04
 20
585633.16
 30
0.0
  0
TEXT
  5
C65
330
17
100
AcDbEntity
  8
TEXTE
 62
7
100
AcDbText
 10
391021.24
 20
585633.16
 30
0.0
 40
1.0
  1
Stalp_Inalt (H=11.4m)
 11
391021.24
 21
585633.16
 31
0.0
100
AcDbText
 73
1
  0
CIRCLE
  5
C66
330
17
100
AcDbEntity
  8
STALPI
 62
4
100
AcDbCircle
 10
391098.04
 20
585723.16
 30
0.0
 40
1.0
  0
POINT
  5
C67
330
17
100
AcDbEntity
  8
STALPI
 62
4
100
AcDbPoint
 10
391098.04
 20
585723.16
 30
0.0
  0
TEXT
  5
C68
330
17
100
AcDbEntity
  8
TEXTE
 62
7
100
AcDbText
 10
391099.24
 20
585723.16
 30
0.0
 40
1.0
  1
Stalp_Inalt (H=15.3m)
 11
391099.24
 21
585723.16
 31
0.0
100
AcDbText
 73
1
  0
CIRCLE
  5
C69
330
17
100
AcDbEntity
  8
STALPI
 62
4
100
AcDbCircle
 10
391212.04
 20
585579.16
 30
0.0
 40
1.0
  0
POINT
  5
C6A
330
17
100
AcDbEntity
  8
STALPI
 62
4
100
AcDbPoint
 10
391212.04
 20
585579.16
 30
0.0
  0
TEXT
  5
C6B
330
17
100
AcDbEntity
  8
TEXTE
 62
7
100
AcDbText
 10
391213.24
 20
585579.16
 30
0.0
 40
1.0
  1
Stalp_Inalt (H=11.4m)
 11
391213.24
 21
585579.16
 31
0.0
100
AcDbText
 73
1
  0
CIRCLE
  5
C6C
330
17
100
AcDbEntity
  8
STALPI
 62
4
100
AcDbCircle
 10
390729.04
 20
585467.16
 30
0.0
 40
1.0
  0
POINT
  5
C6D
330
17
100
AcDbEntity
  8
STALPI
 62
4
100
AcDbPoint
 10
390729.04
 20
585467.16
 30
0.0
  0
TEXT
  5
C6E
330
17
100
AcDbEntity
  8
TEXTE
 62
7
100
AcDbText
 10
390730.24
 20
585467.16
 30
0.0
 40
1.0
  1
Stalp_Inalt (H=8.7m)
 11
390730.24
 21
585467.16
 31
0.0
100
AcDbText
 73
1
  0
CIRCLE
  5
C6F
330
17
100
AcDbEntity
  8
STALPI
 62
4
100
AcDbCircle
 10
390816.04
 20
585597.16
 30
0.0
 40
1.0
  0
POINT
  5
C70
330
17
100
AcDbEntity
  8
STALPI
 62
4
100
AcDbPoint
 10
390816.04
 20
585597.16
 30
0.0
  0
TEXT
  5
C71
330
17
100
AcDbEntity
  8
TEXTE
 62
7
100
AcDbText
 10
390817.24
 20
585597.16
 30
0.0
 40
1.0
  1
Turn_Comunicatii (H=19.4m)
 11
390817.24
 21
585597.16
 31
0.0
100
AcDbText
 73
1
  0
CIRCLE
  5
C72
330
17
100
AcDbEntity
  8
STALPI
 62
4
100
AcDbCircle
 10
390813.04
 20
585604.16
 30
0.0
 40
1.0
  0
POINT
  5
C73
330
17
100
AcDbEntity
  8
STALPI
 62
4
100
AcDbPoint
 10
390813.04
 20
585604.16
 30
0.0
  0
TEXT
  5
C74
330
17
100
AcDbEntity
  8
TEXTE
 62
7
100
AcDbText
 10
390814.24
 20
585604.16
 30
0.0
 40
1.0
  1
Stalp_Inalt (H=10.1m)
 11
390814.24
 21
585604.16
 31
0.0
100
AcDbText
 73
1
  0
LINE
  5
C75
330
17
100
AcDbEntity
  8
TABEL_PAD
 62
4
100
AcDbLine
 10
391381.892
 20
585879.255
 30
0.0
 11
391463.892
 21
585879.255
 31
0.0
  0
LINE
  5
C76
330
17
100
AcDbEntity
  8
TABEL_PAD
 62
4
100
AcDbLine
 10
391381.892
 20
585874.005
 30
0.0
 11
391463.892
 21
585874.005
 31
0.0
  0
TEXT
  5
C77
330
17
100
AcDbEntity
  8
TABEL_PAD
 62
7
100
AcDbText
 10
391422.892
 20
585875.755
 30
0.0
 40
1.6
  1
INVENTAR COORDONATE PAD (ORDINUL ANCPI 600/2023)
 72
1
 11
391422.892
 21
585875.755
 31
0.0
100
AcDbText
 73
2
  0
LINE
  5
C78
330
17
100
AcDbEntity
  8
TABEL_PAD
 62
4
100
AcDbLine
 10
391381.892
 20
585870.505
 30
0.0
 11
391463.892
 21
585870.505
 31
0.0
  0
TEXT
  5
C79
330
17
100
AcDbEntity
  8
TABEL_PAD
 62
4
100
AcDbText
 10
391388.892
 20
585872.255
 30
0.0
 40
1.2
  1
Nr. Pct.
 72
1
 11
391388.892
 21
585872.255
 31
0.0
100
AcDbText
 73
2
  0
TEXT
  5
C7A
330
17
100
AcDbEntity
  8
TABEL_PAD
 62
4
100
AcDbText
 10
391407.892
 20
585872.255
 30
0.0
 40
1.2
  1
X [Nord] (m)
 72
1
 11
391407.892
 21
585872.255
 31
0.0
100
AcDbText
 73
2
  0
TEXT
  5
C7B
330
17
100
AcDbEntity
  8
TABEL_PAD
 62
4
100
AcDbText
 10
391431.892
 20
585872.255
 30
0.0
 40
1.2
  1
Y [Est] (m)
 72
1
 11
391431.892
 21
585872.255
 31
0.0
100
AcDbText
 73
2
  0
TEXT
  5
C7C
330
17
100
AcDbEntity
  8
TABEL_PAD
 62
4
100
AcDbText
 10
391453.892
 20
585872.255
 30
0.0
 40
1.2
  1
D(i, i+1) (m)
 72
1
 11
391453.892
 21
585872.255
 31
0.0
100
AcDbText
 73
2
  0
LINE
  5
C7D
330
17
100
AcDbEntity
  8
TABEL_PAD
 62
7
100
AcDbLine
 10
391381.892
 20
585867.005
 30
0.0
 11
391463.892
 21
585867.005
 31
0.0
  0
TEXT
  5
C7E
330
17
100
AcDbEntity
  8
TABEL_PAD
 62
7
100
AcDbText
 10
391388.892
 20
585868.755
 30
0.0
 40
1.1
  1
1
 72
1
 11
391388.892
 21
585868.755
 31
0.0
100
AcDbText
 73
2
  0
TEXT
  5
C7F
330
17
100
AcDbEntity
  8
TABEL_PAD
 62
7
100
AcDbText
 10
391407.892
 20
585868.755
 30
0.0
 40
1.1
  1
391214.147
 72
1
 11
391407.892
 21
585868.755
 31
0.0
100
AcDbText
 73
2
  0
TEXT
  5
C80
330
17
100
AcDbEntity
  8
TABEL_PAD
 62
7
100
AcDbText
 10
391431.892
 20
585868.755
 30
0.0
 40
1.1
  1
585791.955
 72
1
 11
391431.892
 21
585868.755
 31
0.0
100
AcDbText
 73
2
  0
TEXT
  5
C81
330
17
100
AcDbEntity
  8
TABEL_PAD
 62
7
100
AcDbText
 10
391453.892
 20
585868.755
 30
0.0
 40
1.1
  1
0.67
 72
1
 11
391453.892
 21
585868.755
 31
0.0
100
AcDbText
 73
2
  0
LINE
  5
C82
330
17
100
AcDbEntity
  8
TABEL_PAD
 62
7
100
AcDbLine
 10
391381.892
 20
585863.505
 30
0.0
 11
391463.892
 21
585863.505
 31
0.0
  0
TEXT
  5
C83
330
17
100
AcDbEntity
  8
TABEL_PAD
 62
7
100
AcDbText
 10
391388.892
 20
585865.255
 30
0.0
 40
1.1
  1
2
 72
1
 11
391388.892
 21
585865.255
 31
0.0
100
AcDbText
 73
2
  0
TEXT
  5
C84
330
17
100
AcDbEntity
  8
TABEL_PAD
 62
7
100
AcDbText
 10
391407.892
 20
585865.255
 30
0.0
 40
1.1
  1
391213.547
 72
1
 11
391407.892
 21
585865.255
 31
0.0
100
AcDbText
 73
2
  0
TEXT
  5
C85
330
17
100
AcDbEntity
  8
TABEL_PAD
 62
7
100
AcDbText
 10
391431.892
 20
585865.255
 30
0.0
 40
1.1
  1
585791.655
 72
1
 11
391431.892
 21
585865.255
 31
0.0
100
AcDbText
 73
2
  0
TEXT
  5
C86
330
17
100
AcDbEntity
  8
TABEL_PAD
 62
7
100
AcDbText
 10
391453.892
 20
585865.255
 30
0.0
 40
1.1
  1
0.60
 72
1
 11
391453.892
 21
585865.255
 31
0.0
100
AcDbText
 73
2
  0
LINE
  5
C87
330
17
100
AcDbEntity
  8
TABEL_PAD
 62
7
100
AcDbLine
 10
391381.892
 20
585860.005
 30
0.0
 11
391463.892
 21
585860.005
 31
0.0
  0
TEXT
  5
C88
330
17
100
AcDbEntity
  8
TABEL_PAD
 62
7
100
AcDbText
 10
391388.892
 20
585861.755
 30
0.0
 40
1.1
  1
3
 72
1
 11
391388.892
 21
585861.755
 31
0.0
100
AcDbText
 73
2
  0
TEXT
  5
C89
330
17
100
AcDbEntity
  8
TABEL_PAD
 62
7
100
AcDbText
 10
391407.892
 20
585861.755
 30
0.0
 40
1.1
  1
391213.547
 72
1
 11
391407.892
 21
585861.755
 31
0.0
100
AcDbText
 73
2
  0
TEXT
  5
C8A
330
17
100
AcDbEntity
  8
TABEL_PAD
 62
7
100
AcDbText
 10
391431.892
 20
585861.755
 30
0.0
 40
1.1
  1
585791.055
 72
1
 11
391431.892
 21
585861.755
 31
0.0
100
AcDbText
 73
2
  0
TEXT
  5
C8B
330
17
100
AcDbEntity
  8
TABEL_PAD
 62
7
100
AcDbText
 10
391453.892
 20
585861.755
 30
0.0
 40
1.1
  1
0.62
 72
1
 11
391453.892
 21
585861.755
 31
0.0
100
AcDbText
 73
2
  0
LINE
  5
C8C
330
17
100
AcDbEntity
  8
TABEL_PAD
 62
7
100
AcDbLine
 10
391381.892
 20
585856.505
 30
0.0
 11
391463.892
 21
585856.505
 31
0.0
  0
TEXT
  5
C8D
330
17
100
AcDbEntity
  8
TABEL_PAD
 62
7
100
AcDbText
 10
391388.892
 20
585858.255
 30
0.0
 40
1.1
  1
4
 72
1
 11
391388.892
 21
585858.255
 31
0.0
100
AcDbText
 73
2
  0
TEXT
  5
C8E
330
17
100
AcDbEntity
  8
TABEL_PAD
 62
7
100
AcDbText
 10
391407.892
 20
585858.255
 30
0.0
 40
1.1
  1
391214.147
 72
1
 11
391407.892
 21
585858.255
 31
0.0
100
AcDbText
 73
2
  0
TEXT
  5
C8F
330
17
100
AcDbEntity
  8
TABEL_PAD
 62
7
100
AcDbText
 10
391431.892
 20
585858.255
 30
0.0
 40
1.1
  1
585790.905
 72
1
 11
391431.892
 21
585858.255
 31
0.0
100
AcDbText
 73
2
  0
TEXT
  5
C90
330
17
100
AcDbEntity
  8
TABEL_PAD
 62
7
100
AcDbText
 10
391453.892
 20
585858.255
 30
0.0
 40
1.1
  1
0.75
 72
1
 11
391453.892
 21
585858.255
 31
0.0
100
AcDbText
 73
2
  0
LINE
  5
C91
330
17
100
AcDbEntity
  8
TABEL_PAD
 62
7
100
AcDbLine
 10
391381.892
 20
585853.005
 30
0.0
 11
391463.892
 21
585853.005
 31
0.0
  0
TEXT
  5
C92
330
17
100
AcDbEntity
  8
TABEL_PAD
 62
7
100
AcDbText
 10
391388.892
 20
585854.755
 30
0.0
 40
1.1
  1
5
 72
1
 11
391388.892
 21
585854.755
 31
0.0
100
AcDbText
 73
2
  0
TEXT
  5
C93
330
17
100
AcDbEntity
  8
TABEL_PAD
 62
7
100
AcDbText
 10
391407.892
 20
585854.755
 30
0.0
 40
1.1
  1
391214.147
 72
1
 11
391407.892
 21
585854.755
 31
0.0
100
AcDbText
 73
2
  0
TEXT
  5
C94
330
17
100
AcDbEntity
  8
TABEL_PAD
 62
7
100
AcDbText
 10
391431.892
 20
585854.755
 30
0.0
 40
1.1
  1
585790.155
 72
1
 11
391431.892
 21
585854.755
 31
0.0
100
AcDbText
 73
2
  0
TEXT
  5
C95
330
17
100
AcDbEntity
  8
TABEL_PAD
 62
7
100
AcDbText
 10
391453.892
 20
585854.755
 30
0.0
 40
1.1
  1
21.60
 72
1
 11
391453.892
 21
585854.755
 31
0.0
100
AcDbText
 73
2
  0
LINE
  5
C96
330
17
100
AcDbEntity
  8
TABEL_PAD
 62
7
100
AcDbLine
 10
391381.892
 20
585849.505
 30
0.0
 11
391463.892
 21
585849.505
 31
0.0
  0
TEXT
  5
C97
330
17
100
AcDbEntity
  8
TABEL_PAD
 62
7
100
AcDbText
 10
391388.892
 20
585851.255
 30
0.0
 40
1.1
  1
6
 72
1
 11
391388.892
 21
585851.255
 31
0.0
100
AcDbText
 73
2
  0
TEXT
  5
C98
330
17
100
AcDbEntity
  8
TABEL_PAD
 62
7
100
AcDbText
 10
391407.892
 20
585851.255
 30
0.0
 40
1.1
  1
391192.547
 72
1
 11
391407.892
 21
585851.255
 31
0.0
100
AcDbText
 73
2
  0
TEXT
  5
C99
330
17
100
AcDbEntity
  8
TABEL_PAD
 62
7
100
AcDbText
 10
391431.892
 20
585851.255
 30
0.0
 40
1.1
  1
585790.155
 72
1
 11
391431.892
 21
585851.255
 31
0.0
100
AcDbText
 73
2
  0
TEXT
  5
C9A
330
17
100
AcDbEntity
  8
TABEL_PAD
 62
7
100
AcDbText
 10
391453.892
 20
585851.255
 30
0.0
 40
1.1
  1
1.42
 72
1
 11
391453.892
 21
585851.255
 31
0.0
100
AcDbText
 73
2
  0
LINE
  5
C9B
330
17
100
AcDbEntity
  8
TABEL_PAD
 62
7
100
AcDbLine
 10
391381.892
 20
585846.005
 30
0.0
 11
391463.892
 21
585846.005
 31
0.0
  0
TEXT
  5
C9C
330
17
100
AcDbEntity
  8
TABEL_PAD
 62
7
100
AcDbText
 10
391388.892
 20
585847.755
 30
0.0
 40
1.1
  1
7
 72
1
 11
391388.892
 21
585847.755
 31
0.0
100
AcDbText
 73
2
  0
TEXT
  5
C9D
330
17
100
AcDbEntity
  8
TABEL_PAD
 62
7
100
AcDbText
 10
391407.892
 20
585847.755
 30
0.0
 40
1.1
  1
391191.797
 72
1
 11
391407.892
 21
585847.755
 31
0.0
100
AcDbText
 73
2
  0
TEXT
  5
C9E
330
17
100
AcDbEntity
  8
TABEL_PAD
 62
7
100
AcDbText
 10
391431.892
 20
585847.755
 30
0.0
 40
1.1
  1
585791.355
 72
1
 11
391431.892
 21
585847.755
 31
0.0
100
AcDbText
 73
2
  0
TEXT
  5
C9F
330
17
100
AcDbEntity
  8
TABEL_PAD
 62
7
100
AcDbText
 10
391453.892
 20
585847.755
 30
0.0
 40
1.1
  1
0.45
 72
1
 11
391453.892
 21
585847.755
 31
0.0
100
AcDbText
 73
2
  0
LINE
  5
CA0
330
17
100
AcDbEntity
  8
TABEL_PAD
 62
7
100
AcDbLine
 10
391381.892
 20
585842.505
 30
0.0
 11
391463.892
 21
585842.505
 31
0.0
  0
TEXT
  5
CA1
330
17
100
AcDbEntity
  8
TABEL_PAD
 62
7
100
AcDbText
 10
391388.892
 20
585844.255
 30
0.0
 40
1.1
  1
8
 72
1
 11
391388.892
 21
585844.255
 31
0.0
100
AcDbText
 73
2
  0
TEXT
  5
CA2
330
17
100
AcDbEntity
  8
TABEL_PAD
 62
7
100
AcDbText
 10
391407.892
 20
585844.255
 30
0.0
 40
1.1
  1
391191.797
 72
1
 11
391407.892
 21
585844.255
 31
0.0
100
AcDbText
 73
2
  0
TEXT
  5
CA3
330
17
100
AcDbEntity
  8
TABEL_PAD
 62
7
100
AcDbText
 10
391431.892
 20
585844.255
 30
0.0
 40
1.1
  1
585791.805
 72
1
 11
391431.892
 21
585844.255
 31
0.0
100
AcDbText
 73
2
  0
TEXT
  5
CA4
330
17
100
AcDbEntity
  8
TABEL_PAD
 62
7
100
AcDbText
 10
391453.892
 20
585844.255
 30
0.0
 40
1.1
  1
1.29
 72
1
 11
391453.892
 21
585844.255
 31
0.0
100
AcDbText
 73
2
  0
LINE
  5
CA5
330
17
100
AcDbEntity
  8
TABEL_PAD
 62
7
100
AcDbLine
 10
391381.892
 20
585839.005
 30
0.0
 11
391463.892
 21
585839.005
 31
0.0
  0
TEXT
  5
CA6
330
17
100
AcDbEntity
  8
TABEL_PAD
 62
7
100
AcDbText
 10
391388.892
 20
585840.755
 30
0.0
 40
1.1
  1
9
 72
1
 11
391388.892
 21
585840.755
 31
0.0
100
AcDbText
 73
2
  0
TEXT
  5
CA7
330
17
100
AcDbEntity
  8
TABEL_PAD
 62
7
100
AcDbText
 10
391407.892
 20
585840.755
 30
0.0
 40
1.1
  1
391190.747
 72
1
 11
391407.892
 21
585840.755
 31
0.0
100
AcDbText
 73
2
  0
TEXT
  5
CA8
330
17
100
AcDbEntity
  8
TABEL_PAD
 62
7
100
AcDbText
 10
391431.892
 20
585840.755
 30
0.0
 40
1.1
  1
585792.555
 72
1
 11
391431.892
 21
585840.755
 31
0.0
100
AcDbText
 73
2
  0
TEXT
  5
CA9
330
17
100
AcDbEntity
  8
TABEL_PAD
 62
7
100
AcDbText
 10
391453.892
 20
585840.755
 30
0.0
 40
1.1
  1
0.62
 72
1
 11
391453.892
 21
585840.755
 31
0.0
100
AcDbText
 73
2
  0
LINE
  5
CAA
330
17
100
AcDbEntity
  8
TABEL_PAD
 62
7
100
AcDbLine
 10
391381.892
 20
585835.505
 30
0.0
 11
391463.892
 21
585835.505
 31
0.0
  0
TEXT
  5
CAB
330
17
100
AcDbEntity
  8
TABEL_PAD
 62
7
100
AcDbText
 10
391388.892
 20
585837.255
 30
0.0
 40
1.1
  1
10
 72
1
 11
391388.892
 21
585837.255
 31
0.0
100
AcDbText
 73
2
  0
TEXT
  5
CAC
330
17
100
AcDbEntity
  8
TABEL_PAD
 62
7
100
AcDbText
 10
391407.892
 20
585837.255
 30
0.0
 40
1.1
  1
391190.597
 72
1
 11
391407.892
 21
585837.255
 31
0.0
100
AcDbText
 73
2
  0
TEXT
  5
CAD
330
17
100
AcDbEntity
  8
TABEL_PAD
 62
7
100
AcDbText
 10
391431.892
 20
585837.255
 30
0.0
 40
1.1
  1
585793.155
 72
1
 11
391431.892
 21
585837.255
 31
0.0
100
AcDbText
 73
2
  0
TEXT
  5
CAE
330
17
100
AcDbEntity
  8
TABEL_PAD
 62
7
100
AcDbText
 10
391453.892
 20
585837.255
 30
0.0
 40
1.1
  1
1.17
 72
1
 11
391453.892
 21
585837.255
 31
0.0
100
AcDbText
 73
2
  0
LINE
  5
CAF
330
17
100
AcDbEntity
  8
TABEL_PAD
 62
7
100
AcDbLine
 10
391381.892
 20
585832.005
 30
0.0
 11
391463.892
 21
585832.005
 31
0.0
  0
TEXT
  5
CB0
330
17
100
AcDbEntity
  8
TABEL_PAD
 62
7
100
AcDbText
 10
391388.892
 20
585833.755
 30
0.0
 40
1.1
  1
11
 72
1
 11
391388.892
 21
585833.755
 31
0.0
100
AcDbText
 73
2
  0
TEXT
  5
CB1
330
17
100
AcDbEntity
  8
TABEL_PAD
 62
7
100
AcDbText
 10
391407.892
 20
585833.755
 30
0.0
 40
1.1
  1
391189.847
 72
1
 11
391407.892
 21
585833.755
 31
0.0
100
AcDbText
 73
2
  0
TEXT
  5
CB2
330
17
100
AcDbEntity
  8
TABEL_PAD
 62
7
100
AcDbText
 10
391431.892
 20
585833.755
 30
0.0
 40
1.1
  1
585794.055
 72
1
 11
391431.892
 21
585833.755
 31
0.0
100
AcDbText
 73
2
  0
TEXT
  5
CB3
330
17
100
AcDbEntity
  8
TABEL_PAD
 62
7
100
AcDbText
 10
391453.892
 20
585833.755
 30
0.0
 40
1.1
  1
1.82
 72
1
 11
391453.892
 21
585833.755
 31
0.0
100
AcDbText
 73
2
  0
LINE
  5
CB4
330
17
100
AcDbEntity
  8
TABEL_PAD
 62
7
100
AcDbLine
 10
391381.892
 20
585828.505
 30
0.0
 11
391463.892
 21
585828.505
 31
0.0
  0
TEXT
  5
CB5
330
17
100
AcDbEntity
  8
TABEL_PAD
 62
7
100
AcDbText
 10
391388.892
 20
585830.255
 30
0.0
 40
1.1
  1
12
 72
1
 11
391388.892
 21
585830.255
 31
0.0
100
AcDbText
 73
2
  0
TEXT
  5
CB6
330
17
100
AcDbEntity
  8
TABEL_PAD
 62
7
100
AcDbText
 10
391407.892
 20
585830.255
 30
0.0
 40
1.1
  1
391189.547
 72
1
 11
391407.892
 21
585830.255
 31
0.0
100
AcDbText
 73
2
  0
TEXT
  5
CB7
330
17
100
AcDbEntity
  8
TABEL_PAD
 62
7
100
AcDbText
 10
391431.892
 20
585830.255
 30
0.0
 40
1.1
  1
585795.855
 72
1
 11
391431.892
 21
585830.255
 31
0.0
100
AcDbText
 73
2
  0
TEXT
  5
CB8
330
17
100
AcDbEntity
  8
TABEL_PAD
 62
7
100
AcDbText
 10
391453.892
 20
585830.255
 30
0.0
 40
1.1
  1
2.34
 72
1
 11
391453.892
 21
585830.255
 31
0.0
100
AcDbText
 73
2
  0
LINE
  5
CB9
330
17
100
AcDbEntity
  8
TABEL_PAD
 62
7
100
AcDbLine
 10
391381.892
 20
585825.005
 30
0.0
 11
391463.892
 21
585825.005
 31
0.0
  0
TEXT
  5
CBA
330
17
100
AcDbEntity
  8
TABEL_PAD
 62
7
100
AcDbText
 10
391388.892
 20
585826.755
 30
0.0
 40
1.1
  1
13
 72
1
 11
391388.892
 21
585826.755
 31
0.0
100
AcDbText
 73
2
  0
TEXT
  5
CBB
330
17
100
AcDbEntity
  8
TABEL_PAD
 62
7
100
AcDbText
 10
391407.892
 20
585826.755
 30
0.0
 40
1.1
  1
391188.047
 72
1
 11
391407.892
 21
585826.755
 31
0.0
100
AcDbText
 73
2
  0
TEXT
  5
CBC
330
17
100
AcDbEntity
  8
TABEL_PAD
 62
7
100
AcDbText
 10
391431.892
 20
585826.755
 30
0.0
 40
1.1
  1
585797.655
 72
1
 11
391431.892
 21
585826.755
 31
0.0
100
AcDbText
 73
2
  0
TEXT
  5
CBD
330
17
100
AcDbEntity
  8
TABEL_PAD
 62
7
100
AcDbText
 10
391453.892
 20
585826.755
 30
0.0
 40
1.1
  1
0.76
 72
1
 11
391453.892
 21
585826.755
 31
0.0
100
AcDbText
 73
2
  0
LINE
  5
CBE
330
17
100
AcDbEntity
  8
TABEL_PAD
 62
7
100
AcDbLine
 10
391381.892
 20
585821.505
 30
0.0
 11
391463.892
 21
585821.505
 31
0.0
  0
TEXT
  5
CBF
330
17
100
AcDbEntity
  8
TABEL_PAD
 62
7
100
AcDbText
 10
391388.892
 20
585823.255
 30
0.0
 40
1.1
  1
14
 72
1
 11
391388.892
 21
585823.255
 31
0.0
100
AcDbText
 73
2
  0
TEXT
  5
CC0
330
17
100
AcDbEntity
  8
TABEL_PAD
 62
7
100
AcDbText
 10
391407.892
 20
585823.255
 30
0.0
 40
1.1
  1
391187.897
 72
1
 11
391407.892
 21
585823.255
 31
0.0
100
AcDbText
 73
2
  0
TEXT
  5
CC1
330
17
100
AcDbEntity
  8
TABEL_PAD
 62
7
100
AcDbText
 10
391431.892
 20
585823.255
 30
0.0
 40
1.1
  1
585798.405
 72
1
 11
391431.892
 21
585823.255
 31
0.0
100
AcDbText
 73
2
  0
TEXT
  5
CC2
330
17
100
AcDbEntity
  8
TABEL_PAD
 62
7
100
AcDbText
 10
391453.892
 20
585823.255
 30
0.0
 40
1.1
  1
1.48
 72
1
 11
391453.892
 21
585823.255
 31
0.0
100
AcDbText
 73
2
  0
LINE
  5
CC3
330
17
100
AcDbEntity
  8
TABEL_PAD
 62
7
100
AcDbLine
 10
391381.892
 20
585818.005
 30
0.0
 11
391463.892
 21
585818.005
 31
0.0
  0
TEXT
  5
CC4
330
17
100
AcDbEntity
  8
TABEL_PAD
 62
7
100
AcDbText
 10
391388.892
 20
585819.755
 30
0.0
 40
1.1
  1
15
 72
1
 11
391388.892
 21
585819.755
 31
0.0
100
AcDbText
 73
2
  0
TEXT
  5
CC5
330
17
100
AcDbEntity
  8
TABEL_PAD
 62
7
100
AcDbText
 10
391407.892
 20
585819.755
 30
0.0
 40
1.1
  1
391186.847
 72
1
 11
391407.892
 21
585819.755
 31
0.0
100
AcDbText
 73
2
  0
TEXT
  5
CC6
330
17
100
AcDbEntity
  8
TABEL_PAD
 62
7
100
AcDbText
 10
391431.892
 20
585819.755
 30
0.0
 40
1.1
  1
585799.455
 72
1
 11
391431.892
 21
585819.755
 31
0.0
100
AcDbText
 73
2
  0
TEXT
  5
CC7
330
17
100
AcDbEntity
  8
TABEL_PAD
 62
7
100
AcDbText
 10
391453.892
 20
585819.755
 30
0.0
 40
1.1
  1
1.76
 72
1
 11
391453.892
 21
585819.755
 31
0.0
100
AcDbText
 73
2
  0
LINE
  5
CC8
330
17
100
AcDbEntity
  8
TABEL_PAD
 62
7
100
AcDbLine
 10
391381.892
 20
585814.505
 30
0.0
 11
391463.892
 21
585814.505
 31
0.0
  0
TEXT
  5
CC9
330
17
100
AcDbEntity
  8
TABEL_PAD
 62
7
100
AcDbText
 10
391388.892
 20
585816.255
 30
0.0
 40
1.1
  1
16
 72
1
 11
391388.892
 21
585816.255
 31
0.0
100
AcDbText
 73
2
  0
TEXT
  5
CCA
330
17
100
AcDbEntity
  8
TABEL_PAD
 62
7
100
AcDbText
 10
391407.892
 20
585816.255
 30
0.0
 40
1.1
  1
391186.247
 72
1
 11
391407.892
 21
585816.255
 31
0.0
100
AcDbText
 73
2
  0
TEXT
  5
CCB
330
17
100
AcDbEntity
  8
TABEL_PAD
 62
7
100
AcDbText
 10
391431.892
 20
585816.255
 30
0.0
 40
1.1
  1
585801.105
 72
1
 11
391431.892
 21
585816.255
 31
0.0
100
AcDbText
 73
2
  0
TEXT
  5
CCC
330
17
100
AcDbEntity
  8
TABEL_PAD
 62
7
100
AcDbText
 10
391453.892
 20
585816.255
 30
0.0
 40
1.1
  1
1.48
 72
1
 11
391453.892
 21
585816.255
 31
0.0
100
AcDbText
 73
2
  0
LINE
  5
CCD
330
17
100
AcDbEntity
  8
TABEL_PAD
 62
7
100
AcDbLine
 10
391381.892
 20
585811.005
 30
0.0
 11
391463.892
 21
585811.005
 31
0.0
  0
TEXT
  5
CCE
330
17
100
AcDbEntity
  8
TABEL_PAD
 62
7
100
AcDbText
 10
391388.892
 20
585812.755
 30
0.0
 40
1.1
  1
17
 72
1
 11
391388.892
 21
585812.755
 31
0.0
100
AcDbText
 73
2
  0
TEXT
  5
CCF
330
17
100
AcDbEntity
  8
TABEL_PAD
 62
7
100
AcDbText
 10
391407.892
 20
585812.755
 30
0.0
 40
1.1
  1
391185.197
 72
1
 11
391407.892
 21
585812.755
 31
0.0
100
AcDbText
 73
2
  0
TEXT
  5
CD0
330
17
100
AcDbEntity
  8
TABEL_PAD
 62
7
100
AcDbText
 10
391431.892
 20
585812.755
 30
0.0
 40
1.1
  1
585802.155
 72
1
 11
391431.892
 21
585812.755
 31
0.0
100
AcDbText
 73
2
  0
TEXT
  5
CD1
330
17
100
AcDbEntity
  8
TABEL_PAD
 62
7
100
AcDbText
 10
391453.892
 20
585812.755
 30
0.0
 40
1.1
  1
4.93
 72
1
 11
391453.892
 21
585812.755
 31
0.0
100
AcDbText
 73
2
  0
LINE
  5
CD2
330
17
100
AcDbEntity
  8
TABEL_PAD
 62
7
100
AcDbLine
 10
391381.892
 20
585807.505
 30
0.0
 11
391463.892
 21
585807.505
 31
0.0
  0
TEXT
  5
CD3
330
17
100
AcDbEntity
  8
TABEL_PAD
 62
7
100
AcDbText
 10
391388.892
 20
585809.255
 30
0.0
 40
1.1
  1
18
 72
1
 11
391388.892
 21
585809.255
 31
0.0
100
AcDbText
 73
2
  0
TEXT
  5
CD4
330
17
100
AcDbEntity
  8
TABEL_PAD
 62
7
100
AcDbText
 10
391407.892
 20
585809.255
 30
0.0
 40
1.1
  1
391183.547
 72
1
 11
391407.892
 21
585809.255
 31
0.0
100
AcDbText
 73
2
  0
TEXT
  5
CD5
330
17
100
AcDbEntity
  8
TABEL_PAD
 62
7
100
AcDbText
 10
391431.892
 20
585809.255
 30
0.0
 40
1.1
  1
585806.805
 72
1
 11
391431.892
 21
585809.255
 31
0.0
100
AcDbText
 73
2
  0
TEXT
  5
CD6
330
17
100
AcDbEntity
  8
TABEL_PAD
 62
7
100
AcDbText
 10
391453.892
 20
585809.255
 30
0.0
 40
1.1
  1
1.08
 72
1
 11
391453.892
 21
585809.255
 31
0.0
100
AcDbText
 73
2
  0
LINE
  5
CD7
330
17
100
AcDbEntity
  8
TABEL_PAD
 62
7
100
AcDbLine
 10
391381.892
 20
585804.005
 30
0.0
 11
391463.892
 21
585804.005
 31
0.0
  0
TEXT
  5
CD8
330
17
100
AcDbEntity
  8
TABEL_PAD
 62
7
100
AcDbText
 10
391388.892
 20
585805.755
 30
0.0
 40
1.1
  1
19
 72
1
 11
391388.892
 21
585805.755
 31
0.0
100
AcDbText
 73
2
  0
TEXT
  5
CD9
330
17
100
AcDbEntity
  8
TABEL_PAD
 62
7
100
AcDbText
 10
391407.892
 20
585805.755
 30
0.0
 40
1.1
  1
391182.647
 72
1
 11
391407.892
 21
585805.755
 31
0.0
100
AcDbText
 73
2
  0
TEXT
  5
CDA
330
17
100
AcDbEntity
  8
TABEL_PAD
 62
7
100
AcDbText
 10
391431.892
 20
585805.755
 30
0.0
 40
1.1
  1
585807.405
 72
1
 11
391431.892
 21
585805.755
 31
0.0
100
AcDbText
 73
2
  0
TEXT
  5
CDB
330
17
100
AcDbEntity
  8
TABEL_PAD
 62
7
100
AcDbText
 10
391453.892
 20
585805.755
 30
0.0
 40
1.1
  1
1.21
 72
1
 11
391453.892
 21
585805.755
 31
0.0
100
AcDbText
 73
2
  0
LINE
  5
CDC
330
17
100
AcDbEntity
  8
TABEL_PAD
 62
7
100
AcDbLine
 10
391381.892
 20
585800.505
 30
0.0
 11
391463.892
 21
585800.505
 31
0.0
  0
TEXT
  5
CDD
330
17
100
AcDbEntity
  8
TABEL_PAD
 62
7
100
AcDbText
 10
391388.892
 20
585802.255
 30
0.0
 40
1.1
  1
20
 72
1
 11
391388.892
 21
585802.255
 31
0.0
100
AcDbText
 73
2
  0
TEXT
  5
CDE
330
17
100
AcDbEntity
  8
TABEL_PAD
 62
7
100
AcDbText
 10
391407.892
 20
585802.255
 30
0.0
 40
1.1
  1
391182.047
 72
1
 11
391407.892
 21
585802.255
 31
0.0
100
AcDbText
 73
2
  0
TEXT
  5
CDF
330
17
100
AcDbEntity
  8
TABEL_PAD
 62
7
100
AcDbText
 10
391431.892
 20
585802.255
 30
0.0
 40
1.1
  1
585808.455
 72
1
 11
391431.892
 21
585802.255
 31
0.0
100
AcDbText
 73
2
  0
TEXT
  5
CE0
330
17
100
AcDbEntity
  8
TABEL_PAD
 62
7
100
AcDbText
 10
391453.892
 20
585802.255
 30
0.0
 40
1.1
  1
3.40
 72
1
 11
391453.892
 21
585802.255
 31
0.0
100
AcDbText
 73
2
  0
LINE
  5
CE1
330
17
100
AcDbEntity
  8
TABEL_PAD
 62
7
100
AcDbLine
 10
391381.892
 20
585797.005
 30
0.0
 11
391463.892
 21
585797.005
 31
0.0
  0
TEXT
  5
CE2
330
17
100
AcDbEntity
  8
TABEL_PAD
 62
7
100
AcDbText
 10
391388.892
 20
585798.755
 30
0.0
 40
1.1
  1
21
 72
1
 11
391388.892
 21
585798.755
 31
0.0
100
AcDbText
 73
2
  0
TEXT
  5
CE3
330
17
100
AcDbEntity
  8
TABEL_PAD
 62
7
100
AcDbText
 10
391407.892
 20
585798.755
 30
0.0
 40
1.1
  1
391179.497
 72
1
 11
391407.892
 21
585798.755
 31
0.0
100
AcDbText
 73
2
  0
TEXT
  5
CE4
330
17
100
AcDbEntity
  8
TABEL_PAD
 62
7
100
AcDbText
 10
391431.892
 20
585798.755
 30
0.0
 40
1.1
  1
585810.705
 72
1
 11
391431.892
 21
585798.755
 31
0.0
100
AcDbText
 73
2
  0
TEXT
  5
CE5
330
17
100
AcDbEntity
  8
TABEL_PAD
 62
7
100
AcDbText
 10
391453.892
 20
585798.755
 30
0.0
 40
1.1
  1
4.27
 72
1
 11
391453.892
 21
585798.755
 31
0.0
100
AcDbText
 73
2
  0
LINE
  5
CE6
330
17
100
AcDbEntity
  8
TABEL_PAD
 62
7
100
AcDbLine
 10
391381.892
 20
585793.505
 30
0.0
 11
391463.892
 21
585793.505
 31
0.0
  0
TEXT
  5
CE7
330
17
100
AcDbEntity
  8
TABEL_PAD
 62
7
100
AcDbText
 10
391388.892
 20
585795.255
 30
0.0
 40
1.1
  1
22
 72
1
 11
391388.892
 21
585795.255
 31
0.0
100
AcDbText
 73
2
  0
TEXT
  5
CE8
330
17
100
AcDbEntity
  8
TABEL_PAD
 62
7
100
AcDbText
 10
391407.892
 20
585795.255
 30
0.0
 40
1.1
  1
391178.147
 72
1
 11
391407.892
 21
585795.255
 31
0.0
100
AcDbText
 73
2
  0
TEXT
  5
CE9
330
17
100
AcDbEntity
  8
TABEL_PAD
 62
7
100
AcDbText
 10
391431.892
 20
585795.255
 30
0.0
 40
1.1
  1
585814.755
 72
1
 11
391431.892
 21
585795.255
 31
0.0
100
AcDbText
 73
2
  0
TEXT
  5
CEA
330
17
100
AcDbEntity
  8
TABEL_PAD
 62
7
100
AcDbText
 10
391453.892
 20
585795.255
 30
0.0
 40
1.1
  1
1.71
 72
1
 11
391453.892
 21
585795.255
 31
0.0
100
AcDbText
 73
2
  0
LINE
  5
CEB
330
17
100
AcDbEntity
  8
TABEL_PAD
 62
7
100
AcDbLine
 10
391381.892
 20
585790.005
 30
0.0
 11
391463.892
 21
585790.005
 31
0.0
  0
TEXT
  5
CEC
330
17
100
AcDbEntity
  8
TABEL_PAD
 62
7
100
AcDbText
 10
391388.892
 20
585791.755
 30
0.0
 40
1.1
  1
23
 72
1
 11
391388.892
 21
585791.755
 31
0.0
100
AcDbText
 73
2
  0
TEXT
  5
CED
330
17
100
AcDbEntity
  8
TABEL_PAD
 62
7
100
AcDbText
 10
391407.892
 20
585791.755
 30
0.0
 40
1.1
  1
391176.797
 72
1
 11
391407.892
 21
585791.755
 31
0.0
100
AcDbText
 73
2
  0
TEXT
  5
CEE
330
17
100
AcDbEntity
  8
TABEL_PAD
 62
7
100
AcDbText
 10
391431.892
 20
585791.755
 30
0.0
 40
1.1
  1
585815.805
 72
1
 11
391431.892
 21
585791.755
 31
0.0
100
AcDbText
 73
2
  0
TEXT
  5
CEF
330
17
100
AcDbEntity
  8
TABEL_PAD
 62
7
100
AcDbText
 10
391453.892
 20
585791.755
 30
0.0
 40
1.1
  1
1.42
 72
1
 11
391453.892
 21
585791.755
 31
0.0
100
AcDbText
 73
2
  0
LINE
  5
CF0
330
17
100
AcDbEntity
  8
TABEL_PAD
 62
7
100
AcDbLine
 10
391381.892
 20
585786.505
 30
0.0
 11
391463.892
 21
585786.505
 31
0.0
  0
TEXT
  5
CF1
330
17
100
AcDbEntity
  8
TABEL_PAD
 62
7
100
AcDbText
 10
391388.892
 20
585788.255
 30
0.0
 40
1.1
  1
24
 72
1
 11
391388.892
 21
585788.255
 31
0.0
100
AcDbText
 73
2
  0
TEXT
  5
CF2
330
17
100
AcDbEntity
  8
TABEL_PAD
 62
7
100
AcDbText
 10
391407.892
 20
585788.255
 30
0.0
 40
1.1
  1
391176.347
 72
1
 11
391407.892
 21
585788.255
 31
0.0
100
AcDbText
 73
2
  0
TEXT
  5
CF3
330
17
100
AcDbEntity
  8
TABEL_PAD
 62
7
100
AcDbText
 10
391431.892
 20
585788.255
 30
0.0
 40
1.1
  1
585817.155
 72
1
 11
391431.892
 21
585788.255
 31
0.0
100
AcDbText
 73
2
  0
TEXT
  5
CF4
330
17
100
AcDbEntity
  8
TABEL_PAD
 62
7
100
AcDbText
 10
391453.892
 20
585788.255
 30
0.0
 40
1.1
  1
1.70
 72
1
 11
391453.892
 21
585788.255
 31
0.0
100
AcDbText
 73
2
  0
LINE
  5
CF5
330
17
100
AcDbEntity
  8
TABEL_PAD
 62
7
100
AcDbLine
 10
391381.892
 20
585783.005
 30
0.0
 11
391463.892
 21
585783.005
 31
0.0
  0
TEXT
  5
CF6
330
17
100
AcDbEntity
  8
TABEL_PAD
 62
7
100
AcDbText
 10
391388.892
 20
585784.755
 30
0.0
 40
1.1
  1
25
 72
1
 11
391388.892
 21
585784.755
 31
0.0
100
AcDbText
 73
2
  0
TEXT
  5
CF7
330
17
100
AcDbEntity
  8
TABEL_PAD
 62
7
100
AcDbText
 10
391407.892
 20
585784.755
 30
0.0
 40
1.1
  1
391175.147
 72
1
 11
391407.892
 21
585784.755
 31
0.0
100
AcDbText
 73
2
  0
TEXT
  5
CF8
330
17
100
AcDbEntity
  8
TABEL_PAD
 62
7
100
AcDbText
 10
391431.892
 20
585784.755
 30
0.0
 40
1.1
  1
585818.355
 72
1
 11
391431.892
 21
585784.755
 31
0.0
100
AcDbText
 73
2
  0
TEXT
  5
CF9
330
17
100
AcDbEntity
  8
TABEL_PAD
 62
7
100
AcDbText
 10
391453.892
 20
585784.755
 30
0.0
 40
1.1
  1
1.42
 72
1
 11
391453.892
 21
585784.755
 31
0.0
100
AcDbText
 73
2
  0
LINE
  5
CFA
330
17
100
AcDbEntity
  8
TABEL_PAD
 62
7
100
AcDbLine
 10
391381.892
 20
585779.505
 30
0.0
 11
391463.892
 21
585779.505
 31
0.0
  0
TEXT
  5
CFB
330
17
100
AcDbEntity
  8
TABEL_PAD
 62
7
100
AcDbText
 10
391388.892
 20
585781.255
 30
0.0
 40
1.1
  1
26
 72
1
 11
391388.892
 21
585781.255
 31
0.0
100
AcDbText
 73
2
  0
TEXT
  5
CFC
330
17
100
AcDbEntity
  8
TABEL_PAD
 62
7
100
AcDbText
 10
391407.892
 20
585781.255
 30
0.0
 40
1.1
  1
391174.697
 72
1
 11
391407.892
 21
585781.255
 31
0.0
100
AcDbText
 73
2
  0
TEXT
  5
CFD
330
17
100
AcDbEntity
  8
TABEL_PAD
 62
7
100
AcDbText
 10
391431.892
 20
585781.255
 30
0.0
 40
1.1
  1
585819.705
 72
1
 11
391431.892
 21
585781.255
 31
0.0
100
AcDbText
 73
2
  0
TEXT
  5
CFE
330
17
100
AcDbEntity
  8
TABEL_PAD
 62
7
100
AcDbText
 10
391453.892
 20
585781.255
 30
0.0
 40
1.1
  1
2.13
 72
1
 11
391453.892
 21
585781.255
 31
0.0
100
AcDbText
 73
2
  0
LINE
  5
CFF
330
17
100
AcDbEntity
  8
TABEL_PAD
 62
7
100
AcDbLine
 10
391381.892
 20
585776.005
 30
0.0
 11
391463.892
 21
585776.005
 31
0.0
  0
TEXT
  5
D00
330
17
100
AcDbEntity
  8
TABEL_PAD
 62
7
100
AcDbText
 10
391388.892
 20
585777.755
 30
0.0
 40
1.1
  1
27
 72
1
 11
391388.892
 21
585777.755
 31
0.0
100
AcDbText
 73
2
  0
TEXT
  5
D01
330
17
100
AcDbEntity
  8
TABEL_PAD
 62
7
100
AcDbText
 10
391407.892
 20
585777.755
 30
0.0
 40
1.1
  1
391173.347
 72
1
 11
391407.892
 21
585777.755
 31
0.0
100
AcDbText
 73
2
  0
TEXT
  5
D02
330
17
100
AcDbEntity
  8
TABEL_PAD
 62
7
100
AcDbText
 10
391431.892
 20
585777.755
 30
0.0
 40
1.1
  1
585821.355
 72
1
 11
391431.892
 21
585777.755
 31
0.0
100
AcDbText
 73
2
  0
TEXT
  5
D03
330
17
100
AcDbEntity
  8
TABEL_PAD
 62
7
100
AcDbText
 10
391453.892
 20
585777.755
 30
0.0
 40
1.1
  1
1.38
 72
1
 11
391453.892
 21
585777.755
 31
0.0
100
AcDbText
 73
2
  0
LINE
  5
D04
330
17
100
AcDbEntity
  8
TABEL_PAD
 62
7
100
AcDbLine
 10
391381.892
 20
585772.505
 30
0.0
 11
391463.892
 21
585772.505
 31
0.0
  0
TEXT
  5
D05
330
17
100
AcDbEntity
  8
TABEL_PAD
 62
7
100
AcDbText
 10
391388.892
 20
585774.255
 30
0.0
 40
1.1
  1
28
 72
1
 11
391388.892
 21
585774.255
 31
0.0
100
AcDbText
 73
2
  0
TEXT
  5
D06
330
17
100
AcDbEntity
  8
TABEL_PAD
 62
7
100
AcDbText
 10
391407.892
 20
585774.255
 30
0.0
 40
1.1
  1
391173.047
 72
1
 11
391407.892
 21
585774.255
 31
0.0
100
AcDbText
 73
2
  0
TEXT
  5
D07
330
17
100
AcDbEntity
  8
TABEL_PAD
 62
7
100
AcDbText
 10
391431.892
 20
585774.255
 30
0.0
 40
1.1
  1
585822.705
 72
1
 11
391431.892
 21
585774.255
 31
0.0
100
AcDbText
 73
2
  0
TEXT
  5
D08
330
17
100
AcDbEntity
  8
TABEL_PAD
 62
7
100
AcDbText
 10
391453.892
 20
585774.255
 30
0.0
 40
1.1
  1
2.34
 72
1
 11
391453.892
 21
585774.255
 31
0.0
100
AcDbText
 73
2
  0
LINE
  5
D09
330
17
100
AcDbEntity
  8
TABEL_PAD
 62
7
100
AcDbLine
 10
391381.892
 20
585769.005
 30
0.0
 11
391463.892
 21
585769.005
 31
0.0
  0
TEXT
  5
D0A
330
17
100
AcDbEntity
  8
TABEL_PAD
 62
7
100
AcDbText
 10
391388.892
 20
585770.755
 30
0.0
 40
1.1
  1
29
 72
1
 11
391388.892
 21
585770.755
 31
0.0
100
AcDbText
 73
2
  0
TEXT
  5
D0B
330
17
100
AcDbEntity
  8
TABEL_PAD
 62
7
100
AcDbText
 10
391407.892
 20
585770.755
 30
0.0
 40
1.1
  1
391171.247
 72
1
 11
391407.892
 21
585770.755
 31
0.0
100
AcDbText
 73
2
  0
TEXT
  5
D0C
330
17
100
AcDbEntity
  8
TABEL_PAD
 62
7
100
AcDbText
 10
391431.892
 20
585770.755
 30
0.0
 40
1.1
  1
585824.205
 72
1
 11
391431.892
 21
585770.755
 31
0.0
100
AcDbText
 73
2
  0
TEXT
  5
D0D
330
17
100
AcDbEntity
  8
TABEL_PAD
 62
7
100
AcDbText
 10
391453.892
 20
585770.755
 30
0.0
 40
1.1
  1
1.28
 72
1
 11
391453.892
 21
585770.755
 31
0.0
100
AcDbText
 73
2
  0
LINE
  5
D0E
330
17
100
AcDbEntity
  8
TABEL_PAD
 62
7
100
AcDbLine
 10
391381.892
 20
585765.505
 30
0.0
 11
391463.892
 21
585765.505
 31
0.0
  0
TEXT
  5
D0F
330
17
100
AcDbEntity
  8
TABEL_PAD
 62
7
100
AcDbText
 10
391388.892
 20
585767.255
 30
0.0
 40
1.1
  1
30
 72
1
 11
391388.892
 21
585767.255
 31
0.0
100
AcDbText
 73
2
  0
TEXT
  5
D10
330
17
100
AcDbEntity
  8
TABEL_PAD
 62
7
100
AcDbText
 10
391407.892
 20
585767.255
 30
0.0
 40
1.1
  1
391170.797
 72
1
 11
391407.892
 21
585767.255
 31
0.0
100
AcDbText
 73
2
  0
TEXT
  5
D11
330
17
100
AcDbEntity
  8
TABEL_PAD
 62
7
100
AcDbText
 10
391431.892
 20
585767.255
 30
0.0
 40
1.1
  1
585825.405
 72
1
 11
391431.892
 21
585767.255
 31
0.0
100
AcDbText
 73
2
  0
TEXT
  5
D12
330
17
100
AcDbEntity
  8
TABEL_PAD
 62
7
100
AcDbText
 10
391453.892
 20
585767.255
 30
0.0
 40
1.1
  1
1.81
 72
1
 11
391453.892
 21
585767.255
 31
0.0
100
AcDbText
 73
2
  0
LINE
  5
D13
330
17
100
AcDbEntity
  8
TABEL_PAD
 62
7
100
AcDbLine
 10
391381.892
 20
585762.005
 30
0.0
 11
391463.892
 21
585762.005
 31
0.0
  0
TEXT
  5
D14
330
17
100
AcDbEntity
  8
TABEL_PAD
 62
7
100
AcDbText
 10
391388.892
 20
585763.755
 30
0.0
 40
1.1
  1
31
 72
1
 11
391388.892
 21
585763.755
 31
0.0
100
AcDbText
 73
2
  0
TEXT
  5
D15
330
17
100
AcDbEntity
  8
TABEL_PAD
 62
7
100
AcDbText
 10
391407.892
 20
585763.755
 30
0.0
 40
1.1
  1
391169.447
 72
1
 11
391407.892
 21
585763.755
 31
0.0
100
AcDbText
 73
2
  0
TEXT
  5
D16
330
17
100
AcDbEntity
  8
TABEL_PAD
 62
7
100
AcDbText
 10
391431.892
 20
585763.755
 30
0.0
 40
1.1
  1
585826.605
 72
1
 11
391431.892
 21
585763.755
 31
0.0
100
AcDbText
 73
2
  0
TEXT
  5
D17
330
17
100
AcDbEntity
  8
TABEL_PAD
 62
7
100
AcDbText
 10
391453.892
 20
585763.755
 30
0.0
 40
1.1
  1
0.47
 72
1
 11
391453.892
 21
585763.755
 31
0.0
100
AcDbText
 73
2
  0
LINE
  5
D18
330
17
100
AcDbEntity
  8
TABEL_PAD
 62
7
100
AcDbLine
 10
391381.892
 20
585758.505
 30
0.0
 11
391463.892
 21
585758.505
 31
0.0
  0
TEXT
  5
D19
330
17
100
AcDbEntity
  8
TABEL_PAD
 62
7
100
AcDbText
 10
391388.892
 20
585760.255
 30
0.0
 40
1.1
  1
32
 72
1
 11
391388.892
 21
585760.255
 31
0.0
100
AcDbText
 73
2
  0
TEXT
  5
D1A
330
17
100
AcDbEntity
  8
TABEL_PAD
 62
7
100
AcDbText
 10
391407.892
 20
585760.255
 30
0.0
 40
1.1
  1
391169.297
 72
1
 11
391407.892
 21
585760.255
 31
0.0
100
AcDbText
 73
2
  0
TEXT
  5
D1B
330
17
100
AcDbEntity
  8
TABEL_PAD
 62
7
100
AcDbText
 10
391431.892
 20
585760.255
 30
0.0
 40
1.1
  1
585827.055
 72
1
 11
391431.892
 21
585760.255
 31
0.0
100
AcDbText
 73
2
  0
TEXT
  5
D1C
330
17
100
AcDbEntity
  8
TABEL_PAD
 62
7
100
AcDbText
 10
391453.892
 20
585760.255
 30
0.0
 40
1.1
  1
1.21
 72
1
 11
391453.892
 21
585760.255
 31
0.0
100
AcDbText
 73
2
  0
LINE
  5
D1D
330
17
100
AcDbEntity
  8
TABEL_PAD
 62
7
100
AcDbLine
 10
391381.892
 20
585755.005
 30
0.0
 11
391463.892
 21
585755.005
 31
0.0
  0
TEXT
  5
D1E
330
17
100
AcDbEntity
  8
TABEL_PAD
 62
7
100
AcDbText
 10
391388.892
 20
585756.755
 30
0.0
 40
1.1
  1
33
 72
1
 11
391388.892
 21
585756.755
 31
0.0
100
AcDbText
 73
2
  0
TEXT
  5
D1F
330
17
100
AcDbEntity
  8
TABEL_PAD
 62
7
100
AcDbText
 10
391407.892
 20
585756.755
 30
0.0
 40
1.1
  1
391168.247
 72
1
 11
391407.892
 21
585756.755
 31
0.0
100
AcDbText
 73
2
  0
TEXT
  5
D20
330
17
100
AcDbEntity
  8
TABEL_PAD
 62
7
100
AcDbText
 10
391431.892
 20
585756.755
 30
0.0
 40
1.1
  1
585827.655
 72
1
 11
391431.892
 21
585756.755
 31
0.0
100
AcDbText
 73
2
  0
TEXT
  5
D21
330
17
100
AcDbEntity
  8
TABEL_PAD
 62
7
100
AcDbText
 10
391453.892
 20
585756.755
 30
0.0
 40
1.1
  1
0.95
 72
1
 11
391453.892
 21
585756.755
 31
0.0
100
AcDbText
 73
2
  0
LINE
  5
D22
330
17
100
AcDbEntity
  8
TABEL_PAD
 62
7
100
AcDbLine
 10
391381.892
 20
585751.505
 30
0.0
 11
391463.892
 21
585751.505
 31
0.0
  0
TEXT
  5
D23
330
17
100
AcDbEntity
  8
TABEL_PAD
 62
7
100
AcDbText
 10
391388.892
 20
585753.255
 30
0.0
 40
1.1
  1
34
 72
1
 11
391388.892
 21
585753.255
 31
0.0
100
AcDbText
 73
2
  0
TEXT
  5
D24
330
17
100
AcDbEntity
  8
TABEL_PAD
 62
7
100
AcDbText
 10
391407.892
 20
585753.255
 30
0.0
 40
1.1
  1
391167.947
 72
1
 11
391407.892
 21
585753.255
 31
0.0
100
AcDbText
 73
2
  0
TEXT
  5
D25
330
17
100
AcDbEntity
  8
TABEL_PAD
 62
7
100
AcDbText
 10
391431.892
 20
585753.255
 30
0.0
 40
1.1
  1
585828.555
 72
1
 11
391431.892
 21
585753.255
 31
0.0
100
AcDbText
 73
2
  0
TEXT
  5
D26
330
17
100
AcDbEntity
  8
TABEL_PAD
 62
7
100
AcDbText
 10
391453.892
 20
585753.255
 30
0.0
 40
1.1
  1
2.13
 72
1
 11
391453.892
 21
585753.255
 31
0.0
100
AcDbText
 73
2
  0
LINE
  5
D27
330
17
100
AcDbEntity
  8
TABEL_PAD
 62
7
100
AcDbLine
 10
391381.892
 20
585748.005
 30
0.0
 11
391463.892
 21
585748.005
 31
0.0
  0
TEXT
  5
D28
330
17
100
AcDbEntity
  8
TABEL_PAD
 62
7
100
AcDbText
 10
391388.892
 20
585749.755
 30
0.0
 40
1.1
  1
35
 72
1
 11
391388.892
 21
585749.755
 31
0.0
100
AcDbText
 73
2
  0
TEXT
  5
D29
330
17
100
AcDbEntity
  8
TABEL_PAD
 62
7
100
AcDbText
 10
391407.892
 20
585749.755
 30
0.0
 40
1.1
  1
391166.297
 72
1
 11
391407.892
 21
585749.755
 31
0.0
100
AcDbText
 73
2
  0
TEXT
  5
D2A
330
17
100
AcDbEntity
  8
TABEL_PAD
 62
7
100
AcDbText
 10
391431.892
 20
585749.755
 30
0.0
 40
1.1
  1
585829.905
 72
1
 11
391431.892
 21
585749.755
 31
0.0
100
AcDbText
 73
2
  0
TEXT
  5
D2B
330
17
100
AcDbEntity
  8
TABEL_PAD
 62
7
100
AcDbText
 10
391453.892
 20
585749.755
 30
0.0
 40
1.1
  1
3.01
 72
1
 11
391453.892
 21
585749.755
 31
0.0
100
AcDbText
 73
2
  0
LINE
  5
D2C
330
17
100
AcDbEntity
  8
TABEL_PAD
 62
4
100
AcDbLine
 10
391381.892
 20
585744.505
 30
0.0
 11
391463.892
 21
585744.505
 31
0.0
  0
TEXT
  5
D2D
330
17
100
AcDbEntity
  8
TABEL_PAD
 62
2
100
AcDbText
 10
391422.892
 20
585746.255
 30
0.0
 40
1.2
  1
Suprafata Construita la Sol (Sc) = 70480.24 mp
 72
1
 11
391422.892
 21
585746.255
 31
0.0
100
AcDbText
 73
2
  0
LINE
  5
D2E
330
17
100
AcDbEntity
  8
TABEL_PAD
 62
4
100
AcDbLine
 10
391381.892
 20
585879.255
 30
0.0
 11
391381.892
 21
585744.505
 31
0.0
  0
LINE
  5
D2F
330
17
100
AcDbEntity
  8
TABEL_PAD
 62
4
100
AcDbLine
 10
391395.892
 20
585874.005
 30
0.0
 11
391395.892
 21
585744.505
 31
0.0
  0
LINE
  5
D30
330
17
100
AcDbEntity
  8
TABEL_PAD
 62
4
100
AcDbLine
 10
391419.892
 20
585874.005
 30
0.0
 11
391419.892
 21
585744.505
 31
0.0
  0
LINE
  5
D31
330
17
100
AcDbEntity
  8
TABEL_PAD
 62
4
100
AcDbLine
 10
391443.892
 20
585874.005
 30
0.0
 11
391443.892
 21
585744.505
 31
0.0
  0
LINE
  5
D32
330
17
100
AcDbEntity
  8
TABEL_PAD
 62
4
100
AcDbLine
 10
391463.892
 20
585879.255
 30
0.0
 11
391463.892
 21
585744.505
 31
0.0
  0
ENDSEC
  0
SECTION
  2
OBJECTS
  0
DICTIONARY
  5
A
330
0
100
AcDbDictionary
281
1
  3
ACAD_COLOR
350
B
  3
ACAD_GROUP
350
C
  3
ACAD_LAYOUT
350
D
  3
ACAD_MATERIAL
350
E
  3
ACAD_MLEADERSTYLE
350
F
  3
ACAD_MLINESTYLE
350
10
  3
ACAD_PLOTSETTINGS
350
11
  3
ACAD_PLOTSTYLENAME
350
12
  3
ACAD_SCALELIST
350
14
  3
ACAD_TABLESTYLE
350
15
  3
ACAD_VISUALSTYLE
350
16
  3
EZDXF_META
350
2D
  0
DICTIONARY
  5
B
330
A
100
AcDbDictionary
281
1
  0
DICTIONARY
  5
C
330
A
100
AcDbDictionary
281
1
  0
DICTIONARY
  5
D
330
A
100
AcDbDictionary
281
1
  3
Model
350
1A
  3
Layout1
350
1E
  0
DICTIONARY
  5
E
330
A
100
AcDbDictionary
281
1
  3
ByBlock
350
1F
  3
ByLayer
350
20
  3
Global
350
21
  0
DICTIONARY
  5
F
330
A
100
AcDbDictionary
281
1
  3
Standard
350
2C
  0
DICTIONARY
  5
10
330
A
100
AcDbDictionary
281
1
  3
Standard
350
22
  0
DICTIONARY
  5
11
330
A
100
AcDbDictionary
281
1
  0
ACDBDICTIONARYWDFLT
  5
12
330
A
100
AcDbDictionary
281
1
  3
Normal
350
13
100
AcDbDictionaryWithDefault
340
13
  0
ACDBPLACEHOLDER
  5
13
330
12
  0
DICTIONARY
  5
14
330
A
100
AcDbDictionary
281
1
  0
DICTIONARY
  5
15
330
A
100
AcDbDictionary
281
1
  0
DICTIONARY
  5
16
330
A
100
AcDbDictionary
281
1
  0
LAYOUT
  5
1A
330
D
100
AcDbPlotSettings
  1

  4
A3
  6

 40
7.5
 41
20.0
 42
7.5
 43
20.0
 44
420.0
 45
297.0
 46
0.0
 47
0.0
 48
0.0
 49
0.0
140
0.0
141
0.0
142
1.0
143
1.0
 70
1024
 72
1
 73
0
 74
5
  7

 75
16
 76
0
 77
2
 78
300
147
1.0
148
0.0
149
0.0
100
AcDbLayout
  1
Model
 70
1
 71
0
 10
0.0
 20
0.0
 11
420.0
 21
297.0
 12
0.0
 22
0.0
 32
0.0
 14
1e+20
 24
1e+20
 34
1e+20
 15
-1e+20
 25
-1e+20
 35
-1e+20
146
0.0
 13
0.0
 23
0.0
 33
0.0
 16
1.0
 26
0.0
 36
0.0
 17
0.0
 27
1.0
 37
0.0
 76
1
330
17
  0
LAYOUT
  5
1E
330
D
100
AcDbPlotSettings
  1

  4
A3
  6

 40
7.5
 41
20.0
 42
7.5
 43
20.0
 44
420.0
 45
297.0
 46
0.0
 47
0.0
 48
0.0
 49
0.0
140
0.0
141
0.0
142
1.0
143
1.0
 70
0
 72
1
 73
0
 74
5
  7

 75
16
 76
0
 77
2
 78
300
147
1.0
148
0.0
149
0.0
100
AcDbLayout
  1
Layout1
 70
1
 71
1
 10
0.0
 20
0.0
 11
420.0
 21
297.0
 12
0.0
 22
0.0
 32
0.0
 14
1e+20
 24
1e+20
 34
1e+20
 15
-1e+20
 25
-1e+20
 35
-1e+20
146
0.0
 13
0.0
 23
0.0
 33
0.0
 16
1.0
 26
0.0
 36
0.0
 17
0.0
 27
1.0
 37
0.0
 76
1
330
1B
  0
MATERIAL
  5
1F
102
{ACAD_REACTORS
330
E
102
}
330
E
100
AcDbMaterial
  1
ByBlock
  2

 70
0
 40
1.0
 71
1
 41
1.0
 91
-1023410177
 42
1.0
 72
1
  3

 73
1
 74
1
 75
1
 44
0.5
 73
0
 45
1.0
 46
1.0
 77
1
  4

 78
1
 79
1
170
1
 48
1.0
171
1
  6

172
1
173
1
174
1
140
1.0
141
1.0
175
1
  7

176
1
177
1
178
1
143
1.0
179
1
  8

270
1
271
1
272
1
145
1.0
146
1.0
273
1
  9

274
1
275
1
276
1
 42
1.0
 72
1
  3

 73
1
 74
1
 75
1
 94
63
  0
MATERIAL
  5
20
102
{ACAD_REACTORS
330
E
102
}
330
E
100
AcDbMaterial
  1
ByLayer
  2

 70
0
 40
1.0
 71
1
 41
1.0
 91
-1023410177
 42
1.0
 72
1
  3

 73
1
 74
1
 75
1
 44
0.5
 73
0
 45
1.0
 46
1.0
 77
1
  4

 78
1
 79
1
170
1
 48
1.0
171
1
  6

172
1
173
1
174
1
140
1.0
141
1.0
175
1
  7

176
1
177
1
178
1
143
1.0
179
1
  8

270
1
271
1
272
1
145
1.0
146
1.0
273
1
  9

274
1
275
1
276
1
 42
1.0
 72
1
  3

 73
1
 74
1
 75
1
 94
63
  0
MATERIAL
  5
21
102
{ACAD_REACTORS
330
E
102
}
330
E
100
AcDbMaterial
  1
Global
  2

 70
0
 40
1.0
 71
1
 41
1.0
 91
-1023410177
 42
1.0
 72
1
  3

 73
1
 74
1
 75
1
 44
0.5
 73
0
 45
1.0
 46
1.0
 77
1
  4

 78
1
 79
1
170
1
 48
1.0
171
1
  6

172
1
173
1
174
1
140
1.0
141
1.0
175
1
  7

176
1
177
1
178
1
143
1.0
179
1
  8

270
1
271
1
272
1
145
1.0
146
1.0
273
1
  9

274
1
275
1
276
1
 42
1.0
 72
1
  3

 73
1
 74
1
 75
1
 94
63
  0
MLINESTYLE
  5
22
102
{ACAD_REACTORS
330
10
102
}
330
10
100
AcDbMlineStyle
  2
Standard
 70
0
  3

 62
256
 51
90.0
 52
90.0
 71
2
 49
0.5
 62
256
  6
BYLAYER
 49
-0.5
 62
256
  6
BYLAYER
  0
MLEADERSTYLE
  5
2C
102
{ACAD_REACTORS
330
F
102
}
330
F
100
AcDbMLeaderStyle
179
2
170
2
171
1
172
0
 90
2
 40
0.0
 41
0.0
173
1
 91
-1056964608
 92
-2
290
1
 42
2.0
291
1
 43
8.0
  3
Standard
 44
4.0
300

342
29
174
1
175
1
176
0
178
1
 93
-1056964608
 45
4.0
292
0
297
0
 46
4.0
 94
-1056964608
 47
1.0
 49
1.0
140
1.0
294
1
141
0.0
177
0
142
1.0
295
0
296
0
143
3.75
271
0
272
9
273
9
  0
DICTIONARY
  5
2D
330
A
100
AcDbDictionary
280
1
281
1
  3
CREATED_BY_EZDXF
350
2E
  3
WRITTEN_BY_EZDXF
350
D35
  0
DICTIONARYVAR
  5
2E
330
2D
100
DictionaryVariables
280
0
  1
1.4.4 @ 2026-09-17T18:09:02.095780+00:00
  0
DICTIONARYVAR
  5
D35
330
2D
100
DictionaryVariables
280
0
  1
1.4.4 @ 2026-09-17T18:09:02.254744+00:00
  0
ENDSEC
  0
EOF
