{
"type": "FeatureCollection",
"name": "cladiri_finalizate_aoi_complet",
"crs": { "type": "name", "properties": { "name": "urn:ogc:def:crs:EPSG::3844" } },
"features": [
{ "type": "Feature", "properties": { "id": 1, "ref_id": "REF_TIER1_001", "tier": "TIER1_VALIDAT", "category": "CLADIRE_CADASTRU_CLEAN", "validare": "VALIDAT_TEREN_ANCPI", "sam2_score": 0.95, "inaltime_med_m": 5.2, "inaltime_max_m": 7.8, "area_m2": 312.48, "area_sol_m2": 274.54, "eave_offset_m": 0.4, "perimeter_m": 96.46, "vertices": 4, "is_temporary": false, "structure_type": "CONSTRUCTIE_PERMANENTA", "center_x": 390820.29, "center_y": 585397.97, "clasa_forma": "DREPTUNGHI_OBB", "conf_final": 0.95, "action_code": "VERDE_ACCEPTAT_AUTOMAT" }, "geometry": { "type": "Polygon", "coordinates": [ [ [ 390840.891067951568402, 585399.024288087384775 ], [ 390801.526449592784047, 585389.414146516239271 ], [ 390799.697482756804675, 585396.905799244181253 ], [ 390839.06210111558903, 585406.51594081427902 ], [ 390840.891067951568402, 585399.024288087384775 ] ] ] } },
{ "type": "Feature", "properties": { "id": 2, "ref_id": "REF_TIER1_002", "tier": "TIER1_VALIDAT", "category": "CLADIRE_CADASTRU_CLEAN", "validare": "VALIDAT_TEREN_ANCPI", "sam2_score": 0.95, "inaltime_med_m": 5.2, "inaltime_max_m": 7.8, "area_m2": 1407.56, "area_sol_m2": 1339.0, "eave_offset_m": 0.4, "perimeter_m": 172.99, "vertices": 4, "is_temporary": false, "structure_type": "CONSTRUCTIE_PERMANENTA", "center_x": 390834.74, "center_y": 585433.85, "clasa_forma": "DREPTUNGHI_OBB", "conf_final": 0.95, "action_code": "VERDE_ACCEPTAT_AUTOMAT" }, "geometry": { "type": "Polygon", "coordinates": [ [ [ 390868.85904406249756, 585435.431939808884636 ], [ 390808.487009675591253, 585412.002143585355952 ], [ 390800.623200221161824, 585432.264975356403738 ], [ 390860.995251641143113, 585455.694785867468454 ], [ 390868.85904406249756, 585435.431939808884636 ] ] ] } },
{ "type": "Feature", "properties": { "id": 3, "ref_id": "REF_TIER1_003", "tier": "TIER1_VALIDAT", "category": "CLADIRE_CADASTRU_CLEAN", "validare": "VALIDAT_TEREN_ANCPI", "sam2_score": 0.95, "inaltime_med_m": 5.2, "inaltime_max_m": 7.8, "area_m2": 1568.98, "area_sol_m2": 1468.64, "eave_offset_m": 0.4, "perimeter_m": 252.5, "vertices": 16, "is_temporary": false, "structure_type": "CONSTRUCTIE_PERMANENTA", "center_x": 390834.9, "center_y": 585507.68, "clasa_forma": "MANHATTAN_LUT", "conf_final": 0.95, "action_code": "VERDE_ACCEPTAT_AUTOMAT" }, "geometry": { "type": "Polygon", "coordinates": [ [ [ 390783.56903761846479, 585496.126760212820955 ], [ 390789.667781307827681, 585481.34192702639848 ], [ 390796.505766656599008, 585483.744462419184856 ], [ 390797.799439560389146, 585482.081168685806915 ], [ 390802.05007910146378, 585483.929272834095173 ], [ 390801.126027027319651, 585486.331808226881549 ], [ 390812.584272746811621, 585489.843206108664162 ], [ 390811.845031087519601, 585491.136879012454301 ], [ 390888.171732412418351, 585520.891355800093152 ], [ 390884.845144945487846, 585526.805289074662142 ], [ 390885.769197019631974, 585528.283772393362597 ], [ 390883.551472041639499, 585534.867643421632238 ], [ 390829.586830911226571, 585513.060014471644536 ], [ 390829.032399666728452, 585511.581531153060496 ], [ 390814.801997724804096, 585506.776460367487743 ], [ 390813.50832482095575, 585508.254943686071783 ], [ 390783.56903761846479, 585496.126760212820955 ] ] ] } },
{ "type": "Feature", "properties": { "id": 4, "ref_id": "REF_TIER1_004", "tier": "TIER1_VALIDAT", "category": "CLADIRE_CADASTRU_CLEAN", "validare": "VALIDAT_TEREN_ANCPI", "sam2_score": 0.95, "inaltime_med_m": 5.2, "inaltime_max_m": 7.8, "area_m2": 2088.43, "area_sol_m2": 2014.43, "eave_offset_m": 0.4, "perimeter_m": 186.61, "vertices": 4, "is_temporary": false, "structure_type": "CONSTRUCTIE_PERMANENTA", "center_x": 390845.19, "center_y": 585474.46, "clasa_forma": "DREPTUNGHI_OBB", "conf_final": 0.95, "action_code": "VERDE_ACCEPTAT_AUTOMAT" }, "geometry": { "type": "Polygon", "coordinates": [ [ [ 390838.636176556174178, 585441.454491132870317 ], [ 390817.276204762572888, 585493.254116207826883 ], [ 390851.734465833287686, 585507.463229954591952 ], [ 390873.094426262774505, 585455.663607153343037 ], [ 390838.636176556174178, 585441.454491132870317 ] ] ] } },
{ "type": "Feature", "properties": { "id": 5, "ref_id": "REF_TIER1_005", "tier": "TIER1_VALIDAT", "category": "CLADIRE_CADASTRU_CLEAN", "validare": "VALIDAT_TEREN_ANCPI", "sam2_score": 0.95, "inaltime_med_m": 5.2, "inaltime_max_m": 7.8, "area_m2": 1442.69, "area_sol_m2": 1364.54, "eave_offset_m": 0.4, "perimeter_m": 196.96, "vertices": 12, "is_temporary": false, "structure_type": "CONSTRUCTIE_PERMANENTA", "center_x": 390902.63, "center_y": 585570.43, "clasa_forma": "MANHATTAN_LUT", "conf_final": 0.95, "action_code": "VERDE_ACCEPTAT_AUTOMAT" }, "geometry": { "type": "Polygon", "coordinates": [ [ [ 390888.910974071768578, 585595.138939958182164 ], [ 390894.824907346337568, 585579.06043386796955 ], [ 390876.713486692926381, 585571.113586030201986 ], [ 390884.660334530635737, 585552.447734132409096 ], [ 390902.586944769194815, 585558.916098651476204 ], [ 390909.794550947553944, 585542.283161316649057 ], [ 390923.470521645038389, 585548.197094591218047 ], [ 390917.556588370469399, 585567.97180897812359 ], [ 390923.840142474684399, 585571.113586030201986 ], [ 390919.219882103905547, 585584.419935898040421 ], [ 390911.642655095900409, 585581.27815884584561 ], [ 390902.771755184046924, 585601.792114892043173 ], [ 390888.910974071768578, 585595.138939958182164 ] ] ] } },
{ "type": "Feature", "properties": { "id": 6, "ref_id": "REF_TIER1_006", "tier": "TIER1_VALIDAT", "category": "CLADIRE_CADASTRU_CLEAN", "validare": "VALIDAT_TEREN_ANCPI", "sam2_score": 0.95, "inaltime_med_m": 5.2, "inaltime_max_m": 7.8, "area_m2": 1157.88, "area_sol_m2": 1095.26, "eave_offset_m": 0.4, "perimeter_m": 158.14, "vertices": 4, "is_temporary": false, "structure_type": "CONSTRUCTIE_PERMANENTA", "center_x": 390979.21, "center_y": 585550.49, "clasa_forma": "DREPTUNGHI_OBB", "conf_final": 0.95, "action_code": "VERDE_ACCEPTAT_AUTOMAT" }, "geometry": { "type": "Polygon", "coordinates": [ [ [ 391003.300412405107636, 585570.577550464658998 ], [ 391010.508018584048841, 585552.5585350174224 ], [ 390955.112676689343061, 585530.400406351662241 ], [ 390947.905070510110818, 585548.419421798666008 ], [ 391003.300412405107636, 585570.577550464658998 ] ] ] } },
{ "type": "Feature", "properties": { "id": 7, "ref_id": "REF_TIER1_007", "tier": "TIER1_VALIDAT", "category": "CLADIRE_CADASTRU_CLEAN", "validare": "VALIDAT_TEREN_ANCPI", "sam2_score": 0.95, "inaltime_med_m": 5.2, "inaltime_max_m": 7.8, "area_m2": 818.34, "area_sol_m2": 748.01, "eave_offset_m": 0.4, "perimeter_m": 177.42, "vertices": 20, "is_temporary": false, "structure_type": "CONSTRUCTIE_PERMANENTA", "center_x": 390766.25, "center_y": 585409.69, "clasa_forma": "MANHATTAN_LUT", "conf_final": 0.95, "action_code": "VERDE_ACCEPTAT_AUTOMAT" }, "geometry": { "type": "Polygon", "coordinates": [ [ [ 390735.197906149725895, 585405.334152007475495 ], [ 390736.950182675558608, 585400.515391561551951 ], [ 390738.921493767062202, 585401.172495258739218 ], [ 390742.535564101533964, 585392.192078064079396 ], [ 390752.446878200571518, 585396.244217529892921 ], [ 390752.063567710574716, 585397.503666282864287 ], [ 390777.088266844628379, 585407.853049513301812 ], [ 390778.950060653267428, 585404.184220537426881 ], [ 390782.837924194929656, 585405.717462497530505 ], [ 390782.235579139145557, 585408.181601361953653 ], [ 390798.882206134207081, 585415.00817866018042 ], [ 390794.528894140385091, 585427.147865250706673 ], [ 390780.154750764661003, 585421.89103567332495 ], [ 390781.222544272604864, 585419.591172733227722 ], [ 390766.109159237588756, 585413.020135761587881 ], [ 390764.384262032515835, 585416.962757944595069 ], [ 390744.260461306548677, 585409.200720521737821 ], [ 390741.96059836645145, 585413.882584364153445 ], [ 390738.921493767003994, 585412.814790856209584 ], [ 390740.482115047809202, 585407.804375165258534 ], [ 390735.197906149725895, 585405.334152007475495 ] ] ] } },
{ "type": "Feature", "properties": { "id": 8, "ref_id": "REF_TIER1_008", "tier": "TIER1_VALIDAT", "category": "CLADIRE_CADASTRU_CLEAN", "validare": "VALIDAT_TEREN_ANCPI", "sam2_score": 0.95, "inaltime_med_m": 5.2, "inaltime_max_m": 7.8, "area_m2": 436.09, "area_sol_m2": 394.15, "eave_offset_m": 0.4, "perimeter_m": 106.44, "vertices": 14, "is_temporary": false, "structure_type": "CONSTRUCTIE_PERMANENTA", "center_x": 390692.43, "center_y": 585427.43, "clasa_forma": "MANHATTAN_LUT", "conf_final": 0.95, "action_code": "VERDE_ACCEPTAT_AUTOMAT" }, "geometry": { "type": "Polygon", "coordinates": [ [ [ 390672.872304955730215, 585424.026622689212672 ], [ 390674.432926236535423, 585420.166138468310237 ], [ 390677.143478987389244, 585421.233931976254098 ], [ 390678.704100268136244, 585416.305654247407801 ], [ 390703.427626874356065, 585425.58724397001788 ], [ 390704.906110192998312, 585422.055311597650871 ], [ 390709.998663846054114, 585423.369518992025405 ], [ 390707.94521479238756, 585428.626348569407128 ], [ 390710.902181429672055, 585430.022693925886415 ], [ 390707.534524981689174, 585437.825800329796039 ], [ 390699.567142653453629, 585435.279523503268138 ], [ 390698.663625069835689, 585436.593730897642672 ], [ 390674.679340122966096, 585428.215658758650534 ], [ 390675.418581782258116, 585425.176554159261286 ], [ 390672.872304955730215, 585424.026622689212672 ] ] ] } },
{ "type": "Feature", "properties": { "id": 9, "ref_id": "REF_TIER1_009", "tier": "TIER1_VALIDAT", "category": "CLADIRE_CADASTRU_CLEAN", "validare": "VALIDAT_TEREN_ANCPI", "sam2_score": 0.95, "inaltime_med_m": 5.2, "inaltime_max_m": 7.8, "area_m2": 157.18, "area_sol_m2": 137.76, "eave_offset_m": 0.4, "perimeter_m": 50.15, "vertices": 4, "is_temporary": false, "structure_type": "CONSTRUCTIE_PERMANENTA", "center_x": 391229.09, "center_y": 585605.46, "clasa_forma": "DREPTUNGHI_OBB", "conf_final": 0.95, "action_code": "VERDE_ACCEPTAT_AUTOMAT" }, "geometry": { "type": "Polygon", "coordinates": [ [ [ 391220.257265716965776, 585604.666739168926142 ], [ 391228.506652067881078, 585614.311242329189554 ], [ 391237.918324345955625, 585606.260998758138157 ], [ 391229.668939892202616, 585596.616502138669603 ], [ 391220.257265716965776, 585604.666739168926142 ] ] ] } },
{ "type": "Feature", "properties": { "id": 10, "ref_id": "REF_TIER1_010", "tier": "TIER1_VALIDAT", "category": "CLADIRE_CADASTRU_CLEAN", "validare": "VALIDAT_TEREN_ANCPI", "sam2_score": 0.95, "inaltime_med_m": 5.2, "inaltime_max_m": 7.8, "area_m2": 126.17, "area_sol_m2": 108.82, "eave_offset_m": 0.4, "perimeter_m": 44.97, "vertices": 4, "is_temporary": false, "structure_type": "CONSTRUCTIE_PERMANENTA", "center_x": 391244.87, "center_y": 585594.64, "clasa_forma": "DREPTUNGHI_OBB", "conf_final": 0.95, "action_code": "VERDE_ACCEPTAT_AUTOMAT" }, "geometry": { "type": "Polygon", "coordinates": [ [ [ 391243.941774903738406, 585602.541974360821769 ], [ 391252.827555930125527, 585594.865774590871297 ], [ 391245.80356871249387, 585586.734979866887443 ], [ 391236.917788774066139, 585594.411175694782287 ], [ 391243.941774903738406, 585602.541974360821769 ] ] ] } },
{ "type": "Feature", "properties": { "id": 11, "ref_id": "REF_TIER1_011", "tier": "TIER1_VALIDAT", "category": "CLADIRE_CADASTRU_CLEAN", "validare": "VALIDAT_TEREN_ANCPI", "sam2_score": 0.95, "inaltime_med_m": 5.2, "inaltime_max_m": 7.8, "area_m2": 144.42, "area_sol_m2": 125.83, "eave_offset_m": 0.4, "perimeter_m": 48.07, "vertices": 4, "is_temporary": false, "structure_type": "CONSTRUCTIE_PERMANENTA", "center_x": 391258.46, "center_y": 585583.29, "clasa_forma": "DREPTUNGHI_OBB", "conf_final": 0.95, "action_code": "VERDE_ACCEPTAT_AUTOMAT" }, "geometry": { "type": "Polygon", "coordinates": [ [ [ 391257.692811089160386, 585591.748267975868657 ], [ 391266.928235719096847, 585583.978794914553873 ], [ 391259.224975865276065, 585574.822090224828571 ], [ 391249.989562635484617, 585582.591575998230837 ], [ 391257.692811089160386, 585591.748267975868657 ] ] ] } },
{ "type": "Feature", "properties": { "id": 12, "ref_id": "REF_TIER1_012", "tier": "TIER1_VALIDAT", "category": "CLADIRE_CADASTRU_CLEAN", "validare": "VALIDAT_TEREN_ANCPI", "sam2_score": 0.95, "inaltime_med_m": 5.2, "inaltime_max_m": 7.8, "area_m2": 218.46, "area_sol_m2": 194.94, "eave_offset_m": 0.4, "perimeter_m": 60.39, "vertices": 4, "is_temporary": false, "structure_type": "CONSTRUCTIE_PERMANENTA", "center_x": 391283.67, "center_y": 585555.44, "clasa_forma": "DREPTUNGHI_OBB", "conf_final": 0.95, "action_code": "VERDE_ACCEPTAT_AUTOMAT" }, "geometry": { "type": "Polygon", "coordinates": [ [ [ 391294.482759645150509, 585556.809707040898502 ], [ 391280.693468656158075, 585544.956784573849291 ], [ 391272.862052885408048, 585554.067590049467981 ], [ 391286.651343874400482, 585565.920512516517192 ], [ 391294.482759645150509, 585556.809707040898502 ] ] ] } },
{ "type": "Feature", "properties": { "id": 13, "ref_id": "REF_TIER1_013", "tier": "TIER1_VALIDAT", "category": "CLADIRE_CADASTRU_CLEAN", "validare": "VALIDAT_TEREN_ANCPI", "sam2_score": 0.95, "inaltime_med_m": 5.2, "inaltime_max_m": 7.8, "area_m2": 106.33, "area_sol_m2": 89.41, "eave_offset_m": 0.4, "perimeter_m": 43.9, "vertices": 4, "is_temporary": false, "structure_type": "CONSTRUCTIE_PERMANENTA", "center_x": 391299.33, "center_y": 585534.22, "clasa_forma": "DREPTUNGHI_OBB", "conf_final": 0.95, "action_code": "VERDE_ACCEPTAT_AUTOMAT" }, "geometry": { "type": "Polygon", "coordinates": [ [ [ 391302.48484689014731, 585541.791824909858406 ], [ 391307.248848694958724, 585536.370719407917932 ], [ 391296.181932194740511, 585526.64525186503306 ], [ 391291.417930390045512, 585532.066357366973534 ], [ 391302.48484689014731, 585541.791824909858406 ] ] ] } },
{ "type": "Feature", "properties": { "id": 14, "ref_id": "REF_TIER1_014", "tier": "TIER1_VALIDAT", "category": "CLADIRE_CADASTRU_CLEAN", "validare": "VALIDAT_TEREN_ANCPI", "sam2_score": 0.95, "inaltime_med_m": 5.2, "inaltime_max_m": 7.8, "area_m2": 470.84, "area_sol_m2": 432.19, "eave_offset_m": 0.4, "perimeter_m": 98.23, "vertices": 4, "is_temporary": false, "structure_type": "CONSTRUCTIE_PERMANENTA", "center_x": 390765.13, "center_y": 585432.17, "clasa_forma": "DREPTUNGHI_OBB", "conf_final": 0.95, "action_code": "VERDE_ACCEPTAT_AUTOMAT" }, "geometry": { "type": "Polygon", "coordinates": [ [ [ 390764.149109848134685, 585451.319937210646458 ], [ 390778.143471015500836, 585418.087920625228435 ], [ 390766.109159237588756, 585413.020135761587881 ], [ 390752.114816947723739, 585446.25216647121124 ], [ 390764.149109848134685, 585451.319937210646458 ] ] ] } },
{ "type": "Feature", "properties": { "id": 15, "ref_id": "REF_TIER1_015", "tier": "TIER1_VALIDAT", "category": "CLADIRE_CADASTRU_CLEAN", "validare": "VALIDAT_TEREN_ANCPI", "sam2_score": 0.95, "inaltime_med_m": 5.2, "inaltime_max_m": 7.8, "area_m2": 43.86, "area_sol_m2": 33.56, "eave_offset_m": 0.4, "perimeter_m": 27.35, "vertices": 4, "is_temporary": false, "structure_type": "CONSTRUCTIE_PERMANENTA", "center_x": 391150.65, "center_y": 585770.49, "clasa_forma": "DREPTUNGHI_OBB", "conf_final": 0.95, "action_code": "VERDE_ACCEPTAT_AUTOMAT" }, "geometry": { "type": "Polygon", "coordinates": [ [ [ 391154.488599252479617, 585773.663917162222788 ], [ 391155.248368892818689, 585768.580696473363787 ], [ 391146.808677318913396, 585767.319247911218554 ], [ 391146.048907678516116, 585772.402468600077555 ], [ 391154.488599252479617, 585773.663917162222788 ] ] ] } },
{ "type": "Feature", "properties": { "id": 16, "ref_id": "REF_TIER1_016", "tier": "TIER1_VALIDAT", "category": "CLADIRE_CADASTRU_CLEAN", "validare": "VALIDAT_TEREN_ANCPI", "sam2_score": 0.95, "inaltime_med_m": 5.2, "inaltime_max_m": 7.8, "area_m2": 30.49, "area_sol_m2": 21.6, "eave_offset_m": 0.4, "perimeter_m": 24.0, "vertices": 6, "is_temporary": false, "structure_type": "CONSTRUCTIE_PERMANENTA", "center_x": 391113.44, "center_y": 585793.28, "clasa_forma": "MANHATTAN_LUT", "conf_final": 0.95, "action_code": "VERDE_ACCEPTAT_AUTOMAT" }, "geometry": { "type": "Polygon", "coordinates": [ [ [ 391112.838859139650594, 585797.060411898535676 ], [ 391115.604990906198509, 585796.288690474815667 ], [ 391117.279200107266661, 585792.47149349632673 ], [ 391111.567724154097959, 585789.763792722951621 ], [ 391109.362505777389742, 585793.692218224750832 ], [ 391113.414566677354742, 585795.428815753431991 ], [ 391112.838859139650594, 585797.060411898535676 ] ] ] } },
{ "type": "Feature", "properties": { "id": 17, "ref_id": "REF_TIER1_017", "tier": "TIER1_VALIDAT", "category": "CLADIRE_CADASTRU_CLEAN", "validare": "VALIDAT_TEREN_ANCPI", "sam2_score": 0.95, "inaltime_med_m": 5.2, "inaltime_max_m": 7.8, "area_m2": 1484.51, "area_sol_m2": 1400.35, "eave_offset_m": 0.4, "perimeter_m": 211.75, "vertices": 17, "is_temporary": false, "structure_type": "CONSTRUCTIE_PERMANENTA", "center_x": 390626.37, "center_y": 585525.11, "clasa_forma": "MANHATTAN_LUT", "conf_final": 0.95, "action_code": "VERDE_ACCEPTAT_AUTOMAT" }, "geometry": { "type": "Polygon", "coordinates": [ [ [ 390600.127593945304397, 585513.091997528565116 ], [ 390608.074441790347919, 585497.383112253504805 ], [ 390624.892189555568621, 585508.286926738568582 ], [ 390624.522568725515157, 585509.950220473576337 ], [ 390631.914985325594898, 585514.940101678599603 ], [ 390626.925104120571632, 585519.92998288362287 ], [ 390634.132710305624641, 585522.702139108674601 ], [ 390638.752970680652652, 585513.276807943591848 ], [ 390640.231454000691883, 585513.646428773645312 ], [ 390643.742851885734126, 585506.623633003560826 ], [ 390655.20109761581989, 585511.059082963620313 ], [ 390634.871951965615153, 585552.641426338930614 ], [ 390613.433943825424649, 585543.400905588874593 ], [ 390614.91242714546388, 585540.443938948912546 ], [ 390606.411148055340163, 585533.975574423791841 ], [ 390610.107356355409138, 585523.626191183691844 ], [ 390614.727616730437148, 585520.669224543729797 ], [ 390600.127593945304397, 585513.091997528565116 ] ] ] } },
{ "type": "Feature", "properties": { "id": 18, "ref_id": "REF_TIER1_018", "tier": "TIER1_VALIDAT", "category": "CLADIRE_CADASTRU_CLEAN", "validare": "VALIDAT_TEREN_ANCPI", "sam2_score": 0.95, "inaltime_med_m": 5.2, "inaltime_max_m": 7.8, "area_m2": 286.05, "area_sol_m2": 254.61, "eave_offset_m": 0.4, "perimeter_m": 80.21, "vertices": 6, "is_temporary": false, "structure_type": "CONSTRUCTIE_PERMANENTA", "center_x": 390669.28, "center_y": 585480.36, "clasa_forma": "MANHATTAN_LUT", "conf_final": 0.95, "action_code": "VERDE_ACCEPTAT_AUTOMAT" }, "geometry": { "type": "Polygon", "coordinates": [ [ [ 390656.125149690895341, 585485.093219655798748 ], [ 390662.778324630926363, 585470.185179512365721 ], [ 390684.709160544502083, 585480.164941922412254 ], [ 390680.643331414437853, 585488.050186295877211 ], [ 390668.692257911025081, 585482.382666902500205 ], [ 390665.119256554287858, 585489.282255729194731 ], [ 390656.125149690895341, 585485.093219655798748 ] ] ] } },
{ "type": "Feature", "properties": { "id": 19, "ref_id": "REF_TIER1_019", "tier": "TIER1_VALIDAT", "category": "CLADIRE_CADASTRU_CLEAN", "validare": "VALIDAT_TEREN_ANCPI", "sam2_score": 0.95, "inaltime_med_m": 5.2, "inaltime_max_m": 7.8, "area_m2": 173.02, "area_sol_m2": 145.92, "eave_offset_m": 0.4, "perimeter_m": 69.37, "vertices": 10, "is_temporary": false, "structure_type": "CONSTRUCTIE_PERMANENTA", "center_x": 390764.4, "center_y": 585625.5, "clasa_forma": "MANHATTAN_LUT", "conf_final": 0.95, "action_code": "VERDE_ACCEPTAT_AUTOMAT" }, "geometry": { "type": "Polygon", "coordinates": [ [ [ 390753.949014716723468, 585634.507716539781541 ], [ 390757.80037250125315, 585624.381931085255928 ], [ 390762.217569581058342, 585626.170713373692706 ], [ 390766.433984975446947, 585614.794605604954995 ], [ 390773.908539538213518, 585617.340882434044033 ], [ 390769.144537728978321, 585628.758059183834121 ], [ 390767.583916446601506, 585628.347369372611865 ], [ 390765.366191466455348, 585632.70068137079943 ], [ 390761.177155392826535, 585630.893646201700903 ], [ 390759.123706337122712, 585635.493372086551972 ], [ 390753.949014716723468, 585634.507716539781541 ] ] ] } },
{ "type": "Feature", "properties": { "id": 20, "ref_id": "REF_TIER1_020", "tier": "TIER1_VALIDAT", "category": "CLADIRE_CADASTRU_CLEAN", "validare": "VALIDAT_TEREN_ANCPI", "sam2_score": 0.95, "inaltime_med_m": 5.2, "inaltime_max_m": 7.8, "area_m2": 1552.16, "area_sol_m2": 1489.6, "eave_offset_m": 0.4, "perimeter_m": 157.99, "vertices": 4, "is_temporary": false, "structure_type": "CONSTRUCTIE_PERMANENTA", "center_x": 390732.47, "center_y": 585584.27, "clasa_forma": "DREPTUNGHI_OBB", "conf_final": 0.95, "action_code": "VERDE_ACCEPTAT_AUTOMAT" }, "geometry": { "type": "Polygon", "coordinates": [ [ [ 390741.71924383105943, 585610.699610218172893 ], [ 390757.327135164116044, 585571.375870178686455 ], [ 390723.227673267247155, 585557.841557769337669 ], [ 390707.619798467960209, 585597.165294274222106 ], [ 390741.71924383105943, 585610.699610218172893 ] ] ] } },
{ "type": "Feature", "properties": { "id": 21, "ref_id": "REF_TIER1_021", "tier": "TIER1_VALIDAT", "category": "CLADIRE_CADASTRU_CLEAN", "validare": "VALIDAT_TEREN_ANCPI", "sam2_score": 0.95, "inaltime_med_m": 5.2, "inaltime_max_m": 7.8, "area_m2": 315.47, "area_sol_m2": 277.83, "eave_offset_m": 0.4, "perimeter_m": 95.71, "vertices": 4, "is_temporary": false, "structure_type": "CONSTRUCTIE_PERMANENTA", "center_x": 390772.04, "center_y": 585606.55, "clasa_forma": "DREPTUNGHI_OBB", "conf_final": 0.95, "action_code": "VERDE_ACCEPTAT_AUTOMAT" }, "geometry": { "type": "Polygon", "coordinates": [ [ [ 390755.186414525494911, 585595.118874862091616 ], [ 390752.106240944936872, 585602.388084512203932 ], [ 390788.898443267215043, 585617.977990620303899 ], [ 390791.97861684759846, 585610.708780970075168 ], [ 390755.186414525494911, 585595.118874862091616 ] ] ] } },
{ "type": "Feature", "properties": { "id": 22, "ref_id": "REF_TIER1_022", "tier": "TIER1_VALIDAT", "category": "CLADIRE_CADASTRU_CLEAN", "validare": "VALIDAT_TEREN_ANCPI", "sam2_score": 0.95, "inaltime_med_m": 5.2, "inaltime_max_m": 7.8, "area_m2": 110.15, "area_sol_m2": 89.39, "eave_offset_m": 0.4, "perimeter_m": 53.51, "vertices": 4, "is_temporary": false, "structure_type": "CONSTRUCTIE_PERMANENTA", "center_x": 390830.71, "center_y": 585630.09, "clasa_forma": "DREPTUNGHI_OBB", "conf_final": 0.95, "action_code": "VERDE_ACCEPTAT_AUTOMAT" }, "geometry": { "type": "Polygon", "coordinates": [ [ [ 390819.664714812242892, 585628.733835871331394 ], [ 390840.005537308461498, 585636.214555483893491 ], [ 390841.75982663029572, 585631.444388622301631 ], [ 390821.419051362317987, 585623.963694180944003 ], [ 390819.664714812242892, 585628.733835871331394 ] ] ] } },
{ "type": "Feature", "properties": { "id": 23, "ref_id": "REF_TIER1_023", "tier": "TIER1_VALIDAT", "category": "CLADIRE_CADASTRU_CLEAN", "validare": "VALIDAT_TEREN_ANCPI", "sam2_score": 0.95, "inaltime_med_m": 5.2, "inaltime_max_m": 7.8, "area_m2": 824.18, "area_sol_m2": 772.23, "eave_offset_m": 0.4, "perimeter_m": 131.47, "vertices": 4, "is_temporary": false, "structure_type": "CONSTRUCTIE_PERMANENTA", "center_x": 390703.16, "center_y": 585514.1, "clasa_forma": "DREPTUNGHI_OBB", "conf_final": 0.95, "action_code": "VERDE_ACCEPTAT_AUTOMAT" }, "geometry": { "type": "Polygon", "coordinates": [ [ [ 390677.593419614073355, 585510.284049621783197 ], [ 390720.927646625845227, 585532.877110928995535 ], [ 390728.72430105204694, 585517.922880101599731 ], [ 390685.390065210638568, 585495.329819750157185 ], [ 390677.593419614073355, 585510.284049621783197 ] ] ] } },
{ "type": "Feature", "properties": { "id": 24, "ref_id": "REF_TIER1_024", "tier": "TIER1_VALIDAT", "category": "CLADIRE_CADASTRU_CLEAN", "validare": "VALIDAT_TEREN_ANCPI", "sam2_score": 0.95, "inaltime_med_m": 5.2, "inaltime_max_m": 7.8, "area_m2": 2992.55, "area_sol_m2": 2869.03, "eave_offset_m": 0.4, "perimeter_m": 310.47, "vertices": 16, "is_temporary": false, "structure_type": "CONSTRUCTIE_PERMANENTA", "center_x": 390981.69, "center_y": 585258.79, "clasa_forma": "MANHATTAN_LUT", "conf_final": 0.95, "action_code": "VERDE_ACCEPTAT_AUTOMAT" }, "geometry": { "type": "Polygon", "coordinates": [ [ [ 390960.458213309699204, 585281.605355834588408 ], [ 390964.33923202130245, 585272.549645507475361 ], [ 390933.66070315806428, 585261.461020617047325 ], [ 390939.389826018072199, 585250.742016556439921 ], [ 390952.880986301286612, 585253.883793608751148 ], [ 390970.807596540660597, 585210.453346121590585 ], [ 390975.98228815611219, 585210.453346121590585 ], [ 390970.43797571095638, 585225.422989723505452 ], [ 390980.787358941975981, 585229.488818850019015 ], [ 390981.3417901864741, 585238.729339591925964 ], [ 391013.129181538766716, 585250.187585311941803 ], [ 391010.726646145863924, 585261.830641446751542 ], [ 391026.805152236833237, 585267.559764306759462 ], [ 391018.673493983922526, 585288.443341183592565 ], [ 390980.048117282567546, 585274.952180900378153 ], [ 390973.210131933563389, 585286.780047449981794 ], [ 390960.458213309699204, 585281.605355834588408 ] ] ] } },
{ "type": "Feature", "properties": { "id": 25, "ref_id": "REF_TIER1_025", "tier": "TIER1_VALIDAT", "category": "CLADIRE_CADASTRU_CLEAN", "validare": "VALIDAT_TEREN_ANCPI", "sam2_score": 0.95, "inaltime_med_m": 5.2, "inaltime_max_m": 7.8, "area_m2": 1463.06, "area_sol_m2": 1363.13, "eave_offset_m": 0.4, "perimeter_m": 251.43, "vertices": 14, "is_temporary": false, "structure_type": "CONSTRUCTIE_PERMANENTA", "center_x": 390596.7, "center_y": 585575.54, "clasa_forma": "MANHATTAN_LUT", "conf_final": 0.95, "action_code": "VERDE_ACCEPTAT_AUTOMAT" }, "geometry": { "type": "Polygon", "coordinates": [ [ [ 390567.600019965029787, 585578.084404063411057 ], [ 390580.90636983391596, 585543.34004607249517 ], [ 390588.298786427709274, 585535.578008649055846 ], [ 390601.789946711389348, 585541.861562753794715 ], [ 390595.32158219179837, 585552.765377229661681 ], [ 390591.440563480020501, 585552.395756399957463 ], [ 390582.939284397172742, 585568.843883321154863 ], [ 390603.453240444941912, 585581.965422775130719 ], [ 390623.227954833360855, 585590.466701857978478 ], [ 390626.18492147087818, 585586.031251901644282 ], [ 390635.979873457690701, 585587.509735220461152 ], [ 390632.838096405321267, 585604.697103801066987 ], [ 390587.37473435344873, 585592.499616421293467 ], [ 390588.853217672207393, 585588.618597709573805 ], [ 390567.600019965029787, 585578.084404063411057 ] ] ] } },
{ "type": "Feature", "properties": { "id": 26, "ref_id": "REF_TIER1_026", "tier": "TIER1_VALIDAT", "category": "CLADIRE_CADASTRU_CLEAN", "validare": "VALIDAT_TEREN_ANCPI", "sam2_score": 0.95, "inaltime_med_m": 5.2, "inaltime_max_m": 7.8, "area_m2": 2841.1, "area_sol_m2": 2719.01, "eave_offset_m": 0.4, "perimeter_m": 307.25, "vertices": 9, "is_temporary": false, "structure_type": "CONSTRUCTIE_PERMANENTA", "center_x": 390606.09, "center_y": 585608.28, "clasa_forma": "MANHATTAN_LUT", "conf_final": 0.95, "action_code": "VERDE_ACCEPTAT_AUTOMAT" }, "geometry": { "type": "Polygon", "coordinates": [ [ [ 390566.440349877695553, 585579.566182196140289 ], [ 390549.024407525488641, 585601.819547889521345 ], [ 390647.538555206672754, 585642.485969128436409 ], [ 390640.856904537242372, 585612.615060253301635 ], [ 390659.761636151408311, 585596.677377492305823 ], [ 390635.783412157092243, 585588.584494100185111 ], [ 390632.838096405321267, 585604.697103801066987 ], [ 390587.37473435344873, 585592.499616421293467 ], [ 390588.853217672207393, 585588.618597709573805 ], [ 390566.440349877695553, 585579.566182196140289 ] ] ] } },
{ "type": "Feature", "properties": { "id": 27, "ref_id": "REF_TIER1_027", "tier": "TIER1_VALIDAT", "category": "CLADIRE_CADASTRU_CLEAN", "validare": "VALIDAT_TEREN_ANCPI", "sam2_score": 0.95, "inaltime_med_m": 5.2, "inaltime_max_m": 7.8, "area_m2": 2669.74, "area_sol_m2": 2526.52, "eave_offset_m": 0.4, "perimeter_m": 359.9, "vertices": 20, "is_temporary": false, "structure_type": "CONSTRUCTIE_PERMANENTA", "center_x": 390809.61, "center_y": 585724.59, "clasa_forma": "MANHATTAN_LUT", "conf_final": 0.95, "action_code": "VERDE_ACCEPTAT_AUTOMAT" }, "geometry": { "type": "Polygon", "coordinates": [ [ [ 390744.062923767662141, 585718.328076136182062 ], [ 390746.750375216885004, 585723.39881189330481 ], [ 390765.354623644670937, 585726.232571587665007 ], [ 390767.202727793133818, 585727.957468792796135 ], [ 390776.689662421878893, 585725.585735135595314 ], [ 390795.170703906449489, 585732.793341314652935 ], [ 390797.942860129114706, 585729.466753847431391 ], [ 390809.21629543468589, 585735.935118366964161 ], [ 390805.704897552612238, 585740.370568323298357 ], [ 390814.575797465222422, 585746.099691183539107 ], [ 390824.185939037182834, 585738.892085004481487 ], [ 390860.778401176561601, 585770.494665943086147 ], [ 390867.431576111004688, 585774.375684654805809 ], [ 390869.649301089171786, 585769.200993039179593 ], [ 390868.265719141054433, 585763.156372192781419 ], [ 390855.902101376559585, 585761.807613891200162 ], [ 390835.318841423140839, 585723.447902159765363 ], [ 390837.070249599637464, 585711.504033788805827 ], [ 390774.903161744994577, 585693.378670132020488 ], [ 390770.259800072060898, 585723.317957337014377 ], [ 390744.062923767662141, 585718.328076136182062 ] ] ] } },
{ "type": "Feature", "properties": { "id": 28, "ref_id": "REF_TIER1_028", "tier": "TIER1_VALIDAT", "category": "CLADIRE_CADASTRU_CLEAN", "validare": "VALIDAT_TEREN_ANCPI", "sam2_score": 0.95, "inaltime_med_m": 5.2, "inaltime_max_m": 7.8, "area_m2": 819.56, "area_sol_m2": 749.01, "eave_offset_m": 0.4, "perimeter_m": 178.4, "vertices": 5, "is_temporary": false, "structure_type": "CONSTRUCTIE_PERMANENTA", "center_x": 390929.61, "center_y": 585796.35, "clasa_forma": "MANHATTAN_LUT", "conf_final": 0.95, "action_code": "VERDE_ACCEPTAT_AUTOMAT" }, "geometry": { "type": "Polygon", "coordinates": [ [ [ 390900.168647191778291, 585766.636691616498865 ], [ 390902.591757535526995, 585784.135984688880853 ], [ 390943.134542292275, 585813.65944846032653 ], [ 390963.925713962409645, 585823.3619952397421 ], [ 390963.496414769499097, 585816.072571950266138 ], [ 390900.168647191778291, 585766.636691616498865 ] ] ] } },
{ "type": "Feature", "properties": { "id": 29, "ref_id": "REF_TIER1_029", "tier": "TIER1_VALIDAT", "category": "CLADIRE_CADASTRU_CLEAN", "validare": "VALIDAT_TEREN_ANCPI", "sam2_score": 0.95, "inaltime_med_m": 5.2, "inaltime_max_m": 7.8, "area_m2": 970.41, "area_sol_m2": 884.66, "eave_offset_m": 0.4, "perimeter_m": 217.42, "vertices": 7, "is_temporary": false, "structure_type": "CONSTRUCTIE_PERMANENTA", "center_x": 391044.66, "center_y": 585755.72, "clasa_forma": "MANHATTAN_LUT", "conf_final": 0.95, "action_code": "VERDE_ACCEPTAT_AUTOMAT" }, "geometry": { "type": "Polygon", "coordinates": [ [ [ 391046.048597240122035, 585780.309599782107398 ], [ 391066.100846961664502, 585784.807847551186569 ], [ 391067.972052411991172, 585759.234706396935508 ], [ 391039.903970657323953, 585746.760003394796513 ], [ 391021.631295427039731, 585714.348502561450005 ], [ 391026.475525274057873, 585757.145488738897257 ], [ 391064.045285633706953, 585771.73213637038134 ], [ 391046.048597240122035, 585780.309599782107398 ] ] ] } },
{ "type": "Feature", "properties": { "id": 30, "ref_id": "CLADIRE_30", "tier": "TIER2_EXTINS", "category": "CLADIRE_CADASTRU_CLEAN", "validare": "PRELIM_EXTINS", "sam2_score": 0.8, "inaltime_med_m": 5.2, "inaltime_max_m": 7.8, "area_m2": 312.48, "area_sol_m2": 274.54, "eave_offset_m": 0.4, "perimeter_m": 96.46, "vertices": 4, "is_temporary": false, "structure_type": "CONSTRUCTIE_PERMANENTA", "center_x": 390820.29, "center_y": 585397.97, "clasa_forma": "DREPTUNGHI_OBB", "conf_final": 0.8, "action_code": "VERDE_ACCEPTAT_AUTOMAT" }, "geometry": { "type": "Polygon", "coordinates": [ [ [ 390840.891067951568402, 585399.024288087384775 ], [ 390801.526449592784047, 585389.414146516239271 ], [ 390799.697482756804675, 585396.905799244181253 ], [ 390839.06210111558903, 585406.51594081427902 ], [ 390840.891067951568402, 585399.024288087384775 ] ] ] } },
{ "type": "Feature", "properties": { "id": 31, "ref_id": "CLADIRE_31", "tier": "TIER2_EXTINS", "category": "CLADIRE_CADASTRU_CLEAN", "validare": "PRELIM_EXTINS", "sam2_score": 0.8, "inaltime_med_m": 5.2, "inaltime_max_m": 7.8, "area_m2": 1407.56, "area_sol_m2": 1339.0, "eave_offset_m": 0.4, "perimeter_m": 172.99, "vertices": 4, "is_temporary": false, "structure_type": "CONSTRUCTIE_PERMANENTA", "center_x": 390834.74, "center_y": 585433.85, "clasa_forma": "DREPTUNGHI_OBB", "conf_final": 0.8, "action_code": "VERDE_ACCEPTAT_AUTOMAT" }, "geometry": { "type": "Polygon", "coordinates": [ [ [ 390868.85904406249756, 585435.431939808884636 ], [ 390808.487009675591253, 585412.002143585355952 ], [ 390800.623200221161824, 585432.264975356403738 ], [ 390860.995251641143113, 585455.694785867468454 ], [ 390868.85904406249756, 585435.431939808884636 ] ] ] } },
{ "type": "Feature", "properties": { "id": 32, "ref_id": "CLADIRE_32", "tier": "TIER2_EXTINS", "category": "CLADIRE_CADASTRU_CLEAN", "validare": "PRELIM_EXTINS", "sam2_score": 0.8, "inaltime_med_m": 5.2, "inaltime_max_m": 7.8, "area_m2": 1568.98, "area_sol_m2": 1468.64, "eave_offset_m": 0.4, "perimeter_m": 252.5, "vertices": 16, "is_temporary": false, "structure_type": "CONSTRUCTIE_PERMANENTA", "center_x": 390834.9, "center_y": 585507.68, "clasa_forma": "MANHATTAN_LUT", "conf_final": 0.8, "action_code": "VERDE_ACCEPTAT_AUTOMAT" }, "geometry": { "type": "Polygon", "coordinates": [ [ [ 390783.56903761846479, 585496.126760212820955 ], [ 390789.667781307827681, 585481.34192702639848 ], [ 390796.505766656599008, 585483.744462419184856 ], [ 390797.799439560389146, 585482.081168685806915 ], [ 390802.05007910146378, 585483.929272834095173 ], [ 390801.126027027319651, 585486.331808226881549 ], [ 390812.584272746811621, 585489.843206108664162 ], [ 390811.845031087519601, 585491.136879012454301 ], [ 390888.171732412418351, 585520.891355800093152 ], [ 390884.845144945487846, 585526.805289074662142 ], [ 390885.769197019631974, 585528.283772393362597 ], [ 390883.551472041639499, 585534.867643421632238 ], [ 390829.586830911226571, 585513.060014471644536 ], [ 390829.032399666728452, 585511.581531153060496 ], [ 390814.801997724804096, 585506.776460367487743 ], [ 390813.50832482095575, 585508.254943686071783 ], [ 390783.56903761846479, 585496.126760212820955 ] ] ] } },
{ "type": "Feature", "properties": { "id": 33, "ref_id": "CLADIRE_33", "tier": "TIER2_EXTINS", "category": "CLADIRE_CADASTRU_CLEAN", "validare": "PRELIM_EXTINS", "sam2_score": 0.8, "inaltime_med_m": 5.2, "inaltime_max_m": 7.8, "area_m2": 2088.43, "area_sol_m2": 2014.43, "eave_offset_m": 0.4, "perimeter_m": 186.61, "vertices": 4, "is_temporary": false, "structure_type": "CONSTRUCTIE_PERMANENTA", "center_x": 390845.19, "center_y": 585474.46, "clasa_forma": "DREPTUNGHI_OBB", "conf_final": 0.8, "action_code": "VERDE_ACCEPTAT_AUTOMAT" }, "geometry": { "type": "Polygon", "coordinates": [ [ [ 390838.636176556174178, 585441.454491132870317 ], [ 390817.276204762572888, 585493.254116207826883 ], [ 390851.734465833287686, 585507.463229954591952 ], [ 390873.094426262774505, 585455.663607153343037 ], [ 390838.636176556174178, 585441.454491132870317 ] ] ] } },
{ "type": "Feature", "properties": { "id": 34, "ref_id": "CLADIRE_34", "tier": "TIER2_EXTINS", "category": "CLADIRE_CADASTRU_CLEAN", "validare": "PRELIM_EXTINS", "sam2_score": 0.8, "inaltime_med_m": 5.2, "inaltime_max_m": 7.8, "area_m2": 1442.69, "area_sol_m2": 1364.54, "eave_offset_m": 0.4, "perimeter_m": 196.96, "vertices": 12, "is_temporary": false, "structure_type": "CONSTRUCTIE_PERMANENTA", "center_x": 390902.63, "center_y": 585570.43, "clasa_forma": "MANHATTAN_LUT", "conf_final": 0.8, "action_code": "VERDE_ACCEPTAT_AUTOMAT" }, "geometry": { "type": "Polygon", "coordinates": [ [ [ 390888.910974071768578, 585595.138939958182164 ], [ 390894.824907346337568, 585579.06043386796955 ], [ 390876.713486692926381, 585571.113586030201986 ], [ 390884.660334530635737, 585552.447734132409096 ], [ 390902.586944769194815, 585558.916098651476204 ], [ 390909.794550947553944, 585542.283161316649057 ], [ 390923.470521645038389, 585548.197094591218047 ], [ 390917.556588370469399, 585567.97180897812359 ], [ 390923.840142474684399, 585571.113586030201986 ], [ 390919.219882103905547, 585584.419935898040421 ], [ 390911.642655095900409, 585581.27815884584561 ], [ 390902.771755184046924, 585601.792114892043173 ], [ 390888.910974071768578, 585595.138939958182164 ] ] ] } },
{ "type": "Feature", "properties": { "id": 35, "ref_id": "CLADIRE_35", "tier": "TIER2_EXTINS", "category": "CLADIRE_CADASTRU_CLEAN", "validare": "PRELIM_EXTINS", "sam2_score": 0.8, "inaltime_med_m": 5.2, "inaltime_max_m": 7.8, "area_m2": 1157.88, "area_sol_m2": 1095.26, "eave_offset_m": 0.4, "perimeter_m": 158.14, "vertices": 4, "is_temporary": false, "structure_type": "CONSTRUCTIE_PERMANENTA", "center_x": 390979.21, "center_y": 585550.49, "clasa_forma": "DREPTUNGHI_OBB", "conf_final": 0.8, "action_code": "VERDE_ACCEPTAT_AUTOMAT" }, "geometry": { "type": "Polygon", "coordinates": [ [ [ 391003.300412405107636, 585570.577550464658998 ], [ 391010.508018584048841, 585552.5585350174224 ], [ 390955.112676689343061, 585530.400406351662241 ], [ 390947.905070510110818, 585548.419421798666008 ], [ 391003.300412405107636, 585570.577550464658998 ] ] ] } },
{ "type": "Feature", "properties": { "id": 36, "ref_id": "CLADIRE_36", "tier": "TIER2_EXTINS", "category": "CLADIRE_CADASTRU_CLEAN", "validare": "PRELIM_EXTINS", "sam2_score": 0.8, "inaltime_med_m": 5.2, "inaltime_max_m": 7.8, "area_m2": 818.34, "area_sol_m2": 748.01, "eave_offset_m": 0.4, "perimeter_m": 177.42, "vertices": 20, "is_temporary": false, "structure_type": "CONSTRUCTIE_PERMANENTA", "center_x": 390766.25, "center_y": 585409.69, "clasa_forma": "MANHATTAN_LUT", "conf_final": 0.8, "action_code": "VERDE_ACCEPTAT_AUTOMAT" }, "geometry": { "type": "Polygon", "coordinates": [ [ [ 390735.197906149725895, 585405.334152007475495 ], [ 390736.950182675558608, 585400.515391561551951 ], [ 390738.921493767062202, 585401.172495258739218 ], [ 390742.535564101533964, 585392.192078064079396 ], [ 390752.446878200571518, 585396.244217529892921 ], [ 390752.063567710574716, 585397.503666282864287 ], [ 390777.088266844628379, 585407.853049513301812 ], [ 390778.950060653267428, 585404.184220537426881 ], [ 390782.837924194929656, 585405.717462497530505 ], [ 390782.235579139145557, 585408.181601361953653 ], [ 390798.882206134207081, 585415.00817866018042 ], [ 390794.528894140385091, 585427.147865250706673 ], [ 390780.154750764661003, 585421.89103567332495 ], [ 390781.222544272604864, 585419.591172733227722 ], [ 390766.109159237588756, 585413.020135761587881 ], [ 390764.384262032515835, 585416.962757944595069 ], [ 390744.260461306548677, 585409.200720521737821 ], [ 390741.96059836645145, 585413.882584364153445 ], [ 390738.921493767003994, 585412.814790856209584 ], [ 390740.482115047809202, 585407.804375165258534 ], [ 390735.197906149725895, 585405.334152007475495 ] ] ] } },
{ "type": "Feature", "properties": { "id": 37, "ref_id": "CLADIRE_37", "tier": "TIER2_EXTINS", "category": "CLADIRE_CADASTRU_CLEAN", "validare": "PRELIM_EXTINS", "sam2_score": 0.8, "inaltime_med_m": 5.2, "inaltime_max_m": 7.8, "area_m2": 436.09, "area_sol_m2": 394.15, "eave_offset_m": 0.4, "perimeter_m": 106.44, "vertices": 14, "is_temporary": false, "structure_type": "CONSTRUCTIE_PERMANENTA", "center_x": 390692.43, "center_y": 585427.43, "clasa_forma": "MANHATTAN_LUT", "conf_final": 0.8, "action_code": "VERDE_ACCEPTAT_AUTOMAT" }, "geometry": { "type": "Polygon", "coordinates": [ [ [ 390672.872304955730215, 585424.026622689212672 ], [ 390674.432926236535423, 585420.166138468310237 ], [ 390677.143478987389244, 585421.233931976254098 ], [ 390678.704100268136244, 585416.305654247407801 ], [ 390703.427626874356065, 585425.58724397001788 ], [ 390704.906110192998312, 585422.055311597650871 ], [ 390709.998663846054114, 585423.369518992025405 ], [ 390707.94521479238756, 585428.626348569407128 ], [ 390710.902181429672055, 585430.022693925886415 ], [ 390707.534524981689174, 585437.825800329796039 ], [ 390699.567142653453629, 585435.279523503268138 ], [ 390698.663625069835689, 585436.593730897642672 ], [ 390674.679340122966096, 585428.215658758650534 ], [ 390675.418581782258116, 585425.176554159261286 ], [ 390672.872304955730215, 585424.026622689212672 ] ] ] } },
{ "type": "Feature", "properties": { "id": 38, "ref_id": "CLADIRE_38", "tier": "TIER2_EXTINS", "category": "CLADIRE_CADASTRU_CLEAN", "validare": "PRELIM_EXTINS", "sam2_score": 0.8, "inaltime_med_m": 5.2, "inaltime_max_m": 7.8, "area_m2": 157.18, "area_sol_m2": 137.76, "eave_offset_m": 0.4, "perimeter_m": 50.15, "vertices": 4, "is_temporary": false, "structure_type": "CONSTRUCTIE_PERMANENTA", "center_x": 391229.09, "center_y": 585605.46, "clasa_forma": "DREPTUNGHI_OBB", "conf_final": 0.8, "action_code": "VERDE_ACCEPTAT_AUTOMAT" }, "geometry": { "type": "Polygon", "coordinates": [ [ [ 391220.257265716965776, 585604.666739168926142 ], [ 391228.506652067881078, 585614.311242329189554 ], [ 391237.918324345955625, 585606.260998758138157 ], [ 391229.668939892202616, 585596.616502138669603 ], [ 391220.257265716965776, 585604.666739168926142 ] ] ] } },
{ "type": "Feature", "properties": { "id": 39, "ref_id": "CLADIRE_39", "tier": "TIER2_EXTINS", "category": "CLADIRE_CADASTRU_CLEAN", "validare": "PRELIM_EXTINS", "sam2_score": 0.8, "inaltime_med_m": 5.2, "inaltime_max_m": 7.8, "area_m2": 126.17, "area_sol_m2": 108.82, "eave_offset_m": 0.4, "perimeter_m": 44.97, "vertices": 4, "is_temporary": false, "structure_type": "CONSTRUCTIE_PERMANENTA", "center_x": 391244.87, "center_y": 585594.64, "clasa_forma": "DREPTUNGHI_OBB", "conf_final": 0.8, "action_code": "VERDE_ACCEPTAT_AUTOMAT" }, "geometry": { "type": "Polygon", "coordinates": [ [ [ 391243.941774903738406, 585602.541974360821769 ], [ 391252.827555930125527, 585594.865774590871297 ], [ 391245.80356871249387, 585586.734979866887443 ], [ 391236.917788774066139, 585594.411175694782287 ], [ 391243.941774903738406, 585602.541974360821769 ] ] ] } },
{ "type": "Feature", "properties": { "id": 40, "ref_id": "CLADIRE_40", "tier": "TIER2_EXTINS", "category": "CLADIRE_CADASTRU_CLEAN", "validare": "PRELIM_EXTINS", "sam2_score": 0.8, "inaltime_med_m": 5.2, "inaltime_max_m": 7.8, "area_m2": 144.42, "area_sol_m2": 125.83, "eave_offset_m": 0.4, "perimeter_m": 48.07, "vertices": 4, "is_temporary": false, "structure_type": "CONSTRUCTIE_PERMANENTA", "center_x": 391258.46, "center_y": 585583.29, "clasa_forma": "DREPTUNGHI_OBB", "conf_final": 0.8, "action_code": "VERDE_ACCEPTAT_AUTOMAT" }, "geometry": { "type": "Polygon", "coordinates": [ [ [ 391257.692811089160386, 585591.748267975868657 ], [ 391266.928235719096847, 585583.978794914553873 ], [ 391259.224975865276065, 585574.822090224828571 ], [ 391249.989562635484617, 585582.591575998230837 ], [ 391257.692811089160386, 585591.748267975868657 ] ] ] } },
{ "type": "Feature", "properties": { "id": 41, "ref_id": "CLADIRE_41", "tier": "TIER2_EXTINS", "category": "CLADIRE_CADASTRU_CLEAN", "validare": "PRELIM_EXTINS", "sam2_score": 0.8, "inaltime_med_m": 5.2, "inaltime_max_m": 7.8, "area_m2": 218.46, "area_sol_m2": 194.94, "eave_offset_m": 0.4, "perimeter_m": 60.39, "vertices": 4, "is_temporary": false, "structure_type": "CONSTRUCTIE_PERMANENTA", "center_x": 391283.67, "center_y": 585555.44, "clasa_forma": "DREPTUNGHI_OBB", "conf_final": 0.8, "action_code": "VERDE_ACCEPTAT_AUTOMAT" }, "geometry": { "type": "Polygon", "coordinates": [ [ [ 391294.482759645150509, 585556.809707040898502 ], [ 391280.693468656158075, 585544.956784573849291 ], [ 391272.862052885408048, 585554.067590049467981 ], [ 391286.651343874400482, 585565.920512516517192 ], [ 391294.482759645150509, 585556.809707040898502 ] ] ] } },
{ "type": "Feature", "properties": { "id": 42, "ref_id": "CLADIRE_42", "tier": "TIER2_EXTINS", "category": "CLADIRE_CADASTRU_CLEAN", "validare": "PRELIM_EXTINS", "sam2_score": 0.8, "inaltime_med_m": 5.2, "inaltime_max_m": 7.8, "area_m2": 106.33, "area_sol_m2": 89.41, "eave_offset_m": 0.4, "perimeter_m": 43.9, "vertices": 4, "is_temporary": false, "structure_type": "CONSTRUCTIE_PERMANENTA", "center_x": 391299.33, "center_y": 585534.22, "clasa_forma": "DREPTUNGHI_OBB", "conf_final": 0.8, "action_code": "VERDE_ACCEPTAT_AUTOMAT" }, "geometry": { "type": "Polygon", "coordinates": [ [ [ 391302.48484689014731, 585541.791824909858406 ], [ 391307.248848694958724, 585536.370719407917932 ], [ 391296.181932194740511, 585526.64525186503306 ], [ 391291.417930390045512, 585532.066357366973534 ], [ 391302.48484689014731, 585541.791824909858406 ] ] ] } },
{ "type": "Feature", "properties": { "id": 43, "ref_id": "CLADIRE_43", "tier": "TIER2_EXTINS", "category": "CLADIRE_CADASTRU_CLEAN", "validare": "PRELIM_EXTINS", "sam2_score": 0.8, "inaltime_med_m": 5.2, "inaltime_max_m": 7.8, "area_m2": 470.84, "area_sol_m2": 432.19, "eave_offset_m": 0.4, "perimeter_m": 98.23, "vertices": 4, "is_temporary": false, "structure_type": "CONSTRUCTIE_PERMANENTA", "center_x": 390765.13, "center_y": 585432.17, "clasa_forma": "DREPTUNGHI_OBB", "conf_final": 0.8, "action_code": "VERDE_ACCEPTAT_AUTOMAT" }, "geometry": { "type": "Polygon", "coordinates": [ [ [ 390764.149109848134685, 585451.319937210646458 ], [ 390778.143471015500836, 585418.087920625228435 ], [ 390766.109159237588756, 585413.020135761587881 ], [ 390752.114816947723739, 585446.25216647121124 ], [ 390764.149109848134685, 585451.319937210646458 ] ] ] } },
{ "type": "Feature", "properties": { "id": 44, "ref_id": "CLADIRE_44", "tier": "TIER2_EXTINS", "category": "CLADIRE_CADASTRU_CLEAN", "validare": "PRELIM_EXTINS", "sam2_score": 0.8, "inaltime_med_m": 5.2, "inaltime_max_m": 7.8, "area_m2": 43.86, "area_sol_m2": 33.56, "eave_offset_m": 0.4, "perimeter_m": 27.35, "vertices": 4, "is_temporary": false, "structure_type": "CONSTRUCTIE_PERMANENTA", "center_x": 391150.65, "center_y": 585770.49, "clasa_forma": "DREPTUNGHI_OBB", "conf_final": 0.8, "action_code": "VERDE_ACCEPTAT_AUTOMAT" }, "geometry": { "type": "Polygon", "coordinates": [ [ [ 391154.488599252479617, 585773.663917162222788 ], [ 391155.248368892818689, 585768.580696473363787 ], [ 391146.808677318913396, 585767.319247911218554 ], [ 391146.048907678516116, 585772.402468600077555 ], [ 391154.488599252479617, 585773.663917162222788 ] ] ] } },
{ "type": "Feature", "properties": { "id": 45, "ref_id": "CLADIRE_45", "tier": "TIER2_EXTINS", "category": "CLADIRE_CADASTRU_CLEAN", "validare": "PRELIM_EXTINS", "sam2_score": 0.8, "inaltime_med_m": 5.2, "inaltime_max_m": 7.8, "area_m2": 30.49, "area_sol_m2": 21.6, "eave_offset_m": 0.4, "perimeter_m": 24.0, "vertices": 6, "is_temporary": false, "structure_type": "CONSTRUCTIE_PERMANENTA", "center_x": 391113.44, "center_y": 585793.28, "clasa_forma": "MANHATTAN_LUT", "conf_final": 0.8, "action_code": "VERDE_ACCEPTAT_AUTOMAT" }, "geometry": { "type": "Polygon", "coordinates": [ [ [ 391112.838859139650594, 585797.060411898535676 ], [ 391115.604990906198509, 585796.288690474815667 ], [ 391117.279200107266661, 585792.47149349632673 ], [ 391111.567724154097959, 585789.763792722951621 ], [ 391109.362505777389742, 585793.692218224750832 ], [ 391113.414566677354742, 585795.428815753431991 ], [ 391112.838859139650594, 585797.060411898535676 ] ] ] } },
{ "type": "Feature", "properties": { "id": 46, "ref_id": "CLADIRE_46", "tier": "TIER2_EXTINS", "category": "CLADIRE_CADASTRU_CLEAN", "validare": "PRELIM_EXTINS", "sam2_score": 0.8, "inaltime_med_m": 5.2, "inaltime_max_m": 7.8, "area_m2": 1484.51, "area_sol_m2": 1400.35, "eave_offset_m": 0.4, "perimeter_m": 211.75, "vertices": 17, "is_temporary": false, "structure_type": "CONSTRUCTIE_PERMANENTA", "center_x": 390626.37, "center_y": 585525.11, "clasa_forma": "MANHATTAN_LUT", "conf_final": 0.8, "action_code": "VERDE_ACCEPTAT_AUTOMAT" }, "geometry": { "type": "Polygon", "coordinates": [ [ [ 390600.127593945304397, 585513.091997528565116 ], [ 390608.074441790347919, 585497.383112253504805 ], [ 390624.892189555568621, 585508.286926738568582 ], [ 390624.522568725515157, 585509.950220473576337 ], [ 390631.914985325594898, 585514.940101678599603 ], [ 390626.925104120571632, 585519.92998288362287 ], [ 390634.132710305624641, 585522.702139108674601 ], [ 390638.752970680652652, 585513.276807943591848 ], [ 390640.231454000691883, 585513.646428773645312 ], [ 390643.742851885734126, 585506.623633003560826 ], [ 390655.20109761581989, 585511.059082963620313 ], [ 390634.871951965615153, 585552.641426338930614 ], [ 390613.433943825424649, 585543.400905588874593 ], [ 390614.91242714546388, 585540.443938948912546 ], [ 390606.411148055340163, 585533.975574423791841 ], [ 390610.107356355409138, 585523.626191183691844 ], [ 390614.727616730437148, 585520.669224543729797 ], [ 390600.127593945304397, 585513.091997528565116 ] ] ] } },
{ "type": "Feature", "properties": { "id": 47, "ref_id": "CLADIRE_47", "tier": "TIER2_EXTINS", "category": "CLADIRE_CADASTRU_CLEAN", "validare": "PRELIM_EXTINS", "sam2_score": 0.8, "inaltime_med_m": 5.2, "inaltime_max_m": 7.8, "area_m2": 286.05, "area_sol_m2": 254.61, "eave_offset_m": 0.4, "perimeter_m": 80.21, "vertices": 6, "is_temporary": false, "structure_type": "CONSTRUCTIE_PERMANENTA", "center_x": 390669.28, "center_y": 585480.36, "clasa_forma": "MANHATTAN_LUT", "conf_final": 0.8, "action_code": "VERDE_ACCEPTAT_AUTOMAT" }, "geometry": { "type": "Polygon", "coordinates": [ [ [ 390656.125149690895341, 585485.093219655798748 ], [ 390662.778324630926363, 585470.185179512365721 ], [ 390684.709160544502083, 585480.164941922412254 ], [ 390680.643331414437853, 585488.050186295877211 ], [ 390668.692257911025081, 585482.382666902500205 ], [ 390665.119256554287858, 585489.282255729194731 ], [ 390656.125149690895341, 585485.093219655798748 ] ] ] } },
{ "type": "Feature", "properties": { "id": 48, "ref_id": "CLADIRE_48", "tier": "TIER2_EXTINS", "category": "CLADIRE_CADASTRU_CLEAN", "validare": "PRELIM_EXTINS", "sam2_score": 0.8, "inaltime_med_m": 5.2, "inaltime_max_m": 7.8, "area_m2": 173.02, "area_sol_m2": 145.92, "eave_offset_m": 0.4, "perimeter_m": 69.37, "vertices": 10, "is_temporary": false, "structure_type": "CONSTRUCTIE_PERMANENTA", "center_x": 390764.4, "center_y": 585625.5, "clasa_forma": "MANHATTAN_LUT", "conf_final": 0.8, "action_code": "VERDE_ACCEPTAT_AUTOMAT" }, "geometry": { "type": "Polygon", "coordinates": [ [ [ 390753.949014716723468, 585634.507716539781541 ], [ 390757.80037250125315, 585624.381931085255928 ], [ 390762.217569581058342, 585626.170713373692706 ], [ 390766.433984975446947, 585614.794605604954995 ], [ 390773.908539538213518, 585617.340882434044033 ], [ 390769.144537728978321, 585628.758059183834121 ], [ 390767.583916446601506, 585628.347369372611865 ], [ 390765.366191466455348, 585632.70068137079943 ], [ 390761.177155392826535, 585630.893646201700903 ], [ 390759.123706337122712, 585635.493372086551972 ], [ 390753.949014716723468, 585634.507716539781541 ] ] ] } },
{ "type": "Feature", "properties": { "id": 49, "ref_id": "CLADIRE_49", "tier": "TIER2_EXTINS", "category": "CLADIRE_CADASTRU_CLEAN", "validare": "PRELIM_EXTINS", "sam2_score": 0.8, "inaltime_med_m": 5.2, "inaltime_max_m": 7.8, "area_m2": 1552.16, "area_sol_m2": 1489.6, "eave_offset_m": 0.4, "perimeter_m": 157.99, "vertices": 4, "is_temporary": false, "structure_type": "CONSTRUCTIE_PERMANENTA", "center_x": 390732.47, "center_y": 585584.27, "clasa_forma": "DREPTUNGHI_OBB", "conf_final": 0.8, "action_code": "VERDE_ACCEPTAT_AUTOMAT" }, "geometry": { "type": "Polygon", "coordinates": [ [ [ 390741.71924383105943, 585610.699610218172893 ], [ 390757.327135164116044, 585571.375870178686455 ], [ 390723.227673267247155, 585557.841557769337669 ], [ 390707.619798467960209, 585597.165294274222106 ], [ 390741.71924383105943, 585610.699610218172893 ] ] ] } },
{ "type": "Feature", "properties": { "id": 50, "ref_id": "CLADIRE_50", "tier": "TIER2_EXTINS", "category": "CLADIRE_CADASTRU_CLEAN", "validare": "PRELIM_EXTINS", "sam2_score": 0.8, "inaltime_med_m": 5.2, "inaltime_max_m": 7.8, "area_m2": 315.47, "area_sol_m2": 277.83, "eave_offset_m": 0.4, "perimeter_m": 95.71, "vertices": 4, "is_temporary": false, "structure_type": "CONSTRUCTIE_PERMANENTA", "center_x": 390772.04, "center_y": 585606.55, "clasa_forma": "DREPTUNGHI_OBB", "conf_final": 0.8, "action_code": "VERDE_ACCEPTAT_AUTOMAT" }, "geometry": { "type": "Polygon", "coordinates": [ [ [ 390755.186414525494911, 585595.118874862091616 ], [ 390752.106240944936872, 585602.388084512203932 ], [ 390788.898443267215043, 585617.977990620303899 ], [ 390791.97861684759846, 585610.708780970075168 ], [ 390755.186414525494911, 585595.118874862091616 ] ] ] } },
{ "type": "Feature", "properties": { "id": 51, "ref_id": "CLADIRE_51", "tier": "TIER2_EXTINS", "category": "CLADIRE_CADASTRU_CLEAN", "validare": "PRELIM_EXTINS", "sam2_score": 0.8, "inaltime_med_m": 5.2, "inaltime_max_m": 7.8, "area_m2": 110.15, "area_sol_m2": 89.39, "eave_offset_m": 0.4, "perimeter_m": 53.51, "vertices": 4, "is_temporary": false, "structure_type": "CONSTRUCTIE_PERMANENTA", "center_x": 390830.71, "center_y": 585630.09, "clasa_forma": "DREPTUNGHI_OBB", "conf_final": 0.8, "action_code": "VERDE_ACCEPTAT_AUTOMAT" }, "geometry": { "type": "Polygon", "coordinates": [ [ [ 390819.664714812242892, 585628.733835871331394 ], [ 390840.005537308461498, 585636.214555483893491 ], [ 390841.75982663029572, 585631.444388622301631 ], [ 390821.419051362317987, 585623.963694180944003 ], [ 390819.664714812242892, 585628.733835871331394 ] ] ] } },
{ "type": "Feature", "properties": { "id": 52, "ref_id": "CLADIRE_52", "tier": "TIER2_EXTINS", "category": "CLADIRE_CADASTRU_CLEAN", "validare": "PRELIM_EXTINS", "sam2_score": 0.8, "inaltime_med_m": 5.2, "inaltime_max_m": 7.8, "area_m2": 824.18, "area_sol_m2": 772.23, "eave_offset_m": 0.4, "perimeter_m": 131.47, "vertices": 4, "is_temporary": false, "structure_type": "CONSTRUCTIE_PERMANENTA", "center_x": 390703.16, "center_y": 585514.1, "clasa_forma": "DREPTUNGHI_OBB", "conf_final": 0.8, "action_code": "VERDE_ACCEPTAT_AUTOMAT" }, "geometry": { "type": "Polygon", "coordinates": [ [ [ 390677.593419614073355, 585510.284049621783197 ], [ 390720.927646625845227, 585532.877110928995535 ], [ 390728.72430105204694, 585517.922880101599731 ], [ 390685.390065210638568, 585495.329819750157185 ], [ 390677.593419614073355, 585510.284049621783197 ] ] ] } },
{ "type": "Feature", "properties": { "id": 53, "ref_id": "CLADIRE_53", "tier": "TIER2_EXTINS", "category": "CLADIRE_CADASTRU_CLEAN", "validare": "PRELIM_EXTINS", "sam2_score": 0.8, "inaltime_med_m": 5.2, "inaltime_max_m": 7.8, "area_m2": 2992.55, "area_sol_m2": 2869.03, "eave_offset_m": 0.4, "perimeter_m": 310.47, "vertices": 16, "is_temporary": false, "structure_type": "CONSTRUCTIE_PERMANENTA", "center_x": 390981.69, "center_y": 585258.79, "clasa_forma": "MANHATTAN_LUT", "conf_final": 0.8, "action_code": "VERDE_ACCEPTAT_AUTOMAT" }, "geometry": { "type": "Polygon", "coordinates": [ [ [ 390960.458213309699204, 585281.605355834588408 ], [ 390964.33923202130245, 585272.549645507475361 ], [ 390933.66070315806428, 585261.461020617047325 ], [ 390939.389826018072199, 585250.742016556439921 ], [ 390952.880986301286612, 585253.883793608751148 ], [ 390970.807596540660597, 585210.453346121590585 ], [ 390975.98228815611219, 585210.453346121590585 ], [ 390970.43797571095638, 585225.422989723505452 ], [ 390980.787358941975981, 585229.488818850019015 ], [ 390981.3417901864741, 585238.729339591925964 ], [ 391013.129181538766716, 585250.187585311941803 ], [ 391010.726646145863924, 585261.830641446751542 ], [ 391026.805152236833237, 585267.559764306759462 ], [ 391018.673493983922526, 585288.443341183592565 ], [ 390980.048117282567546, 585274.952180900378153 ], [ 390973.210131933563389, 585286.780047449981794 ], [ 390960.458213309699204, 585281.605355834588408 ] ] ] } },
{ "type": "Feature", "properties": { "id": 54, "ref_id": "CLADIRE_54", "tier": "TIER2_EXTINS", "category": "CLADIRE_CADASTRU_CLEAN", "validare": "PRELIM_EXTINS", "sam2_score": 0.8, "inaltime_med_m": 5.2, "inaltime_max_m": 7.8, "area_m2": 1463.06, "area_sol_m2": 1363.13, "eave_offset_m": 0.4, "perimeter_m": 251.43, "vertices": 14, "is_temporary": false, "structure_type": "CONSTRUCTIE_PERMANENTA", "center_x": 390596.7, "center_y": 585575.54, "clasa_forma": "MANHATTAN_LUT", "conf_final": 0.8, "action_code": "VERDE_ACCEPTAT_AUTOMAT" }, "geometry": { "type": "Polygon", "coordinates": [ [ [ 390567.600019965029787, 585578.084404063411057 ], [ 390580.90636983391596, 585543.34004607249517 ], [ 390588.298786427709274, 585535.578008649055846 ], [ 390601.789946711389348, 585541.861562753794715 ], [ 390595.32158219179837, 585552.765377229661681 ], [ 390591.440563480020501, 585552.395756399957463 ], [ 390582.939284397172742, 585568.843883321154863 ], [ 390603.453240444941912, 585581.965422775130719 ], [ 390623.227954833360855, 585590.466701857978478 ], [ 390626.18492147087818, 585586.031251901644282 ], [ 390635.979873457690701, 585587.509735220461152 ], [ 390632.838096405321267, 585604.697103801066987 ], [ 390587.37473435344873, 585592.499616421293467 ], [ 390588.853217672207393, 585588.618597709573805 ], [ 390567.600019965029787, 585578.084404063411057 ] ] ] } },
{ "type": "Feature", "properties": { "id": 55, "ref_id": "CLADIRE_55", "tier": "TIER2_EXTINS", "category": "CLADIRE_CADASTRU_CLEAN", "validare": "PRELIM_EXTINS", "sam2_score": 0.8, "inaltime_med_m": 5.2, "inaltime_max_m": 7.8, "area_m2": 2841.1, "area_sol_m2": 2719.01, "eave_offset_m": 0.4, "perimeter_m": 307.25, "vertices": 9, "is_temporary": false, "structure_type": "CONSTRUCTIE_PERMANENTA", "center_x": 390606.09, "center_y": 585608.28, "clasa_forma": "MANHATTAN_LUT", "conf_final": 0.8, "action_code": "VERDE_ACCEPTAT_AUTOMAT" }, "geometry": { "type": "Polygon", "coordinates": [ [ [ 390566.440349877695553, 585579.566182196140289 ], [ 390549.024407525488641, 585601.819547889521345 ], [ 390647.538555206672754, 585642.485969128436409 ], [ 390640.856904537242372, 585612.615060253301635 ], [ 390659.761636151408311, 585596.677377492305823 ], [ 390635.783412157092243, 585588.584494100185111 ], [ 390632.838096405321267, 585604.697103801066987 ], [ 390587.37473435344873, 585592.499616421293467 ], [ 390588.853217672207393, 585588.618597709573805 ], [ 390566.440349877695553, 585579.566182196140289 ] ] ] } },
{ "type": "Feature", "properties": { "id": 56, "ref_id": "CLADIRE_56", "tier": "TIER2_EXTINS", "category": "CLADIRE_CADASTRU_CLEAN", "validare": "PRELIM_EXTINS", "sam2_score": 0.8, "inaltime_med_m": 5.2, "inaltime_max_m": 7.8, "area_m2": 2669.74, "area_sol_m2": 2526.52, "eave_offset_m": 0.4, "perimeter_m": 359.9, "vertices": 20, "is_temporary": false, "structure_type": "CONSTRUCTIE_PERMANENTA", "center_x": 390809.61, "center_y": 585724.59, "clasa_forma": "MANHATTAN_LUT", "conf_final": 0.8, "action_code": "VERDE_ACCEPTAT_AUTOMAT" }, "geometry": { "type": "Polygon", "coordinates": [ [ [ 390744.062923767662141, 585718.328076136182062 ], [ 390746.750375216885004, 585723.39881189330481 ], [ 390765.354623644670937, 585726.232571587665007 ], [ 390767.202727793133818, 585727.957468792796135 ], [ 390776.689662421878893, 585725.585735135595314 ], [ 390795.170703906449489, 585732.793341314652935 ], [ 390797.942860129114706, 585729.466753847431391 ], [ 390809.21629543468589, 585735.935118366964161 ], [ 390805.704897552612238, 585740.370568323298357 ], [ 390814.575797465222422, 585746.099691183539107 ], [ 390824.185939037182834, 585738.892085004481487 ], [ 390860.778401176561601, 585770.494665943086147 ], [ 390867.431576111004688, 585774.375684654805809 ], [ 390869.649301089171786, 585769.200993039179593 ], [ 390868.265719141054433, 585763.156372192781419 ], [ 390855.902101376559585, 585761.807613891200162 ], [ 390835.318841423140839, 585723.447902159765363 ], [ 390837.070249599637464, 585711.504033788805827 ], [ 390774.903161744994577, 585693.378670132020488 ], [ 390770.259800072060898, 585723.317957337014377 ], [ 390744.062923767662141, 585718.328076136182062 ] ] ] } },
{ "type": "Feature", "properties": { "id": 57, "ref_id": "CLADIRE_57", "tier": "TIER2_EXTINS", "category": "CLADIRE_CADASTRU_CLEAN", "validare": "PRELIM_EXTINS", "sam2_score": 0.8, "inaltime_med_m": 5.2, "inaltime_max_m": 7.8, "area_m2": 819.56, "area_sol_m2": 749.01, "eave_offset_m": 0.4, "perimeter_m": 178.4, "vertices": 5, "is_temporary": false, "structure_type": "CONSTRUCTIE_PERMANENTA", "center_x": 390929.61, "center_y": 585796.35, "clasa_forma": "MANHATTAN_LUT", "conf_final": 0.8, "action_code": "VERDE_ACCEPTAT_AUTOMAT" }, "geometry": { "type": "Polygon", "coordinates": [ [ [ 390900.168647191778291, 585766.636691616498865 ], [ 390902.591757535526995, 585784.135984688880853 ], [ 390943.134542292275, 585813.65944846032653 ], [ 390963.925713962409645, 585823.3619952397421 ], [ 390963.496414769499097, 585816.072571950266138 ], [ 390900.168647191778291, 585766.636691616498865 ] ] ] } },
{ "type": "Feature", "properties": { "id": 58, "ref_id": "CLADIRE_58", "tier": "TIER2_EXTINS", "category": "CLADIRE_CADASTRU_CLEAN", "validare": "PRELIM_EXTINS", "sam2_score": 0.8, "inaltime_med_m": 5.2, "inaltime_max_m": 7.8, "area_m2": 970.41, "area_sol_m2": 884.66, "eave_offset_m": 0.4, "perimeter_m": 217.42, "vertices": 7, "is_temporary": false, "structure_type": "CONSTRUCTIE_PERMANENTA", "center_x": 391044.66, "center_y": 585755.72, "clasa_forma": "MANHATTAN_LUT", "conf_final": 0.8, "action_code": "VERDE_ACCEPTAT_AUTOMAT" }, "geometry": { "type": "Polygon", "coordinates": [ [ [ 391046.048597240122035, 585780.309599782107398 ], [ 391066.100846961664502, 585784.807847551186569 ], [ 391067.972052411991172, 585759.234706396935508 ], [ 391039.903970657323953, 585746.760003394796513 ], [ 391021.631295427039731, 585714.348502561450005 ], [ 391026.475525274057873, 585757.145488738897257 ], [ 391064.045285633706953, 585771.73213637038134 ], [ 391046.048597240122035, 585780.309599782107398 ] ] ] } },
{ "type": "Feature", "properties": { "id": 59, "ref_id": "CLADIRE_59", "tier": "TIER2_EXTINS", "category": "CLADIRE_CADASTRU_CLEAN", "validare": "PRELIM_EXTINS", "sam2_score": 0.8, "inaltime_med_m": 5.2, "inaltime_max_m": 7.8, "area_m2": 431.1, "area_sol_m2": 393.41, "eave_offset_m": 0.4, "perimeter_m": 95.82, "vertices": 4, "is_temporary": false, "structure_type": "CONSTRUCTIE_PERMANENTA", "center_x": 390703.58, "center_y": 585337.42, "clasa_forma": "DREPTUNGHI_OBB", "conf_final": 0.8, "action_code": "VERDE_ACCEPTAT_AUTOMAT" }, "geometry": { "type": "Polygon", "coordinates": [ [ [ 390722.468275089398958, 585336.198166676796973 ], [ 390687.754551639431156, 585327.02523936831858 ], [ 390684.687148734694347, 585338.633417716133408 ], [ 390719.400872184720356, 585347.806345024611801 ], [ 390722.468275089398958, 585336.198166676796973 ] ] ] } },
{ "type": "Feature", "properties": { "id": 60, "ref_id": "CLADIRE_60", "tier": "TIER2_EXTINS", "category": "CLADIRE_CADASTRU_CLEAN", "validare": "PRELIM_EXTINS", "sam2_score": 0.8, "inaltime_med_m": 5.2, "inaltime_max_m": 7.8, "area_m2": 197.64, "area_sol_m2": 165.01, "eave_offset_m": 0.4, "perimeter_m": 83.19, "vertices": 6, "is_temporary": false, "structure_type": "CONSTRUCTIE_PERMANENTA", "center_x": 390568.96, "center_y": 585641.72, "clasa_forma": "MANHATTAN_LUT", "conf_final": 0.8, "action_code": "VERDE_ACCEPTAT_AUTOMAT" }, "geometry": { "type": "Polygon", "coordinates": [ [ [ 390566.659918843244668, 585629.960557269398123 ], [ 390560.578456897463184, 585655.228556720074266 ], [ 390566.336699058825616, 585656.380387220880948 ], [ 390570.447064773412421, 585637.429224356659688 ], [ 390580.078078843303956, 585641.501336279674433 ], [ 390581.569528328196611, 585636.53835897683166 ], [ 390566.659918843244668, 585629.960557269398123 ] ] ] } },
{ "type": "Feature", "properties": { "id": 61, "ref_id": "CLADIRE_61", "tier": "TIER2_EXTINS", "category": "CLADIRE_CADASTRU_CLEAN", "validare": "PRELIM_EXTINS", "sam2_score": 0.8, "inaltime_med_m": 5.2, "inaltime_max_m": 7.8, "area_m2": 50.05, "area_sol_m2": 39.02, "eave_offset_m": 0.4, "perimeter_m": 29.22, "vertices": 4, "is_temporary": false, "structure_type": "CONSTRUCTIE_PERMANENTA", "center_x": 390591.99, "center_y": 585645.18, "clasa_forma": "DREPTUNGHI_OBB", "conf_final": 0.8, "action_code": "VERDE_ACCEPTAT_AUTOMAT" }, "geometry": { "type": "Polygon", "coordinates": [ [ [ 390593.304740310064517, 585650.066261456697248 ], [ 390588.570494277810212, 585649.351642330526374 ], [ 390590.039052971522324, 585639.753297271672636 ], [ 390596.125161793781444, 585642.555645433603786 ], [ 390593.304740310064517, 585650.066261456697248 ] ] ] } },
{ "type": "Feature", "properties": { "id": 62, "ref_id": "CLADIRE_62", "tier": "TIER2_EXTINS", "category": "CLADIRE_CADASTRU_CLEAN", "validare": "PRELIM_EXTINS", "sam2_score": 0.8, "inaltime_med_m": 5.2, "inaltime_max_m": 7.8, "area_m2": 78.29, "area_sol_m2": 63.94, "eave_offset_m": 0.4, "perimeter_m": 37.46, "vertices": 4, "is_temporary": false, "structure_type": "CONSTRUCTIE_PERMANENTA", "center_x": 390612.63, "center_y": 585560.11, "clasa_forma": "DREPTUNGHI_OBB", "conf_final": 0.8, "action_code": "VERDE_ACCEPTAT_AUTOMAT" }, "geometry": { "type": "Polygon", "coordinates": [ [ [ 390613.671805412566755, 585566.997896845336072 ], [ 390617.567665757553186, 585555.189969433355145 ], [ 390611.588558338698931, 585553.217231698567048 ], [ 390607.692640854802448, 585565.025137628894299 ], [ 390613.671805412566755, 585566.997896845336072 ] ] ] } },
{ "type": "Feature", "properties": { "id": 63, "ref_id": "CLADIRE_63", "tier": "TIER2_EXTINS", "category": "CLADIRE_CADASTRU_CLEAN", "validare": "PRELIM_EXTINS", "sam2_score": 0.8, "inaltime_med_m": 5.2, "inaltime_max_m": 7.8, "area_m2": 70.79, "area_sol_m2": 57.35, "eave_offset_m": 0.4, "perimeter_m": 35.22, "vertices": 4, "is_temporary": false, "structure_type": "CONSTRUCTIE_PERMANENTA", "center_x": 390618.68, "center_y": 585563.05, "clasa_forma": "DREPTUNGHI_OBB", "conf_final": 0.8, "action_code": "VERDE_ACCEPTAT_AUTOMAT" }, "geometry": { "type": "Polygon", "coordinates": [ [ [ 390617.524757330771536, 585556.663366680731997 ], [ 390613.940331670455635, 585567.482178552774712 ], [ 390619.836572277592495, 585569.43570296803955 ], [ 390623.421055342652835, 585558.616912553086877 ], [ 390617.524757330771536, 585556.663366680731997 ] ] ] } },
{ "type": "Feature", "properties": { "id": 64, "ref_id": "CLADIRE_64", "tier": "TIER2_EXTINS", "category": "CLADIRE_CADASTRU_CLEAN", "validare": "PRELIM_EXTINS", "sam2_score": 0.8, "inaltime_med_m": 5.2, "inaltime_max_m": 7.8, "area_m2": 29.23, "area_sol_m2": 21.2, "eave_offset_m": 0.4, "perimeter_m": 21.67, "vertices": 4, "is_temporary": false, "structure_type": "CONSTRUCTIE_PERMANENTA", "center_x": 390627.73, "center_y": 585574.55, "clasa_forma": "DREPTUNGHI_OBB", "conf_final": 0.8, "action_code": "VERDE_ACCEPTAT_AUTOMAT" }, "geometry": { "type": "Polygon", "coordinates": [ [ [ 390624.163055872661062, 585575.95708379149437 ], [ 390629.57033392356243, 585577.915557580883615 ], [ 390631.300954039266799, 585573.137450682697818 ], [ 390625.893652575614396, 585571.178946016705595 ], [ 390624.163055872661062, 585575.95708379149437 ] ] ] } },
{ "type": "Feature", "properties": { "id": 65, "ref_id": "CLADIRE_65", "tier": "TIER2_EXTINS", "category": "CLADIRE_CADASTRU_CLEAN", "validare": "PRELIM_EXTINS", "sam2_score": 0.8, "inaltime_med_m": 5.2, "inaltime_max_m": 7.8, "area_m2": 233.7, "area_sol_m2": 209.65, "eave_offset_m": 0.4, "perimeter_m": 61.72, "vertices": 4, "is_temporary": false, "structure_type": "CONSTRUCTIE_PERMANENTA", "center_x": 390582.06, "center_y": 585507.84, "clasa_forma": "DREPTUNGHI_OBB", "conf_final": 0.8, "action_code": "VERDE_ACCEPTAT_AUTOMAT" }, "geometry": { "type": "Polygon", "coordinates": [ [ [ 390583.186438844888471, 585518.791263536899351 ], [ 390592.312431799713522, 585503.840272062690929 ], [ 390580.924516136408783, 585496.889165690285154 ], [ 390571.798523181467317, 585511.840157164260745 ], [ 390583.186438844888471, 585518.791263536899351 ] ] ] } },
{ "type": "Feature", "properties": { "id": 66, "ref_id": "CLADIRE_66", "tier": "TIER2_EXTINS", "category": "CLADIRE_CADASTRU_CLEAN", "validare": "PRELIM_EXTINS", "sam2_score": 0.8, "inaltime_med_m": 5.2, "inaltime_max_m": 7.8, "area_m2": 1263.72, "area_sol_m2": 1184.07, "eave_offset_m": 0.4, "perimeter_m": 200.73, "vertices": 10, "is_temporary": false, "structure_type": "CONSTRUCTIE_PERMANENTA", "center_x": 390992.56, "center_y": 585794.37, "clasa_forma": "MANHATTAN_LUT", "conf_final": 0.8, "action_code": "VERDE_ACCEPTAT_AUTOMAT" }, "geometry": { "type": "Polygon", "coordinates": [ [ [ 390974.907956795941573, 585797.065614257822745 ], [ 390962.921703086351044, 585791.567987080197781 ], [ 390973.620358897198457, 585768.918453640770167 ], [ 391016.152249453880358, 585788.972511255647987 ], [ 391007.067378262872808, 585807.924227025359869 ], [ 391014.957198717922438, 585812.061808851547539 ], [ 391009.127503520343453, 585823.439677767455578 ], [ 390985.407190967700444, 585811.172424779972062 ], [ 390994.140468033670913, 585793.060796633944847 ], [ 390981.283422303851694, 585787.145296189468354 ], [ 390974.907956795941573, 585797.065614257822745 ] ] ] } },
{ "type": "Feature", "properties": { "id": 67, "ref_id": "CLADIRE_67", "tier": "TIER2_EXTINS", "category": "CLADIRE_CADASTRU_CLEAN", "validare": "PRELIM_EXTINS", "sam2_score": 0.8, "inaltime_med_m": 5.2, "inaltime_max_m": 7.8, "area_m2": 1268.67, "area_sol_m2": 1204.0, "eave_offset_m": 0.4, "perimeter_m": 163.27, "vertices": 6, "is_temporary": false, "structure_type": "CONSTRUCTIE_PERMANENTA", "center_x": 390876.25, "center_y": 585663.91, "clasa_forma": "MANHATTAN_LUT", "conf_final": 0.8, "action_code": "VERDE_ACCEPTAT_AUTOMAT" }, "geometry": { "type": "Polygon", "coordinates": [ [ [ 390847.927087777177803, 585672.526755441096611 ], [ 390854.187159263063222, 585654.115020326222293 ], [ 390872.050536690978333, 585660.139859656454064 ], [ 390878.825209064758383, 585640.184707498294301 ], [ 390899.917082535859663, 585647.307435714872554 ], [ 390886.882176621817052, 585685.674258672283031 ], [ 390847.927087777177803, 585672.526755441096611 ] ] ] } },
{ "type": "Feature", "properties": { "id": 68, "ref_id": "CLADIRE_68", "tier": "TIER2_EXTINS", "category": "CLADIRE_CADASTRU_CLEAN", "validare": "PRELIM_EXTINS", "sam2_score": 0.8, "inaltime_med_m": 5.2, "inaltime_max_m": 7.8, "area_m2": 189.87, "area_sol_m2": 168.32, "eave_offset_m": 0.4, "perimeter_m": 55.47, "vertices": 4, "is_temporary": false, "structure_type": "CONSTRUCTIE_PERMANENTA", "center_x": 390766.6, "center_y": 585646.4, "clasa_forma": "DREPTUNGHI_OBB", "conf_final": 0.8, "action_code": "VERDE_ACCEPTAT_AUTOMAT" }, "geometry": { "type": "Polygon", "coordinates": [ [ [ 390763.838805762468837, 585636.925308216479607 ], [ 390757.982339610985946, 585651.20832978701219 ], [ 390769.362616505648475, 585655.874565130099654 ], [ 390775.219036968715955, 585641.591517067630775 ], [ 390763.838805762468837, 585636.925308216479607 ] ] ] } },
{ "type": "Feature", "properties": { "id": 69, "ref_id": "CLADIRE_69", "tier": "TIER2_EXTINS", "category": "CLADIRE_CADASTRU_CLEAN", "validare": "PRELIM_EXTINS", "sam2_score": 0.8, "inaltime_med_m": 5.2, "inaltime_max_m": 7.8, "area_m2": 1287.73, "area_sol_m2": 1216.4, "eave_offset_m": 0.4, "perimeter_m": 180.78, "vertices": 5, "is_temporary": false, "structure_type": "CONSTRUCTIE_PERMANENTA", "center_x": 390961.74, "center_y": 585703.61, "clasa_forma": "MANHATTAN_LUT", "conf_final": 0.8, "action_code": "VERDE_ACCEPTAT_AUTOMAT" }, "geometry": { "type": "Polygon", "coordinates": [ [ [ 390935.797010457899887, 585711.393225426552817 ], [ 390955.362469155574217, 585673.364336613100022 ], [ 390996.836635987798218, 585727.45531461876817 ], [ 390960.145252224931028, 585713.988299984484911 ], [ 390957.227163651143201, 585720.766780695179477 ], [ 390935.797010457899887, 585711.393225426552817 ] ] ] } },
{ "type": "Feature", "properties": { "id": 70, "ref_id": "CLADIRE_70", "tier": "TIER2_EXTINS", "category": "CLADIRE_CADASTRU_CLEAN", "validare": "PRELIM_EXTINS", "sam2_score": 0.8, "inaltime_med_m": 5.2, "inaltime_max_m": 7.8, "area_m2": 1794.73, "area_sol_m2": 1696.02, "eave_offset_m": 0.4, "perimeter_m": 248.39, "vertices": 10, "is_temporary": false, "structure_type": "CONSTRUCTIE_PERMANENTA", "center_x": 391113.56, "center_y": 585626.54, "clasa_forma": "MANHATTAN_LUT", "conf_final": 0.8, "action_code": "VERDE_ACCEPTAT_AUTOMAT" }, "geometry": { "type": "Polygon", "coordinates": [ [ [ 391076.124265276943333, 585610.018557817093097 ], [ 391081.987021030567121, 585594.949339847429655 ], [ 391112.160185358836316, 585606.611436776351184 ], [ 391106.238876679446548, 585621.826201071031392 ], [ 391132.58814112941036, 585632.001001029158942 ], [ 391137.28277745709056, 585619.932251370628364 ], [ 391153.392411593580619, 585626.156297565205023 ], [ 391142.513672296830919, 585654.122636180953123 ], [ 391085.322103167884052, 585632.019830890581943 ], [ 391091.55690978304483, 585615.976732775103301 ], [ 391076.124265276943333, 585610.018557817093097 ] ] ] } },
{ "type": "Feature", "properties": { "id": 71, "ref_id": "CLADIRE_71", "tier": "TIER2_EXTINS", "category": "CLADIRE_CADASTRU_CLEAN", "validare": "PRELIM_EXTINS", "sam2_score": 0.8, "inaltime_med_m": 5.2, "inaltime_max_m": 7.8, "area_m2": 699.68, "area_sol_m2": 657.51, "eave_offset_m": 0.4, "perimeter_m": 107.03, "vertices": 4, "is_temporary": false, "structure_type": "CONSTRUCTIE_PERMANENTA", "center_x": 390689.83, "center_y": 585620.03, "clasa_forma": "DREPTUNGHI_OBB", "conf_final": 0.8, "action_code": "VERDE_ACCEPTAT_AUTOMAT" }, "geometry": { "type": "Polygon", "coordinates": [ [ [ 390684.379315115395002, 585601.684700082056224 ], [ 390673.912770220893435, 585630.642086849780753 ], [ 390695.283202697406523, 585638.366353983758017 ], [ 390705.749770723748952, 585609.408979841275141 ], [ 390684.379315115395002, 585601.684700082056224 ] ] ] } },
{ "type": "Feature", "properties": { "id": 72, "ref_id": "CLADIRE_72", "tier": "TIER2_EXTINS", "category": "CLADIRE_CADASTRU_CLEAN", "validare": "PRELIM_EXTINS", "sam2_score": 0.8, "inaltime_med_m": 5.2, "inaltime_max_m": 7.8, "area_m2": 480.5, "area_sol_m2": 441.58, "eave_offset_m": 0.4, "perimeter_m": 98.89, "vertices": 4, "is_temporary": false, "structure_type": "CONSTRUCTIE_PERMANENTA", "center_x": 390733.39, "center_y": 585437.97, "clasa_forma": "DREPTUNGHI_OBB", "conf_final": 0.8, "action_code": "VERDE_ACCEPTAT_AUTOMAT" }, "geometry": { "type": "Polygon", "coordinates": [ [ [ 390752.645184747816529, 585438.181309927604161 ], [ 390718.843255630345084, 585425.343551226309501 ], [ 390714.124977055820636, 585437.766814706730656 ], [ 390747.926911248010583, 585450.604572243522853 ], [ 390752.645184747816529, 585438.181309927604161 ] ] ] } },
{ "type": "Feature", "properties": { "id": 73, "ref_id": "CLADIRE_73", "tier": "TIER2_EXTINS", "category": "CLADIRE_CADASTRU_CLEAN", "validare": "PRELIM_EXTINS", "sam2_score": 0.8, "inaltime_med_m": 5.2, "inaltime_max_m": 7.8, "area_m2": 204.89, "area_sol_m2": 182.62, "eave_offset_m": 0.4, "perimeter_m": 57.26, "vertices": 4, "is_temporary": false, "structure_type": "CONSTRUCTIE_PERMANENTA", "center_x": 390662.78, "center_y": 585320.3, "clasa_forma": "DREPTUNGHI_OBB", "conf_final": 0.8, "action_code": "VERDE_ACCEPTAT_AUTOMAT" }, "geometry": { "type": "Polygon", "coordinates": [ [ [ 390666.744076329167001, 585329.616043906193227 ], [ 390671.94810471625533, 585316.010269472491927 ], [ 390658.811040835571475, 585310.985489335260354 ], [ 390653.606960478704423, 585324.591239335713908 ], [ 390666.744076329167001, 585329.616043906193227 ] ] ] } },
{ "type": "Feature", "properties": { "id": 74, "ref_id": "CLADIRE_74", "tier": "TIER2_EXTINS", "category": "CLADIRE_CADASTRU_CLEAN", "validare": "PRELIM_EXTINS", "sam2_score": 0.8, "inaltime_med_m": 5.2, "inaltime_max_m": 7.8, "area_m2": 106.67, "area_sol_m2": 90.73, "eave_offset_m": 0.4, "perimeter_m": 41.44, "vertices": 4, "is_temporary": false, "structure_type": "CONSTRUCTIE_PERMANENTA", "center_x": 390809.96, "center_y": 585326.33, "clasa_forma": "DREPTUNGHI_OBB", "conf_final": 0.8, "action_code": "VERDE_ACCEPTAT_AUTOMAT" }, "geometry": { "type": "Polygon", "coordinates": [ [ [ 390809.537045846111141, 585318.994060281664133 ], [ 390802.777318067848682, 585327.894417688366957 ], [ 390810.377734989044257, 585333.666870516259223 ], [ 390817.137483077531215, 585324.76651434681844 ], [ 390809.537045846111141, 585318.994060281664133 ] ] ] } },
{ "type": "Feature", "properties": { "id": 75, "ref_id": "CLADIRE_75", "tier": "TIER2_EXTINS", "category": "CLADIRE_CADASTRU_CLEAN", "validare": "PRELIM_EXTINS", "sam2_score": 0.8, "inaltime_med_m": 5.2, "inaltime_max_m": 7.8, "area_m2": 1262.67, "area_sol_m2": 1176.18, "eave_offset_m": 0.4, "perimeter_m": 217.82, "vertices": 10, "is_temporary": false, "structure_type": "CONSTRUCTIE_PERMANENTA", "center_x": 390683.54, "center_y": 585572.31, "clasa_forma": "MANHATTAN_LUT", "conf_final": 0.8, "action_code": "VERDE_ACCEPTAT_AUTOMAT" }, "geometry": { "type": "Polygon", "coordinates": [ [ [ 390646.709007517551072, 585578.127771525178105 ], [ 390652.648721633886453, 585563.145653391606174 ], [ 390680.226049336022697, 585573.996632757014595 ], [ 390678.640620492980815, 585577.994106698432006 ], [ 390685.711947122414131, 585580.778703543823212 ], [ 390701.200807837652974, 585541.711098201805726 ], [ 390713.781484076404013, 585546.663845843635499 ], [ 390696.576290571596473, 585590.098117445362732 ], [ 390692.236511592986062, 585588.386862496496178 ], [ 390689.613887460785918, 585595.015605475986376 ], [ 390646.709007517551072, 585578.127771525178105 ] ] ] } },
{ "type": "Feature", "properties": { "id": 76, "ref_id": "CLADIRE_76", "tier": "TIER2_EXTINS", "category": "CLADIRE_CADASTRU_CLEAN", "validare": "PRELIM_EXTINS", "sam2_score": 0.8, "inaltime_med_m": 5.2, "inaltime_max_m": 7.8, "area_m2": 590.99, "area_sol_m2": 537.05, "eave_offset_m": 0.4, "perimeter_m": 136.47, "vertices": 4, "is_temporary": false, "structure_type": "CONSTRUCTIE_PERMANENTA", "center_x": 391176.52, "center_y": 585773.14, "clasa_forma": "DREPTUNGHI_OBB", "conf_final": 0.8, "action_code": "VERDE_ACCEPTAT_AUTOMAT" }, "geometry": { "type": "Polygon", "coordinates": [ [ [ 391173.109891815111041, 585802.416012367699295 ], [ 391189.687133530154824, 585746.780406398815103 ], [ 391179.930765625671484, 585743.873392253066413 ], [ 391163.353485133440699, 585799.508972201729193 ], [ 391173.109891815111041, 585802.416012367699295 ] ] ] } },
{ "type": "Feature", "properties": { "id": 77, "ref_id": "CLADIRE_77", "tier": "TIER2_EXTINS", "category": "CLADIRE_CADASTRU_CLEAN", "validare": "PRELIM_EXTINS", "sam2_score": 0.8, "inaltime_med_m": 5.2, "inaltime_max_m": 7.8, "area_m2": 1034.42, "area_sol_m2": 973.81, "eave_offset_m": 0.4, "perimeter_m": 153.13, "vertices": 12, "is_temporary": false, "structure_type": "CONSTRUCTIE_PERMANENTA", "center_x": 390784.35, "center_y": 585120.21, "clasa_forma": "MANHATTAN_LUT", "conf_final": 0.8, "action_code": "VERDE_ACCEPTAT_AUTOMAT" }, "geometry": { "type": "Polygon", "coordinates": [ [ [ 390793.125259764841758, 585137.679818953038193 ], [ 390809.968154358793981, 585128.592778817517683 ], [ 390800.402209844440222, 585109.566795774851926 ], [ 390796.750136212736834, 585111.678373793605715 ], [ 390793.554101229761727, 585104.788081226754002 ], [ 390779.54216489661485, 585111.989651792100631 ], [ 390773.650958384969272, 585103.513933184091002 ], [ 390758.019230495789088, 585111.556397415581159 ], [ 390770.092726950766519, 585133.193903998704627 ], [ 390777.591795736690983, 585128.767084934748709 ], [ 390780.556082981696818, 585133.827262802864425 ], [ 390789.299516237922944, 585130.189485803130083 ], [ 390793.125259764841758, 585137.679818953038193 ] ] ] } },
{ "type": "Feature", "properties": { "id": 78, "ref_id": "CLADIRE_78", "tier": "TIER2_EXTINS", "category": "CLADIRE_CADASTRU_CLEAN", "validare": "PRELIM_EXTINS", "sam2_score": 0.8, "inaltime_med_m": 5.2, "inaltime_max_m": 7.8, "area_m2": 260.74, "area_sol_m2": 221.88, "eave_offset_m": 0.4, "perimeter_m": 98.74, "vertices": 10, "is_temporary": false, "structure_type": "CONSTRUCTIE_PERMANENTA", "center_x": 390857.67, "center_y": 585355.07, "clasa_forma": "MANHATTAN_LUT", "conf_final": 0.8, "action_code": "VERDE_ACCEPTAT_AUTOMAT" }, "geometry": { "type": "Polygon", "coordinates": [ [ [ 390874.697404317033943, 585361.957049774006009 ], [ 390866.753474125056528, 585354.441058093914762 ], [ 390864.871620422520209, 585356.42054648604244 ], [ 390860.946176192781422, 585352.70062401983887 ], [ 390858.929259802971501, 585354.815959604340605 ], [ 390843.072474467218854, 585339.816815560334362 ], [ 390839.248678553733043, 585343.832479069242254 ], [ 390859.909011928248219, 585363.36942981777247 ], [ 390861.918288179207593, 585361.254232566920109 ], [ 390868.991751326830126, 585367.952180641819723 ], [ 390874.697404317033943, 585361.957049774006009 ] ] ] } },
{ "type": "Feature", "properties": { "id": 79, "ref_id": "CLADIRE_79", "tier": "TIER2_EXTINS", "category": "CLADIRE_CADASTRU_CLEAN", "validare": "PRELIM_EXTINS", "sam2_score": 0.8, "inaltime_med_m": 5.2, "inaltime_max_m": 7.8, "area_m2": 82.38, "area_sol_m2": 68.12, "eave_offset_m": 0.4, "perimeter_m": 37.25, "vertices": 4, "is_temporary": false, "structure_type": "CONSTRUCTIE_PERMANENTA", "center_x": 390688.21, "center_y": 585456.16, "clasa_forma": "DREPTUNGHI_OBB", "conf_final": 0.8, "action_code": "VERDE_ACCEPTAT_AUTOMAT" }, "geometry": { "type": "Polygon", "coordinates": [ [ [ 390689.980487910972442, 585462.669125675573014 ], [ 390693.353772452857811, 585451.78340134199243 ], [ 390686.449386204243638, 585449.643843442900106 ], [ 390683.07607398473192, 585460.529575974331237 ], [ 390689.980487910972442, 585462.669125675573014 ] ] ] } },
{ "type": "Feature", "properties": { "id": 80, "ref_id": "CLADIRE_80", "tier": "TIER2_EXTINS", "category": "CLADIRE_CADASTRU_CLEAN", "validare": "PRELIM_EXTINS", "sam2_score": 0.8, "inaltime_med_m": 5.2, "inaltime_max_m": 7.8, "area_m2": 247.53, "area_sol_m2": 218.33, "eave_offset_m": 0.4, "perimeter_m": 74.58, "vertices": 8, "is_temporary": false, "structure_type": "CONSTRUCTIE_PERMANENTA", "center_x": 390832.94, "center_y": 585333.99, "clasa_forma": "MANHATTAN_LUT", "conf_final": 0.8, "action_code": "VERDE_ACCEPTAT_AUTOMAT" }, "geometry": { "type": "Polygon", "coordinates": [ [ [ 390819.846393873507623, 585329.653457847540267 ], [ 390826.41025604394963, 585322.953509120852686 ], [ 390836.178032147523481, 585332.459758460987359 ], [ 390839.021010177093558, 585329.551290949108079 ], [ 390846.339134448789991, 585336.678351455251686 ], [ 390839.248678553733043, 585343.832479069242254 ], [ 390835.67755029827822, 585340.272920414688997 ], [ 390833.277153864095453, 585342.728707892703824 ], [ 390819.846393873507623, 585329.653457847540267 ] ] ] } },
{ "type": "Feature", "properties": { "id": 81, "ref_id": "CLADIRE_81", "tier": "TIER2_EXTINS", "category": "CLADIRE_CADASTRU_CLEAN", "validare": "PRELIM_EXTINS", "sam2_score": 0.8, "inaltime_med_m": 5.2, "inaltime_max_m": 7.8, "area_m2": 177.47, "area_sol_m2": 154.24, "eave_offset_m": 0.4, "perimeter_m": 59.67, "vertices": 6, "is_temporary": false, "structure_type": "CONSTRUCTIE_PERMANENTA", "center_x": 390670.85, "center_y": 585448.99, "clasa_forma": "MANHATTAN_LUT", "conf_final": 0.8, "action_code": "VERDE_ACCEPTAT_AUTOMAT" }, "geometry": { "type": "Polygon", "coordinates": [ [ [ 390661.297272708732635, 585451.385617878637277 ], [ 390666.21122093941085, 585439.657141905976459 ], [ 390674.468742030672729, 585443.387423373293132 ], [ 390672.889889004, 585446.484302152413875 ], [ 390680.742615621362347, 585450.221922631491907 ], [ 390679.23017320362851, 585456.986200549872592 ], [ 390661.297272708732635, 585451.385617878637277 ] ] ] } },
{ "type": "Feature", "properties": { "id": 82, "ref_id": "CLADIRE_82", "tier": "TIER2_EXTINS", "category": "CLADIRE_CADASTRU_CLEAN", "validare": "PRELIM_EXTINS", "sam2_score": 0.8, "inaltime_med_m": 5.2, "inaltime_max_m": 7.8, "area_m2": 106.91, "area_sol_m2": 90.46, "eave_offset_m": 0.4, "perimeter_m": 42.72, "vertices": 4, "is_temporary": false, "structure_type": "CONSTRUCTIE_PERMANENTA", "center_x": 390677.17, "center_y": 585307.93, "clasa_forma": "DREPTUNGHI_OBB", "conf_final": 0.8, "action_code": "VERDE_ACCEPTAT_AUTOMAT" }, "geometry": { "type": "Polygon", "coordinates": [ [ [ 390684.85978332470404, 585306.727244084700942 ], [ 390672.481034229509532, 585301.718710615998134 ], [ 390669.478194929193705, 585309.140239156666212 ], [ 390681.857002123142593, 585314.148796410649084 ], [ 390684.85978332470404, 585306.727244084700942 ] ] ] } },
{ "type": "Feature", "properties": { "id": 83, "ref_id": "CLADIRE_83", "tier": "TIER2_EXTINS", "category": "CLADIRE_CADASTRU_CLEAN", "validare": "PRELIM_EXTINS", "sam2_score": 0.8, "inaltime_med_m": 5.2, "inaltime_max_m": 7.8, "area_m2": 101.76, "area_sol_m2": 82.12, "eave_offset_m": 0.4, "perimeter_m": 50.72, "vertices": 6, "is_temporary": false, "structure_type": "CONSTRUCTIE_PERMANENTA", "center_x": 391123.97, "center_y": 585805.59, "clasa_forma": "MANHATTAN_LUT", "conf_final": 0.8, "action_code": "VERDE_ACCEPTAT_AUTOMAT" }, "geometry": { "type": "Polygon", "coordinates": [ [ [ 391125.18673543195473, 585812.518386230920441 ], [ 391116.340879663475789, 585810.43231281125918 ], [ 391119.224139051977545, 585803.40996564598754 ], [ 391123.820887643436436, 585804.98348233953584 ], [ 391126.736390314763412, 585796.359714083955623 ], [ 391130.866888297256082, 585797.919411636539735 ], [ 391125.18673543195473, 585812.518386230920441 ] ] ] } },
{ "type": "Feature", "properties": { "id": 84, "ref_id": "CLADIRE_84", "tier": "TIER2_EXTINS", "category": "CLADIRE_CADASTRU_CLEAN", "validare": "PRELIM_EXTINS", "sam2_score": 0.8, "inaltime_med_m": 5.2, "inaltime_max_m": 7.8, "area_m2": 62.62, "area_sol_m2": 50.43, "eave_offset_m": 0.4, "perimeter_m": 32.08, "vertices": 4, "is_temporary": false, "structure_type": "CONSTRUCTIE_PERMANENTA", "center_x": 390713.97, "center_y": 585659.04, "clasa_forma": "DREPTUNGHI_OBB", "conf_final": 0.8, "action_code": "VERDE_ACCEPTAT_AUTOMAT" }, "geometry": { "type": "Polygon", "coordinates": [ [ [ 390708.595063938642852, 585661.073675773455761 ], [ 390717.607785787258763, 585663.491861340473406 ], [ 390719.346837283985224, 585657.010316924657673 ], [ 390710.334110620780848, 585654.592132986406796 ], [ 390708.595063938642852, 585661.073675773455761 ] ] ] } },
{ "type": "Feature", "properties": { "id": 85, "ref_id": "CLADIRE_85", "tier": "TIER2_EXTINS", "category": "CLADIRE_CADASTRU_CLEAN", "validare": "PRELIM_EXTINS", "sam2_score": 0.8, "inaltime_med_m": 5.2, "inaltime_max_m": 7.8, "area_m2": 39.27, "area_sol_m2": 27.86, "eave_offset_m": 0.4, "perimeter_m": 30.14, "vertices": 4, "is_temporary": false, "structure_type": "CONSTRUCTIE_PERMANENTA", "center_x": 390838.89, "center_y": 585662.67, "clasa_forma": "DREPTUNGHI_OBB", "conf_final": 0.8, "action_code": "VERDE_ACCEPTAT_AUTOMAT" }, "geometry": { "type": "Polygon", "coordinates": [ [ [ 390833.547446167271119, 585659.74656510411296 ], [ 390832.812072557513602, 585663.017138461931609 ], [ 390844.242197823768947, 585665.587139771785587 ], [ 390844.977571433410048, 585662.316566413850524 ], [ 390833.547446167271119, 585659.74656510411296 ] ] ] } },
{ "type": "Feature", "properties": { "id": 86, "ref_id": "CLADIRE_86", "tier": "TIER2_EXTINS", "category": "CLADIRE_CADASTRU_CLEAN", "validare": "PRELIM_EXTINS", "sam2_score": 0.8, "inaltime_med_m": 5.2, "inaltime_max_m": 7.8, "area_m2": 156.33, "area_sol_m2": 129.33, "eave_offset_m": 0.4, "perimeter_m": 69.04, "vertices": 9, "is_temporary": false, "structure_type": "CONSTRUCTIE_PERMANENTA", "center_x": 391146.3, "center_y": 585789.01, "clasa_forma": "MANHATTAN_LUT", "conf_final": 0.8, "action_code": "VERDE_ACCEPTAT_AUTOMAT" }, "geometry": { "type": "Polygon", "coordinates": [ [ [ 391138.662623875716235, 585793.031871542334557 ], [ 391139.030018205521628, 585784.598584196064621 ], [ 391148.253005388309248, 585785.14374928525649 ], [ 391148.546763180987909, 585778.557207455858588 ], [ 391152.944448232243303, 585778.41120619373396 ], [ 391150.848373221291695, 585792.656486614490859 ], [ 391147.132846800144762, 585799.704942409647629 ], [ 391143.337714429828338, 585799.3731695440365 ], [ 391145.800757086952217, 585792.769741961266845 ], [ 391138.662623875716235, 585793.031871542334557 ] ] ] } },
{ "type": "Feature", "properties": { "id": 87, "ref_id": "CLADIRE_87", "tier": "TIER2_EXTINS", "category": "CLADIRE_CADASTRU_CLEAN", "validare": "PRELIM_EXTINS", "sam2_score": 0.8, "inaltime_med_m": 5.2, "inaltime_max_m": 7.8, "area_m2": 132.76, "area_sol_m2": 112.13, "eave_offset_m": 0.4, "perimeter_m": 53.18, "vertices": 4, "is_temporary": false, "structure_type": "CONSTRUCTIE_PERMANENTA", "center_x": 390707.52, "center_y": 585650.62, "clasa_forma": "DREPTUNGHI_OBB", "conf_final": 0.8, "action_code": "VERDE_ACCEPTAT_AUTOMAT" }, "geometry": { "type": "Polygon", "coordinates": [ [ [ 390708.595063938642852, 585661.073675773455761 ], [ 390712.941404676646926, 585641.629201539326459 ], [ 390706.438503216777463, 585640.175641820766032 ], [ 390702.092162478482351, 585659.620116054778919 ], [ 390708.595063938642852, 585661.073675773455761 ] ] ] } },
{ "type": "Feature", "properties": { "id": 88, "ref_id": "CLADIRE_88", "tier": "TIER2_EXTINS", "category": "CLADIRE_CADASTRU_CLEAN", "validare": "PRELIM_EXTINS", "sam2_score": 0.8, "inaltime_med_m": 5.2, "inaltime_max_m": 7.8, "area_m2": 66.21, "area_sol_m2": 51.58, "eave_offset_m": 0.4, "perimeter_m": 38.16, "vertices": 6, "is_temporary": false, "structure_type": "CONSTRUCTIE_PERMANENTA", "center_x": 390828.68, "center_y": 585682.16, "clasa_forma": "MANHATTAN_LUT", "conf_final": 0.8, "action_code": "VERDE_ACCEPTAT_AUTOMAT" }, "geometry": { "type": "Polygon", "coordinates": [ [ [ 390823.80112402420491, 585685.191720426781103 ], [ 390828.29895317950286, 585674.949456079513766 ], [ 390832.156890519778244, 585676.636169285513461 ], [ 390829.742568484682124, 585682.116034177248366 ], [ 390833.123183390882332, 585683.600157589185983 ], [ 390831.031831072992645, 585688.351577783818357 ], [ 390823.80112402420491, 585685.191720426781103 ] ] ] } },
{ "type": "Feature", "properties": { "id": 89, "ref_id": "CLADIRE_89", "tier": "TIER2_EXTINS", "category": "CLADIRE_CADASTRU_CLEAN", "validare": "PRELIM_EXTINS", "sam2_score": 0.8, "inaltime_med_m": 5.2, "inaltime_max_m": 7.8, "area_m2": 130.61, "area_sol_m2": 112.46, "eave_offset_m": 0.4, "perimeter_m": 46.96, "vertices": 4, "is_temporary": false, "structure_type": "CONSTRUCTIE_PERMANENTA", "center_x": 390664.99, "center_y": 585606.03, "clasa_forma": "DREPTUNGHI_OBB", "conf_final": 0.8, "action_code": "VERDE_ACCEPTAT_AUTOMAT" }, "geometry": { "type": "Polygon", "coordinates": [ [ [ 390673.223763891030103, 585603.86314389819745 ], [ 390659.458137982990593, 585599.552726062713191 ], [ 390656.752486804209184, 585608.19339376327116 ], [ 390670.518138524726965, 585612.50380404049065 ], [ 390673.223763891030103, 585603.86314389819745 ] ] ] } },
{ "type": "Feature", "properties": { "id": 90, "ref_id": "CLADIRE_90", "tier": "TIER2_EXTINS", "category": "CLADIRE_CADASTRU_CLEAN", "validare": "PRELIM_EXTINS", "sam2_score": 0.8, "inaltime_med_m": 5.2, "inaltime_max_m": 7.8, "area_m2": 265.18, "area_sol_m2": 233.77, "eave_offset_m": 0.4, "perimeter_m": 80.12, "vertices": 8, "is_temporary": false, "structure_type": "CONSTRUCTIE_PERMANENTA", "center_x": 390719.19, "center_y": 585630.47, "clasa_forma": "MANHATTAN_LUT", "conf_final": 0.8, "action_code": "VERDE_ACCEPTAT_AUTOMAT" }, "geometry": { "type": "Polygon", "coordinates": [ [ [ 390704.923916843021289, 585636.793945921468548 ], [ 390706.913878580846358, 585631.088255706126802 ], [ 390712.948876508511603, 585633.180158592178486 ], [ 390717.771075016353279, 585619.34115174296312 ], [ 390730.033217482909095, 585623.588209229055792 ], [ 390724.375775125809014, 585639.821359773399308 ], [ 390713.043992060585879, 585635.90209763625171 ], [ 390711.889240749995224, 585639.213630447513424 ], [ 390704.923916843021289, 585636.793945921468548 ] ] ] } },
{ "type": "Feature", "properties": { "id": 91, "ref_id": "CLADIRE_91", "tier": "TIER2_EXTINS", "category": "CLADIRE_CADASTRU_CLEAN", "validare": "PRELIM_EXTINS", "sam2_score": 0.8, "inaltime_med_m": 5.2, "inaltime_max_m": 7.8, "area_m2": 486.93, "area_sol_m2": 439.61, "eave_offset_m": 0.4, "perimeter_m": 119.89, "vertices": 10, "is_temporary": false, "structure_type": "CONSTRUCTIE_PERMANENTA", "center_x": 390919.43, "center_y": 585703.5, "clasa_forma": "MANHATTAN_LUT", "conf_final": 0.8, "action_code": "VERDE_ACCEPTAT_AUTOMAT" }, "geometry": { "type": "Polygon", "coordinates": [ [ [ 390901.311925961752422, 585713.072491110186093 ], [ 390904.423121643834747, 585703.878108151606284 ], [ 390916.313757056021132, 585707.876560070202686 ], [ 390920.098457441781648, 585697.90294410136994 ], [ 390916.429471995274071, 585696.524036552174948 ], [ 390921.31476566917263, 585683.617886205902323 ], [ 390928.845080359838903, 585686.45005314971786 ], [ 390927.780267893511336, 585689.248536456143484 ], [ 390933.36453938356135, 585691.3488001372898 ], [ 390922.12578204536112, 585719.62223275389988 ], [ 390901.311925961752422, 585713.072491110186093 ] ] ] } },
{ "type": "Feature", "properties": { "id": 92, "ref_id": "CLADIRE_92", "tier": "TIER2_EXTINS", "category": "CLADIRE_CADASTRU_CLEAN", "validare": "PRELIM_EXTINS", "sam2_score": 0.8, "inaltime_med_m": 5.2, "inaltime_max_m": 7.8, "area_m2": 171.11, "area_sol_m2": 143.13, "eave_offset_m": 0.4, "perimeter_m": 71.56, "vertices": 4, "is_temporary": false, "structure_type": "CONSTRUCTIE_PERMANENTA", "center_x": 390801.24, "center_y": 585668.49, "clasa_forma": "DREPTUNGHI_OBB", "conf_final": 0.8, "action_code": "VERDE_ACCEPTAT_AUTOMAT" }, "geometry": { "type": "Polygon", "coordinates": [ [ [ 390804.170101425901521, 585653.454122053575702 ], [ 390793.036933377152309, 585681.412570250686258 ], [ 390798.319604594551492, 585683.516158022568561 ], [ 390809.452746965107508, 585655.557679339777678 ], [ 390804.170101425901521, 585653.454122053575702 ] ] ] } },
{ "type": "Feature", "properties": { "id": 93, "ref_id": "CLADIRE_93", "tier": "TIER2_EXTINS", "category": "CLADIRE_CADASTRU_CLEAN", "validare": "PRELIM_EXTINS", "sam2_score": 0.8, "inaltime_med_m": 5.2, "inaltime_max_m": 7.8, "area_m2": 375.42, "area_sol_m2": 343.96, "eave_offset_m": 0.4, "perimeter_m": 80.25, "vertices": 4, "is_temporary": false, "structure_type": "CONSTRUCTIE_PERMANENTA", "center_x": 390742.77, "center_y": 585655.3, "clasa_forma": "DREPTUNGHI_OBB", "conf_final": 0.8, "action_code": "VERDE_ACCEPTAT_AUTOMAT" }, "geometry": { "type": "Polygon", "coordinates": [ [ [ 390745.328039919841103, 585669.727338669239543 ], [ 390754.130148115102202, 585646.041943664895371 ], [ 390740.203227230347693, 585640.866340662934817 ], [ 390731.401148563832976, 585664.551765124197118 ], [ 390745.328039919841103, 585669.727338669239543 ] ] ] } },
{ "type": "Feature", "properties": { "id": 94, "ref_id": "CLADIRE_94", "tier": "TIER2_EXTINS", "category": "CLADIRE_CADASTRU_CLEAN", "validare": "PRELIM_EXTINS", "sam2_score": 0.8, "inaltime_med_m": 5.2, "inaltime_max_m": 7.8, "area_m2": 270.85, "area_sol_m2": 242.17, "eave_offset_m": 0.4, "perimeter_m": 73.3, "vertices": 4, "is_temporary": false, "structure_type": "CONSTRUCTIE_PERMANENTA", "center_x": 390895.5, "center_y": 585687.58, "clasa_forma": "DREPTUNGHI_OBB", "conf_final": 0.8, "action_code": "VERDE_ACCEPTAT_AUTOMAT" }, "geometry": { "type": "Polygon", "coordinates": [ [ [ 390896.743215275811963, 585673.480390981654637 ], [ 390885.057220060843974, 585697.135498185758479 ], [ 390894.261029177170713, 585701.682320759748109 ], [ 390905.947006392932963, 585678.027198791387491 ], [ 390896.743215275811963, 585673.480390981654637 ] ] ] } },
{ "type": "Feature", "properties": { "id": 95, "ref_id": "CLADIRE_95", "tier": "TIER2_EXTINS", "category": "CLADIRE_CADASTRU_CLEAN", "validare": "PRELIM_EXTINS", "sam2_score": 0.8, "inaltime_med_m": 5.2, "inaltime_max_m": 7.8, "area_m2": 442.98, "area_sol_m2": 406.6, "eave_offset_m": 0.4, "perimeter_m": 92.57, "vertices": 4, "is_temporary": false, "structure_type": "CONSTRUCTIE_PERMANENTA", "center_x": 390972.45, "center_y": 585736.48, "clasa_forma": "DREPTUNGHI_OBB", "conf_final": 0.8, "action_code": "VERDE_ACCEPTAT_AUTOMAT" }, "geometry": { "type": "Polygon", "coordinates": [ [ [ 390990.157615360338241, 585737.069818862830289 ], [ 390960.307562299072742, 585723.56697887298651 ], [ 390954.734781912644394, 585735.886421259958297 ], [ 390984.58486804907443, 585749.389255784335546 ], [ 390990.157615360338241, 585737.069818862830289 ] ] ] } },
{ "type": "Feature", "properties": { "id": 96, "ref_id": "CLADIRE_96", "tier": "TIER2_EXTINS", "category": "CLADIRE_CADASTRU_CLEAN", "validare": "PRELIM_EXTINS", "sam2_score": 0.8, "inaltime_med_m": 5.2, "inaltime_max_m": 7.8, "area_m2": 84.94, "area_sol_m2": 70.67, "eave_offset_m": 0.4, "perimeter_m": 37.25, "vertices": 4, "is_temporary": false, "structure_type": "CONSTRUCTIE_PERMANENTA", "center_x": 390777.72, "center_y": 585633.94, "clasa_forma": "DREPTUNGHI_OBB", "conf_final": 0.8, "action_code": "VERDE_ACCEPTAT_AUTOMAT" }, "geometry": { "type": "Polygon", "coordinates": [ [ [ 390775.554942704970017, 585627.644745529512875 ], [ 390772.28795740386704, 585637.783142299973406 ], [ 390779.877476996625774, 585640.228778030257672 ], [ 390783.144458684022538, 585630.090382285998203 ], [ 390775.554942704970017, 585627.644745529512875 ] ] ] } },
{ "type": "Feature", "properties": { "id": 97, "ref_id": "CLADIRE_97", "tier": "TIER2_EXTINS", "category": "CLADIRE_CADASTRU_CLEAN", "validare": "PRELIM_EXTINS", "sam2_score": 0.8, "inaltime_med_m": 5.2, "inaltime_max_m": 7.8, "area_m2": 235.9, "area_sol_m2": 204.38, "eave_offset_m": 0.4, "perimeter_m": 80.4, "vertices": 4, "is_temporary": false, "structure_type": "CONSTRUCTIE_PERMANENTA", "center_x": 390865.73, "center_y": 585698.24, "clasa_forma": "DREPTUNGHI_OBB", "conf_final": 0.8, "action_code": "VERDE_ACCEPTAT_AUTOMAT" }, "geometry": { "type": "Polygon", "coordinates": [ [ [ 390882.549226417555474, 585699.971193779609166 ], [ 390851.115809269540478, 585689.716578062507324 ], [ 390848.902966550551355, 585696.499549956643023 ], [ 390880.336419536324684, 585706.754155634669587 ], [ 390882.549226417555474, 585699.971193779609166 ] ] ] } },
{ "type": "Feature", "properties": { "id": 98, "ref_id": "CLADIRE_98", "tier": "TIER2_EXTINS", "category": "CLADIRE_CADASTRU_CLEAN", "validare": "PRELIM_EXTINS", "sam2_score": 0.8, "inaltime_med_m": 5.2, "inaltime_max_m": 7.8, "area_m2": 25.16, "area_sol_m2": 17.56, "eave_offset_m": 0.4, "perimeter_m": 20.59, "vertices": 4, "is_temporary": false, "structure_type": "CONSTRUCTIE_PERMANENTA", "center_x": 390837.08, "center_y": 585668.12, "clasa_forma": "DREPTUNGHI_OBB", "conf_final": 0.8, "action_code": "VERDE_ACCEPTAT_AUTOMAT" }, "geometry": { "type": "Polygon", "coordinates": [ [ [ 390834.528209982905537, 585665.398488146136515 ], [ 390833.52855275379261, 585669.26304064434953 ], [ 390839.630855315073859, 585670.841534113045782 ], [ 390840.630512544128578, 585666.976981614716351 ], [ 390834.528209982905537, 585665.398488146136515 ] ] ] } },
{ "type": "Feature", "properties": { "id": 99, "ref_id": "CLADIRE_99", "tier": "TIER2_EXTINS", "category": "CLADIRE_CADASTRU_CLEAN", "validare": "PRELIM_EXTINS", "sam2_score": 0.8, "inaltime_med_m": 5.2, "inaltime_max_m": 7.8, "area_m2": 297.89, "area_sol_m2": 269.24, "eave_offset_m": 0.4, "perimeter_m": 73.23, "vertices": 4, "is_temporary": false, "structure_type": "CONSTRUCTIE_PERMANENTA", "center_x": 390819.72, "center_y": 585676.11, "clasa_forma": "DREPTUNGHI_OBB", "conf_final": 0.8, "action_code": "VERDE_ACCEPTAT_AUTOMAT" }, "geometry": { "type": "Polygon", "coordinates": [ [ [ 390821.782634241797496, 585689.600730175036006 ], [ 390829.266648092656396, 585666.360764435725287 ], [ 390817.652992100920528, 585662.620790630229749 ], [ 390810.168940430216026, 585685.860729667940177 ], [ 390821.782634241797496, 585689.600730175036006 ] ] ] } },
{ "type": "Feature", "properties": { "id": 100, "ref_id": "CLADIRE_100", "tier": "TIER2_EXTINS", "category": "CLADIRE_CADASTRU_CLEAN", "validare": "PRELIM_EXTINS", "sam2_score": 0.8, "inaltime_med_m": 5.2, "inaltime_max_m": 7.8, "area_m2": 93.8, "area_sol_m2": 77.86, "eave_offset_m": 0.4, "perimeter_m": 41.44, "vertices": 4, "is_temporary": false, "structure_type": "CONSTRUCTIE_PERMANENTA", "center_x": 390782.58, "center_y": 585671.81, "clasa_forma": "DREPTUNGHI_OBB", "conf_final": 0.8, "action_code": "VERDE_ACCEPTAT_AUTOMAT" }, "geometry": { "type": "Polygon", "coordinates": [ [ [ 390783.426103708159644, 585679.54216778522823 ], [ 390788.049603835155722, 585666.283649949822575 ], [ 390781.742252898751758, 585664.084164026775397 ], [ 390777.11879898206098, 585677.342706827446818 ], [ 390783.426103708159644, 585679.54216778522823 ] ] ] } },
{ "type": "Feature", "properties": { "id": 101, "ref_id": "CLADIRE_101", "tier": "TIER2_EXTINS", "category": "CLADIRE_CADASTRU_CLEAN", "validare": "PRELIM_EXTINS", "sam2_score": 0.8, "inaltime_med_m": 5.2, "inaltime_max_m": 7.8, "area_m2": 168.31, "area_sol_m2": 139.66, "eave_offset_m": 0.4, "perimeter_m": 73.23, "vertices": 6, "is_temporary": false, "structure_type": "CONSTRUCTIE_PERMANENTA", "center_x": 390729.18, "center_y": 585648.44, "clasa_forma": "MANHATTAN_LUT", "conf_final": 0.8, "action_code": "VERDE_ACCEPTAT_AUTOMAT" }, "geometry": { "type": "Polygon", "coordinates": [ [ [ 390722.151971589890309, 585662.573613347951323 ], [ 390728.494548527989537, 585636.50064398359973 ], [ 390738.001621550181881, 585638.796530938241631 ], [ 390736.337636389536783, 585645.630242388229817 ], [ 390731.718359063612297, 585644.513219230342656 ], [ 390727.039742993132677, 585663.752470641979016 ], [ 390722.151971589890309, 585662.573613347951323 ] ] ] } },
{ "type": "Feature", "properties": { "id": 102, "ref_id": "CLADIRE_102", "tier": "TIER2_EXTINS", "category": "CLADIRE_CADASTRU_CLEAN", "validare": "PRELIM_EXTINS", "sam2_score": 0.8, "inaltime_med_m": 5.2, "inaltime_max_m": 7.8, "area_m2": 189.3, "area_sol_m2": 164.16, "eave_offset_m": 0.4, "perimeter_m": 64.64, "vertices": 9, "is_temporary": false, "structure_type": "CONSTRUCTIE_PERMANENTA", "center_x": 390760.34, "center_y": 585666.76, "clasa_forma": "MANHATTAN_LUT", "conf_final": 0.8, "action_code": "VERDE_ACCEPTAT_AUTOMAT" }, "geometry": { "type": "Polygon", "coordinates": [ [ [ 390751.750712467648555, 585671.176034734817222 ], [ 390756.804073554347269, 585656.176709476509131 ], [ 390762.179023734584916, 585658.525178881362081 ], [ 390760.205888476164546, 585663.052145589026622 ], [ 390765.348888667300344, 585663.981841371278279 ], [ 390764.892242810106836, 585661.544368501752615 ], [ 390769.877102418860886, 585665.133888432872482 ], [ 390766.538568963413127, 585673.154058046173304 ], [ 390759.798242585733533, 585674.2987917275168 ], [ 390751.750712467648555, 585671.176034734817222 ] ] ] } },
{ "type": "Feature", "properties": { "id": 103, "ref_id": "CLADIRE_103", "tier": "TIER2_EXTINS", "category": "CLADIRE_CADASTRU_CLEAN", "validare": "PRELIM_EXTINS", "sam2_score": 0.8, "inaltime_med_m": 5.2, "inaltime_max_m": 7.8, "area_m2": 212.75, "area_sol_m2": 185.92, "eave_offset_m": 0.4, "perimeter_m": 68.68, "vertices": 4, "is_temporary": false, "structure_type": "CONSTRUCTIE_PERMANENTA", "center_x": 391027.01, "center_y": 585709.07, "clasa_forma": "DREPTUNGHI_OBB", "conf_final": 0.8, "action_code": "VERDE_ACCEPTAT_AUTOMAT" }, "geometry": { "type": "Polygon", "coordinates": [ [ [ 391013.347852336824872, 585707.691371023305692 ], [ 391037.49901924590813, 585717.923898754292168 ], [ 391040.663252721715253, 585710.455538765876554 ], [ 391016.512116442609113, 585700.223005210980773 ], [ 391013.347852336824872, 585707.691371023305692 ] ] ] } },
{ "type": "Feature", "properties": { "id": 104, "ref_id": "CLADIRE_104", "tier": "TIER2_EXTINS", "category": "CLADIRE_CADASTRU_CLEAN", "validare": "PRELIM_EXTINS", "sam2_score": 0.8, "inaltime_med_m": 5.2, "inaltime_max_m": 7.8, "area_m2": 1010.14, "area_sol_m2": 949.18, "eave_offset_m": 0.4, "perimeter_m": 154.0, "vertices": 6, "is_temporary": false, "structure_type": "CONSTRUCTIE_PERMANENTA", "center_x": 390979.2, "center_y": 585813.61, "clasa_forma": "MANHATTAN_LUT", "conf_final": 0.8, "action_code": "VERDE_ACCEPTAT_AUTOMAT" }, "geometry": { "type": "Polygon", "coordinates": [ [ [ 390953.20550586131867, 585812.776821666979231 ], [ 390962.921703086351044, 585791.567987080197781 ], [ 390988.669325699156616, 585804.409976497059688 ], [ 390985.407190967700444, 585811.172424779972062 ], [ 391009.127503520343453, 585823.439677767455578 ], [ 391003.368569760583341, 585834.927445258130319 ], [ 390953.20550586131867, 585812.776821666979231 ] ] ] } },
{ "type": "Feature", "properties": { "id": 105, "ref_id": "CLADIRE_105", "tier": "TIER2_EXTINS", "category": "CLADIRE_CADASTRU_CLEAN", "validare": "PRELIM_EXTINS", "sam2_score": 0.8, "inaltime_med_m": 5.2, "inaltime_max_m": 7.8, "area_m2": 107.8, "area_sol_m2": 88.18, "eave_offset_m": 0.4, "perimeter_m": 50.65, "vertices": 10, "is_temporary": false, "structure_type": "CONSTRUCTIE_PERMANENTA", "center_x": 391179.23, "center_y": 585723.47, "clasa_forma": "MANHATTAN_LUT", "conf_final": 0.8, "action_code": "VERDE_ACCEPTAT_AUTOMAT" }, "geometry": { "type": "Polygon", "coordinates": [ [ [ 391170.356397821800783, 585725.536251598154195 ], [ 391172.007786073372699, 585722.215858105919324 ], [ 391174.921629984746687, 585723.664117245119996 ], [ 391176.610004339599982, 585720.276356545742601 ], [ 391178.228606207063422, 585721.069832655834034 ], [ 391179.865327006089501, 585717.783056801417843 ], [ 391181.376209267007653, 585718.534007766633295 ], [ 391182.681285954604391, 585715.920229054521769 ], [ 391186.712917155993637, 585717.926426236168481 ], [ 391180.431146464950871, 585730.52401454502251 ], [ 391170.356397821800783, 585725.536251598154195 ] ] ] } },
{ "type": "Feature", "properties": { "id": 106, "ref_id": "CLADIRE_106", "tier": "TIER2_EXTINS", "category": "CLADIRE_CADASTRU_CLEAN", "validare": "PRELIM_EXTINS", "sam2_score": 0.8, "inaltime_med_m": 5.2, "inaltime_max_m": 7.8, "area_m2": 232.34, "area_sol_m2": 204.63, "eave_offset_m": 0.4, "perimeter_m": 70.89, "vertices": 10, "is_temporary": false, "structure_type": "CONSTRUCTIE_PERMANENTA", "center_x": 391231.59, "center_y": 585700.11, "clasa_forma": "MANHATTAN_LUT", "conf_final": 0.8, "action_code": "VERDE_ACCEPTAT_AUTOMAT" }, "geometry": { "type": "Polygon", "coordinates": [ [ [ 391227.116466450039297, 585688.994521399494261 ], [ 391241.823233994888142, 585697.934380080550909 ], [ 391235.233070360787679, 585709.959381529712118 ], [ 391230.521408681874163, 585707.098282512626611 ], [ 391227.949506615754217, 585710.635350938071497 ], [ 391223.477502612338867, 585706.235798254143447 ], [ 391227.135121936793439, 585701.900976897217333 ], [ 391224.235608252871316, 585699.551960652810521 ], [ 391226.385817997273989, 585696.77844271925278 ], [ 391223.16972327278927, 585695.09103219746612 ], [ 391227.116466450039297, 585688.994521399494261 ] ] ] } },
{ "type": "Feature", "properties": { "id": 107, "ref_id": "CLADIRE_107", "tier": "TIER2_EXTINS", "category": "CLADIRE_CADASTRU_CLEAN", "validare": "PRELIM_EXTINS", "sam2_score": 0.8, "inaltime_med_m": 5.2, "inaltime_max_m": 7.8, "area_m2": 68.97, "area_sol_m2": 55.13, "eave_offset_m": 0.4, "perimeter_m": 36.19, "vertices": 4, "is_temporary": false, "structure_type": "CONSTRUCTIE_PERMANENTA", "center_x": 391165.35, "center_y": 585717.97, "clasa_forma": "DREPTUNGHI_OBB", "conf_final": 0.8, "action_code": "VERDE_ACCEPTAT_AUTOMAT" }, "geometry": { "type": "Polygon", "coordinates": [ [ [ 391158.468184824043419, 585717.846429204568267 ], [ 391169.97671626706142, 585723.068112498149276 ], [ 391172.231498974957503, 585718.098548148525879 ], [ 391160.722987419634592, 585712.876896534929983 ], [ 391158.468184824043419, 585717.846429204568267 ] ] ] } },
{ "type": "Feature", "properties": { "id": 108, "ref_id": "CLADIRE_108", "tier": "TIER2_EXTINS", "category": "CLADIRE_CADASTRU_CLEAN", "validare": "PRELIM_EXTINS", "sam2_score": 0.8, "inaltime_med_m": 5.2, "inaltime_max_m": 7.8, "area_m2": 160.32, "area_sol_m2": 139.73, "eave_offset_m": 0.4, "perimeter_m": 53.06, "vertices": 4, "is_temporary": false, "structure_type": "CONSTRUCTIE_PERMANENTA", "center_x": 391286.0, "center_y": 585599.25, "clasa_forma": "DREPTUNGHI_OBB", "conf_final": 0.8, "action_code": "VERDE_ACCEPTAT_AUTOMAT" }, "geometry": { "type": "Polygon", "coordinates": [ [ [ 391290.06466406659456, 585590.346467352588661 ], [ 391276.321901118499227, 585600.717686286196113 ], [ 391281.930969248118345, 585608.150171439046971 ], [ 391295.673711966199335, 585597.778930168482475 ], [ 391290.06466406659456, 585590.346467352588661 ] ] ] } },
{ "type": "Feature", "properties": { "id": 109, "ref_id": "CLADIRE_109", "tier": "TIER2_EXTINS", "category": "CLADIRE_CADASTRU_CLEAN", "validare": "PRELIM_EXTINS", "sam2_score": 0.8, "inaltime_med_m": 5.2, "inaltime_max_m": 7.8, "area_m2": 212.35, "area_sol_m2": 189.65, "eave_offset_m": 0.4, "perimeter_m": 58.36, "vertices": 4, "is_temporary": false, "structure_type": "CONSTRUCTIE_PERMANENTA", "center_x": 391338.49, "center_y": 585551.49, "clasa_forma": "DREPTUNGHI_OBB", "conf_final": 0.8, "action_code": "VERDE_ACCEPTAT_AUTOMAT" }, "geometry": { "type": "Polygon", "coordinates": [ [ [ 391338.371136006666347, 585561.818363379687071 ], [ 391348.775616610131692, 585550.587538814404979 ], [ 391338.600596122152638, 585541.161200062953867 ], [ 391328.196142315398902, 585552.392057036631741 ], [ 391338.371136006666347, 585561.818363379687071 ] ] ] } },
{ "type": "Feature", "properties": { "id": 110, "ref_id": "CLADIRE_110", "tier": "TIER2_EXTINS", "category": "CLADIRE_CADASTRU_CLEAN", "validare": "PRELIM_EXTINS", "sam2_score": 0.8, "inaltime_med_m": 5.2, "inaltime_max_m": 7.8, "area_m2": 110.03, "area_sol_m2": 93.03, "eave_offset_m": 0.4, "perimeter_m": 44.1, "vertices": 4, "is_temporary": false, "structure_type": "CONSTRUCTIE_PERMANENTA", "center_x": 391176.15, "center_y": 585699.33, "clasa_forma": "DREPTUNGHI_OBB", "conf_final": 0.8, "action_code": "VERDE_ACCEPTAT_AUTOMAT" }, "geometry": { "type": "Polygon", "coordinates": [ [ [ 391167.989762730780058, 585699.354000492137857 ], [ 391180.754103534156457, 585706.060872158850543 ], [ 391184.303364588413388, 585699.305964126018807 ], [ 391171.539023785153404, 585692.599092459538952 ], [ 391167.989762730780058, 585699.354000492137857 ] ] ] } },
{ "type": "Feature", "properties": { "id": 111, "ref_id": "CLADIRE_111", "tier": "TIER2_EXTINS", "category": "CLADIRE_CADASTRU_CLEAN", "validare": "PRELIM_EXTINS", "sam2_score": 0.8, "inaltime_med_m": 5.2, "inaltime_max_m": 7.8, "area_m2": 116.44, "area_sol_m2": 98.66, "eave_offset_m": 0.4, "perimeter_m": 46.07, "vertices": 4, "is_temporary": false, "structure_type": "CONSTRUCTIE_PERMANENTA", "center_x": 391161.88, "center_y": 585735.09, "clasa_forma": "DREPTUNGHI_OBB", "conf_final": 0.8, "action_code": "VERDE_ACCEPTAT_AUTOMAT" }, "geometry": { "type": "Polygon", "coordinates": [ [ [ 391153.292549288831651, 585735.860299221938476 ], [ 391167.83482498099329, 585741.339425978134386 ], [ 391170.476696282625198, 585734.327601845492609 ], [ 391155.934387776011135, 585728.848482719738968 ], [ 391153.292549288831651, 585735.860299221938476 ] ] ] } },
{ "type": "Feature", "properties": { "id": 112, "ref_id": "CLADIRE_112", "tier": "TIER2_EXTINS", "category": "CLADIRE_CADASTRU_CLEAN", "validare": "PRELIM_EXTINS", "sam2_score": 0.8, "inaltime_med_m": 5.2, "inaltime_max_m": 7.8, "area_m2": 282.31, "area_sol_m2": 251.84, "eave_offset_m": 0.4, "perimeter_m": 77.79, "vertices": 4, "is_temporary": false, "structure_type": "CONSTRUCTIE_PERMANENTA", "center_x": 391355.45, "center_y": 585471.17, "clasa_forma": "DREPTUNGHI_OBB", "conf_final": 0.8, "action_code": "VERDE_ACCEPTAT_AUTOMAT" }, "geometry": { "type": "Polygon", "coordinates": [ [ [ 391370.400424247956835, 585474.836572299944237 ], [ 391345.620721278071869, 585459.320039933547378 ], [ 391340.496092341549229, 585467.503958117915317 ], [ 391365.275834459753241, 585483.020521434722468 ], [ 391370.400424247956835, 585474.836572299944237 ] ] ] } },
{ "type": "Feature", "properties": { "id": 113, "ref_id": "CLADIRE_113", "tier": "TIER2_EXTINS", "category": "CLADIRE_CADASTRU_CLEAN", "validare": "PRELIM_EXTINS", "sam2_score": 0.8, "inaltime_med_m": 5.2, "inaltime_max_m": 7.8, "area_m2": 307.84, "area_sol_m2": 274.31, "eave_offset_m": 0.4, "perimeter_m": 85.43, "vertices": 4, "is_temporary": false, "structure_type": "CONSTRUCTIE_PERMANENTA", "center_x": 391310.69, "center_y": 585508.17, "clasa_forma": "DREPTUNGHI_OBB", "conf_final": 0.8, "action_code": "VERDE_ACCEPTAT_AUTOMAT" }, "geometry": { "type": "Polygon", "coordinates": [ [ [ 391326.945579085848294, 585514.327894347021356 ], [ 391299.833359598997049, 585494.586349211633205 ], [ 391294.430419242300559, 585502.006531689199619 ], [ 391321.542624478403013, 585521.748076251358725 ], [ 391326.945579085848294, 585514.327894347021356 ] ] ] } },
{ "type": "Feature", "properties": { "id": 114, "ref_id": "CLADIRE_114", "tier": "TIER2_EXTINS", "category": "CLADIRE_CADASTRU_CLEAN", "validare": "PRELIM_EXTINS", "sam2_score": 0.8, "inaltime_med_m": 5.2, "inaltime_max_m": 7.8, "area_m2": 110.45, "area_sol_m2": 91.52, "eave_offset_m": 0.4, "perimeter_m": 48.92, "vertices": 4, "is_temporary": false, "structure_type": "CONSTRUCTIE_PERMANENTA", "center_x": 391236.57, "center_y": 585645.37, "clasa_forma": "DREPTUNGHI_OBB", "conf_final": 0.8, "action_code": "VERDE_ACCEPTAT_AUTOMAT" }, "geometry": { "type": "Polygon", "coordinates": [ [ [ 391240.609308843675535, 585636.542113207397051 ], [ 391228.120464370353147, 585650.167122622486204 ], [ 391232.525738762691617, 585654.205052368110046 ], [ 391245.014606518554501, 585640.580074790748768 ], [ 391240.609308843675535, 585636.542113207397051 ] ] ] } },
{ "type": "Feature", "properties": { "id": 115, "ref_id": "CLADIRE_115", "tier": "TIER2_EXTINS", "category": "CLADIRE_CADASTRU_CLEAN", "validare": "PRELIM_EXTINS", "sam2_score": 0.8, "inaltime_med_m": 5.2, "inaltime_max_m": 7.8, "area_m2": 88.45, "area_sol_m2": 73.43, "eave_offset_m": 0.4, "perimeter_m": 39.13, "vertices": 4, "is_temporary": false, "structure_type": "CONSTRUCTIE_PERMANENTA", "center_x": 391339.45, "center_y": 585489.15, "clasa_forma": "DREPTUNGHI_OBB", "conf_final": 0.8, "action_code": "VERDE_ACCEPTAT_AUTOMAT" }, "geometry": { "type": "Polygon", "coordinates": [ [ [ 391346.608674334536772, 585489.61671917384956 ], [ 391336.189726768585388, 585482.753610008396208 ], [ 391332.290005514514633, 585488.673819199786521 ], [ 391342.708937320101541, 585495.536928471177816 ], [ 391346.608674334536772, 585489.61671917384956 ] ] ] } },
{ "type": "Feature", "properties": { "id": 116, "ref_id": "CLADIRE_116", "tier": "TIER2_EXTINS", "category": "CLADIRE_CADASTRU_CLEAN", "validare": "PRELIM_EXTINS", "sam2_score": 0.8, "inaltime_med_m": 5.2, "inaltime_max_m": 7.8, "area_m2": 138.59, "area_sol_m2": 119.69, "eave_offset_m": 0.4, "perimeter_m": 48.85, "vertices": 4, "is_temporary": false, "structure_type": "CONSTRUCTIE_PERMANENTA", "center_x": 391340.23, "center_y": 585476.36, "clasa_forma": "DREPTUNGHI_OBB", "conf_final": 0.8, "action_code": "VERDE_ACCEPTAT_AUTOMAT" }, "geometry": { "type": "Polygon", "coordinates": [ [ [ 391349.158438601414673, 585476.775219959323294 ], [ 391336.151585063547827, 585468.412697407300584 ], [ 391331.304652851191349, 585475.951532227452844 ], [ 391344.311484688078053, 585484.314023301703855 ], [ 391349.158438601414673, 585476.775219959323294 ] ] ] } },
{ "type": "Feature", "properties": { "id": 117, "ref_id": "CLADIRE_117", "tier": "TIER2_EXTINS", "category": "CLADIRE_CADASTRU_CLEAN", "validare": "PRELIM_EXTINS", "sam2_score": 0.8, "inaltime_med_m": 5.2, "inaltime_max_m": 7.8, "area_m2": 586.74, "area_sol_m2": 536.77, "eave_offset_m": 0.4, "perimeter_m": 126.52, "vertices": 6, "is_temporary": false, "structure_type": "CONSTRUCTIE_PERMANENTA", "center_x": 391133.6, "center_y": 585510.21, "clasa_forma": "MANHATTAN_LUT", "conf_final": 0.8, "action_code": "VERDE_ACCEPTAT_AUTOMAT" }, "geometry": { "type": "Polygon", "coordinates": [ [ [ 391115.627778661786579, 585507.029845667188056 ], [ 391132.235908120812383, 585486.653083459241316 ], [ 391138.26773026783485, 585491.535823851125315 ], [ 391129.933700482419226, 585501.758081794017926 ], [ 391152.634580405778252, 585520.147506792796776 ], [ 391144.352826953982003, 585530.302101710345596 ], [ 391115.627778661786579, 585507.029845667188056 ] ] ] } },
{ "type": "Feature", "properties": { "id": 118, "ref_id": "CLADIRE_118", "tier": "TIER2_EXTINS", "category": "CLADIRE_CADASTRU_CLEAN", "validare": "PRELIM_EXTINS", "sam2_score": 0.8, "inaltime_med_m": 5.2, "inaltime_max_m": 7.8, "area_m2": 161.59, "area_sol_m2": 138.34, "eave_offset_m": 0.4, "perimeter_m": 59.71, "vertices": 4, "is_temporary": false, "structure_type": "CONSTRUCTIE_PERMANENTA", "center_x": 391255.67, "center_y": 585676.51, "clasa_forma": "DREPTUNGHI_OBB", "conf_final": 0.8, "action_code": "VERDE_ACCEPTAT_AUTOMAT" }, "geometry": { "type": "Polygon", "coordinates": [ [ [ 391260.432615678524598, 585665.583057217299938 ], [ 391245.538082282873802, 585682.781737420940772 ], [ 391250.906766314408742, 585687.431170409079641 ], [ 391265.801326307817362, 585670.232522396021523 ], [ 391260.432615678524598, 585665.583057217299938 ] ] ] } },
{ "type": "Feature", "properties": { "id": 119, "ref_id": "CLADIRE_119", "tier": "TIER2_EXTINS", "category": "CLADIRE_CADASTRU_CLEAN", "validare": "PRELIM_EXTINS", "sam2_score": 0.8, "inaltime_med_m": 5.2, "inaltime_max_m": 7.8, "area_m2": 124.8, "area_sol_m2": 107.55, "eave_offset_m": 0.4, "perimeter_m": 44.73, "vertices": 4, "is_temporary": false, "structure_type": "CONSTRUCTIE_PERMANENTA", "center_x": 391215.11, "center_y": 585619.2, "clasa_forma": "DREPTUNGHI_OBB", "conf_final": 0.8, "action_code": "VERDE_ACCEPTAT_AUTOMAT" }, "geometry": { "type": "Polygon", "coordinates": [ [ [ 391222.741586847230792, 585621.304366460535675 ], [ 391216.505908881139476, 585611.409877915866673 ], [ 391207.478207649488468, 585617.099289454054087 ], [ 391213.713886566634756, 585626.993780782446265 ], [ 391222.741586847230792, 585621.304366460535675 ] ] ] } },
{ "type": "Feature", "properties": { "id": 120, "ref_id": "CLADIRE_120", "tier": "TIER2_EXTINS", "category": "CLADIRE_CADASTRU_CLEAN", "validare": "PRELIM_EXTINS", "sam2_score": 0.8, "inaltime_med_m": 5.2, "inaltime_max_m": 7.8, "area_m2": 88.88, "area_sol_m2": 71.98, "eave_offset_m": 0.4, "perimeter_m": 43.84, "vertices": 4, "is_temporary": false, "structure_type": "CONSTRUCTIE_PERMANENTA", "center_x": 391230.13, "center_y": 585662.7, "clasa_forma": "DREPTUNGHI_OBB", "conf_final": 0.8, "action_code": "VERDE_ACCEPTAT_AUTOMAT" }, "geometry": { "type": "Polygon", "coordinates": [ [ [ 391233.955907070660032, 585654.884775556391105 ], [ 391222.445623122970574, 585666.778064414393157 ], [ 391226.304298400355037, 585670.512485504848883 ], [ 391237.814604974293616, 585658.619214597390965 ], [ 391233.955907070660032, 585654.884775556391105 ] ] ] } },
{ "type": "Feature", "properties": { "id": 121, "ref_id": "CLADIRE_121", "tier": "TIER2_EXTINS", "category": "CLADIRE_CADASTRU_CLEAN", "validare": "PRELIM_EXTINS", "sam2_score": 0.8, "inaltime_med_m": 5.2, "inaltime_max_m": 7.8, "area_m2": 309.05, "area_sol_m2": 280.61, "eave_offset_m": 0.4, "perimeter_m": 72.71, "vertices": 4, "is_temporary": false, "structure_type": "CONSTRUCTIE_PERMANENTA", "center_x": 391243.89, "center_y": 585668.87, "clasa_forma": "DREPTUNGHI_OBB", "conf_final": 0.8, "action_code": "VERDE_ACCEPTAT_AUTOMAT" }, "geometry": { "type": "Polygon", "coordinates": [ [ [ 391242.095096904726233, 585682.0123842098983 ], [ 391256.295391285093501, 585664.167142519610934 ], [ 391245.691372449509799, 585655.729046844760887 ], [ 391231.491105742228683, 585673.574290842632763 ], [ 391242.095096904726233, 585682.0123842098983 ] ] ] } },
{ "type": "Feature", "properties": { "id": 122, "ref_id": "CLADIRE_122", "tier": "TIER2_EXTINS", "category": "CLADIRE_CADASTRU_CLEAN", "validare": "PRELIM_EXTINS", "sam2_score": 0.8, "inaltime_med_m": 5.2, "inaltime_max_m": 7.8, "area_m2": 114.14, "area_sol_m2": 97.63, "eave_offset_m": 0.4, "perimeter_m": 42.85, "vertices": 4, "is_temporary": false, "structure_type": "CONSTRUCTIE_PERMANENTA", "center_x": 391196.48, "center_y": 585629.56, "clasa_forma": "DREPTUNGHI_OBB", "conf_final": 0.8, "action_code": "VERDE_ACCEPTAT_AUTOMAT" }, "geometry": { "type": "Polygon", "coordinates": [ [ [ 391204.02880766580347, 585630.446222604019567 ], [ 391196.237936102959793, 585621.966655089403503 ], [ 391188.939138507470489, 585628.672676237067208 ], [ 391196.730000920128077, 585637.152222389937378 ], [ 391204.02880766580347, 585630.446222604019567 ] ] ] } },
{ "type": "Feature", "properties": { "id": 123, "ref_id": "CLADIRE_123", "tier": "TIER2_EXTINS", "category": "CLADIRE_CADASTRU_CLEAN", "validare": "PRELIM_EXTINS", "sam2_score": 0.8, "inaltime_med_m": 5.2, "inaltime_max_m": 7.8, "area_m2": 47.47, "area_sol_m2": 36.67, "eave_offset_m": 0.4, "perimeter_m": 28.61, "vertices": 4, "is_temporary": false, "structure_type": "CONSTRUCTIE_PERMANENTA", "center_x": 391230.2, "center_y": 585636.67, "clasa_forma": "DREPTUNGHI_OBB", "conf_final": 0.8, "action_code": "VERDE_ACCEPTAT_AUTOMAT" }, "geometry": { "type": "Polygon", "coordinates": [ [ [ 391228.499539125012234, 585641.625711738481186 ], [ 391235.338300213916227, 585635.662842729827389 ], [ 391231.899981075490359, 585631.719455598271452 ], [ 391225.061207252962049, 585637.682317030383274 ], [ 391228.499539125012234, 585641.625711738481186 ] ] ] } },
{ "type": "Feature", "properties": { "id": 124, "ref_id": "CLADIRE_124", "tier": "TIER2_EXTINS", "category": "CLADIRE_CADASTRU_CLEAN", "validare": "PRELIM_EXTINS", "sam2_score": 0.8, "inaltime_med_m": 5.2, "inaltime_max_m": 7.8, "area_m2": 504.8, "area_sol_m2": 464.18, "eave_offset_m": 0.4, "perimeter_m": 103.17, "vertices": 4, "is_temporary": false, "structure_type": "CONSTRUCTIE_PERMANENTA", "center_x": 391204.21, "center_y": 585552.64, "clasa_forma": "DREPTUNGHI_OBB", "conf_final": 0.8, "action_code": "VERDE_ACCEPTAT_AUTOMAT" }, "geometry": { "type": "Polygon", "coordinates": [ [ [ 391223.715210831782315, 585558.320372659945861 ], [ 391192.245032355363946, 585536.219181705382653 ], [ 391184.70070839964319, 585546.961603251635097 ], [ 391216.170919475553092, 585569.062825963017531 ], [ 391223.715210831782315, 585558.320372659945861 ] ] ] } },
{ "type": "Feature", "properties": { "id": 125, "ref_id": "CLADIRE_125", "tier": "TIER2_EXTINS", "category": "CLADIRE_CADASTRU_CLEAN", "validare": "PRELIM_EXTINS", "sam2_score": 0.8, "inaltime_med_m": 5.2, "inaltime_max_m": 7.8, "area_m2": 135.34, "area_sol_m2": 117.34, "eave_offset_m": 0.4, "perimeter_m": 46.6, "vertices": 4, "is_temporary": false, "structure_type": "CONSTRUCTIE_PERMANENTA", "center_x": 391171.73, "center_y": 585646.32, "clasa_forma": "DREPTUNGHI_OBB", "conf_final": 0.8, "action_code": "VERDE_ACCEPTAT_AUTOMAT" }, "geometry": { "type": "Polygon", "coordinates": [ [ [ 391163.566655437578447, 585645.127380241989158 ], [ 391171.380766413116362, 585654.560667602112517 ], [ 391179.889651807548944, 585647.512296385131776 ], [ 391172.075535595009569, 585638.079001081758179 ], [ 391163.566655437578447, 585645.127380241989158 ] ] ] } },
{ "type": "Feature", "properties": { "id": 126, "ref_id": "CLADIRE_126", "tier": "TIER2_EXTINS", "category": "CLADIRE_CADASTRU_CLEAN", "validare": "PRELIM_EXTINS", "sam2_score": 0.8, "inaltime_med_m": 5.2, "inaltime_max_m": 7.8, "area_m2": 81.24, "area_sol_m2": 65.93, "eave_offset_m": 0.4, "perimeter_m": 39.89, "vertices": 4, "is_temporary": false, "structure_type": "CONSTRUCTIE_PERMANENTA", "center_x": 391316.22, "center_y": 585571.58, "clasa_forma": "DREPTUNGHI_OBB", "conf_final": 0.8, "action_code": "VERDE_ACCEPTAT_AUTOMAT" }, "geometry": { "type": "Polygon", "coordinates": [ [ [ 391323.453451361740008, 585574.122141904663295 ], [ 391312.74391205055872, 585564.742408382357098 ], [ 391308.98396900924854, 585569.035393457743339 ], [ 391319.693532019620761, 585578.415144451195374 ], [ 391323.453451361740008, 585574.122141904663295 ] ] ] } },
{ "type": "Feature", "properties": { "id": 127, "ref_id": "CLADIRE_127", "tier": "TIER2_EXTINS", "category": "CLADIRE_CADASTRU_CLEAN", "validare": "PRELIM_EXTINS", "sam2_score": 0.8, "inaltime_med_m": 5.2, "inaltime_max_m": 7.8, "area_m2": 123.36, "area_sol_m2": 105.62, "eave_offset_m": 0.4, "perimeter_m": 45.97, "vertices": 4, "is_temporary": false, "structure_type": "CONSTRUCTIE_PERMANENTA", "center_x": 391324.79, "center_y": 585561.72, "clasa_forma": "DREPTUNGHI_OBB", "conf_final": 0.8, "action_code": "VERDE_ACCEPTAT_AUTOMAT" }, "geometry": { "type": "Polygon", "coordinates": [ [ [ 391332.83055994741153, 585564.114833945524879 ], [ 391323.009072485147044, 585553.519182831631042 ], [ 391316.74677107471507, 585559.323932879720815 ], [ 391326.568258276907727, 585569.91958508361131 ], [ 391332.83055994741153, 585564.114833945524879 ] ] ] } },
{ "type": "Feature", "properties": { "id": 128, "ref_id": "CLADIRE_128", "tier": "TIER2_EXTINS", "category": "CLADIRE_CADASTRU_CLEAN", "validare": "PRELIM_EXTINS", "sam2_score": 0.8, "inaltime_med_m": 5.2, "inaltime_max_m": 7.8, "area_m2": 113.37, "area_sol_m2": 93.12, "eave_offset_m": 0.4, "perimeter_m": 52.22, "vertices": 4, "is_temporary": false, "structure_type": "CONSTRUCTIE_PERMANENTA", "center_x": 391279.27, "center_y": 585694.53, "clasa_forma": "DREPTUNGHI_OBB", "conf_final": 0.8, "action_code": "VERDE_ACCEPTAT_AUTOMAT" }, "geometry": { "type": "Polygon", "coordinates": [ [ [ 391284.04855716554448, 585684.990132622304372 ], [ 391270.378582423552871, 585700.410437137121335 ], [ 391274.495384287438355, 585704.059943731757812 ], [ 391288.16533940716181, 585688.63962222088594 ], [ 391284.04855716554448, 585684.990132622304372 ] ] ] } },
{ "type": "Feature", "properties": { "id": 129, "ref_id": "CLADIRE_129", "tier": "TIER2_EXTINS", "category": "CLADIRE_CADASTRU_CLEAN", "validare": "PRELIM_EXTINS", "sam2_score": 0.8, "inaltime_med_m": 5.2, "inaltime_max_m": 7.8, "area_m2": 177.36, "area_sol_m2": 152.94, "eave_offset_m": 0.4, "perimeter_m": 62.64, "vertices": 4, "is_temporary": false, "structure_type": "CONSTRUCTIE_PERMANENTA", "center_x": 391209.73, "center_y": 585696.62, "clasa_forma": "DREPTUNGHI_OBB", "conf_final": 0.8, "action_code": "VERDE_ACCEPTAT_AUTOMAT" }, "geometry": { "type": "Polygon", "coordinates": [ [ [ 391213.711080059874803, 585684.754182436387055 ], [ 391199.734274606336839, 585704.140141318668611 ], [ 391205.754057938989718, 585708.480248705134727 ], [ 391219.730819356103893, 585689.094257506891154 ], [ 391213.711080059874803, 585684.754182436387055 ] ] ] } },
{ "type": "Feature", "properties": { "id": 130, "ref_id": "CLADIRE_130", "tier": "TIER2_EXTINS", "category": "CLADIRE_CADASTRU_CLEAN", "validare": "PRELIM_EXTINS", "sam2_score": 0.8, "inaltime_med_m": 5.2, "inaltime_max_m": 7.8, "area_m2": 216.39, "area_sol_m2": 192.09, "eave_offset_m": 0.4, "perimeter_m": 62.35, "vertices": 4, "is_temporary": false, "structure_type": "CONSTRUCTIE_PERMANENTA", "center_x": 391305.7, "center_y": 585584.35, "clasa_forma": "DREPTUNGHI_OBB", "conf_final": 0.8, "action_code": "VERDE_ACCEPTAT_AUTOMAT" }, "geometry": { "type": "Polygon", "coordinates": [ [ [ 391310.269209105521441, 585573.683292241767049 ], [ 391294.403149275458418, 585587.04059766093269 ], [ 391301.122506544925272, 585595.021967549691908 ], [ 391316.988553291768767, 585581.664655226515606 ], [ 391310.269209105521441, 585573.683292241767049 ] ] ] } },
{ "type": "Feature", "properties": { "id": 131, "ref_id": "CLADIRE_131", "tier": "TIER2_EXTINS", "category": "CLADIRE_CADASTRU_CLEAN", "validare": "PRELIM_EXTINS", "sam2_score": 0.8, "inaltime_med_m": 5.2, "inaltime_max_m": 7.8, "area_m2": 140.29, "area_sol_m2": 120.67, "eave_offset_m": 0.4, "perimeter_m": 50.63, "vertices": 4, "is_temporary": false, "structure_type": "CONSTRUCTIE_PERMANENTA", "center_x": 391295.43, "center_y": 585612.47, "clasa_forma": "DREPTUNGHI_OBB", "conf_final": 0.8, "action_code": "VERDE_ACCEPTAT_AUTOMAT" }, "geometry": { "type": "Polygon", "coordinates": [ [ [ 391291.579775566526223, 585621.143849379965104 ], [ 391304.595782984804828, 585610.02479528170079 ], [ 391299.27299242670415, 585603.793918223120272 ], [ 391286.256989893561695, 585614.912981526576914 ], [ 391291.579775566526223, 585621.143849379965104 ] ] ] } },
{ "type": "Feature", "properties": { "id": 132, "ref_id": "CLADIRE_132", "tier": "TIER2_EXTINS", "category": "CLADIRE_CADASTRU_CLEAN", "validare": "PRELIM_EXTINS", "sam2_score": 0.8, "inaltime_med_m": 5.2, "inaltime_max_m": 7.8, "area_m2": 133.42, "area_sol_m2": 114.22, "eave_offset_m": 0.4, "perimeter_m": 49.61, "vertices": 4, "is_temporary": false, "structure_type": "CONSTRUCTIE_PERMANENTA", "center_x": 391241.23, "center_y": 585707.23, "clasa_forma": "DREPTUNGHI_OBB", "conf_final": 0.8, "action_code": "VERDE_ACCEPTAT_AUTOMAT" }, "geometry": { "type": "Polygon", "coordinates": [ [ [ 391241.834483646729495, 585697.913832881371491 ], [ 391233.709699567058124, 585712.75495285121724 ], [ 391240.626605032884981, 585716.541617570328526 ], [ 391248.751386861607898, 585701.700497799087316 ], [ 391241.834483646729495, 585697.913832881371491 ] ] ] } },
{ "type": "Feature", "properties": { "id": 133, "ref_id": "CLADIRE_133", "tier": "TIER2_EXTINS", "category": "CLADIRE_CADASTRU_CLEAN", "validare": "PRELIM_EXTINS", "sam2_score": 0.8, "inaltime_med_m": 5.2, "inaltime_max_m": 7.8, "area_m2": 156.43, "area_sol_m2": 132.79, "eave_offset_m": 0.4, "perimeter_m": 60.71, "vertices": 4, "is_temporary": false, "structure_type": "CONSTRUCTIE_PERMANENTA", "center_x": 391176.96, "center_y": 585707.79, "clasa_forma": "DREPTUNGHI_OBB", "conf_final": 0.8, "action_code": "VERDE_ACCEPTAT_AUTOMAT" }, "geometry": { "type": "Polygon", "coordinates": [ [ [ 391189.0143132036319, 585710.403225671732798 ], [ 391167.96991960221203, 585699.343579905340448 ], [ 391164.908900187117979, 585705.168133235536516 ], [ 391185.953269204241224, 585716.227781591936946 ], [ 391189.0143132036319, 585710.403225671732798 ] ] ] } },
{ "type": "Feature", "properties": { "id": 134, "ref_id": "CLADIRE_134", "tier": "TIER2_EXTINS", "category": "CLADIRE_CADASTRU_CLEAN", "validare": "PRELIM_EXTINS", "sam2_score": 0.8, "inaltime_med_m": 5.2, "inaltime_max_m": 7.8, "area_m2": 102.1, "area_sol_m2": 82.65, "eave_offset_m": 0.4, "perimeter_m": 50.22, "vertices": 6, "is_temporary": false, "structure_type": "CONSTRUCTIE_PERMANENTA", "center_x": 391322.1, "center_y": 585630.98, "clasa_forma": "MANHATTAN_LUT", "conf_final": 0.8, "action_code": "VERDE_ACCEPTAT_AUTOMAT" }, "geometry": { "type": "Polygon", "coordinates": [ [ [ 391315.147660180809908, 585628.355654472485185 ], [ 391322.790522955940105, 585622.170432243263349 ], [ 391326.095063589746132, 585626.224214671645314 ], [ 391322.375332189258188, 585629.23717289546039 ], [ 391328.726575127860997, 585637.026988939382136 ], [ 391324.811084933229722, 585640.199107313877903 ], [ 391315.147660180809908, 585628.355654472485185 ] ] ] } },
{ "type": "Feature", "properties": { "id": 135, "ref_id": "CLADIRE_135", "tier": "TIER2_EXTINS", "category": "CLADIRE_CADASTRU_CLEAN", "validare": "PRELIM_EXTINS", "sam2_score": 0.8, "inaltime_med_m": 5.2, "inaltime_max_m": 7.8, "area_m2": 129.0, "area_sol_m2": 107.64, "eave_offset_m": 0.4, "perimeter_m": 55.01, "vertices": 6, "is_temporary": false, "structure_type": "CONSTRUCTIE_PERMANENTA", "center_x": 391250.82, "center_y": 585711.2, "clasa_forma": "MANHATTAN_LUT", "conf_final": 0.8, "action_code": "VERDE_ACCEPTAT_AUTOMAT" }, "geometry": { "type": "Polygon", "coordinates": [ [ [ 391251.190351559431292, 585702.657085412647575 ], [ 391259.882302192680072, 585708.492546190856956 ], [ 391257.353285297285765, 585713.562969654565677 ], [ 391253.144651772861835, 585711.059651400893927 ], [ 391247.498442059499212, 585720.355096102459356 ], [ 391242.323766889108811, 585717.235522695700638 ], [ 391251.190351559431292, 585702.657085412647575 ] ] ] } },
{ "type": "Feature", "properties": { "id": 136, "ref_id": "CLADIRE_136", "tier": "TIER2_EXTINS", "category": "CLADIRE_CADASTRU_CLEAN", "validare": "PRELIM_EXTINS", "sam2_score": 0.8, "inaltime_med_m": 5.2, "inaltime_max_m": 7.8, "area_m2": 87.71, "area_sol_m2": 68.91, "eave_offset_m": 0.4, "perimeter_m": 48.6, "vertices": 6, "is_temporary": false, "structure_type": "CONSTRUCTIE_PERMANENTA", "center_x": 391162.82, "center_y": 585759.4, "clasa_forma": "MANHATTAN_LUT", "conf_final": 0.8, "action_code": "VERDE_ACCEPTAT_AUTOMAT" }, "geometry": { "type": "Polygon", "coordinates": [ [ [ 391154.344322308083065, 585761.143548929365352 ], [ 391166.062624918762594, 585765.34569811145775 ], [ 391169.050934433354996, 585753.552305408054963 ], [ 391164.804837548581418, 585752.36152550461702 ], [ 391162.62931084993761, 585759.660128583782353 ], [ 391155.234041328541934, 585757.103164300555363 ], [ 391154.344322308083065, 585761.143548929365352 ] ] ] } },
{ "type": "Feature", "properties": { "id": 137, "ref_id": "CLADIRE_137", "tier": "TIER2_EXTINS", "category": "CLADIRE_CADASTRU_CLEAN", "validare": "PRELIM_EXTINS", "sam2_score": 0.8, "inaltime_med_m": 5.2, "inaltime_max_m": 7.8, "area_m2": 159.58, "area_sol_m2": 139.17, "eave_offset_m": 0.4, "perimeter_m": 52.63, "vertices": 4, "is_temporary": false, "structure_type": "CONSTRUCTIE_PERMANENTA", "center_x": 391293.82, "center_y": 585547.53, "clasa_forma": "DREPTUNGHI_OBB", "conf_final": 0.8, "action_code": "VERDE_ACCEPTAT_AUTOMAT" }, "geometry": { "type": "Polygon", "coordinates": [ [ [ 391284.302659218665212, 585545.84518660325557 ], [ 391297.309777201036923, 585556.532150547718629 ], [ 391303.327523442741949, 585549.207939190673642 ], [ 391290.320416863716673, 585538.520991078345105 ], [ 391284.302659218665212, 585545.84518660325557 ] ] ] } },
{ "type": "Feature", "properties": { "id": 138, "ref_id": "CLADIRE_138", "tier": "TIER2_EXTINS", "category": "CLADIRE_CADASTRU_CLEAN", "validare": "PRELIM_EXTINS", "sam2_score": 0.8, "inaltime_med_m": 5.2, "inaltime_max_m": 7.8, "area_m2": 178.57, "area_sol_m2": 157.66, "eave_offset_m": 0.4, "perimeter_m": 53.87, "vertices": 4, "is_temporary": false, "structure_type": "CONSTRUCTIE_PERMANENTA", "center_x": 391271.78, "center_y": 585573.32, "clasa_forma": "DREPTUNGHI_OBB", "conf_final": 0.8, "action_code": "VERDE_ACCEPTAT_AUTOMAT" }, "geometry": { "type": "Polygon", "coordinates": [ [ [ 391262.371491386555135, 585571.431204857071862 ], [ 391272.249810480687302, 585582.908913281047717 ], [ 391281.187478867010213, 585575.21669712732546 ], [ 391271.309155929542612, 585563.738975732587278 ], [ 391262.371491386555135, 585571.431204857071862 ] ] ] } },
{ "type": "Feature", "properties": { "id": 139, "ref_id": "CLADIRE_139", "tier": "TIER2_EXTINS", "category": "CLADIRE_CADASTRU_CLEAN", "validare": "PRELIM_EXTINS", "sam2_score": 0.8, "inaltime_med_m": 5.2, "inaltime_max_m": 7.8, "area_m2": 149.9, "area_sol_m2": 126.91, "eave_offset_m": 0.4, "perimeter_m": 59.06, "vertices": 6, "is_temporary": false, "structure_type": "CONSTRUCTIE_PERMANENTA", "center_x": 391257.09, "center_y": 585719.2, "clasa_forma": "MANHATTAN_LUT", "conf_final": 0.8, "action_code": "VERDE_ACCEPTAT_AUTOMAT" }, "geometry": { "type": "Polygon", "coordinates": [ [ [ 391256.634543861960992, 585728.795035891816951 ], [ 391247.900914165191352, 585724.461120729101822 ], [ 391251.159756903827656, 585717.92122298956383 ], [ 391254.389504005259369, 585719.519466354744509 ], [ 391259.882302192680072, 585708.492546190856956 ], [ 391265.655697208072525, 585711.345659797312692 ], [ 391256.634543861960992, 585728.795035891816951 ] ] ] } },
{ "type": "Feature", "properties": { "id": 140, "ref_id": "CLADIRE_140", "tier": "TIER2_EXTINS", "category": "CLADIRE_CADASTRU_CLEAN", "validare": "PRELIM_EXTINS", "sam2_score": 0.8, "inaltime_med_m": 5.2, "inaltime_max_m": 7.8, "area_m2": 185.83, "area_sol_m2": 160.64, "eave_offset_m": 0.4, "perimeter_m": 64.56, "vertices": 8, "is_temporary": false, "structure_type": "CONSTRUCTIE_PERMANENTA", "center_x": 391214.07, "center_y": 585648.11, "clasa_forma": "MANHATTAN_LUT", "conf_final": 0.8, "action_code": "VERDE_ACCEPTAT_AUTOMAT" }, "geometry": { "type": "Polygon", "coordinates": [ [ [ 391202.912105867057107, 585654.534568100119941 ], [ 391216.076505682547577, 585638.077676868648268 ], [ 391224.842667621152941, 585645.056799037731253 ], [ 391219.045029057073407, 585652.309476163587533 ], [ 391216.30887276888825, 585650.124274001223966 ], [ 391211.67660220246762, 585655.910753162112087 ], [ 391210.056812609371264, 585654.628143037785776 ], [ 391207.329953269101679, 585658.045725499629043 ], [ 391202.912105867057107, 585654.534568100119941 ] ] ] } },
{ "type": "Feature", "properties": { "id": 141, "ref_id": "CLADIRE_141", "tier": "TIER2_EXTINS", "category": "CLADIRE_CADASTRU_CLEAN", "validare": "PRELIM_EXTINS", "sam2_score": 0.8, "inaltime_med_m": 5.2, "inaltime_max_m": 7.8, "area_m2": 102.18, "area_sol_m2": 84.59, "eave_offset_m": 0.4, "perimeter_m": 45.58, "vertices": 8, "is_temporary": false, "structure_type": "CONSTRUCTIE_PERMANENTA", "center_x": 391355.15, "center_y": 585525.23, "clasa_forma": "MANHATTAN_LUT", "conf_final": 0.8, "action_code": "VERDE_ACCEPTAT_AUTOMAT" }, "geometry": { "type": "Polygon", "coordinates": [ [ [ 391347.869204398768488, 585524.845878647407517 ], [ 391355.110133046458941, 585517.967569599044509 ], [ 391360.949695363058709, 585524.065734647563659 ], [ 391358.974291922233533, 585525.946698373416439 ], [ 391361.987516081077047, 585529.094152932637371 ], [ 391359.441081738565117, 585531.507889537955634 ], [ 391356.895093909231946, 585528.852290133130737 ], [ 391354.17600444535492, 585531.435890516033396 ], [ 391347.869204398768488, 585524.845878647407517 ] ] ] } },
{ "type": "Feature", "properties": { "id": 142, "ref_id": "CLADIRE_142", "tier": "TIER2_EXTINS", "category": "CLADIRE_CADASTRU_CLEAN", "validare": "PRELIM_EXTINS", "sam2_score": 0.8, "inaltime_med_m": 5.2, "inaltime_max_m": 7.8, "area_m2": 106.39, "area_sol_m2": 87.67, "eave_offset_m": 0.4, "perimeter_m": 48.4, "vertices": 8, "is_temporary": false, "structure_type": "CONSTRUCTIE_PERMANENTA", "center_x": 391308.52, "center_y": 585528.84, "clasa_forma": "MANHATTAN_LUT", "conf_final": 0.8, "action_code": "VERDE_ACCEPTAT_AUTOMAT" }, "geometry": { "type": "Polygon", "coordinates": [ [ [ 391301.623966640327126, 585524.744570962153375 ], [ 391304.264930481731426, 585521.217412268626504 ], [ 391316.887167263892479, 585530.628551793168299 ], [ 391313.261291684349999, 585535.463003820972517 ], [ 391308.591991906636395, 585531.989647703245282 ], [ 391307.144578757986892, 585533.91670724877622 ], [ 391301.708378740004264, 585529.856849101837724 ], [ 391304.140699254465289, 585526.62248784408439 ], [ 391301.623966640327126, 585524.744570962153375 ] ] ] } },
{ "type": "Feature", "properties": { "id": 143, "ref_id": "CLADIRE_143", "tier": "TIER2_EXTINS", "category": "CLADIRE_CADASTRU_CLEAN", "validare": "PRELIM_EXTINS", "sam2_score": 0.8, "inaltime_med_m": 5.2, "inaltime_max_m": 7.8, "area_m2": 319.88, "area_sol_m2": 288.16, "eave_offset_m": 0.4, "perimeter_m": 80.9, "vertices": 4, "is_temporary": false, "structure_type": "CONSTRUCTIE_PERMANENTA", "center_x": 391318.69, "center_y": 585593.44, "clasa_forma": "DREPTUNGHI_OBB", "conf_final": 0.8, "action_code": "VERDE_ACCEPTAT_AUTOMAT" }, "geometry": { "type": "Polygon", "coordinates": [ [ [ 391310.756650713738054, 585607.089169395738281 ], [ 391333.529173983202782, 585588.070407307008281 ], [ 391326.618294783635065, 585579.795518460217863 ], [ 391303.845773832465056, 585598.81428554863669 ], [ 391310.756650713738054, 585607.089169395738281 ] ] ] } },
{ "type": "Feature", "properties": { "id": 144, "ref_id": "CLADIRE_144", "tier": "TIER2_EXTINS", "category": "CLADIRE_CADASTRU_CLEAN", "validare": "PRELIM_EXTINS", "sam2_score": 0.8, "inaltime_med_m": 5.2, "inaltime_max_m": 7.8, "area_m2": 165.92, "area_sol_m2": 145.89, "eave_offset_m": 0.4, "perimeter_m": 51.66, "vertices": 4, "is_temporary": false, "structure_type": "CONSTRUCTIE_PERMANENTA", "center_x": 391348.47, "center_y": 585539.31, "clasa_forma": "DREPTUNGHI_OBB", "conf_final": 0.8, "action_code": "VERDE_ACCEPTAT_AUTOMAT" }, "geometry": { "type": "Polygon", "coordinates": [ [ [ 391357.600180549663492, 585540.045517593272962 ], [ 391347.876332086860202, 585530.171969308401458 ], [ 391339.345858858432621, 585538.573087819153443 ], [ 391349.069719897583127, 585548.446641920716502 ], [ 391357.600180549663492, 585540.045517593272962 ] ] ] } },
{ "type": "Feature", "properties": { "id": 145, "ref_id": "CLADIRE_145", "tier": "TIER2_EXTINS", "category": "CLADIRE_CADASTRU_CLEAN", "validare": "PRELIM_EXTINS", "sam2_score": 0.8, "inaltime_med_m": 5.2, "inaltime_max_m": 7.8, "area_m2": 247.52, "area_sol_m2": 215.65, "eave_offset_m": 0.4, "perimeter_m": 81.28, "vertices": 8, "is_temporary": false, "structure_type": "CONSTRUCTIE_PERMANENTA", "center_x": 391266.84, "center_y": 585688.18, "clasa_forma": "MANHATTAN_LUT", "conf_final": 0.8, "action_code": "VERDE_ACCEPTAT_AUTOMAT" }, "geometry": { "type": "Polygon", "coordinates": [ [ [ 391253.413871515775099, 585689.109922754461877 ], [ 391259.966923767002299, 585682.65520824957639 ], [ 391264.384887232095934, 585686.599965509492904 ], [ 391274.742328855325468, 585675.896764418226667 ], [ 391279.482383280643262, 585680.75843880395405 ], [ 391269.585198342858348, 585691.14206688827835 ], [ 391272.746328917623032, 585694.020006358274259 ], [ 391268.193614373973105, 585699.982880804454908 ], [ 391253.413871515775099, 585689.109922754461877 ] ] ] } },
{ "type": "Feature", "properties": { "id": 146, "ref_id": "CLADIRE_146", "tier": "TIER2_EXTINS", "category": "CLADIRE_CADASTRU_CLEAN", "validare": "PRELIM_EXTINS", "sam2_score": 0.8, "inaltime_med_m": 5.2, "inaltime_max_m": 7.8, "area_m2": 315.73, "area_sol_m2": 285.56, "eave_offset_m": 0.4, "perimeter_m": 77.02, "vertices": 4, "is_temporary": false, "structure_type": "CONSTRUCTIE_PERMANENTA", "center_x": 391345.38, "center_y": 585570.38, "clasa_forma": "DREPTUNGHI_OBB", "conf_final": 0.8, "action_code": "VERDE_ACCEPTAT_AUTOMAT" }, "geometry": { "type": "Polygon", "coordinates": [ [ [ 391339.597753571812063, 585583.776195493410341 ], [ 391359.192880351911299, 585565.685861274949275 ], [ 391351.162255263654515, 585556.98722982686013 ], [ 391331.567123791784979, 585575.07755380240269 ], [ 391339.597753571812063, 585583.776195493410341 ] ] ] } },
{ "type": "Feature", "properties": { "id": 147, "ref_id": "CLADIRE_147", "tier": "TIER2_EXTINS", "category": "CLADIRE_CADASTRU_CLEAN", "validare": "PRELIM_EXTINS", "sam2_score": 0.8, "inaltime_med_m": 5.2, "inaltime_max_m": 7.8, "area_m2": 150.71, "area_sol_m2": 131.54, "eave_offset_m": 0.4, "perimeter_m": 49.55, "vertices": 4, "is_temporary": false, "structure_type": "CONSTRUCTIE_PERMANENTA", "center_x": 391200.81, "center_y": 585677.85, "clasa_forma": "DREPTUNGHI_OBB", "conf_final": 0.8, "action_code": "VERDE_ACCEPTAT_AUTOMAT" }, "geometry": { "type": "Polygon", "coordinates": [ [ [ 391209.623105689592194, 585677.192272844375111 ], [ 391197.874942244554404, 585669.511783150257543 ], [ 391191.999268354615197, 585678.499323399038985 ], [ 391203.747407668910455, 585686.17978163191583 ], [ 391209.623105689592194, 585677.192272844375111 ] ] ] } },
{ "type": "Feature", "properties": { "id": 148, "ref_id": "CLADIRE_148", "tier": "TIER2_EXTINS", "category": "CLADIRE_CADASTRU_CLEAN", "validare": "PRELIM_EXTINS", "sam2_score": 0.8, "inaltime_med_m": 5.2, "inaltime_max_m": 7.8, "area_m2": 466.33, "area_sol_m2": 430.23, "eave_offset_m": 0.4, "perimeter_m": 91.87, "vertices": 4, "is_temporary": false, "structure_type": "CONSTRUCTIE_PERMANENTA", "center_x": 390898.93, "center_y": 585752.63, "clasa_forma": "DREPTUNGHI_OBB", "conf_final": 0.8, "action_code": "VERDE_ACCEPTAT_AUTOMAT" }, "geometry": { "type": "Polygon", "coordinates": [ [ [ 390897.37881965219276, 585735.54428550391458 ], [ 390886.339681640267372, 585764.28109975613188 ], [ 390900.480612373095937, 585769.713293843553402 ], [ 390911.519750385486986, 585740.976479592034593 ], [ 390897.37881965219276, 585735.54428550391458 ] ] ] } },
{ "type": "Feature", "properties": { "id": 149, "ref_id": "CLADIRE_149", "tier": "TIER2_EXTINS", "category": "CLADIRE_CADASTRU_CLEAN", "validare": "PRELIM_EXTINS", "sam2_score": 0.8, "inaltime_med_m": 5.2, "inaltime_max_m": 7.8, "area_m2": 682.93, "area_sol_m2": 635.84, "eave_offset_m": 0.4, "perimeter_m": 119.32, "vertices": 6, "is_temporary": false, "structure_type": "CONSTRUCTIE_PERMANENTA", "center_x": 390703.84, "center_y": 585701.02, "clasa_forma": "MANHATTAN_LUT", "conf_final": 0.8, "action_code": "VERDE_ACCEPTAT_AUTOMAT" }, "geometry": { "type": "Polygon", "coordinates": [ [ [ 390686.591179888928309, 585704.42812571732793 ], [ 390691.2806790554896, 585684.955182928824797 ], [ 390717.315205796912778, 585690.79826122475788 ], [ 390714.219802880077623, 585722.37095414462965 ], [ 390706.429233615694102, 585722.889977691113017 ], [ 390705.512903194583487, 585709.410546623403206 ], [ 390686.591179888928309, 585704.42812571732793 ] ] ] } },
{ "type": "Feature", "properties": { "id": 150, "ref_id": "CLADIRE_150", "tier": "TIER2_EXTINS", "category": "CLADIRE_CADASTRU_CLEAN", "validare": "PRELIM_EXTINS", "sam2_score": 0.8, "inaltime_med_m": 5.2, "inaltime_max_m": 7.8, "area_m2": 598.85, "area_sol_m2": 559.45, "eave_offset_m": 0.4, "perimeter_m": 100.1, "vertices": 4, "is_temporary": false, "structure_type": "CONSTRUCTIE_PERMANENTA", "center_x": 390863.78, "center_y": 585743.28, "clasa_forma": "DREPTUNGHI_OBB", "conf_final": 0.8, "action_code": "VERDE_ACCEPTAT_AUTOMAT" }, "geometry": { "type": "Polygon", "coordinates": [ [ [ 390858.059097498247866, 585726.13472916581668 ], [ 390850.357479117577896, 585755.393243414117023 ], [ 390869.498651564179454, 585760.431698501110077 ], [ 390877.200253134127706, 585731.173190030618571 ], [ 390858.059097498247866, 585726.13472916581668 ] ] ] } },
{ "type": "Feature", "properties": { "id": 151, "ref_id": "CLADIRE_151", "tier": "TIER2_EXTINS", "category": "CLADIRE_CADASTRU_CLEAN", "validare": "PRELIM_EXTINS", "sam2_score": 0.8, "inaltime_med_m": 5.2, "inaltime_max_m": 7.8, "area_m2": 111.85, "area_sol_m2": 95.57, "eave_offset_m": 0.4, "perimeter_m": 42.31, "vertices": 4, "is_temporary": false, "structure_type": "CONSTRUCTIE_PERMANENTA", "center_x": 390629.8, "center_y": 585483.46, "clasa_forma": "DREPTUNGHI_OBB", "conf_final": 0.8, "action_code": "VERDE_ACCEPTAT_AUTOMAT" }, "geometry": { "type": "Polygon", "coordinates": [ [ [ 390630.923547101090662, 585490.857918393099681 ], [ 390637.145406329596881, 585482.050170848844573 ], [ 390628.673528833431192, 585476.065567172365263 ], [ 390622.451656911405735, 585484.873283470282331 ], [ 390630.923547101090662, 585490.857918393099681 ] ] ] } },
{ "type": "Feature", "properties": { "id": 152, "ref_id": "CLADIRE_152", "tier": "TIER2_EXTINS", "category": "CLADIRE_CADASTRU_CLEAN", "validare": "PRELIM_EXTINS", "sam2_score": 0.8, "inaltime_med_m": 5.2, "inaltime_max_m": 7.8, "area_m2": 104.99, "area_sol_m2": 89.17, "eave_offset_m": 0.4, "perimeter_m": 41.17, "vertices": 4, "is_temporary": false, "structure_type": "CONSTRUCTIE_PERMANENTA", "center_x": 390619.03, "center_y": 585457.92, "clasa_forma": "DREPTUNGHI_OBB", "conf_final": 0.8, "action_code": "VERDE_ACCEPTAT_AUTOMAT" }, "geometry": { "type": "Polygon", "coordinates": [ [ [ 390626.277453234302811, 585456.944808890344575 ], [ 390616.739539765287191, 585450.975837247911841 ], [ 390611.789221892075147, 585458.88598062552046 ], [ 390621.327163763868157, 585464.85498351813294 ], [ 390626.277453234302811, 585456.944808890344575 ] ] ] } },
{ "type": "Feature", "properties": { "id": 153, "ref_id": "CLADIRE_153", "tier": "TIER2_EXTINS", "category": "CLADIRE_CADASTRU_CLEAN", "validare": "PRELIM_EXTINS", "sam2_score": 0.8, "inaltime_med_m": 5.2, "inaltime_max_m": 7.8, "area_m2": 156.53, "area_sol_m2": 136.45, "eave_offset_m": 0.4, "perimeter_m": 51.81, "vertices": 4, "is_temporary": false, "structure_type": "CONSTRUCTIE_PERMANENTA", "center_x": 390644.25, "center_y": 585394.21, "clasa_forma": "DREPTUNGHI_OBB", "conf_final": 0.8, "action_code": "VERDE_ACCEPTAT_AUTOMAT" }, "geometry": { "type": "Polygon", "coordinates": [ [ [ 390652.750366980966646, 585398.356788769480772 ], [ 390643.75330330565339, 585384.761463802191429 ], [ 390635.746342884202022, 585390.060260893078521 ], [ 390644.743424604705069, 585403.655612899223343 ], [ 390652.750366980966646, 585398.356788769480772 ] ] ] } },
{ "type": "Feature", "properties": { "id": 154, "ref_id": "CLADIRE_154", "tier": "TIER2_EXTINS", "category": "CLADIRE_CADASTRU_CLEAN", "validare": "PRELIM_EXTINS", "sam2_score": 0.8, "inaltime_med_m": 5.2, "inaltime_max_m": 7.8, "area_m2": 228.25, "area_sol_m2": 204.71, "eave_offset_m": 0.4, "perimeter_m": 60.46, "vertices": 4, "is_temporary": false, "structure_type": "CONSTRUCTIE_PERMANENTA", "center_x": 390602.97, "center_y": 585478.73, "clasa_forma": "DREPTUNGHI_OBB", "conf_final": 0.8, "action_code": "VERDE_ACCEPTAT_AUTOMAT" }, "geometry": { "type": "Polygon", "coordinates": [ [ [ 390600.772231439477764, 585468.269130479311571 ], [ 390592.649426761374343, 585481.544609306729399 ], [ 390605.159280173073057, 585489.198979423614219 ], [ 390613.282116751302965, 585475.923499343800358 ], [ 390600.772231439477764, 585468.269130479311571 ] ] ] } },
{ "type": "Feature", "properties": { "id": 155, "ref_id": "CLADIRE_155", "tier": "TIER2_EXTINS", "category": "CLADIRE_CADASTRU_CLEAN", "validare": "PRELIM_EXTINS", "sam2_score": 0.8, "inaltime_med_m": 5.2, "inaltime_max_m": 7.8, "area_m2": 128.35, "area_sol_m2": 110.71, "eave_offset_m": 0.4, "perimeter_m": 45.69, "vertices": 4, "is_temporary": false, "structure_type": "CONSTRUCTIE_PERMANENTA", "center_x": 390622.83, "center_y": 585491.54, "clasa_forma": "DREPTUNGHI_OBB", "conf_final": 0.8, "action_code": "VERDE_ACCEPTAT_AUTOMAT" }, "geometry": { "type": "Polygon", "coordinates": [ [ [ 390630.940548337181099, 585490.83382667414844 ], [ 390620.095705096086022, 585483.870973102282733 ], [ 390614.71509564522421, 585492.251456488505937 ], [ 390625.559938886377495, 585499.214310060604475 ], [ 390630.940548337181099, 585490.83382667414844 ] ] ] } },
{ "type": "Feature", "properties": { "id": 156, "ref_id": "CLADIRE_156", "tier": "TIER2_EXTINS", "category": "CLADIRE_CADASTRU_CLEAN", "validare": "PRELIM_EXTINS", "sam2_score": 0.8, "inaltime_med_m": 5.2, "inaltime_max_m": 7.8, "area_m2": 165.4, "area_sol_m2": 144.74, "eave_offset_m": 0.4, "perimeter_m": 53.25, "vertices": 4, "is_temporary": false, "structure_type": "CONSTRUCTIE_PERMANENTA", "center_x": 390938.23, "center_y": 585788.8, "clasa_forma": "DREPTUNGHI_OBB", "conf_final": 0.8, "action_code": "VERDE_ACCEPTAT_AUTOMAT" }, "geometry": { "type": "Polygon", "coordinates": [ [ [ 390936.594141946232412, 585779.2189564735163 ], [ 390930.643721781380009, 585794.874777267104946 ], [ 390939.874900254129898, 585798.383348562754691 ], [ 390945.825364215648733, 585782.727554035373032 ], [ 390936.594141946232412, 585779.2189564735163 ] ] ] } },
{ "type": "Feature", "properties": { "id": 157, "ref_id": "CLADIRE_157", "tier": "TIER2_EXTINS", "category": "CLADIRE_CADASTRU_CLEAN", "validare": "PRELIM_EXTINS", "sam2_score": 0.8, "inaltime_med_m": 5.2, "inaltime_max_m": 7.8, "area_m2": 301.27, "area_sol_m2": 269.95, "eave_offset_m": 0.4, "perimeter_m": 79.91, "vertices": 6, "is_temporary": false, "structure_type": "CONSTRUCTIE_PERMANENTA", "center_x": 390933.07, "center_y": 585757.32, "clasa_forma": "MANHATTAN_LUT", "conf_final": 0.8, "action_code": "VERDE_ACCEPTAT_AUTOMAT" }, "geometry": { "type": "Polygon", "coordinates": [ [ [ 390919.869540412793867, 585755.83764551312197 ], [ 390932.638096392329317, 585761.076481423806399 ], [ 390930.156789448170457, 585767.08001421415247 ], [ 390938.522833620198071, 585770.508524407166988 ], [ 390945.059154557005968, 585754.693264414439909 ], [ 390923.924520277418196, 585746.025900685926899 ], [ 390919.869540412793867, 585755.83764551312197 ] ] ] } },
{ "type": "Feature", "properties": { "id": 158, "ref_id": "CLADIRE_158", "tier": "TIER2_EXTINS", "category": "CLADIRE_CADASTRU_CLEAN", "validare": "PRELIM_EXTINS", "sam2_score": 0.8, "inaltime_med_m": 5.2, "inaltime_max_m": 7.8, "area_m2": 210.04, "area_sol_m2": 187.11, "eave_offset_m": 0.4, "perimeter_m": 58.92, "vertices": 4, "is_temporary": false, "structure_type": "CONSTRUCTIE_PERMANENTA", "center_x": 390913.67, "center_y": 585748.61, "clasa_forma": "DREPTUNGHI_OBB", "conf_final": 0.8, "action_code": "VERDE_ACCEPTAT_AUTOMAT" }, "geometry": { "type": "Polygon", "coordinates": [ [ [ 390903.406660000793636, 585751.199216993991286 ], [ 390919.642936999036465, 585757.342236671363935 ], [ 390923.924520277418196, 585746.025900685926899 ], [ 390907.688197789306287, 585739.88285517168697 ], [ 390903.406660000793636, 585751.199216993991286 ] ] ] } },
{ "type": "Feature", "properties": { "id": 159, "ref_id": "CLADIRE_159", "tier": "TIER2_EXTINS", "category": "CLADIRE_CADASTRU_CLEAN", "validare": "PRELIM_EXTINS", "sam2_score": 0.8, "inaltime_med_m": 5.2, "inaltime_max_m": 7.8, "area_m2": 205.33, "area_sol_m2": 175.94, "eave_offset_m": 0.4, "perimeter_m": 75.07, "vertices": 8, "is_temporary": false, "structure_type": "CONSTRUCTIE_PERMANENTA", "center_x": 390954.84, "center_y": 585769.37, "clasa_forma": "MANHATTAN_LUT", "conf_final": 0.8, "action_code": "VERDE_ACCEPTAT_AUTOMAT" }, "geometry": { "type": "Polygon", "coordinates": [ [ [ 390945.761533229495399, 585778.34861829073634 ], [ 390948.390570498711895, 585772.064498760271817 ], [ 390951.839034900302067, 585773.50299318949692 ], [ 390954.636704645992722, 585766.826736173825338 ], [ 390949.710494175786152, 585764.78126818628516 ], [ 390952.954949999693781, 585757.04082659247797 ], [ 390963.438628548523411, 585761.398293932201341 ], [ 390954.767442695097998, 585782.099099942948669 ], [ 390945.761533229495399, 585778.34861829073634 ] ] ] } },
{ "type": "Feature", "properties": { "id": 160, "ref_id": "CLADIRE_160", "tier": "TIER2_EXTINS", "category": "CLADIRE_CADASTRU_CLEAN", "validare": "PRELIM_EXTINS", "sam2_score": 0.8, "inaltime_med_m": 5.2, "inaltime_max_m": 7.8, "area_m2": 144.17, "area_sol_m2": 125.28, "eave_offset_m": 0.4, "perimeter_m": 48.83, "vertices": 4, "is_temporary": false, "structure_type": "CONSTRUCTIE_PERMANENTA", "center_x": 390914.3, "center_y": 585763.64, "clasa_forma": "DREPTUNGHI_OBB", "conf_final": 0.8, "action_code": "VERDE_ACCEPTAT_AUTOMAT" }, "geometry": { "type": "Polygon", "coordinates": [ [ [ 390922.67525532428408, 585761.023042713524774 ], [ 390908.922898212331347, 585756.71513191529084 ], [ 390905.932523499592207, 585766.261541231535375 ], [ 390919.684845381358173, 585770.569424708141014 ], [ 390922.67525532428408, 585761.023042713524774 ] ] ] } },
{ "type": "Feature", "properties": { "id": 161, "ref_id": "CLADIRE_161", "tier": "TIER2_EXTINS", "category": "CLADIRE_CADASTRU_CLEAN", "validare": "PRELIM_EXTINS", "sam2_score": 0.8, "inaltime_med_m": 5.2, "inaltime_max_m": 7.8, "area_m2": 215.69, "area_sol_m2": 191.95, "eave_offset_m": 0.4, "perimeter_m": 60.95, "vertices": 4, "is_temporary": false, "structure_type": "CONSTRUCTIE_PERMANENTA", "center_x": 391127.02, "center_y": 585780.35, "clasa_forma": "DREPTUNGHI_OBB", "conf_final": 0.8, "action_code": "VERDE_ACCEPTAT_AUTOMAT" }, "geometry": { "type": "Polygon", "coordinates": [ [ [ 391131.056586317601614, 585790.744423470343463 ], [ 391134.03029697999591, 585771.680332607007585 ], [ 391122.984914706088603, 585769.957419552258216 ], [ 391120.011210752883926, 585789.021527925156988 ], [ 391131.056586317601614, 585790.744423470343463 ] ] ] } },
{ "type": "Feature", "properties": { "id": 162, "ref_id": "CLADIRE_162", "tier": "TIER2_EXTINS", "category": "CLADIRE_CADASTRU_CLEAN", "validare": "PRELIM_EXTINS", "sam2_score": 0.8, "inaltime_med_m": 5.2, "inaltime_max_m": 7.8, "area_m2": 85.67, "area_sol_m2": 67.1, "eave_offset_m": 0.4, "perimeter_m": 48.03, "vertices": 4, "is_temporary": false, "structure_type": "CONSTRUCTIE_PERMANENTA", "center_x": 391262.97, "center_y": 585720.97, "clasa_forma": "DREPTUNGHI_OBB", "conf_final": 0.8, "action_code": "VERDE_ACCEPTAT_AUTOMAT" }, "geometry": { "type": "Polygon", "coordinates": [ [ [ 391260.535856041009538, 585730.739049852010794 ], [ 391269.301647154497914, 585713.14763635257259 ], [ 391265.400280677073169, 585711.203595132101327 ], [ 391256.634543861960992, 585728.795035891816951 ], [ 391260.535856041009538, 585730.739049852010794 ] ] ] } },
{ "type": "Feature", "properties": { "id": 163, "ref_id": "CLADIRE_163", "tier": "TIER2_EXTINS", "category": "CLADIRE_CADASTRU_CLEAN", "validare": "PRELIM_EXTINS", "sam2_score": 0.8, "inaltime_med_m": 5.2, "inaltime_max_m": 7.8, "area_m2": 89.67, "area_sol_m2": 70.9, "eave_offset_m": 0.4, "perimeter_m": 48.53, "vertices": 4, "is_temporary": false, "structure_type": "CONSTRUCTIE_PERMANENTA", "center_x": 391205.84, "center_y": 585686.67, "clasa_forma": "DREPTUNGHI_OBB", "conf_final": 0.8, "action_code": "VERDE_ACCEPTAT_AUTOMAT" }, "geometry": { "type": "Polygon", "coordinates": [ [ [ 391201.501750754949171, 585695.815031306818128 ], [ 391213.736678128305357, 585680.353175480500795 ], [ 391210.170227640774101, 585677.531049869256094 ], [ 391197.935300267476123, 585692.992905695689842 ], [ 391201.501750754949171, 585695.815031306818128 ] ] ] } },
{ "type": "Feature", "properties": { "id": 164, "ref_id": "CLADIRE_164", "tier": "TIER2_EXTINS", "category": "CLADIRE_CADASTRU_CLEAN", "validare": "PRELIM_EXTINS", "sam2_score": 0.8, "inaltime_med_m": 5.2, "inaltime_max_m": 7.8, "area_m2": 53.76, "area_sol_m2": 42.42, "eave_offset_m": 0.4, "perimeter_m": 29.97, "vertices": 4, "is_temporary": false, "structure_type": "CONSTRUCTIE_PERMANENTA", "center_x": 391192.56, "center_y": 585669.59, "clasa_forma": "DREPTUNGHI_OBB", "conf_final": 0.8, "action_code": "VERDE_ACCEPTAT_AUTOMAT" }, "geometry": { "type": "Polygon", "coordinates": [ [ [ 391197.973004425992258, 585669.575900145689957 ], [ 391190.418406881799456, 585664.625382172991522 ], [ 391187.155873866926413, 585669.604121250100434 ], [ 391194.710444715863559, 585674.554607781465165 ], [ 391197.973004425992258, 585669.575900145689957 ] ] ] } },
{ "type": "Feature", "properties": { "id": 165, "ref_id": "CLADIRE_165", "tier": "TIER2_EXTINS", "category": "CLADIRE_CADASTRU_CLEAN", "validare": "PRELIM_EXTINS", "sam2_score": 0.8, "inaltime_med_m": 5.2, "inaltime_max_m": 7.8, "area_m2": 428.5, "area_sol_m2": 394.77, "eave_offset_m": 0.4, "perimeter_m": 85.93, "vertices": 4, "is_temporary": false, "structure_type": "CONSTRUCTIE_PERMANENTA", "center_x": 390740.23, "center_y": 585710.41, "clasa_forma": "DREPTUNGHI_OBB", "conf_final": 0.8, "action_code": "VERDE_ACCEPTAT_AUTOMAT" }, "geometry": { "type": "Polygon", "coordinates": [ [ [ 390755.575804424355738, 585706.998705367324874 ], [ 390729.607216348405927, 585698.813432020950131 ], [ 390724.876276840746868, 585713.822909595561214 ], [ 390750.84480674326187, 585722.008162272628397 ], [ 390755.575804424355738, 585706.998705367324874 ] ] ] } },
{ "type": "Feature", "properties": { "id": 166, "ref_id": "CLADIRE_166", "tier": "TIER2_EXTINS", "category": "CLADIRE_CADASTRU_CLEAN", "validare": "PRELIM_EXTINS", "sam2_score": 0.8, "inaltime_med_m": 5.2, "inaltime_max_m": 7.8, "area_m2": 85.35, "area_sol_m2": 70.44, "eave_offset_m": 0.4, "perimeter_m": 38.88, "vertices": 4, "is_temporary": false, "structure_type": "CONSTRUCTIE_PERMANENTA", "center_x": 390723.05, "center_y": 585694.1, "clasa_forma": "DREPTUNGHI_OBB", "conf_final": 0.8, "action_code": "VERDE_ACCEPTAT_AUTOMAT" }, "geometry": { "type": "Polygon", "coordinates": [ [ [ 390724.789475213969126, 585701.079570964095183 ], [ 390727.820552286575548, 585688.707191742490977 ], [ 390721.312744329683483, 585687.112873342237435 ], [ 390718.281721733394079, 585699.485271894838661 ], [ 390724.789475213969126, 585701.079570964095183 ] ] ] } },
{ "type": "Feature", "properties": { "id": 167, "ref_id": "CLADIRE_167", "tier": "TIER2_EXTINS", "category": "CLADIRE_CADASTRU_CLEAN", "validare": "PRELIM_EXTINS", "sam2_score": 0.8, "inaltime_med_m": 5.2, "inaltime_max_m": 7.8, "area_m2": 50.94, "area_sol_m2": 39.72, "eave_offset_m": 0.4, "perimeter_m": 29.63, "vertices": 4, "is_temporary": false, "structure_type": "CONSTRUCTIE_PERMANENTA", "center_x": 390721.21, "center_y": 585710.34, "clasa_forma": "DREPTUNGHI_OBB", "conf_final": 0.8, "action_code": "VERDE_ACCEPTAT_AUTOMAT" }, "geometry": { "type": "Polygon", "coordinates": [ [ [ 390718.417643192631658, 585705.697298860177398 ], [ 390718.587647253531031, 585715.08807385887485 ], [ 390724.009955450193956, 585714.98991216160357 ], [ 390723.839949325076304, 585705.599138594698161 ], [ 390718.417643192631658, 585705.697298860177398 ] ] ] } },
{ "type": "Feature", "properties": { "id": 168, "ref_id": "CLADIRE_168", "tier": "TIER2_EXTINS", "category": "CLADIRE_CADASTRU_CLEAN", "validare": "PRELIM_EXTINS", "sam2_score": 0.8, "inaltime_med_m": 5.2, "inaltime_max_m": 7.8, "area_m2": 242.26, "area_sol_m2": 213.79, "eave_offset_m": 0.4, "perimeter_m": 72.78, "vertices": 4, "is_temporary": false, "structure_type": "CONSTRUCTIE_PERMANENTA", "center_x": 390656.57, "center_y": 585622.04, "clasa_forma": "DREPTUNGHI_OBB", "conf_final": 0.8, "action_code": "VERDE_ACCEPTAT_AUTOMAT" }, "geometry": { "type": "Polygon", "coordinates": [ [ [ 390657.120380917447619, 585607.565947912517004 ], [ 390647.764810279943049, 585633.55225807602983 ], [ 390656.01764387259027, 585636.523436589515768 ], [ 390665.373250615899451, 585610.537154157646 ], [ 390657.120380917447619, 585607.565947912517004 ] ] ] } },
{ "type": "Feature", "properties": { "id": 169, "ref_id": "CLADIRE_169", "tier": "TIER2_EXTINS", "category": "CLADIRE_CADASTRU_CLEAN", "validare": "PRELIM_EXTINS", "sam2_score": 0.8, "inaltime_med_m": 5.2, "inaltime_max_m": 7.8, "area_m2": 403.93, "area_sol_m2": 361.48, "eave_offset_m": 0.4, "perimeter_m": 107.73, "vertices": 4, "is_temporary": false, "structure_type": "CONSTRUCTIE_PERMANENTA", "center_x": 390597.31, "center_y": 585427.72, "clasa_forma": "DREPTUNGHI_OBB", "conf_final": 0.8, "action_code": "VERDE_ACCEPTAT_AUTOMAT" }, "geometry": { "type": "Polygon", "coordinates": [ [ [ 390593.252603342174552, 585450.231254675076343 ], [ 390609.738024177029729, 585408.507632303517312 ], [ 390601.364107116765808, 585405.199007879476994 ], [ 390584.87867123511387, 585446.922633490990847 ], [ 390593.252603342174552, 585450.231254675076343 ] ] ] } },
{ "type": "Feature", "properties": { "id": 170, "ref_id": "CLADIRE_170", "tier": "TIER2_EXTINS", "category": "CLADIRE_CADASTRU_CLEAN", "validare": "PRELIM_EXTINS", "sam2_score": 0.8, "inaltime_med_m": 5.2, "inaltime_max_m": 7.8, "area_m2": 405.27, "area_sol_m2": 373.61, "eave_offset_m": 0.4, "perimeter_m": 80.74, "vertices": 4, "is_temporary": false, "structure_type": "CONSTRUCTIE_PERMANENTA", "center_x": 390702.16, "center_y": 585494.22, "clasa_forma": "DREPTUNGHI_OBB", "conf_final": 0.8, "action_code": "VERDE_ACCEPTAT_AUTOMAT" }, "geometry": { "type": "Polygon", "coordinates": [ [ [ 390698.824905420304276, 585480.308173006167635 ], [ 390688.878331419895403, 585499.545164353214204 ], [ 390705.501404389797244, 585508.140189442667179 ], [ 390715.44796382606728, 585488.903199722408317 ], [ 390698.824905420304276, 585480.308173006167635 ] ] ] } },
{ "type": "Feature", "properties": { "id": 171, "ref_id": "CLADIRE_171", "tier": "TIER2_EXTINS", "category": "CLADIRE_CADASTRU_CLEAN", "validare": "PRELIM_EXTINS", "sam2_score": 0.8, "inaltime_med_m": 5.2, "inaltime_max_m": 7.8, "area_m2": 167.82, "area_sol_m2": 147.33, "eave_offset_m": 0.4, "perimeter_m": 52.82, "vertices": 4, "is_temporary": false, "structure_type": "CONSTRUCTIE_PERMANENTA", "center_x": 391157.13, "center_y": 585744.48, "clasa_forma": "DREPTUNGHI_OBB", "conf_final": 0.8, "action_code": "VERDE_ACCEPTAT_AUTOMAT" }, "geometry": { "type": "Polygon", "coordinates": [ [ [ 391147.820415229187347, 585746.410476736491546 ], [ 391162.399185636255424, 585752.404899051529355 ], [ 391166.447749117331114, 585742.55849666276481 ], [ 391151.869015154312365, 585736.564102737000212 ], [ 391147.820415229187347, 585746.410476736491546 ] ] ] } },
{ "type": "Feature", "properties": { "id": 172, "ref_id": "CLADIRE_172", "tier": "TIER2_EXTINS", "category": "CLADIRE_CADASTRU_CLEAN", "validare": "PRELIM_EXTINS", "sam2_score": 0.8, "inaltime_med_m": 5.2, "inaltime_max_m": 7.8, "area_m2": 25.44, "area_sol_m2": 17.98, "eave_offset_m": 0.4, "perimeter_m": 20.26, "vertices": 4, "is_temporary": false, "structure_type": "CONSTRUCTIE_PERMANENTA", "center_x": 391082.14, "center_y": 585745.93, "clasa_forma": "DREPTUNGHI_OBB", "conf_final": 0.8, "action_code": "VERDE_ACCEPTAT_AUTOMAT" }, "geometry": { "type": "Polygon", "coordinates": [ [ [ 391078.98947552125901, 585747.661550960037857 ], [ 391084.394980192359071, 585748.731367299100384 ], [ 391085.291433256235905, 585744.201784965815023 ], [ 391079.885965153982397, 585743.131953453528695 ], [ 391078.98947552125901, 585747.661550960037857 ] ] ] } },
{ "type": "Feature", "properties": { "id": 173, "ref_id": "CLADIRE_173", "tier": "TIER2_EXTINS", "category": "CLADIRE_CADASTRU_CLEAN", "validare": "PRELIM_EXTINS", "sam2_score": 0.8, "inaltime_med_m": 5.2, "inaltime_max_m": 7.8, "area_m2": 183.47, "area_sol_m2": 161.78, "eave_offset_m": 0.4, "perimeter_m": 55.82, "vertices": 4, "is_temporary": false, "structure_type": "CONSTRUCTIE_PERMANENTA", "center_x": 391037.26, "center_y": 585604.22, "clasa_forma": "DREPTUNGHI_OBB", "conf_final": 0.8, "action_code": "VERDE_ACCEPTAT_AUTOMAT" }, "geometry": { "type": "Polygon", "coordinates": [ [ [ 391047.087878252670635, 585606.740548883914016 ], [ 391035.026624971535057, 585594.320732058724388 ], [ 391027.424136735731736, 585601.70375244144816 ], [ 391039.485365942877252, 585614.123552004224621 ], [ 391047.087878252670635, 585606.740548883914016 ] ] ] } },
{ "type": "Feature", "properties": { "id": 174, "ref_id": "CLADIRE_174", "tier": "TIER2_EXTINS", "category": "CLADIRE_CADASTRU_CLEAN", "validare": "PRELIM_EXTINS", "sam2_score": 0.8, "inaltime_med_m": 5.2, "inaltime_max_m": 7.8, "area_m2": 269.94, "area_sol_m2": 239.01, "eave_offset_m": 0.4, "perimeter_m": 78.96, "vertices": 8, "is_temporary": false, "structure_type": "CONSTRUCTIE_PERMANENTA", "center_x": 391142.92, "center_y": 585820.08, "clasa_forma": "MANHATTAN_LUT", "conf_final": 0.8, "action_code": "VERDE_ACCEPTAT_AUTOMAT" }, "geometry": { "type": "Polygon", "coordinates": [ [ [ 391133.262706976267509, 585826.135537440422922 ], [ 391146.271906219830271, 585803.222312543541193 ], [ 391150.102306285989471, 585805.510037582949735 ], [ 391147.725983896874823, 585810.144196476787329 ], [ 391149.802358709450345, 585811.329620619420893 ], [ 391147.731715837493539, 585815.969384487951174 ], [ 391151.047385184501763, 585818.944527086568996 ], [ 391141.622040603018831, 585835.134046613005921 ], [ 391133.262706976267509, 585826.135537440422922 ] ] ] } },
{ "type": "Feature", "properties": { "id": 175, "ref_id": "CLADIRE_175", "tier": "TIER2_EXTINS", "category": "CLADIRE_CADASTRU_CLEAN", "validare": "PRELIM_EXTINS", "sam2_score": 0.8, "inaltime_med_m": 5.2, "inaltime_max_m": 7.8, "area_m2": 255.63, "area_sol_m2": 222.56, "eave_offset_m": 0.4, "perimeter_m": 84.36, "vertices": 6, "is_temporary": false, "structure_type": "CONSTRUCTIE_PERMANENTA", "center_x": 390647.31, "center_y": 585417.88, "clasa_forma": "MANHATTAN_LUT", "conf_final": 0.8, "action_code": "VERDE_ACCEPTAT_AUTOMAT" }, "geometry": { "type": "Polygon", "coordinates": [ [ [ 390654.593923648586497, 585431.807740452815779 ], [ 390661.6582842337084, 585422.808440241613425 ], [ 390649.138835421646945, 585418.721810266841203 ], [ 390642.337411060696468, 585401.747095999540761 ], [ 390635.79903579223901, 585404.355742931598797 ], [ 390643.264175691176206, 585422.963740598526783 ], [ 390654.593923648586497, 585431.807740452815779 ] ] ] } },
{ "type": "Feature", "properties": { "id": 176, "ref_id": "CLADIRE_176", "tier": "TIER2_EXTINS", "category": "CLADIRE_CADASTRU_CLEAN", "validare": "PRELIM_EXTINS", "sam2_score": 0.8, "inaltime_med_m": 5.2, "inaltime_max_m": 7.8, "area_m2": 50.24, "area_sol_m2": 39.53, "eave_offset_m": 0.4, "perimeter_m": 28.36, "vertices": 4, "is_temporary": false, "structure_type": "CONSTRUCTIE_PERMANENTA", "center_x": 390998.28, "center_y": 585739.75, "clasa_forma": "DREPTUNGHI_OBB", "conf_final": 0.8, "action_code": "VERDE_ACCEPTAT_AUTOMAT" }, "geometry": { "type": "Polygon", "coordinates": [ [ [ 390993.663885756162927, 585741.708981726085767 ], [ 391000.451421208097599, 585744.272973689599894 ], [ 391002.89813374762889, 585737.795817588805221 ], [ 390996.110655004857108, 585735.231848853174597 ], [ 390993.663885756162927, 585741.708981726085767 ] ] ] } },
{ "type": "Feature", "properties": { "id": 177, "ref_id": "CLADIRE_177", "tier": "TIER2_EXTINS", "category": "CLADIRE_CADASTRU_CLEAN", "validare": "PRELIM_EXTINS", "sam2_score": 0.8, "inaltime_med_m": 5.2, "inaltime_max_m": 7.8, "area_m2": 325.99, "area_sol_m2": 292.52, "eave_offset_m": 0.4, "perimeter_m": 85.29, "vertices": 8, "is_temporary": false, "structure_type": "CONSTRUCTIE_PERMANENTA", "center_x": 391095.41, "center_y": 585796.8, "clasa_forma": "MANHATTAN_LUT", "conf_final": 0.8, "action_code": "VERDE_ACCEPTAT_AUTOMAT" }, "geometry": { "type": "Polygon", "coordinates": [ [ [ 391080.735271696001291, 585798.245684120687656 ], [ 391105.749025441531558, 585807.266052149701864 ], [ 391109.395937185618095, 585796.416803524945863 ], [ 391100.257260345621035, 585793.769069710746408 ], [ 391101.897381451330148, 585789.403863081010059 ], [ 391095.470025423564948, 585786.295896116760559 ], [ 391093.338501458754763, 585791.370339365676045 ], [ 391084.385536751884501, 585788.007792529650033 ], [ 391080.735271696001291, 585798.245684120687656 ] ] ] } },
{ "type": "Feature", "properties": { "id": 178, "ref_id": "CLADIRE_178", "tier": "TIER2_EXTINS", "category": "CLADIRE_CADASTRU_CLEAN", "validare": "PRELIM_EXTINS", "sam2_score": 0.8, "inaltime_med_m": 5.2, "inaltime_max_m": 7.8, "area_m2": 220.98, "area_sol_m2": 197.17, "eave_offset_m": 0.4, "perimeter_m": 61.12, "vertices": 4, "is_temporary": false, "structure_type": "CONSTRUCTIE_PERMANENTA", "center_x": 391114.41, "center_y": 585800.35, "clasa_forma": "DREPTUNGHI_OBB", "conf_final": 0.8, "action_code": "VERDE_ACCEPTAT_AUTOMAT" }, "geometry": { "type": "Polygon", "coordinates": [ [ [ 391111.998834235128015, 585789.521797264111228 ], [ 391105.749025441531558, 585807.266052149701864 ], [ 391116.828101918566972, 585811.168280800920911 ], [ 391123.077910711290315, 585793.424025915213861 ], [ 391111.998834235128015, 585789.521797264111228 ] ] ] } },
{ "type": "Feature", "properties": { "id": 179, "ref_id": "CLADIRE_179", "tier": "TIER2_EXTINS", "category": "CLADIRE_CADASTRU_CLEAN", "validare": "PRELIM_EXTINS", "sam2_score": 0.8, "inaltime_med_m": 5.2, "inaltime_max_m": 7.8, "area_m2": 60.48, "area_sol_m2": 47.64, "eave_offset_m": 0.4, "perimeter_m": 33.7, "vertices": 6, "is_temporary": false, "structure_type": "CONSTRUCTIE_PERMANENTA", "center_x": 390649.91, "center_y": 585330.4, "clasa_forma": "MANHATTAN_LUT", "conf_final": 0.8, "action_code": "VERDE_ACCEPTAT_AUTOMAT" }, "geometry": { "type": "Polygon", "coordinates": [ [ [ 390650.873427800252102, 585335.646558406297117 ], [ 390655.935214344062842, 585332.497708324925043 ], [ 390650.484238005883526, 585325.548275173758157 ], [ 390644.387758017983288, 585328.5157663236605 ], [ 390644.038529468351044, 585331.590378108317964 ], [ 390649.485317745595239, 585332.403309764922597 ], [ 390650.873427800252102, 585335.646558406297117 ] ] ] } }
]
}
